tree
version=v4
num_class=1
num_tree_per_iteration=1
label_index=0
max_feature_idx=181
objective=binary sigmoid:1
feature_names=draw post_position weight_carried horse_weight horse_weight_change distance surface_code going_code field_size class_rank sex_code age last3_win_pct last3_place_pct last3_avg_finish last3_avg_beaten_pct last5_win_pct last5_place_pct last5_avg_finish last5_avg_beaten_pct last10_win_pct last10_place_pct last10_avg_finish last10_avg_beaten_pct best_time_at_dist avg_last_3f best_last_3f last_time_secs last_last_3f last_finish_pos days_since_last win_streak runs_at_dist win_pct_at_dist runs_on_surface win_pct_on_surface runs_at_course win_pct_at_course best_class_rank career_runs career_wins career_win_pct career_place_pct avg_first_corner weight_trend class_change class_drops_last5 class_rises_last5 class_at_last_win weather_code going_x_surface going_x_distance horse_going_win_pct horse_wet_track_advantage horse_heavy_speed_diff going_x_dist_x_surface draw_bias_at_course draw_low_win_pct course_month_bias sire_runners sire_win_pct sire_win_pct_surface sire_win_pct_distance sire_avg_finish trainer_offspring_win_pct trainer_offspring_avg_finish jockey_course_runs jockey_course_win_pct jockey_course_place_pct odds_rank odds_ratio_to_fav odds_deviation jockey_win_pct_5 jockey_win_pct_10 jockey_place_pct_5 jockey_place_pct_10 jockey_roi_10 jockey_recent_wins trainer_win_pct_10 trainer_place_pct_10 trainer_roi_10 trainer_14d_runs trainer_14d_win_pct trainer_14d_place_pct pace_win_prob pace_place_prob pace_style_front pace_style_stalk pace_style_closer pace_style_deep draw_z post_position_z weight_carried_z horse_weight_z horse_weight_change_z is_longshot_z is_extreme_longshot_z distance_z surface_code_z going_code_z field_size_z class_rank_z sex_code_z age_z last3_win_pct_z last3_place_pct_z last3_avg_finish_z last3_avg_beaten_pct_z last5_win_pct_z last5_place_pct_z last5_avg_finish_z last5_avg_beaten_pct_z last10_win_pct_z last10_place_pct_z last10_avg_finish_z last10_avg_beaten_pct_z best_time_at_dist_z avg_last_3f_z best_last_3f_z last_time_secs_z last_last_3f_z last_finish_pos_z days_since_last_z win_streak_z runs_at_dist_z win_pct_at_dist_z runs_on_surface_z win_pct_on_surface_z runs_at_course_z win_pct_at_course_z best_class_rank_z career_runs_z career_wins_z career_win_pct_z career_place_pct_z avg_first_corner_z weight_trend_z class_change_z class_drops_last5_z class_rises_last5_z class_at_last_win_z weather_code_z going_x_surface_z going_x_distance_z horse_going_win_pct_z horse_wet_track_advantage_z horse_heavy_speed_diff_z going_x_dist_x_surface_z draw_bias_at_course_z draw_low_win_pct_z course_month_bias_z sire_runners_z sire_win_pct_z sire_win_pct_surface_z sire_win_pct_distance_z sire_avg_finish_z trainer_offspring_win_pct_z trainer_offspring_avg_finish_z jockey_course_runs_z jockey_course_win_pct_z jockey_course_place_pct_z odds_rank_z odds_ratio_to_fav_z odds_deviation_z jockey_win_pct_5_z jockey_win_pct_10_z jockey_place_pct_5_z jockey_place_pct_10_z jockey_roi_10_z jockey_recent_wins_z trainer_win_pct_10_z trainer_place_pct_10_z trainer_roi_10_z trainer_14d_runs_z trainer_14d_win_pct_z trainer_14d_place_pct_z pace_win_prob_z pace_place_prob_z pace_style_front_z pace_style_stalk_z pace_style_closer_z pace_style_deep_z
feature_infos=[1:8] [1:18] [48:63] [336:604] [-39:48] [1000:3600] [0:1] [0:3] [5:18] [1:10] [0:2] [2:12] [0:1] [0:1] [1:18] [0.055555555555555552:1] [0:1] [0:1] [1:18] [0.055555555555555552:1] [0:1] [0:1] [1:18] [0.055555555555555552:1] [54:239.40000000000001] [12.9:70.799999999999997] [12.800000000000001:70.799999999999997] [53.799999999999997:242.80000000000001] [12.800000000000001:70.799999999999997] [1:18] [1:2190] [0:4] [0:16] [0:1] [0:22] [0:1] [0:10] [0:1] [1:10] [1:23] [0:4] [0:1] [0:1] [1:18] [-48:54] [-9:9] [0:5] [0:3] [1:10] [0:3] [0:3] [0:9] [0:1] [-1:1] [-96.999999999999986:110.89999999999998] [0:9] [6.1808510638297873:9.1363636363636367] [0.046511627906976744:0.09166666666666666] [6.1808510638297873:9.1363636363636367] [1:1181] [0:1] [0:1] [0:1] [1:16] [0:0.80000000000000004] [1.2:13.6] [1:575] [0:1] [0:1] [0:18] [1:695.92307692307691] [-3.3011174709113043:3.1918012192889988] [0:1] [0:1] [0:1] [0:1] [-1:61.100000000000001] [0:6] [0:1] [0:1] [-1:37.529999999999994] [0:69] [0:1] [0:1] [0:1] [0:1] [0:1] [0:1] [0:1] [0:1] [-1.8398415887519077:1.479019945774904] [-1.5921958796888798:1.5921958796888798] [-4.0069384267237655:3.7500000000000036] [-3.1968499555239167:3.2102760876849876] [-3.2124505524379825:3.5992430725402653] [-2.0155644370746373:3.4743961448615175] [-2.0155644370746377:3.7500000000000004] none none none none none [-3.7500000000000004:4.00693842672377] [-2.5617376914898995:3.474396144861517] [-2.6912556814351816:4.0069384267237691] [-3.1494488946609325:3.614784456460256] [-2.757618512638897:3.2600659198646822] [-2.571406142639741:3.2197644251864488] [-2.6912556814351816:4.0069384267237691] [-3.2254385266453265:3.614784456460256] [-2.7429030529702252:3.2747942997137769] [-2.577384167284535:3.2416895914398949] [-2.6912556814351816:4.0069384267237691] [-3.2254385266453265:3.614784456460256] [-2.7496051297607673:3.2747942997137769] [-2.5880833736426903:3.2416895914398949] [-2.9162174640466345:3.2867243295083099] [-3.7856275081788855:3.7916478325863818] [-3.9343198515769084:3.8445842121998477] [-3.5581769906505905:3.799932772237518] [-3.9234577231094256:3.7625442654964578] [-2.4833437231746287:3.3197012256539007] [-3.1713108997378487:3.8739057744523127] [-1.8973665961010275:4.00693842672377] [-3.0151134457776361:3.6342139796065012] [-2.6912556814351816:3.564685522202522] [-3.3282011773513753:3.4878195196454329] [-2.6912556814351816:4.0069384267237691] [-3.474396144861517:3.75] [-2.1840698913548029:3.75] [-4.00693842672377:3.8805700005813279] [-2.2326252226057521:3.4366738207683616] [-2.6666666666666665:4.0069384267237691] [-2.6912556814351816:4.0069384267237691] [-3.2254385266453265:3.614784456460256] [-2.6452202860818446:2.9325924046454976] [-3.4894206540387551:3.8092126496299739] [-4.0069384267237691:3.7565152228342353] [-2.4748737341529163:3.7500000000000004] [-1.7888543819998319:4.0069384267237691] [-2.713546265191241:3.0151134457776361] none none [-8.8817841970012523e-16:4.4408920985006262e-16] [-2.141213516125243:3.8805700005813279] [-2.1558900992346177:2.4748737341529163] [-2.0006128319391663:2.1346637292752977] [-8.8817841970012523e-16:4.4408920985006262e-16] [-2.8762292971702861:2.5354530654277836] [-1.3877787807814457e-17:1.3877787807814457e-17] [-2.8762292971702861:2.5354530654277836] [-2.5514195091631735:3.4216490367125889] [-3.1679205914266984:3.8794828485940678] [-3.1048736052163233:3.6117943587622032] [-3.4616911158249919:3.6003668737601928] [-3.8349113441285447:3.8901343489024907] [-3.0222955963177194:3.8926983881217767] [-3.3953131349405141:3.2527411895581122] [-2.5749397936936012:3.1323026791225388] [-2.3667612605180524:3.9663426370678971] [-2.8172881028409762:3.7321880630865838] [-1.6832019792408408:1.8805271963953452] [-1.7431910357461307:3.7772267840024836] [-2.9780593197044714:2.8697812479545579] [-2.0412414523193148:4.00693842672377] [-2.4748737341529159:3.7616130343671519] [-3.3282011773513749:3.4321846256208048] [-2.3376304517678279:3.3494915146322444] [-1.8005168180176747:3.9875437635496915] [-2.4748737341529163:3.7616130343671523] [-2.2677868380553634:3.7499999999999991] [-2.7687443301874524:3.5010487581404504] [-1.9541242912410555:3.9966366261461665] [-3.1393149704818315:3.3912490920267269] [-2.2601079083386755:3.9547018200818416] [-2.5761301060025024:3.6931770854669903] [-0.85677215432738529:4.00693842672377] [-1.4612739493192066:2.8901778979709078] [-0.97182531580754994:4.00693842672377] [-4.0069384267237691:3.7500000000000004] [-2.0225995873897262:4.00693842672377] [-2.8460498941515415:4.00693842672377]
tree_sizes=6722 6853 6814 6820 6788 6892 6848 6847 6859 6848 6843 6847 6865 6843 6904 6888 6877 6869 6843 6896 6896 6877 6870 6880 6858 6907 6876 6871 6858 6870 6860 6891 6870 6870 6868 6906 6889 6898 6868 6898 6880 6912 6900 6841 6866 6924 6890 6915 6908 6916 6916 6911 6941 6921 6929 6867 6914 6893 6900 6891 6906 6865 6911 6935 6935 6903 6885 6939 6910 6929 6902 6951 6884 6916 6902 6890 6832 6847

Tree=0
num_leaves=63
num_cat=0
split_feature=163 163 163 130 130 130 126 138 131 84 69 8 41 95 177 30 132 131 137 130 130 130 131 8 130 64 151 25 30 130 126 25 30 8 126 22 84 127 158 104 151 177 132 129 65 138 163 175 130 120 176 164 59 119 85 90 40 180 93 104 181 8
split_gain=4946.55 1055.22 634.366 358.529 350.161 238.921 217.399 162.008 153.447 131.876 104.8 101.855 96.2824 81.8128 70.312 64.4861 56.3356 56.0778 50.9808 48.9238 46.2434 44.7189 44.1375 42.2871 42.243 41.9898 40.1776 39.8559 36.6728 36.0283 35.8279 34.9081 31.911 31.739 29.2266 29.0726 28.0142 26.9377 31.815 25.5216 24.9664 27.6009 24.7974 24.6675 24.2671 24.0532 23.3674 22.7359 22.6806 22.6677 24.8473 25.4169 30.1691 21.9424 21.4581 21.6016 20.9892 20.9792 20.609 19.9964 22.4193 29.8513
threshold=-0.95949434639436448 -1.4560928296580393 -0.17948886005751472 -1.0540925533894587 -1.1776040564033419 -0.94387980744853917 -0.18232559185071681 1.0000000180025095e-35 0.1368198730104053 0.53625000000000012 3.5000000000000004 11.500000000000002 0.06458333333333334 1.0000000180025095e-35 1.8819218764636589 228.50000000000003 -0.28867513459481287 1.3807446804388241 -0.66584665722443759 -0.71949648814961231 0.042081564595535643 0.83347625989871577 -0.18611069433206792 8.5000000000000018 -1.7888543819998317 0.014319890635680111 -0.96787844569662018 38.041428571428582 92.500000000000014 -1.2928374110570007 1.310347002680196 35.352777777777781 26.500000000000004 17.500000000000004 1.8648563780584078 5.154761904761906 0.0017500000000000003 -1.0000000180025095e-35 1.5759824996511125 0.89544910243600639 -0.70140508164632498 -0.46969958577320348 2.2694696795382554 -1.0000000180025095e-35 6.7817541613316275 -0.31726265053861064 -0.55760537904627516 -1.0953194916302 1.4850148987462741 -0.0098970374121225401 -0.25254621542117223 1.5240665718178159 100.50000000000001 -0.95532950528400573 0.98925000000000007 -1.4539444811992122 1.0000000180025095e-35 -1.0000000180025095e-35 1.8152968285920663 2.0361339780875114 -0.38616513480362907 14.500000000000002
decision_type=2 2 2 2 2 2 2 2 2 2 2 2 2 2 2 2 2 2 2 2 2 2 2 2 2 2 2 2 2 2 2 2 2 2 2 2 2 2 2 2 2 2 2 2 2 2 2 2 2 2 2 2 2 2 2 2 2 2 2 2 2 2
left_child=1 5 4 7 12 15 9 17 11 33 23 39 26 19 58 18 25 28 42 -4 36 -22 46 44 30 -16 -2 35 43 -15 -9 -28 -18 37 -20 59 57 38 40 54 -7 -42 -1 -3 -6 -25 -12 -27 -10 50 51 52 -33 -45 -5 -56 -26 -13 -11 60 61 -8
right_child=2 3 13 8 10 6 27 24 48 14 22 20 -14 29 16 -17 32 -19 34 -21 21 -23 -24 45 56 47 31 -29 -30 -31 -32 49 -34 -35 -36 -37 -38 -39 -40 -41 41 -43 -44 53 -46 -47 -48 -49 -50 -51 -52 -53 -54 -55 55 -57 -58 -59 -60 -61 -62 -63
leaf_value=-2.3094894457719342 -2.5573257283130757 -2.4704295734375146 -2.510551304178088 -2.4495917788577448 -2.3790615724139879 -2.4768752439363846 -2.2591528295480696 -2.3146147810349804 -2.5396692626388804 -2.2030340031597451 -2.5261537845635735 -2.4642672556340295 -2.4944215339796005 -2.5391002157865583 -2.5362747077358265 -2.5440535907869322 -2.3351596531434051 -2.5453467013212911 -2.1485874708565484 -2.5649946483677692 -2.5316290486826163 -2.4595452987534174 -2.5633452870594673 -2.5446403412215024 -2.4363300695901238 -2.5082705566399999 -2.4497253539062411 -2.537444404444853 -2.4672158213675885 -2.5845507255395836 -2.5256500751117432 -2.4736063918275315 -2.4722735050548224 -2.5209466171410573 -2.4424338104397072 -2.5069043707671499 -2.4366049578271927 -2.5002099427259274 -2.5165899913418253 -2.5084177373287639 -2.5262008058720227 -2.3324593853988835 -2.5321228083801643 -2.4296498840276906 -2.4869859169858168 -2.4979371023513912 -2.5467334764546394 -2.2793290228447347 -2.3846834074977399 -2.392122327038809 -2.4931118640117425 -2.4876726984496234 -2.1814229845119621 -2.1806662546953928 -2.5126794814976665 -2.358357108777362 -2.5589316519128373 -2.5097199756006523 -2.4670748402592464 -2.5357379396907533 -2.4417048177496672 -2.449444047513226
leaf_weight=7.5450231581926328 2.3110881745815268 1.4954099953174687 44.794326677918434 15.701804950833319 9.1763795167207736 5.1659618020057669 5.6417740732431412 7.3411036133766192 84.218772009015083 25.082104012370113 246.33481013774872 115.69035509228706 25.08210401237011 45.134192585945129 1.7673027217388142 1.3594636321067799 7.8169158846139934 1.4274368137121189 24.810211285948757 427.27941957116127 56.145848006010056 34.190510347485542 237.36235016584396 38.67674033343792 5.165961802005766 1.4274368137121189 9.3123258799314481 10.535843148827551 2.2431149929761878 1681.3166470080614 2.8548736274242401 1.5633831769227935 11.283548146486281 4.7581227123737326 1.6993295401334751 9.7881381511688215 80.684166565537453 5.0979886204004279 3.7385249882936469 5.7097472548484793 2.1071686297655097 35.07416170835495 1.5633831769227979 2.1071686297655203 14.002475410699843 91.084063351154327 310.7054131180048 45.474058493971825 1.4274368137121189 12.371119052171709 1.5633831769227988 1.4274368137121207 8.2927281558513624 18.896544486284249 2.8548736274242392 35.006188526749611 7.2731304317712784 35.006188526749611 1.4274368137121189 2.6509540826082221 14.478287681937221 5.0300154387950897
leaf_count=111 34 22 659 231 135 76 83 108 1239 369 3624 1702 369 664 26 20 115 21 365 6286 826 503 3492 569 76 21 137 155 33 24735 42 23 166 70 25 144 1187 75 55 84 31 516 23 31 206 1340 4571 669 21 182 23 21 122 278 42 515 107 515 21 39 213 74
internal_value=-2.53621 -2.42077 -2.56326 -2.46108 -2.53045 -2.33317 -2.35672 -2.33325 -2.47487 -2.32705 -2.53803 -2.46131 -2.41623 -2.57832 -2.29007 -2.21504 -2.32414 -2.24982 -2.20247 -2.55977 -2.4728 -2.50375 -2.54534 -2.50027 -2.43796 -2.29429 -2.36564 -2.45183 -2.23288 -2.58337 -2.36703 -2.35244 -2.4087 -2.39268 -2.16315 -2.4283 -2.46092 -2.38138 -2.36938 -2.40111 -2.35725 -2.34276 -2.34302 -2.21367 -2.43932 -2.51185 -2.53762 -2.28546 -2.53542 -2.32137 -2.26894 -2.24433 -2.21727 -2.19944 -2.39048 -2.36896 -2.50474 -2.47455 -2.21404 -2.40278 -2.38951 -2.33329
internal_weight=3958.55 750.764 3207.79 515.441 1009.27 235.323 198.346 48.8047 466.636 150.221 947.342 380.99 61.9236 2198.52 94.2788 36.9774 67.7693 26.1697 35.6179 472.074 321.717 90.3364 794.403 152.94 22.6351 48.6688 36.8415 48.125 24.7422 1726.45 10.196 34.5304 19.1005 55.9419 26.5095 37.5892 231.381 51.1838 46.0858 59.2726 42.3473 37.1813 9.10841 22.4991 23.1789 129.761 557.04 46.9015 85.6462 25.2181 12.8469 11.2835 9.85611 21.0037 53.5629 37.8611 12.4391 150.697 26.5095 27.801 25.1501 10.6718
internal_count=58237 11045 47192 7583 14848 3462 2918 718 6865 2210 13937 5605 911 32344 1387 544 997 385 524 6945 4733 1329 11687 2250 333 716 542 708 364 25399 150 508 281 823 390 553 3404 753 678 872 623 547 134 331 341 1909 8195 690 1260 371 189 166 145 309 788 557 183 2217 390 409 370 157
is_linear=0
shrinkage=1


Tree=1
num_leaves=63
num_cat=0
split_feature=163 163 163 130 130 39 130 126 132 95 84 41 163 95 137 95 130 163 128 130 30 25 151 144 14 177 132 179 30 138 64 123 148 137 136 42 127 153 63 161 172 123 158 25 121 175 114 36 126 173 25 156 64 25 122 90 130 175 103 148 138 158
split_gain=4138.01 677.32 605.437 287.24 247.123 121.616 114.699 126.934 87.7248 81.5084 68.6542 66.9698 65.1238 60.371 48.9674 46.4508 45.934 41.6629 36.9296 35.4434 35.1956 31.305 28.7061 28.0895 26.0648 26.0311 29.1401 24.3546 23.9062 23.8343 23.6995 23.603 24.3638 23.3971 23.397 22.5888 27.2794 24.8696 22.4618 21.9471 27.4891 22.2633 21.8609 20.5963 23.2517 20.209 24.0774 20.0957 19.6694 28.2062 22.9291 19.348 19.1784 19.1025 18.6042 18.1673 17.5183 19.0243 17.5677 17.3018 19.7879 31.7642
threshold=-0.95949434639436448 -1.4560928296580393 -0.17948886005751472 -1.1776040564033419 -0.9181597630650048 2.5000000000000004 -0.94387980744853917 -0.18232559185071681 1.2631117559205673 1.0000000180025095e-35 0.53625000000000012 0.06458333333333334 -0.55760537904627516 -0.64914421710088466 -1.1538798552789811 -0.96593497410564277 -1.2139253079861538 -1.1695350555989481 -0.55162634047787329 -1.2928374110570007 228.50000000000003 38.041428571428582 -0.96787844569662018 0.60783671232817416 6.8333333333333348 1.8467648592737744 0.23035626031807013 -0.32478054967508557 93.500000000000014 1.0549333209522307 0.058885448916408671 1.1287430727144143 0.79604359326546925 -2.2516173396427308 -0.080486957853907165 0.70714285714285718 1.5004431315009963 0.2740632349291347 5.5431405187959504 -1.0749638597689233 -0.63812031754042475 -0.42495779356274366 1.6878861242493359 35.352777777777781 -0.42960672700270414 0.23591435192520155 -1.4807804757497267 1.0000000180025095e-35 -0.58534108348662006 0.49934821634032583 35.38452380952382 -0.92046264366586972 0.014319890635680111 36.741428571428578 -0.1521002895254909 0.093508524070171947 -0.31622776601683678 -0.1061024277560812 0.10783568881368595 -0.82139987680377902 -0.13882999816976405 0.46111961461716772
decision_type=2 2 2 2 2 2 2 2 2 2 2 2 2 2 2 2 2 2 2 2 2 2 2 2 2 2 2 2 2 2 2 2 2 2 2 2 2 2 2 2 2 2 2 2 2 2 2 2 2 2 2 2 2 2 2 2 2 2 2 2 2 2
left_child=1 6 3 11 8 15 20 10 14 16 42 22 13 27 -3 24 30 53 54 -11 23 35 -2 33 31 -20 52 -5 -7 -10 -4 32 48 -1 47 55 37 -37 -14 40 -16 -42 -8 44 -24 -28 -47 -19 49 50 -6 -45 -27 59 -12 -9 -15 58 -58 -17 61 -61
right_child=2 4 9 12 5 28 7 21 29 19 18 -13 38 56 39 17 -18 34 25 -21 -22 -23 43 -25 -26 26 45 -29 -30 -31 -32 -33 -34 -35 -36 36 -38 -39 -40 -41 41 -43 -44 51 -46 46 -48 -49 -50 -51 -52 -53 -54 -55 -56 -57 57 -59 -60 60 -62 -63
leaf_value=0.11186326168175359 -0.020579055232113824 0.066356095684393893 0.12334452643683716 -0.01171819320023282 0.16078990697989956 -0.0081908548055614188 0.12772720666103177 0.012502716574740681 0.11571695249600805 -0.0026938052394897129 -0.015488115794662194 0.038464203347688755 0.027711647320306704 0.098158751287521953 0.077403465781319722 0.059934071990118701 -0.026078216312891502 -0.013430570740231559 0.2495836189663673 -0.047849860571545687 -0.0075844538726280025 -0.001117324623786184 0.15249534287594962 0.12852216212464079 -0.017790124223285738 0.025664726434760643 0.0052177592069160761 0.013265646773798429 0.055263345331783377 -0.0068422639648791474 0.0088036902363586578 -0.034391524722608306 0.0079735875271107672 0.27717755561210428 0.069300142042653973 0.19232499354621016 -0.0085083993229811833 0.0067716229554645457 -0.017937524838758052 0.10809603924728316 0.093838536660457356 0.2648666851830967 -0.0040223133747613526 0.053459586129597239 0.0052363455193359856 0.2323615599659275 0.009289739762896345 0.068099270050985469 0.05770020223257355 0.25317876945462786 -0.0073094825661213616 0.18974617961045936 0.19498496653728992 0.056237085455755675 0.12570559553574503 0.099110020612995481 0.10653138718498718 0.022847452792844503 -0.024211351965608148 0.14656584383617485 0.040665194152690348 0.072134399110473479
leaf_weight=4.3957596123218527 2.2698776125907889 8.0989254638552648 6.3225445747375515 166.11539547890425 2.4851338639855367 77.754102051258087 59.870186731219292 11.717330403625967 6.033398523926734 45.025483131408691 3.0672429874539375 25.990917295217514 27.773706242442131 14.433976165950297 3.9085574373602823 19.559651896357536 443.87006469070911 18.854763954877853 27.848901763558388 1613.2124207541347 1.3504643738269795 10.525331795215605 4.3155524879693985 7.9789693728089324 15.779547818005083 2.1203090846538535 4.856664724647997 233.12060271948576 17.281737856566906 8.6977324187755567 12.50613212585449 7.0571818351745597 21.503984376788139 34.301918625831604 100.13037371635437 11.752896793186666 2.48482472449541 2.256393425166606 432.96430861204863 7.2782777547836366 3.7070425972342518 26.347293183207508 3.1795362234115592 4.0758651569485655 5.7053066790103895 2.3076864331960678 2.1203550025820732 11.259039267897608 70.466755822300911 2.575934424996376 4.5318001508712769 25.771630100905899 66.789015643298626 26.15221081674099 6.2043907195329648 12.682461306452749 13.314149610698221 55.541696518659592 2.6610860750079146 56.482281073927879 9.0009100660681707 23.898707836866379
leaf_count=54 34 108 91 2445 35 1131 777 162 76 664 39 369 412 209 48 267 6674 265 314 24735 20 155 59 94 226 30 65 3398 248 123 180 100 301 376 1377 152 35 30 6444 90 47 319 46 51 78 29 27 158 981 36 64 320 803 365 80 174 191 799 39 768 125 325
internal_value=-1.01726e-05 0.0994331 -0.026257 0.00551344 0.0670144 0.0545756 0.162992 0.146931 0.158767 -0.0414448 0.166989 0.103904 -0.00166996 0.0110977 0.190378 0.0669147 -0.0227935 0.0788036 0.190809 -0.0466291 0.235169 0.0753978 0.142324 0.242309 0.0410905 0.199464 0.178625 0.00285449 0.00375117 0.0472012 0.0517987 0.0497741 0.0559494 0.261816 0.0577284 0.0947673 0.139767 0.165214 -0.0151209 0.212468 0.23096 0.247633 0.121046 0.151997 0.0771907 0.0814924 0.147856 0.0181004 0.0685167 0.134552 0.0642315 0.173634 0.190288 0.098512 0.0815487 0.0598458 0.0488561 0.0376202 0.084315 0.108011 0.117697 0.125656
internal_weight=3961.65 826.656 3134.99 1014.05 548.845 484.774 277.811 229.784 64.0712 2120.94 178.364 68.1291 945.925 485.187 49.3401 389.738 462.699 265.338 115.315 1658.24 48.0271 51.4192 42.1382 46.6766 124.4 106.043 78.194 399.236 95.0358 14.7311 18.8287 108.621 101.564 38.6977 130.244 40.8939 16.4941 14.0093 460.738 41.2412 33.9629 30.0543 63.0497 39.8684 10.0209 9.28471 4.42804 30.1138 80.0596 9.59287 7.01693 29.8475 68.9093 135.094 9.27163 24.3998 85.9509 71.5169 15.9752 108.942 89.3819 80.381
internal_count=58237 11045 47192 14848 7583 6772 3462 2918 811 32344 2210 911 13937 7081 612 5393 6945 3650 1387 25399 544 708 542 524 1743 1268 954 5843 1379 199 271 1517 1417 430 1800 553 217 182 6856 504 414 366 823 508 137 121 56 423 1116 135 99 371 833 1850 119 336 1238 1029 230 1485 1218 1093
is_linear=0
shrinkage=0.05


Tree=2
num_leaves=63
num_cat=0
split_feature=69 70 70 130 130 130 131 70 131 84 130 138 70 132 128 9 70 131 73 116 69 133 176 132 60 175 130 20 118 179 131 138 108 162 124 167 106 70 66 66 131 163 127 162 8 19 161 95 155 172 91 171 177 95 179 156 172 132 167 30 70 158
split_gain=3609.12 610.319 463.752 258.869 205.465 105.959 103.251 83.5431 73.7827 66.314 63.8134 58.0535 55.8158 40.2663 36.1464 34.7837 34.4534 34.4029 33.7211 33.4802 30.5333 29.3871 29.6525 29.2589 28.574 25.3643 24.2035 23.1976 22.9573 22.3192 22.031 21.6748 22.9921 21.3833 21.2578 20.8458 19.1122 22.5998 18.6671 18.3687 18.3465 18.0839 20.8865 20.556 18.8794 18.3388 18.0142 22.5611 20.479 17.5857 17.5765 17.5524 19.9623 19.0909 28.3144 20.5 18.6832 16.9425 18.4348 16.9381 20.0948 24.0529
threshold=3.5000000000000004 1.0548048048048051 8.29217479674797 -0.95725016686917075 -1.1776040564033419 -0.73563894583860734 -0.15528996845068924 3.8355855855855858 0.1368198730104053 0.80225000000000013 -1.3532066329797183 1.0886345808611155 3.640512820512821 0.54147921944897948 1.2075007204713992 7.5000000000000009 16.822478991596643 -0.18611069433206792 0.10555555555555557 -0.15484184207622395 2.5000000000000004 0.26391252348391653 -0.31765576943683665 0.44584595699613672 0.095904389152921446 0.23591435192520155 -2.2358755282361638 0.10555555555555557 0.76676018751140462 -0.78202952509955104 -0.36996920243588277 1.3703143220002503 1.2242022765342961 -0.61776931155434667 0.73106926269512773 -0.95132220616294438 -1.4259087819248708 5.0113636363636376 9.5000000000000018 18.500000000000004 -0.059079462113568688 -1.5574960819006309 -0.25792773443247269 -0.87976298208184989 17.500000000000004 0.61605339105339119 -0.94518905671890663 -0.6152542018140813 0.55733524621236419 3.0721697203546952 1.2328184982814843 -0.31833220421830016 2.3145348630652354 -0.97003557617970204 0.28301261635371378 -0.58142850755223907 -0.71591397976743532 1.207107114329443 -0.69613246238417581 122.50000000000001 36.219806763285028 0.35000679371654447
decision_type=2 2 2 2 2 2 2 2 2 2 2 2 2 2 2 2 2 2 2 2 2 2 2 2 2 2 2 2 2 2 2 2 2 2 2 2 2 2 2 2 2 2 2 2 2 2 2 2 2 2 2 2 2 2 2 2 2 2 2 2 2 2
left_child=1 5 4 11 13 21 9 8 20 29 40 15 17 18 50 -3 -12 30 19 34 24 22 -1 28 -5 -25 -13 -28 49 -7 38 32 -23 -9 -2 -21 -17 -38 -6 -32 59 42 43 -31 -45 -43 -37 48 -48 51 -8 53 56 54 -11 -55 -53 58 -26 60 61 -4
right_child=2 3 10 7 12 6 14 33 -10 23 16 26 -14 -15 -16 36 -18 -19 -20 35 -22 31 -24 25 57 -27 27 -29 -30 41 39 -33 -34 -35 -36 46 37 -39 -40 -41 -42 45 -44 44 -46 -47 47 -49 -50 -51 -52 52 -54 55 -56 -57 -58 -59 -60 -61 -62 -63
leaf_value=0.046357976399707734 0.25572965626810057 0.084940013273600318 0.14890444718662574 0.056048389733751737 0.078605115595637889 0.043454618691377518 0.016413318743714669 0.010574174293525399 0.0024089323463917043 0.026796438172632265 -0.034031591652296175 0.15103591598249619 -0.016658918406530759 0.024758793566917573 0.13019995915779076 0.055413131445470443 -0.049199116363831147 -0.01634412803810955 0.01487970893043959 -0.0073770642401903511 0.039435336077886796 0.045550999514331253 0.21697129064122678 0.028061822010045402 0.028227710342731163 0.14183609769415093 0.091506681278250845 -0.020149019659680332 0.017783736226306839 0.081416248895590376 -0.016752645661415586 0.040902372910431736 0.19459963659830709 -0.042360736377953914 0.09788654505992829 -0.019557028539213109 0.21002513839603165 0.015957839401095207 -0.0048498096363324686 0.036053626629235495 -0.010817048860491646 0.09525856487139521 0.027449302234296744 0.19280194958428531 0.014967361394307708 -0.018226720495166854 0.18021557014871978 0.014663393757290373 0.015529111201405514 0.0100606262083734 0.10866318567571082 0.04451186279647238 0.097864010085842779 0.0018065780643193145 0.22767958058629692 0.1160693662588453 0.19267708207026363 -0.0062718288456345382 0.11876286620851573 -0.026904022333312988 -0.019780640080450482 -0.021653371291538697
leaf_weight=3.424798294901847 6.7175428420305199 13.227613463997839 7.6064967438578623 152.13891217112541 6.1569007635116568 17.81052403151989 38.470193810760975 48.421937555074692 82.163114354014397 2.6420069187879545 548.54887567460537 5.0568542852997806 608.52734613418579 21.752204164862633 10.633952125906942 3.4914214313030234 1285.0439958646894 103.14053054898977 8.2749959826469404 4.4490157291293135 185.5780461654067 4.4224451184272793 47.946783490478992 10.467770732939245 7.4507410675287238 9.6464863270521146 7.5132597312331226 9.5030287578701955 3.1108070239424697 10.702281624078749 17.999479375779629 6.8027591556310645 10.566006831824778 30.071474559605122 5.8557877317070961 2.0943615585565594 33.731740042567253 1.8060714602470387 103.93948223441839 135.47492264211178 38.52384801954031 62.244595408439636 4.4523146823048583 20.541633449494842 1.8592253774404515 3.3837191462516776 11.305258028209211 4.0380431711673799 2.5465751886367789 2.0462294444441786 5.1190522462129584 2.9913814961910239 10.709818154573439 5.1070869639515903 7.6380623206496239 17.907391540706158 79.198633037507534 3.3560268804430953 43.689681269228458 4.867306873202323 3.6532982289791098 2.3524172976613045
leaf_count=40 80 150 105 1975 90 222 515 685 1179 29 8560 59 9208 298 141 37 20516 1546 99 54 2527 47 466 135 98 112 88 131 37 124 259 82 111 448 69 25 348 21 1515 1952 557 766 54 230 23 44 130 52 32 22 66 32 114 58 80 194 831 46 565 71 54 33
internal_value=-5.91475e-05 0.0805577 -0.0283095 0.0496423 -0.00152265 0.128794 0.115843 0.0377009 0.0455954 0.128418 -0.0430656 0.136717 -0.00738077 0.0824863 0.0513823 0.165457 -0.0446853 0.00800539 0.108975 0.128939 0.0546005 0.184217 0.206795 0.151061 0.0679407 0.0869963 0.0642391 0.0312159 0.160102 0.0990257 0.0175785 0.124034 0.156534 -0.0099205 0.195213 0.0883031 0.189816 0.201006 0.000437751 0.0297598 0.00881886 0.108061 0.137814 0.151271 0.179526 0.0891466 0.109179 0.124752 0.15336 0.163351 0.0295531 0.165699 0.178766 0.124944 0.183448 0.0920529 0.187944 0.0994424 0.106463 0.048464 0.0757523 0.109861
internal_weight=3959.91 1027.05 2932.87 627.2 1042.27 399.846 326.683 552.87 474.377 272.46 1890.6 74.33 975.239 67.0338 54.2232 52.2568 1833.59 366.711 45.2816 37.0066 392.213 73.1628 51.3716 151.466 206.635 20.1143 22.0731 17.0163 131.351 120.994 263.571 21.7912 14.9885 78.4934 12.5733 24.4333 39.0292 35.5378 110.096 153.474 57.0034 103.184 37.5555 33.1031 22.4009 65.6283 19.9842 17.8899 13.8518 128.241 43.5892 126.194 92.8998 33.2945 10.2801 23.0145 82.19 54.4964 51.1404 18.4795 13.6122 9.95891
internal_count=58237 12932 45305 8357 15409 4575 3829 7523 6390 3107 29896 834 14570 839 722 556 29076 5362 541 442 5211 746 506 1644 2684 247 278 219 1397 1463 3816 240 158 1133 149 293 406 369 1605 2211 820 1241 431 377 253 810 239 214 162 1360 581 1338 977 361 109 252 863 709 663 263 192 138
is_linear=0
shrinkage=0.05


Tree=3
num_leaves=63
num_cat=0
split_feature=70 70 70 130 130 130 131 71 131 130 132 131 127 131 70 70 130 93 128 163 177 159 40 73 34 29 43 128 130 83 175 130 25 119 156 39 96 163 104 26 138 70 4 157 144 84 127 61 140 79 108 140 79 94 176 114 66 180 63 164 65 5
split_gain=3122.98 537.805 383.591 187.644 173.436 101.925 102.119 70.0498 69.5965 59.052 51.8599 40.6378 39.1851 38.7071 35.6346 33.473 32.6147 27.2353 26.0258 25.9636 25.6267 27.4683 23.3566 22.7563 21.5989 19.8053 19.7684 21.7332 18.2561 20.1105 24.7199 17.8932 18.8412 17.4611 16.8909 16.5548 22.3475 18.5569 23.6385 16.5038 20.624 19.7228 18.9871 16.7365 16.4604 16.9103 19.6478 17.0897 16.2537 16.7882 16.2014 15.7386 16.1439 21.6332 18.9268 15.8388 19.0902 15.2488 15.1188 19.0637 15.1175 14.8839
threshold=2.8956442831215976 1.2020408163265308 8.29217479674797 -0.95725016686917075 -1.1776040564033419 -0.66915269302346703 0.23330035074777358 -1.7265555309546394 -0.21222317857690617 -1.3532066329797183 0.54147921944897948 1.4676854962276378 -0.28808214351836353 1.0000000180025095e-35 16.822478991596643 4.1744565217391312 0.71303959416853535 -1.1186523775413235 1.216300920935421 -0.99736879084393182 -0.21874996422765428 -0.75159079233526371 1.5000000000000002 0.10555555555555557 1.0000000180025095e-35 7.5000000000000009 9.1742424242424256 0.86762619557239606 -0.50310183242102102 0.27842377260981915 1.2048588345759892 0.35350142037451243 37.184523809523817 1.3826242429093292 -1.3192393201167343 1.5000000000000002 -0.44091354459006721 -1.978343345864843 0.89544910243600639 36.150000000000013 1.6743134164652582 49.732057416267949 -1.0000000180025095e-35 -0.26261967735226571 1.1667205331240524 0.098750000000000018 2.0009547340196665 0.093046281372323292 0.9078352380544551 0.29285714285714287 1.2242022765342961 -0.74071217573375903 0.47222222222222227 0.95360890411206489 3.7314272752471571 -1.1228855326868972 106.50000000000001 0.8615697755951599 6.1007502555049724 -0.44934506467329571 8.6464625850340155 1950.0000000000002
decision_type=2 2 2 2 2 2 2 2 2 2 2 2 2 2 2 2 2 2 2 2 2 2 2 2 2 2 2 2 2 2 2 2 2 2 2 2 2 2 2 2 2 2 2 2 2 2 2 2 2 2 2 2 2 2 2 2 2 2 2 2 2 2
left_child=1 5 4 11 10 17 7 12 19 39 23 22 20 15 -11 58 31 -1 -8 25 -7 -22 24 -2 -3 44 27 34 29 60 57 32 -14 -26 -9 -19 37 -37 -39 -4 41 42 43 -41 45 47 -47 -5 61 -50 -40 -36 53 -53 55 -54 -57 -31 59 -6 -10 -30
right_child=2 3 9 8 13 6 18 26 28 14 -12 -13 16 -15 -16 -17 -18 35 -20 -21 21 -23 -24 -25 33 -27 -28 -29 48 30 -32 -33 -34 -35 51 36 -38 38 50 40 -42 -43 -44 -45 -46 46 -48 -49 49 -51 -52 52 54 -55 -56 56 -58 -59 -60 -61 -62 -63
leaf_value=0.043343583233917238 0.12112923536895503 0.0083834005939807301 -0.01294117762830776 0.042083564601613312 0.0064476347222365178 0.0095400991236407259 -0.0033205573872211488 -0.0083033620972366492 -0.0053962769577717154 -0.033372233338670586 0.0047299041336264069 0.013310323341608683 0.099412823020621113 -0.027739306197569508 -0.048836101849616419 -0.011256148324101671 0.15307115773393398 0.19406643265063725 0.08438039019594791 0.026216873685952432 0.036374123809917829 0.15490585107425059 0 0.025199620582436296 0.14294378718551329 0.0019526648421088668 0.028095616734570242 0.16397007744678138 -0.021390387587802845 0.20818130220760378 -0.0151252717853365 -0.031665682140688545 -0.012275635332936748 0.015575386724312227 -0.024868262842395978 0.23439335730609556 0.044259717722220565 0.15336518147909137 -0.038058578801576676 0.0060825815141949272 -0.043728909703809632 -0.038923145341983177 0.036877366999696418 0.20815366795409995 -0.0090958498865063991 0.12105506334329204 0.001641087060163517 0.078647498370710195 0.14936563995301771 -0.031352860251521092 0.091334231293039539 0.088603278256612156 0.028762839604106794 0.034729482893047087 -0.01766303105472777 0.18458495075321074 0.075685501653201551 0.025921529680891404 0.007591069075606683 0.089567652916456894 0.12340430847557556 0.021362129343613076
leaf_weight=6.5057876929640761 36.799111120402813 3.6796658113598815 38.109314143657684 125.91476962715387 14.672750905156137 3.6272840201854697 31.472948595881462 4.5310506746172896 21.761402435600765 553.58944378048182 18.424176871776581 9.9443034902214986 11.243060216307649 204.73063683509827 1231.6733370125294 418.70627941936255 8.8037674054503423 31.507021009922028 10.485244251787661 221.45211510360241 5.9935038834810248 103.765321418643 3.6500680968165389 8.2872431054711324 59.110230639576912 19.35289853066206 15.821677654981611 9.4846868664026243 95.624980121850967 3.1875904500484449 3.0783609673380852 5.7092051208019248 5.0602643117308608 3.1826865151524535 2.6554013490676871 6.7015105038881293 6.9604595154523841 36.465171009302139 2.4000772759318343 1.4675265997648237 4.710712105035781 2.9374970197677603 8.2987554371356982 3.566351123154166 9.1011575534939748 18.312301523983482 4.3299811333417884 46.156621247529984 2.1912443637847896 1.5989597514271734 10.503073155879973 140.32673226296902 3.7491386681795147 23.888061843812466 1.8869764208793629 15.019626259803777 8.5179523006081563 2.1158402636647224 203.29244754463434 12.557394862174986 1.5301564633846272 24.818168237805367
leaf_count=65 393 41 549 1576 210 42 428 53 312 8884 247 121 124 3136 20522 6379 93 268 131 3082 58 983 48 95 599 256 191 110 1378 44 44 65 61 33 33 57 73 337 26 20 68 44 113 48 119 224 57 567 32 23 108 1559 43 267 20 165 95 31 2933 177 22 355
internal_value=-9.64325e-05 0.067466 -0.0293008 0.0382095 -0.0028694 0.106086 0.0945517 0.102922 0.0285297 -0.0424377 0.0761812 0.109944 0.130633 -0.00883661 -0.0440651 -0.00283457 0.0762485 0.151685 0.0199334 0.0385895 0.144574 0.148865 0.123292 0.104534 0.130005 0.0506729 0.0847107 0.088798 -0.000190386 0.0330626 0.0949562 0.03999 0.0657517 0.136864 0.0844226 0.158557 0.137975 0.148542 0.132366 0.00656217 0.0411923 0.0671776 0.0919877 0.160844 0.0552426 0.0583065 0.0994658 0.0523182 -0.00890448 0.0814532 0.0659003 0.0866224 0.0882991 0.0810543 0.124876 0.135185 0.15007 0.151909 0.0124228 0.0467711 0.00759134 -0.0124364
internal_weight=3955 1193.18 2761.82 680.094 917.47 513.085 412.042 370.084 600.527 1844.35 63.5105 79.567 144.202 853.96 1785.26 649.229 30.8163 101.043 41.9582 444.62 113.386 109.759 69.6227 45.0864 65.9726 223.168 225.881 210.06 155.907 31.6734 8.38179 22.0125 16.3033 62.2929 200.575 94.5373 63.0303 56.0698 49.3683 59.0902 20.9808 16.2701 13.3326 5.03388 203.815 194.714 22.6423 172.071 124.233 3.7902 12.9032 196.044 193.388 164.215 29.1737 27.2867 23.5376 5.30343 230.523 27.2301 23.2916 120.443
internal_count=58237 14419 43818 8964 13570 5455 4521 3962 8122 30248 735 842 1426 12835 29406 9699 343 934 559 5881 1083 1041 721 488 673 2799 2536 2345 2241 453 119 250 185 632 2235 869 601 528 471 842 293 225 181 68 2543 2424 281 2143 1788 55 134 2182 2149 1826 323 303 260 75 3320 387 334 1733
is_linear=0
shrinkage=0.05


Tree=4
num_leaves=63
num_cat=0
split_feature=69 70 70 70 163 70 70 38 9 34 131 131 30 8 163 69 132 131 96 106 93 64 137 170 119 138 120 70 80 38 137 38 179 92 28 177 132 66 39 122 174 171 64 163 38 24 163 18 96 71 3 80 163 181 95 111 30 138 139 63 94 177
split_gain=2762.14 425.36 339.993 72.7638 65.5373 52.3399 45.2885 33.4054 90.8024 45.5714 30.6017 29.8755 29.0496 28.7522 24.8652 23.688 23.6374 20.7279 20.7206 20.5617 22.8423 21.5681 20.4921 20.4438 19.7079 22.0813 18.3055 19.2979 20.2221 18.2747 17.3361 17.3044 17.0598 16.6754 17.6537 16.3462 16.3382 16.1705 15.8873 15.1536 15.0011 14.8675 14.6071 14.4902 14.4179 14.3172 18.8706 18.1349 13.9695 13.7861 15.0867 13.6996 19.1886 13.6527 15.3752 13.6468 13.5432 19.6031 13.2794 12.8823 12.7798 12.6727
threshold=3.5000000000000004 8.29217479674797 1.0548048048048051 4.7900856793145667 -1.978343345864843 4.1744565217391312 16.822478991596643 7.5000000000000009 7.5000000000000009 2.5000000000000004 1.6101598896587122 0.48699869895644338 89.500000000000014 13.500000000000002 -1.4778271939407983 2.5000000000000004 1.9927602756759586 0.1624988390920441 -0.64914421710088466 1.1105103311927511 -0.25657407656733561 0.10349181469871126 -1.4626818324534843 -1.1699612954250054 1.3305028651790074 -0.93483799752402985 0.12878990222014905 2.5049019607843142 -0.43166666666666664 7.5000000000000009 0.44934506467329588 7.5000000000000009 1.0492792445618238 0.75004578475079853 35.350000000000001 0.2635915097965828 -0.64914421710088466 15.500000000000002 3.5000000000000004 -0.74338559590728404 -0.42743276534617108 -0.83318873271587202 0.23849206349206351 -0.27229653987648267 8.5000000000000018 108.25000000000001 -0.57007524162623879 3.2916666666666674 -0.43139395648450701 -0.75729830325288761 481.00000000000006 -0.049999999999999982 -1.3379902482187311 -0.94204882237199927 -0.34344336196330344 -0.77186468307622724 26.500000000000004 -0.40896076783160712 2.1355064684291345 5.257603686635945 0.6478465823052223 -0.21874996422765428
decision_type=2 2 2 2 2 2 2 2 2 2 2 2 2 2 2 2 2 2 2 2 2 2 2 2 2 2 2 2 2 2 2 2 2 2 2 2 2 2 2 2 2 2 2 2 2 2 2 2 2 2 2 2 2 2 2 2 2 2 2 2 2 2
left_child=2 5 4 7 48 17 -3 8 14 15 22 13 58 16 -4 23 18 26 51 20 -16 -22 -10 -9 25 -15 27 28 30 -19 32 -13 37 34 -14 -27 -21 -2 42 -23 60 -24 53 -5 49 61 47 -47 -1 50 -7 52 -6 -20 -55 -36 -17 -58 -11 -39 -33 -29
right_child=1 6 3 43 11 44 -8 9 10 12 -12 31 33 24 19 56 -18 29 38 36 21 39 41 -25 -26 35 -28 45 -30 -31 -32 40 -34 -35 55 -37 -38 59 -40 -41 -42 -43 -44 -45 -46 46 -48 -49 -50 -51 -52 -53 -54 54 -56 -57 57 -59 -60 -61 -62 -63
leaf_value=0.15605043554086195 -0.0064812128454392734 -0.029805471844532673 0.15213825906881934 0.0043224538415753298 0.14030240815670522 0.043573477705570726 -0.047347523861108042 -0.043443620508698273 0.05801888353133991 -0.019601437887783749 -0.015673254905909963 0.093016926984641007 -0.017024126565131539 -0.0030268900476450324 -0.015038937382861193 0.064258205957547984 0 0.017102842849727448 0.18237796428911487 0 0.012301708039537312 -0.0072626384973340039 0.044572355501662594 0.060299582494292882 0 0.031801141519681463 -0.005157068650229836 0.01379129716170573 0.0065347370796748627 -0.02526040279228503 -0.029619245305316833 0.11251849840466405 -0.0091036396694290193 -0.017629070448550051 0.014837169260148754 0.091760165239539809 0.17527374810902832 0.15547226966683783 -0.0051771534801827983 0.10614456376307864 0.0050765440972822817 0.17336467433843089 -0.019280958542172471 -0.050333012675181157 -0.027235969559367929 -0.0069414239897165391 -0.00073030350804342001 0.15068322888317906 0.039413043474230858 -0.010742469426332241 -0.022815397002240105 0.2007734381608256 0.031819631988487522 0.10581836303808421 0.019796798042662517 0.18297544198578886 -0.010017690931100325 0.035731306266407553 0.054523712090066956 0.065675600211022131 -0.011189424586020244 -0.01857143544297532
leaf_weight=51.919631741940975 6.5150198116898528 541.57021531462669 3.5567404702305785 35.656216029077768 24.959376983344555 24.034823425114155 1213.3254168964922 4.1219713017344466 7.7538990303874007 52.194092579185963 3.0724256411194792 15.370874486863611 1.9353861883282641 6.7224477156996718 25.563456244766712 31.755602233111858 4.5076095387339583 39.567318297922611 6.5145632177591315 1.8955357968807218 24.323046945035458 3.4016537368297604 3.4576634094119099 225.33905227482319 7.0489539653062812 13.812071911990641 85.871886622160673 143.90261582657695 37.555185027420521 67.328505054116249 5.4361141324043265 6.4222630634903926 8.0290202870964986 3.3289079368114463 1.8771874234080304 190.68167675286531 3.1130893826484671 4.2315362840890876 3.1954503357410422 14.190636537969111 22.812962777912617 26.969223655760288 1.9674457162618626 17.162263803184032 125.82986145094037 2.3617183938622475 7.5824645683169347 5.3276747167110443 3.6621192395687094 377.41077158227563 12.122282333672045 11.757448509335516 5.8102266192436245 90.969513796269894 6.2076662406325331 4.4672360941767701 27.269784338772297 144.24184756726027 5.8195047825574866 53.087492138147354 2.5728212520480156 37.198671132326126
leaf_count=438 90 8888 36 500 215 343 21008 49 81 714 39 160 27 72 326 407 49 558 60 24 312 43 36 2619 72 149 1225 2052 511 1016 75 73 108 45 25 1822 35 55 38 174 264 263 19 278 1958 33 110 72 33 5779 179 102 59 861 61 58 363 1832 71 714 28 531
internal_value=-0.000126415 -0.0269322 0.0650975 0.0420827 0.0973827 -0.0016414 -0.0419569 0.0468817 0.0710849 0.0410903 0.130088 0.0901866 0.00341133 0.0950008 0.0377384 0.0471192 0.112171 0.00992815 0.115509 0.0300633 0.0217216 0.0440857 0.142046 0.0582339 0.0822587 0.0849907 0.0151868 0.0208145 0.0370379 -0.00952019 0.051521 0.0507238 0.0580498 0.0723128 0.107016 0.0879092 0.119296 0.0665835 0.101646 0.084736 0.0279216 0.160772 0.104942 -0.013949 -0.0124592 0.0111609 0.0561627 0.106468 0.149286 -0.00789642 0.0211659 0.147729 0.121621 0.107508 0.100632 0.142701 0.0343242 0.0284125 -0.0112831 0.0749427 0.0790553 0.00705097
internal_weight=3947.67 2798.29 1149.38 672.466 476.915 1043.39 1754.9 619.648 117.297 502.351 41.2532 421.333 69.6223 374.154 76.0442 432.728 155.889 503.995 151.382 72.4874 67.4788 41.9153 38.1808 229.461 218.265 211.216 397.099 311.228 114.854 106.896 77.2992 47.1789 71.8631 11.6087 8.27981 204.494 5.00863 63.834 108.855 17.5923 31.808 30.4269 105.659 52.8185 539.398 196.373 15.2719 7.68939 55.5818 413.568 36.1571 42.5271 30.7696 103.692 97.1772 6.34442 203.267 171.512 58.0136 57.319 8.99508 181.101
internal_count=58237 45305 12932 8357 4575 15409 29896 7579 1369 6210 419 4104 940 3579 950 5270 1464 7150 1415 914 855 529 380 2668 2115 2043 5576 4351 1553 1574 1042 525 967 155 110 1971 59 859 1039 217 365 299 1001 778 8259 2798 215 105 471 6301 522 376 274 982 922 83 2602 2195 785 769 101 2583
is_linear=0
shrinkage=0.05


Tree=5
num_leaves=63
num_cat=0
split_feature=163 95 163 130 130 8 132 23 130 57 163 8 163 130 34 181 126 85 132 129 57 177 130 27 173 102 105 122 9 126 24 137 132 55 95 30 174 165 158 157 30 166 179 172 167 130 34 11 136 103 164 103 130 168 126 163 126 137 83 167 122 116
split_gain=2375.89 352.04 279.484 220.062 144.536 82.1326 53.2979 51.6719 45.6979 41.0371 40.4135 40.6246 40.3153 36.8996 33.3225 31.6285 29.5067 27.7823 26.2738 24.1877 21.9629 22.7833 20.3349 19.6897 19.427 21.9459 20.5518 19.2001 18.8329 21.8495 18.4624 18.2776 23.1517 17.794 23.8084 17.7072 19.2515 22.8391 16.9919 18.9477 18.1165 19.9809 19.1292 23.0953 28.9024 16.5782 16.5513 16.9841 17.1081 16.3407 16.1087 15.9649 15.8492 15.6523 15.0842 15.0597 14.9724 14.6708 16.7307 15.428 15.1034 14.611
threshold=-0.7915331156280262 1.0000000180025095e-35 -1.4560928296580393 -1.1776040564033419 -0.94387980744853917 11.500000000000002 1.4551718141280201 0.46638014763014773 -1.5458093782250992 0.082754373166247383 -0.4867219192820027 8.5000000000000018 -1.0205883932313493 -1.1776040564033419 2.5000000000000004 -0.52284864661676844 -0.055359820016594626 0.96675000000000011 2.2694696795382554 -0.099115841283724332 0.070925918759725301 1.650884148476319 -1.4979334333977226 70.050000000000011 -0.072949226426016797 -0.27230567001251943 -0.17938037191890296 -0.41849169591792085 5.5000000000000009 1.5742028710454663 105.55000000000001 -1.602824715117134 1.4551718141280201 1.5000000000000002 -0.86156977559515957 119.50000000000001 -0.47669070881454684 -0.66647480206081322 1.1899896192017974 0.32498012009128102 392.50000000000006 -0.12107879903223075 0.47869377028245236 -0.46481551501782326 0.67530020066137175 -0.39328822299055621 1.0000000180025095e-35 3.5000000000000004 -0.57121774780622869 0.31190505647462524 -0.52622324674647392 -1.2644585517269424 -0.66584665722443714 -0.66392893507786499 -0.2819533667205506 -1.3379902482187311 1.0541426123986146 -0.44937931685242749 0.22048611111111113 1.4981925033506593 -0.65542755285227394 -0.048956082067910626
decision_type=2 2 2 2 2 2 2 2 2 2 2 2 2 2 2 2 2 2 2 2 2 2 2 2 2 2 2 2 2 2 2 2 2 2 2 2 2 2 2 2 2 2 2 2 2 2 2 2 2 2 2 2 2 2 2 2 2 2 2 2 2 2
left_child=2 3 8 9 6 17 19 12 51 20 11 -5 14 30 38 18 -17 49 23 -4 21 28 -21 -10 25 -14 -26 -13 -2 46 -3 -11 -33 -29 -35 36 37 -16 40 -40 42 -42 -7 55 -45 -9 -30 53 -49 -6 -46 -1 -12 -48 -55 -44 -19 -24 59 60 -59 -32
right_child=1 13 4 10 5 7 -8 45 15 31 52 27 24 -15 35 16 -18 56 -20 22 -22 -23 57 -25 26 -27 -28 33 29 -31 61 32 -34 34 -36 -37 -38 -39 39 -41 41 -43 43 44 50 -47 47 48 -50 -51 -52 -53 -54 54 -56 -57 -58 58 -60 -61 -62 -63
leaf_value=0.031353191851758562 -0.011174077505783569 -0.019051344153557172 0.027545896372564112 0.076006541375850098 0.04663969671507108 0.033294961028978401 0.017993103949088044 0.029924572574745185 -0.0032618741332093408 0.016312735995087545 0.0070773961048368993 -0.021747141555834647 0.0024010304989743095 -0.046016136198318694 0.15009099350652519 0.082826165328513182 0.041415825778327586 0.086725191892864623 -0.026933118396568052 0.13811852272414346 0.00026951182645836339 -0.034235381428233944 0.014082332650404639 0.12653553274335697 0.01574981764312414 0.063111756608595249 -0.024380595584960679 -0.0013444862430059901 -0.011209746401369878 -0.00901162664485506 -0.0034870028826734867 0.17807438309158638 0.0049130104836151399 -0.012260442547527284 0.072244719314289149 0.070404125494924127 -0.028047634402614225 -0.0052439068500023398 0.00064074864321153862 0.072785430105298227 -0.0025579487144914794 0.17522284291376872 0.077669090976537333 0.098484089527199239 0.1038047253209234 -0.019028355714121512 -0.02656323325097228 0.039105000707945529 0.18696371438820125 -0.030392215040893358 0.018021357798788943 0.14716517733453119 -0.022070839257658417 0.15648098294651655 0.046001507060431032 0.011861545140963083 -0.010825118136386938 0.047241627298490269 0.034727998339988318 0.0067829524501648898 0.1595443223621037 0.10334604017070684
leaf_weight=3.9980667605996123 4.9309676811099044 41.06700899079442 9.7344002500176412 15.802015382796524 37.349279947578907 115.78534661978483 21.420658357441425 20.894365847110748 2.9322156459093085 3.1851054653525379 49.186692465096712 101.9134326018393 28.065257895737886 1375.5665310099721 2.6661404818296432 238.26539476215839 57.061180718243122 86.868781462311745 2.7552036717534056 47.320092640817165 16.940508265048265 4.425368830561637 6.8771605752408496 62.463918894529343 85.108978316187859 31.333750303834677 49.669339951127768 215.43516527116299 2.6359097287058821 4.6725815236568442 6.1464188061654568 13.506289705634115 2.3621709123253813 13.624278452247379 19.164053365588188 6.9793141707777968 33.739280171692371 6.3313097432255727 37.399680219590664 11.097271040081976 2.0502492189407349 4.8581876382231703 11.365837946534155 55.477543860673904 6.2168580815196028 81.226038940250874 2.7839557453989974 3.2453159615397444 10.120796315371988 7.5794966742396346 26.220430433750153 40.575240343809128 709.85247446969151 5.0972659960389128 9.2852747514843994 31.738375134766102 3.804309867322444 5.1888877227902439 9.2205806747078878 2.8739400729537001 15.057442165911199 5.3542220406234247
leaf_count=31 62 643 100 196 455 1351 251 279 28 37 774 1530 385 24743 37 2008 586 921 28 400 201 60 77 525 1131 426 707 3124 32 60 97 141 32 204 271 87 476 89 433 128 25 57 123 623 69 1106 31 40 114 96 299 285 11376 50 101 367 52 46 79 25 128 82
internal_value=-0.000303622 -0.0276481 0.0547191 -0.00776782 0.0390956 0.0312491 0.0906067 0.023765 0.0890443 0.0702073 -0.0135957 4.20839e-05 0.0298632 -0.0444458 0.0399432 0.0826897 0.0750088 0.0665531 0.114336 0.106361 0.0495544 0.0667678 0.114753 0.120679 0.0114577 0.0350242 0.000853244 -0.00357872 0.0778757 0.0895972 -0.00316738 0.133542 0.154413 0.00391798 0.0376593 0.00185803 -0.0105757 0.0506939 0.0461653 0.0183872 0.0513624 0.128178 0.0486834 0.0618896 0.0766108 -0.00877078 0.103492 0.113594 0.156632 0.0331567 0.0372247 0.137803 -0.0201686 0.0730317 0.0931084 0.0306948 0.0825044 0.0837036 0.0974919 0.119838 0.134576 0.0501386
internal_weight=3945.87 2636.3 1309.57 1208.17 901.519 783.825 117.693 648.224 408.051 83.1915 1124.98 365.939 546.103 1428.13 351.926 363.478 295.327 135.602 68.1513 96.2725 64.1379 47.1974 86.5381 65.3961 194.177 59.399 134.778 350.137 42.7721 37.8411 52.5676 19.0536 15.8685 248.223 32.7883 49.716 42.7367 8.99745 302.21 48.497 253.713 6.90844 246.804 131.019 87.9148 102.12 33.1685 30.5326 13.3661 44.9288 32.4373 44.5733 759.039 17.1665 14.3825 43.1042 90.6731 39.218 32.3409 23.1203 20.2463 11.5006
internal_count=58320 44001 14319 18436 10828 9722 1106 8198 3491 961 17475 5325 6813 25565 4164 3175 2594 1524 581 855 751 550 755 553 2649 811 1838 5129 490 428 822 210 173 3599 475 689 602 126 3475 561 2914 82 2832 1481 991 1385 368 336 154 551 368 316 12150 182 151 490 973 355 278 199 174 179
is_linear=0
shrinkage=0.05


Tree=6
num_leaves=63
num_cat=0
split_feature=70 69 95 130 130 130 131 71 130 131 132 38 129 176 163 132 148 156 179 25 120 85 70 128 130 118 136 8 76 38 130 20 24 70 131 131 61 59 107 38 95 158 47 83 130 175 22 91 136 123 61 57 117 148 3 116 70 57 69 174 55 83
split_gain=2181.96 321.625 249.82 148.428 120.87 94.9763 65.4513 50.3384 36.3001 29.9822 29.8788 34.0421 24.1973 23.8395 23.738 23.1884 21.3771 20.5178 20.0271 19.9233 20.3297 19.5839 19.0087 20.5738 24.8547 18.4786 18.2778 17.9105 25.8011 21.9677 20.1776 16.7668 16.4899 15.6869 15.3612 15.2045 17.3462 17.157 15.178 15.1165 15.0737 16.452 15.0266 15.0106 14.9824 14.7327 14.654 14.5379 14.502 14.3717 15.3156 14.8823 14.6743 14.5586 17.1175 18.0376 16.951 14.5558 14.3665 17.1585 16.2084 14.2631
threshold=3.465891472868218 2.5000000000000004 1.0000000180025095e-35 -1.1776040564033419 -0.95725016686917075 -1.4491376746189426 -0.15528996845068924 -1.7627624991135267 -1.1776040564033419 0.1368198730104053 1.4644659488710106 5.5000000000000009 -0.50041771123531664 3.7314272752471571 -0.4867219192820027 0.11910332178483424 -0.86063347713876137 -1.0235460126487876 -0.57079612968924121 35.935416666666676 0.59877138750238512 0.93625000000000014 1.4508064516129033 1.216300920935421 -0.44946657497549442 -0.76474743064039552 1.6723325735271393 15.500000000000002 0.72428571428571431 9.5000000000000018 0.20724791468162193 0.23611111111111113 105.55000000000001 31.527863777089788 -0.66612141597721453 -0.22423978457638691 0.16012820512820516 66.500000000000014 -1.1160719017284437 9.5000000000000018 -0.58470712594513086 -0.062617139294519217 1.0000000180025095e-35 0.28062500000000007 -0.6833989493133269 -0.53839405166617482 6.1339285714285721 -1.2564932527870585 1.6001572195822591 -0.3784484231908819 0.068220601923673616 0.08323125087227376 0.66483558667808351 0.61129726169534238 463.00000000000006 -0.31725724024722668 1.955533596837945 0.070925918759725301 4.5000000000000009 2.2162116166656944 1.0750000000000002 0.32495285983658084
decision_type=2 2 2 2 2 2 2 2 2 2 2 2 2 2 2 2 2 2 2 2 2 2 2 2 2 2 2 2 2 2 2 2 2 2 2 2 2 2 2 2 2 2 2 2 2 2 2 2 2 2 2 2 2 2 2 2 2 2 2 2 2 2
left_child=1 5 3 15 10 12 7 -7 32 18 11 16 -1 17 35 19 -3 -9 -6 25 -21 -19 23 24 -8 -2 38 29 -29 30 49 -14 -4 42 -33 36 -5 -38 -13 48 -24 -42 -34 -11 -16 -25 -45 -18 -26 -23 51 -51 53 54 55 -52 57 -57 59 -20 -60 -37
right_child=2 4 8 14 9 6 22 13 -10 43 -12 26 31 -15 44 -17 47 21 58 20 -22 27 40 45 39 -27 -28 28 -30 -31 -32 34 33 -35 -36 61 37 -39 -40 -41 41 -43 -44 46 -46 -47 -48 -49 -50 50 52 -53 -54 -55 -56 56 -58 -59 60 -61 -62 -63
leaf_value=-0.010466625354428246 0.08160701526415709 0.13093113948377924 -0.01842214685615946 -0.00084316420721339833 0.00062133864834376575 0.089663009454016881 0.061259918547520498 0.015083315398130981 -0.045579285387194135 -0.02346375140797044 0.010033978451884987 0.011761891893374461 0.13618049127223009 0.0050816357911700055 0.0073918345181683172 0.014770344866337139 0.10204144785078957 0.046852837895208471 0.032520855626329746 0.12217746794345141 0.027510214526184535 -0.018877064055106613 -0.011611224428654428 -0.016253642837593701 -0.0075411333189351034 -0.012163139161437457 -8.6998630779297741e-05 0.02797716250557248 0.13660704109524124 0.14074654691688809 0.032754365621803623 0.15821203248282545 0.14231484918249887 -0.014270833499470595 0.054276068331911453 -0.031304989622971867 0.089912351782044403 -0.030121740007039356 0.14277096341215498 0.10057445173258416 -0.010632618177181493 0.15408234054499351 -0.0063152883668663069 0.044938778780916094 -0.023630439091392511 0.095154147744559756 -0.039063492377319847 0 0.07353580371262719 0.14123378250586469 -0.017480179883717029 0.0031495813465760611 -0.027867405408787446 0.10681617984486494 0.050542997963534647 0.14642068343645021 0.0075357291438244659 0.072944715620335013 -0.0011236849237684775 -0.037536333903188335 0.053255556367716686 0.025613291679701063
leaf_weight=3.4088960215449324 8.8011657074093836 4.8462192416191128 40.397644594311714 181.37710517272353 132.59739979729056 188.95788814872503 36.854421637952328 24.172479815781116 1320.7150760404766 76.602449037134647 13.519188884645699 2.664537206292148 60.05549842864275 20.515481568872929 40.733739245682955 24.956437889486551 3.3936451971530976 130.48353656381369 237.53150441497564 23.193709619343284 8.5143194384872896 3.2093050181865683 33.786607481539249 3.0210948139429119 48.488627538084984 10.680574003607033 2.6873340979218474 43.711762800812721 5.4706307202577582 13.408812820911406 29.257008515298367 4.2568907290697124 4.0837526544928533 5.551710557192564 19.366962820291519 68.476822104305029 9.4023330062627775 3.5194439589977256 31.509258791804317 3.1537281125783911 2.6256957799196243 2.1056214049458495 2.338461697101593 17.179726738482717 640.77817011252046 21.72090382874012 6.3323843814432612 17.381097517907616 5.2047288864850989 16.872094422578815 3.0826780647039405 2.3259278163313857 2.8539140522480002 35.155011221766472 70.109836086630821 17.602425299584866 4.5345971733331671 17.393427550792694 85.84877148270607 8.2039435431361181 15.261019483208655 12.198530100286005
leaf_count=29 94 45 643 2627 1813 1463 355 248 24743 1160 160 27 400 185 639 331 31 1370 2964 213 86 30 432 32 585 120 25 424 53 128 299 29 58 86 165 1066 133 49 269 33 34 25 35 253 10544 221 95 168 61 155 29 21 28 315 628 155 49 156 1208 102 210 186
internal_value=-0.000314434 0.0463768 -0.0299936 -0.0113916 0.0198546 0.0662381 0.0605881 0.067813 -0.0439612 0.012002 0.0787364 0.0931305 0.115913 0.0582396 -0.0167611 0.0553342 0.0459398 0.0608082 0.0171991 0.0743525 0.0985283 0.0635454 0.0313524 0.0412029 0.0298283 0.0318709 0.123719 0.0715391 0.0426413 0.0778749 0.0730135 0.121183 -0.0029739 0.0461627 0.0788724 -0.00431751 0.00325343 0.0570448 0.133323 0.0086578 0.000659338 0.0758937 0.0939625 -0.0127608 -0.0217608 0.0812536 0.0214403 0.0207814 0.0014274 0.0795607 0.0815486 0.125736 0.0750961 0.0772906 0.0671802 0.0926516 0.101583 0.113082 0.0235023 0.0300191 0.00747626 -0.0224292
internal_weight=3934.44 1528.72 2405.72 1032.63 655.558 873.166 786.078 629.117 1373.09 579.557 76.0013 62.4821 87.0882 440.159 956.486 76.1462 25.621 419.643 479.443 51.1898 31.708 395.471 156.961 118.444 93.7015 19.4817 36.8611 264.987 49.1824 215.805 202.396 83.6794 52.3716 11.9739 23.6239 274.974 194.299 12.9218 34.1738 56.8471 38.5179 4.73132 6.42221 100.115 681.512 24.742 23.5121 20.7747 53.6934 173.139 169.93 19.198 150.732 147.878 112.723 42.6131 39.5305 34.9959 346.845 245.735 101.11 80.6754
internal_count=58320 16667 41653 16088 8530 8137 7514 5736 25565 7805 725 565 623 4273 15244 844 244 4088 6297 513 299 3840 1778 1287 1034 214 321 2470 477 1993 1865 594 822 179 194 4061 2809 182 296 679 491 59 93 1508 11183 253 348 199 646 1566 1536 176 1360 1332 1017 389 360 311 4484 3066 1418 1252
is_linear=0
shrinkage=0.05


Tree=7
num_leaves=63
num_cat=0
split_feature=70 69 95 130 130 130 131 71 23 130 131 69 16 75 129 38 130 30 27 38 1 66 137 28 30 70 156 151 27 30 105 117 117 111 93 170 95 173 166 167 40 25 130 154 130 108 181 8 71 25 172 174 151 56 157 179 166 11 122 95 71 158
split_gain=1961.02 350.049 173.061 131.869 97.2668 78.1909 56.8863 43.1048 37.7276 35.6892 25.3969 24.4484 23.3078 21.3399 21.3107 21.2045 31.6298 31.9891 20.4884 19.0402 18.4058 17.9616 17.3389 17.2239 16.988 16.8264 18.0256 16.5871 16.3778 16.2475 17.467 16.228 16.071 18.6689 15.9865 15.5425 15.2259 16.9768 15.037 14.9897 14.5975 14.1938 15.3758 14.1043 14.053 14.1071 14.008 13.8209 19.6734 15.6559 16.6235 15.1641 19.6327 18.6126 18.0604 14.6783 15.9214 16.5948 15.262 15.0643 14.9957 14.4869
threshold=4.252659574468086 2.5000000000000004 1.0000000180025095e-35 -0.87154812382411817 -1.1547005383792504 -1.4137330276378894 0.051376319604996674 -1.799369580914014 0.46638014763014773 -1.1776040564033419 -0.25846534915319597 4.5000000000000009 1.0000000180025095e-35 0.38750000000000007 -0.50041771123531664 9.5000000000000018 0.059241477594276802 228.50000000000003 69.550000000000011 4.5000000000000009 12.500000000000002 24.500000000000004 0.45080808281909823 39.850000000000001 334.50000000000006 1.955533596837945 -1.3669949699635542 1.2318927276363036 83.15000000000002 119.50000000000001 -0.88949917999332129 -0.050385638092585124 0.059821711118966815 -0.26014104167215274 -0.20698759945622297 -0.53127426354636975 -0.96593497410564277 0.17939081044188368 0.31840428184784325 1.0729957288994809 1.5000000000000002 36.705000000000005 -0.6833989493133269 -0.8050113911386434 -1.7541160386140588 -0.3332283388876181 -0.25409944487358049 9.5000000000000018 -1.1528450434497708 35.975961538461554 0.87018330575390401 -0.49727995689828225 -0.21820198861889725 6.8818378531107909 -1.0445968676390922 0.97003557617970226 -1.1463132133885088 4.5000000000000009 0.72236925064011503 -0.75477726265637479 -0.97627374525197319 -0.51551171090605252
decision_type=2 2 2 2 2 2 2 2 2 2 2 2 2 2 2 2 2 2 2 2 2 2 2 2 2 2 2 2 2 2 2 2 2 2 2 2 2 2 2 2 2 2 2 2 2 2 2 2 2 2 2 2 2 2 2 2 2 2 2 2 2 2
left_child=1 5 4 10 12 14 7 28 11 -4 29 18 19 20 -1 16 25 21 -5 -2 40 35 47 -16 31 26 -9 36 -7 30 -3 34 33 -21 -8 -18 -27 -38 -19 -31 43 -6 -43 -12 -45 -46 -32 49 51 -20 -51 52 -49 -53 -54 58 -57 59 -50 60 -58 -56
right_child=2 3 9 8 41 6 24 15 -10 -11 13 -13 -14 -15 23 -17 17 38 22 32 -22 -23 -24 -25 -26 27 -28 -29 -30 39 46 -33 -34 -35 -36 -37 37 -39 -40 -41 -42 42 -44 44 45 -47 -48 48 55 50 -52 53 54 -55 61 56 57 -59 -60 -61 -62 -63
leaf_value=-0.012715828038524203 0.0056551478198768896 0.0004643408673279093 -0.0027835532812025962 -0.02443102033224584 -0.014936018719306969 0.037356961647952741 0.002471475045141884 -0.017454043054939847 -0.015651880820222872 -0.04513904486518043 -0.016413498773792057 -0.00060246153362314338 -0.0011893480371203914 -0.010082097847966161 0.1100291184971082 0.090447083073773665 -0.019560184787458589 0.032982825076019309 0.13611174541381163 0.046157264352187977 -0.0070689847414279507 -0.0073481609691093399 -0.015031209535638046 -0.0069085423765514733 0.087658348150816634 -0.018488199381166841 0.061407975560337946 0.11688645129425755 0.086380813147407975 -0.02263059588046485 0.15233374947259037 -0.0067590456202680548 0.036324690064536327 0.1509481130429452 0.051457242251587203 0.10322393191971585 0.015922974125633645 0.095564756833734207 0.11842846051196594 0.10975485794766014 -0.026311844794613383 0.010621016784032974 -0.033888802387575828 0.1250558345631578 0.10317371962311934 0.016791517230006561 0.074283845140817886 -0.0095589702924094785 0.0037768087388001313 0.017766017138016645 0.12774451574377552 0.10372438271844907 -0.011694809841156732 0.021178266918954036 0.028295492248796607 0.15281906158528455 0.014663471510296051 -0.034084728794946693 0.056081703155768228 0.0068435537687154451 0.11652506169237337 0.15166990269059613
leaf_weight=3.6277770698070517 11.211444858461617 3.3360112681984893 52.166804987937212 22.663496430963278 548.76232086867094 21.821993298828602 28.074858710169792 6.9040659368038169 139.79913038015366 1268.2579430676997 2.9875963628292075 207.03538557887077 19.802438490092754 13.15626275539398 93.634140253067017 35.242006085813046 3.4070062562823296 13.008403748273851 4.7629154399037388 8.6547912433743459 8.1374624744057638 55.585842274129391 25.94472736120224 3.0558660849928847 8.4075910970568639 16.710846148431301 335.34030628204346 3.9240124300122252 166.38946549594402 5.2287194058299056 18.164728417992592 43.161989960819483 14.032894998788832 11.238210730254652 41.154492326080799 6.5140595212578756 24.783993147313595 8.5714506134390813 9.2865185886621457 2.3020062148571014 2.863489292562007 20.737004436552525 209.22484574839473 16.169674061238759 8.0367577448487246 11.2654851935804 13.709482319653036 4.6822387352585819 156.28534070029855 18.985403545200828 3.3757384754717341 6.8578636050224295 2.6738307252526328 63.847861710935831 3.7991534173488661 2.1298990175127974 6.1837337501347056 6.7932242490351191 14.372477702796457 12.808004911988975 9.5112216994166356 10.600741807371369
leaf_count=31 128 32 822 310 8997 176 321 68 2035 24743 30 3044 264 138 619 335 36 134 62 82 82 594 359 24 93 183 2972 42 1202 54 154 516 140 106 449 66 270 92 92 22 37 323 3492 143 79 123 124 54 2017 243 41 79 31 767 46 27 77 90 194 165 123 126
internal_value=-0.00031712 0.038911 -0.032173 0.015248 -0.0144511 0.0599779 0.0547882 0.0602098 0.00758321 -0.0434728 0.0672413 0.0131776 0.0438787 0.0456021 0.101815 0.0525416 0.0495906 0.0220027 0.0207545 0.0633564 0.0604192 0.0039639 0.0237253 0.106249 0.0227602 0.0556205 0.0597563 0.0287025 0.0809507 0.0970618 0.111132 0.0171311 0.0815738 0.109988 0.0319811 0.0626705 0.0195395 0.0387202 0.0723442 0.0253732 0.0736804 -0.0193718 -0.0298248 0.0817301 0.0903566 0.0563146 0.122196 0.0268456 0.0235782 0.0607465 0.0393404 0.0427064 0.0787924 0.0305892 0.102487 0.0148911 0.0428702 0.0320702 0.008512 0.0486275 0.0799738 0.123396
internal_weight=3921.17 1757.08 2164.09 828.47 843.664 928.607 828.289 707.49 723.112 1320.42 105.358 583.313 64.9398 62.6167 100.318 519.279 484.037 87.8018 376.278 45.1373 49.4605 65.5069 353.614 96.69 120.799 396.235 342.244 53.9903 188.211 42.7409 35.2102 112.391 33.9259 19.893 69.2294 9.92107 50.0663 33.3554 22.2949 7.53073 41.323 778.724 229.962 38.4595 35.4719 19.3022 31.8742 327.67 300.546 27.1241 22.3611 92.4617 21.756 70.7057 17.0737 208.084 37.4261 35.2962 170.658 28.503 15.695 14.3999
internal_count=58320 19223 39097 10908 13532 8315 7641 6262 9890 25565 1018 7855 720 632 674 4884 4549 922 4811 456 494 696 4501 643 1379 3627 3040 587 1378 386 310 1286 328 188 770 102 545 362 226 76 412 12812 3815 375 345 202 278 4142 3796 346 284 1103 257 846 203 2693 482 455 2211 365 200 172
is_linear=0
shrinkage=0.05


Tree=8
num_leaves=63
num_cat=0
split_feature=70 69 95 130 130 130 126 130 23 38 130 85 57 69 85 158 15 30 23 130 25 20 43 15 91 172 137 129 132 175 38 132 117 26 176 171 137 130 122 137 70 8 25 179 38 85 166 70 95 179 126 30 130 38 179 1 70 116 112 126 119 154
split_gain=1770.14 291.458 169.63 112.35 87.7801 62.8157 47.3136 35.0264 34.0823 27.1451 34.0381 25.5119 22.7773 21.6839 21.0038 25.7111 20.8315 19.7625 21.8088 19.0171 19.5837 17.9564 17.8138 22.5531 17.5869 18.0255 17.562 17.4302 17.1336 20.7918 17.0226 16.6148 16.0784 15.8371 18.3265 15.2401 15.1505 14.9882 14.9698 17.2175 14.5581 14.9071 14.4559 14.2839 19.6466 18.9654 19.6376 17.8921 14.9595 14.5099 14.2477 14.1693 14.9425 14.0931 13.7515 14.0437 13.6906 13.5062 13.7548 13.4336 13.4627 13.3049
threshold=4.252659574468086 2.5000000000000004 1.0000000180025095e-35 -0.87154812382411817 -0.99369917817337472 -1.4137330276378894 1.0000000180025095e-35 -1.1776040564033419 0.46638014763014773 9.5000000000000018 0.15664178210874694 0.99575000000000014 0.084203783730140841 4.5000000000000009 0.99975000000000014 0.77486609140926732 0.2857524420024421 121.50000000000001 0.36013822195544892 -0.55229810196451767 37.081666666666671 0.10555555555555557 2.9444444444444451 0.33065083065083073 -0.95795720005652873 -0.33448696865514987 0.36934736852947936 -0.42238350504479616 1.6202941385660472 -0.39030062836054141 5.5000000000000009 1.5224505795307202 1.6550509588683908 36.150000000000013 -0.31977054229487112 0.59072548999451646 0.35307323571291577 -0.64549722436790213 -0.77328349800348561 1.0000000180025095e-35 1.8762755102040816 7.5000000000000009 36.705000000000005 0.47869377028245236 9.5000000000000018 0.37225000000000003 -0.071593539023407787 2.8060035842293911 -0.77492254084698498 -1.2167673728914394 1.310347002680196 1.5000000000000002 0.26046462881108162 8.5000000000000018 1.0308935349218491 9.5000000000000018 26.94929396662388 -1.2794049584845912 2.2385915067670772 -0.70689431829796479 -0.60911944476605573 -1.1911693101976815
decision_type=2 2 2 2 2 2 2 2 2 2 2 2 2 2 2 2 2 2 2 2 2 2 2 2 2 2 2 2 2 2 2 2 2 2 2 2 2 2 2 2 2 2 2 2 2 2 2 2 2 2 2 2 2 2 2 2 2 2 2 2 2 2
left_child=1 5 4 12 21 27 9 33 13 10 14 -11 28 26 15 19 38 18 51 22 61 53 -7 -24 -25 -26 43 -1 29 -3 -31 -29 -18 -4 -35 -13 -19 -20 39 -12 41 -16 -6 44 -5 -45 47 54 -48 -46 -33 52 -8 59 55 -47 -9 -40 -59 -2 -61 -21
right_child=2 3 7 8 42 6 17 56 -10 11 16 35 -14 -15 40 -17 32 36 37 20 -22 -23 23 24 25 -27 -28 31 -30 30 -32 50 -34 34 -36 -37 -38 -39 57 -41 -42 -43 -44 45 49 46 48 -49 -50 -51 -52 -53 -54 -55 -56 -57 -58 58 -60 60 -62 -63
leaf_value=-0.0030485474112667233 0.0016069582652585568 0.0011629132963499338 -0.023002461784254653 0.0083060812493276712 -0.014603039357819808 0.16473615373581155 0.073305698580898568 -0.037831941992232485 -0.015078021703108419 0.039779741494525706 0.15408852451997476 0.079148223326625161 0.11082665384537574 -0.00057278344848092925 0.12891298112591398 0.016978099734915267 -0.0090666233872013814 0.028220863612868942 0.030946400076775484 0.12470426063550566 -0.0046464338991060268 0.00095342899279463413 -0.0039906737697705226 -0.013301474117332663 0.1800153124627335 0.05042093346756138 -0.010831847625441295 0.10528076356708616 -0.0036140570685543848 0.034599331512766819 0.089724363684507757 0.069045777991914012 0.096870067884759326 0.092570696447110745 -0.0055610113067747144 0.16215051596277663 0.11673399925614991 -0.029134826458348195 0.10955113296098212 0.014248830282401675 0.013803997071452799 0.066437911225017729 -0.02992654371805932 0.021207098819758515 -0.034382441949993722 0.097972278393304524 0.048796101181245652 -0.005315887072074814 -0.027194986144291656 0.099934553231493722 -0.033027806065887573 0.01171781186656768 0.0067232560187413847 -0.040174675823001403 0.15804326601620911 -0.0020330783602665694 -0.049059424135640031 0.037872285986527345 -0.025031607314024946 0.014270252458986036 0.086341541011830766 0.049956601996801235
leaf_weight=4.5424119755625716 8.4865018129348737 13.430910687893627 33.574115600436926 161.49517168477178 537.08578822389245 6.3416677415370968 27.348326899111271 477.74007233977318 137.94993328675628 16.566781580448151 5.1598302200436574 16.051294185221199 18.969450604170561 206.92915008589625 10.387651711702345 58.285216845571995 41.083882674574852 12.00323621928692 14.093408487737177 5.8689193800091735 15.547449544072149 24.266186282038689 7.462898068130019 2.5610738396644637 6.0933641120791462 6.2830619290470979 41.732292506843805 82.738432012498379 12.673091270029543 24.521790888160467 40.572026193141937 15.572909504175188 2.9148991480469695 6.8299894332885769 11.637748103588818 13.22306030243635 8.5253638029098493 32.255582977086306 4.3543488308787337 3.9031417295336723 13.225283697247503 280.26876789331436 219.23071351274848 111.14071211591363 1.9195356816053379 10.723720207810407 21.079861760139469 4.257075171917676 8.3181699067354185 9.0024389773607236 3.5880130380392066 43.842823572456837 12.545291740447281 3.0598375350236884 7.6664409488439551 4.8157943710684767 740.36532759666443 38.407544501125813 10.289987839758394 8.8565056510269589 31.694209814071659 145.46876560896635
leaf_count=37 92 129 539 2074 8924 48 272 9571 2035 156 49 131 155 3044 77 550 414 126 124 53 156 330 64 21 47 49 578 487 150 238 346 116 29 99 184 103 87 406 35 36 132 2033 3741 1359 24 120 245 55 101 111 34 484 138 41 88 56 15172 364 101 93 311 1356
internal_value=-0.000316668 0.036008 -0.0314841 0.0143774 -0.0139126 0.0546995 0.050091 -0.0429796 0.00720098 0.0555046 0.0527595 0.09318 0.0612012 0.0124434 0.0577172 0.0466268 0.0263563 0.0243494 0.0168044 0.0553037 0.0482281 0.036836 0.0932158 0.0665798 0.100189 0.123287 0.0194877 0.0910903 0.0497347 0.0583446 0.0698713 0.0953242 0 -0.00265339 0.0333654 0.120923 0.0689267 -0.0104925 0.0447667 0.101762 0.0667842 0.0691222 -0.0190851 0.02324 0.0129682 0.0336132 0.0569901 0.0869023 0.0269427 0.0750051 0.0489937 0.0319181 0.0531663 0.0531228 0.103547 0.0684286 -0.0446948 0.0332351 0.0242436 0.0597309 0.0714434 0.0536877
internal_weight=3906.83 1804 2102.83 837.198 832.68 966.805 860.363 1270.15 727.03 709.749 663.908 45.8411 110.167 589.08 557.794 253.912 106.114 150.614 130.085 195.627 166.885 76.3632 28.7421 22.4004 14.9375 12.3764 382.151 106.442 91.1978 78.5247 65.0938 101.899 43.9988 52.0419 18.4677 29.2744 20.5286 46.349 62.1149 9.06297 303.882 290.656 756.317 340.419 172.417 168.002 56.8611 27.463 29.398 10.922 19.1609 83.7364 39.8936 52.0971 23.206 15.5395 1218.11 53.0519 48.6975 49.0372 40.5507 151.338
internal_count=58320 19223 39097 10908 13532 8315 7641 25565 9890 6004 5614 390 1018 7855 4586 2344 1028 1637 1424 1794 1565 867 229 181 117 96 4811 674 863 713 584 637 443 822 283 234 213 530 585 85 2242 2110 12665 4233 2209 2024 665 319 346 135 150 894 410 537 264 176 24743 500 465 496 404 1409
is_linear=0
shrinkage=0.05


Tree=9
num_leaves=63
num_cat=0
split_feature=69 95 69 130 130 130 131 162 130 23 30 131 85 132 132 32 131 181 139 137 129 126 168 137 130 80 63 58 128 65 84 130 181 128 24 96 138 175 26 162 90 67 26 168 153 68 103 130 67 161 131 162 24 139 30 57 65 63 170 96 64 174
split_gain=1538.56 231.307 181.7 117.707 65.9624 56.3859 48.74 40.0712 34.3678 30.4448 22.8809 22.2571 21.423 27.0967 20.9661 19.2154 18.4547 18.4359 17.1841 19.9382 19.256 16.9075 18.8112 18.6478 17.7537 17.2372 16.0596 19.2096 15.417 15.3176 15.3099 15.1722 15.0613 14.735 14.5578 14.498 14.364 14.2803 14.275 15.2565 14.5257 14.252 18.1681 14.6531 14.0994 16.7168 14.0649 14.0518 13.35 13.3305 13.1469 19.5461 13.0285 12.9064 12.8472 12.7749 12.7615 12.7288 15.5886 15.023 14.9949 17.8826
threshold=4.5000000000000009 1.0000000180025095e-35 2.5000000000000004 -1.1776040564033419 -0.87154812382411817 -0.77459666924148296 0.051376319604996674 -0.46125998742714941 -1.1776040564033419 0.46638014763014773 94.500000000000014 0.30671917946594868 0.95725000000000005 0.54147921944897948 1.4551718141280201 1.0000000180025095e-35 0.1368198730104053 -0.52284864661676844 -0.43381309778619792 -0.23562151278055596 -1.0000000180025095e-35 -0.092504002385577724 -0.60388401886526188 -1.1538798552789811 0.27735009811261407 -0.11999999999999998 6.5994828588418448 8.1450968013468046 1.4404502179716301 6.7436769579626725 0.12825000000000003 -0.39328822299055621 -0.49314108563992209 -0.59755987217702222 105.55000000000001 -0.38616513480362907 1.4422645286099247 -0.1061024277560812 38.250000000000007 -0.69030103039142165 1.1919261131419658 0.054741010273972608 36.150000000000013 2.2647769214744975 0.068083097402693596 0.33161512027491413 -0.053710317301690028 -0.44946657497549442 0.052478580171358639 -1.5074658422350438 0.075867738361930739 -0.63919521954168046 70.050000000000011 0.53843405860015059 59.500000000000007 0.082754373166247383 7.7246950782034736 6.7727943148297136 -0.60100034629987931 -1.0004084133313014 0.069626374164483515 -0.33844035045270321
decision_type=2 2 2 2 2 2 2 2 2 2 2 2 2 2 2 2 2 2 2 2 2 2 2 2 2 2 2 2 2 2 2 2 2 2 2 2 2 2 2 2 2 2 2 2 2 2 2 2 2 2 2 2 2 2 2 2 2 2 2 2 2 2
left_child=2 3 5 10 14 18 7 12 34 21 11 15 -7 17 33 -2 26 38 20 -20 -1 23 25 24 47 50 27 44 -8 -29 -30 -18 36 -4 -3 -10 -16 -35 39 40 -14 -19 43 57 45 -5 -15 -6 -36 -45 -23 -52 -25 -50 -21 -39 -13 -43 60 -60 -59 -62
right_child=1 8 4 16 9 6 28 -9 35 -11 -12 56 13 46 32 -17 31 41 19 54 -22 22 -24 52 -26 -27 -28 29 30 -31 -32 -33 -34 37 48 -37 -38 55 -40 -41 -42 42 -44 49 -46 -47 -48 -49 53 -51 51 -53 -54 -55 -56 -57 -58 58 59 -61 61 -63
leaf_value=0.0023683365995284286 0.043900123437245267 -0.017514387215347527 0.1015015152047619 0.0075017646087139796 0.011305844926711009 0.034156707665558159 -0.00039849701006930199 -0.041219431748916228 -0.033555505673142104 -0.0155550923086662 -0.008447309435733517 0.0055902733022722573 0.10476398108323831 0.038201998651087088 0.12543474846570005 0.12490479271306612 -0.0080120539108084962 0.028461744345142023 0.034226340350462008 0.084536497416065295 0.1232302303187693 0.0048585354576966026 -0.013671425759395403 -0.02947369644069785 -0.03269491859127524 -0.035533578916812573 -0.014525812337895622 -0.026984773827920694 0 0.15765241887902387 0.086592152550711537 -0.037779323612361478 -0.030444340582362235 7.187928479751365e-05 -0.014184268342249062 -0.047298389578928166 -0.022002215431689547 0.046100966173721454 -0.0036984944913684178 0.047412565181544845 0.024710673667953695 0.076492291075755961 0.021700329531814454 0.059155848438596351 -0.013858928319210484 0.082032831005514492 -0.01238421500027417 0.17771223892570451 0.13205016225050856 0.1762690990377056 0.15066541815483162 -0.0014544933378943885 0.019247665550701142 0 0.040493866374071902 0.11079432448453996 0.07239482712129279 -0.00035585565218243032 0.13040034521019037 0.055474576900938127 0.064575489564908869 -0.037860528028534568
leaf_weight=3.8781621679663685 15.217832595109938 39.451449774205685 19.674527864903212 43.943080108612776 2.0218554586172099 193.53110782802105 78.618733458220959 11.801441885530947 263.17793130129576 104.64614481851459 13.879447907209395 20.733376637101177 56.808967404067516 42.233964681625366 2.8493945673108128 17.527920618653297 64.07900495827198 55.479867968708277 41.066129546612501 95.69940072670579 26.888718519359827 5.7226371988654163 85.627912878990173 13.340811833739279 1.704812705516815 4.8654727898538104 570.83176661655307 1.2072389163076871 9.0973869040608424 2.5435663945972919 10.465979311615227 135.07976007461548 11.305000033229588 11.880237478762863 5.4979753196239454 906.27210526168346 2.3590156435966492 38.74709927290678 4.8237011805176726 26.160536132752895 7.2750021293759337 74.967144154012203 34.601634509861469 7.3588941320776939 65.876630734652281 8.1976704187691194 19.368980892002583 3.7254181057214732 4.0839273408055305 4.7637708783149701 5.5820476561784744 2.9861841946840268 348.07846377789974 2.8418564423918724 24.073293924331665 10.074081197381018 10.22037599980831 25.538043230772018 6.878329060971736 131.5138127207756 28.237252734601498 4.2462668865919104
leaf_count=31 143 643 154 703 26 1896 974 202 5417 1559 152 223 400 388 29 154 1063 447 312 593 177 77 1234 178 22 71 9356 20 113 41 98 2349 131 110 81 19310 31 325 45 206 54 552 296 51 1062 129 187 46 54 40 79 46 4379 44 160 72 103 205 50 984 210 33
internal_value=-0.000311587 -0.0280083 0.0353598 -0.00974973 0.0151766 0.0486174 0.0428821 0.0472965 -0.0424758 0.0087247 0.0489227 0.0614376 0.0488016 0.0540628 0.0531526 0.0898244 -0.0149086 0.0581745 0.0731962 0.0657426 0.108707 0.0141209 -0.00353736 0.0191466 0.0929351 0.0399443 -0.0110113 0.00540787 0.0096152 0.104001 0.0481625 -0.0283146 0.0013889 0.0635783 -0.00249941 -0.0442412 0.0650637 0.0497598 0.0784025 0.0828382 0.0962722 0.0528181 0.0569478 0.0611408 0.00138488 0.020637 0.0222732 0.130264 0.0425608 0.115484 0.0666117 0.102515 0.0173591 0.0843443 0.0761343 0.0615065 0.0293797 0.0582799 0.050951 0.0601432 0.0282937 0.0503049
internal_weight=3891.23 2190.66 1700.57 969.338 675.191 1025.38 833.771 735.589 1221.33 578.302 77.579 63.6995 723.787 530.256 96.8894 32.7458 891.759 468.653 191.606 160.839 30.7669 473.656 104.784 368.871 7.45209 19.1563 692.6 121.768 98.1821 3.75081 19.5634 199.159 16.5134 80.3759 51.8752 1169.45 5.20841 60.7014 95.0682 90.2445 64.084 373.585 318.105 283.504 118.017 52.1408 61.6029 5.74727 12.4238 12.1227 14.2909 8.56823 361.419 6.92578 119.773 48.8212 30.9538 271.381 196.414 138.392 58.0216 32.4835
internal_count=58320 41047 17273 15498 8569 8704 7431 6246 25549 7717 775 623 6044 4148 852 297 14723 3573 1273 1065 208 6158 1507 4651 94 273 11311 1955 1185 61 211 3412 191 661 822 24727 60 507 705 660 454 2868 2421 2125 1894 832 575 72 179 91 202 125 4557 98 753 397 326 2034 1482 1034 448 243
is_linear=0
shrinkage=0.05


Tree=10
num_leaves=63
num_cat=0
split_feature=163 70 95 130 131 130 130 130 138 70 163 170 112 116 168 148 8 8 32 168 61 153 126 164 130 130 30 82 166 136 148 94 130 66 124 118 117 65 163 179 124 110 9 154 158 130 95 84 56 27 70 178 79 121 70 171 148 135 92 131 62 154
split_gain=1474.63 247.43 153.073 94.4291 58.0806 50.4241 36.7535 35.4252 29.978 26.7221 23.2193 19.4681 19.2454 24.8309 20.0321 24.1577 19.2442 18.7321 17.1236 16.8795 16.5293 17.8054 21.5747 16.8814 16.4975 29.2903 25.0033 31.362 20.2179 18.1061 19.8898 16.6391 16.1116 15.2509 15.0391 14.9344 15.4176 17.3025 14.5003 14.8873 14.3835 14.1728 14.0293 16.6589 14.0204 13.6474 18.7037 13.506 14.4249 14.2704 13.5042 13.4153 13.322 13.2931 12.818 12.7746 12.6287 12.5944 12.2161 14.9147 11.8777 12.9078
threshold=-0.4867219192820027 1.3083916083916087 1.0000000180025095e-35 -0.84009746585355716 -0.22423978457638691 -0.66915269302346703 -1.1547005383792504 -1.4137330276378894 1.4422645286099247 2.7523584905660381 -1.978343345864843 -0.93520593650563433 -0.2773413625326005 -0.996705097007615 0.13008383032432222 0.57173027876429561 8.5000000000000018 14.500000000000002 1.0000000180025095e-35 -0.57194276722064696 0.15412895927601813 0.41361769662562375 -0.38451197948255306 -0.47568106731643356 1.0690449676496971 0.059241477594276802 124.50000000000001 0.03509852216748769 0.23212896122627039 0.057067854192090865 -0.1750014868945311 0.19555616677313239 -0.40967324519934972 324.50000000000006 -0.50398437972657739 -0.49879107890982272 -0.39696453661171793 7.6942297401748032 -1.4778271939407983 -1.0777893509250691 1.0237610135913238 -1.1672037923313341 6.5000000000000009 -0.70710678118654757 -0.28053663203110552 0.10138050357830024 -0.79529718174194419 0.40175000000000011 7.1576779830571295 99.050000000000011 25.464102564102571 -0.44185110340962414 0.38750000000000007 -0.95741597734203554 3.2875939849624065 -0.62793841729313049 -1.8808151655592635 0.28746806589776813 -0.79329648269294939 -0.58078940909933552 0.13436848017974645 1.1316642937143844
decision_type=2 2 2 2 2 2 2 2 2 2 2 2 2 2 2 2 2 2 2 2 2 2 2 2 2 2 2 2 2 2 2 2 2 2 2 2 2 2 2 2 2 2 2 2 2 2 2 2 2 2 2 2 2 2 2 2 2 2 2 2 2 2
left_child=1 7 5 8 9 -2 35 -1 11 38 17 -3 42 -14 15 44 18 -9 -12 32 40 22 -22 -24 25 33 27 -27 -28 30 31 34 -6 56 -29 -4 37 -37 -5 41 -11 -40 -13 -44 -15 46 -7 49 52 53 -8 -41 -49 -26 -42 -19 -18 -30 -23 -60 -48 -62
right_child=2 3 6 4 19 45 50 10 -10 20 16 12 13 14 -16 -17 24 55 -20 -21 21 58 23 -25 47 26 28 29 57 -31 -32 -33 -34 -35 -36 36 -38 -39 39 51 54 -43 43 -45 -46 -47 60 48 -50 -51 -52 -53 -54 -55 -56 -57 -58 -59 59 -61 61 -63
leaf_value=0.082193789464182418 0.01775127843313043 -0.0048244641704590164 -0.036077900940757086 0.072878763262823776 0.063116993766399454 -0.026362126215731776 -0.036910092777548816 0.11784198757922247 0.0096471320834130587 -0.00036694403020085529 0 0.028865019666742955 0.11722535349435365 0.082306646854732615 -0.016561427490788056 0.11147085631803598 -0.018179509068863325 -0.0020961590619855224 0.093494754205096273 -0.019167846395007068 -0.01721555087692838 0.10506051273753053 0.021127136439769281 0.23664508752610169 -0.0015791031039460912 -0.024120965444774996 0.01313700673570516 -0.01000707461744298 0.14935713845418006 0.075879632763735202 -0.037053003076322095 -0.02544337103742151 -0.0023384118813937755 -0.0047205724397756874 0.13121909095613202 0.17303170416362318 0.0033853541604490439 -0.0050869145112600635 0.05215509985395448 -0.011259917036098958 -0.03287783086966526 -0.028503746595640114 0 0.10479614396598361 0.0018325216196606886 -0.02924289672361903 -0.0092644800415834418 -0.033130306166542167 0.12561856963388079 -0.00017209889511652989 -0.048619759573442903 0.027657042933562512 0.098336198421987597 0.12861504951260247 0.10486492278129041 0.068571583016947074 0.048498376048960415 0.02290870307908795 0.077378271176422903 -0.032688501604731114 0.047444573035938631 -0.017188599473988122
leaf_weight=87.840989977121353 108.80244996026158 10.248604096472262 19.542355686426163 14.222236126661299 11.3246410228312 177.81501219421625 420.64850171655416 19.883762992918491 37.65561206266284 270.54617280885577 5.8542751371860495 10.45895956084132 9.1672868579626066 6.3874941058456853 15.440397422760723 10.341708086431025 6.629201427102088 7.4995267391204825 32.595878399908543 184.17474968358874 1.9292469955980776 2.1236121803522172 1.6321264952421191 2.2572659999132183 2.785551406443119 45.170896433293819 10.426954343914987 2.4028931185603142 6.4900469779968244 15.821968778967856 11.722445257008076 4.1215237900614738 38.811980742961168 14.091151446104048 5.3378256782889366 2.0789845995604983 30.484235312789679 2.2530867382884026 5.9790394902229336 22.891377933323383 1.7397284358739842 23.827690728008747 4.110358912497758 47.519569095224142 20.930481586605318 213.98553266376257 239.5448261462152 3.4341208711266544 15.451647810637949 10.386967733502386 703.16241785138845 357.47595646977425 2.4848698154091835 4.9102728292346027 4.9708213470876217 35.923947721719742 443.05072122439742 3.3720616400241852 3.1655732318758991 10.757931251078835 19.29400018230081 11.657301463186739
leaf_count=497 1380 91 324 115 158 3111 9020 118 376 3771 49 94 77 55 135 84 53 48 232 2747 26 27 21 28 25 464 101 22 57 147 111 41 578 121 47 32 489 35 71 260 23 295 32 341 179 3768 4087 30 119 88 15706 4013 18 43 73 232 3417 31 43 139 320 197
internal_value=-0.000345607 0.0306526 -0.0310047 0.0155743 0.00941252 -0.0136509 -0.0423371 0.0519616 0.0495554 0.0164173 0.0481031 0.0605294 0.0659508 0.0449218 0.0304107 0.0497288 0.0451151 0.0773646 0.079743 -0.0121737 0.00492649 0.0457951 0.113805 0.170047 0.04279 0.0404615 0.0163187 0.00401548 0.0647735 0.0361901 0.00735731 0.0511017 0.0132938 0.045863 0.090678 -0.00204712 0.0173887 0.0958753 0.0244738 0.0226101 0.00153244 -0.010994 0.0859147 0.0966085 0.0230676 -0.0188362 -0.0138038 0.0743974 0.101133 0.0388943 -0.0442779 0.0252784 0.0275741 0.0861531 0.0688736 0.0564818 0.0474662 0.112672 0.0156123 -0.00382111 -0.00546322 0.023169
internal_weight=3877.05 1927.78 1949.27 1130.09 957.83 771.099 1178.17 797.69 172.26 723.519 709.849 134.605 124.356 62.2674 53.1001 37.6597 646.541 63.3072 38.4502 234.311 299.122 21.8658 5.81864 3.88939 608.091 568.638 104.867 84.5776 20.2891 39.4067 23.5847 11.8622 50.1366 463.771 7.74072 54.3587 34.8163 4.33207 424.396 410.174 277.257 29.8067 62.0889 51.6299 27.318 662.297 448.311 39.4534 21.3706 18.0828 1123.81 380.367 5.91899 7.69582 6.71055 43.4235 449.68 9.86211 16.0471 13.9235 270.496 30.9513
internal_count=58432 19963 38469 13852 12388 12863 25606 6111 1464 8905 5614 1088 997 530 453 318 5216 398 281 3483 4151 284 75 49 4935 4612 1021 832 189 368 221 110 736 3591 69 880 556 67 4754 4639 3867 366 467 373 234 11483 7715 323 167 156 24726 4273 48 68 96 280 3470 88 209 182 4604 517
is_linear=0
shrinkage=0.05


Tree=11
num_leaves=63
num_cat=0
split_feature=70 69 70 163 130 130 130 39 122 130 8 70 117 15 66 110 130 15 16 179 96 144 39 153 8 28 121 165 0 81 130 71 162 65 120 160 122 122 8 121 30 36 130 179 74 148 148 161 67 175 81 173 155 94 71 63 64 3 153 9 119 148
split_gain=1345.9 219.119 132.752 77.1996 73.3608 56.7983 37.8411 33.9459 30.7737 25.6379 25.1158 21.2407 19.4373 19.2316 18.4333 17.8136 17.5077 17.2242 16.9894 16.9238 16.7096 15.667 15.5777 15.4908 14.9469 19.3967 18.0892 14.6973 15.1443 14.0648 13.468 13.4659 14.7169 13.3869 13.2016 12.8354 12.6905 12.676 12.4619 12.4487 27.005 13.7101 19.906 14.3097 13.4524 15.561 16.4751 15.3161 13.1258 18.5382 13.3243 15.5883 13.004 18.5991 17.2952 18.7018 15.9894 14.0178 12.4172 13.9216 12.3364 12.3777
threshold=4.7071078431372557 3.5000000000000004 16.822478991596643 -1.4778271939407983 -1.4491376746189426 -0.53988670214453627 -0.39328822299055621 2.5000000000000004 -0.48832801478391114 -0.94387980744853917 13.500000000000002 8.29217479674797 -0.4721217739617834 0.48225732600732613 8.5000000000000018 -0.39236907724514813 -1.5458093782250992 0.5595598845598847 1.0000000180025095e-35 1.0308935349218491 -0.25409944487358049 0.4880711008692506 2.5000000000000004 0.96543238599379599 10.500000000000002 37.050000000000004 -0.34169211009803074 1.1228753412018875 3.5000000000000004 17.500000000000004 0.9638157759469953 -2.3331729093098739 -0.9703396788084776 7.334459575148105 -0.27929587873908251 0.42117880856660767 -0.70164119813720438 1.2041445139757834 8.5000000000000018 -0.74501580344643825 392.50000000000006 1.0000000180025095e-35 1.2081880118404766 -0.41892383224409441 0.55000000000000016 0.79604359326546925 0.59961572964516396 -1.2052573337619121 0.049937655860349137 0.3659608366993567 4.5000000000000009 -1.0238924832032232 -0.2535773824925332 0.63586837918050587 -0.73056654437477064 4.3926218708827411 0.11201659751037346 441.00000000000006 0.70710678118654746 6.5000000000000009 -0.88199535230527493 1.2124459777654859
decision_type=2 2 2 2 2 2 2 2 2 2 2 2 2 2 2 2 2 2 2 2 2 2 2 2 2 2 2 2 2 2 2 2 2 2 2 2 2 2 2 2 2 2 2 2 2 2 2 2 2 2 2 2 2 2 2 2 2 2 2 2 2 2
left_child=1 3 4 10 18 12 14 13 -8 19 -1 -6 23 38 15 -3 -12 -14 58 -4 -9 24 -17 60 25 -16 27 28 35 -15 31 -18 -33 -31 -28 -26 -19 -32 -7 41 44 42 -40 -44 45 46 52 -48 49 -43 51 -50 53 54 55 -41 57 -57 59 -2 -5 -62
right_child=2 6 9 5 11 7 8 20 -10 -11 16 -13 17 29 21 22 30 36 -20 -21 -22 -23 -24 -25 26 -27 34 -29 -30 33 37 32 -34 -35 -36 -37 -38 -39 39 40 -42 48 43 -45 -46 -47 47 -49 50 -51 -52 -53 -54 -55 -56 56 -58 -59 -60 -61 61 -63
leaf_value=0.073990569217280547 -0.021061735398811655 0.00075584170467526317 -0.020731733201724258 0.023862070272458846 -0.013022701728359036 0.056865510238455791 -0.030366982895021877 -0.0069254380635405781 0.0022175303293287384 -0.046437563186215482 0.077289103397872802 -0.028568720750648865 0.028329126878782473 -0.0084667802182670018 0.015056689828241737 0.038035109098334977 0.076848531457301514 0.01104546950090186 -0.0042482224566225031 0.063310032637550917 0.092853592163933699 -0.022481409874499841 0.22235387507993726 -0.016759085456155707 0.056080960024283748 0.15684362219595424 0.031182935658042383 -0.019149111378851422 0.030115657789047279 0.00064217063004501796 0.10026081613586456 -0.0026131558397709735 0.040140623548821808 0.11897717493053189 -0.015935140168654171 0.16465132576005576 0.08812505636572808 0.0074250662521246737 -0.016650227113574029 -0.020059824146005288 0.13232379353841014 0.012289808934339726 0.1097370776349756 -0.0073924950453356361 0.0095404584472499956 0.012260515858715043 0.12131966757762436 0.025391872871031475 -0.024537347794664034 0.13569293290399595 -0.0016026619127803877 0.083165887090936946 0.030917304055887385 -0.0043087490259863612 -0.021457864067110061 0.03126660287476437 0.029656426871256143 0.13781985315545581 -0.023759570963855895 0.076479720325500045 0.093221549843985535 -0.0062608516684015403
leaf_weight=132.36793287843466 3.6227441467344752 3.4090706370770931 48.30703354626894 9.7528419792652112 429.18727188184857 43.975562311708927 89.375601179897785 99.39281589537859 363.93837696686387 868.14148451387882 45.314702354371548 459.57257221639156 83.845519859343767 52.502196580171585 5.3703268244862539 2.6808135472238046 23.07936605066061 7.3042243197560301 16.094011582434177 5.8197742998599997 3.3767527192831031 17.838294636458158 2.2273621782660484 3.9763086587190619 10.91251642256975 3.9216298572719097 23.369115613400936 7.439164273440837 27.293020084500313 5.1912766173481923 17.30904641002417 21.557887576520443 244.70403717458248 3.587734654545784 37.066328298300505 3.9556048922240725 25.070044804364443 4.9610492885112754 47.630246363580227 3.299434319138526 5.8628900721669188 6.3264564052224141 5.011075034737587 4.263236887753008 61.844260185956955 61.5581049695611 10.971266724169256 7.6067442372441283 4.0300296619534484 5.495135523378849 30.033926580101252 11.137599200010298 199.89466015994549 8.6824446618556959 3.667367383837699 4.6525239050388398 7.6027698814868918 18.448803894221783 3.7661520130932322 30.543709274381399 58.449182260781527 3.072972632944583
leaf_count=808 42 39 867 80 7237 373 1415 1298 5199 20099 234 9038 712 630 67 29 139 58 217 95 38 234 24 34 121 46 266 91 333 58 123 160 1749 42 475 43 177 36 525 29 55 67 49 41 585 585 92 81 41 54 301 109 1910 83 40 43 68 167 36 285 431 29
internal_value=-0.000337968 0.0281939 -0.0308684 0.0390355 -0.0176374 0.0303324 0.00287245 0.0237922 -0.00424854 -0.0443547 0.0550726 -0.0210902 0.0545141 0.0282429 0.0249726 0.0934771 0.0478557 0.0409722 0.038422 -0.0106202 -0.00273555 0.020136 0.146004 0.0745513 0.0266823 0.0848082 0.0210093 0.0430723 0.0543562 0.00155457 0.0433259 0.0401398 0.0366635 0.0567349 0.00241405 0.0938367 0.0717363 0.0810027 0.0311886 0.0288487 0.0330705 0.0140409 -0.00326357 0.059929 0.0312227 0.0352741 0.0405385 0.0856007 0.0311541 0.0761516 0.0178841 0.0544923 0.0367861 0.060802 0.0756614 0.0865926 0.0984823 0.118756 0.0562986 0.0656902 0.0798759 0.0881519
internal_weight=3860.66 1995.61 1865.05 1396.81 942.786 907.516 598.797 716.045 453.314 922.268 489.294 888.76 191.471 613.276 145.483 8.31725 356.926 116.22 54.0266 54.1268 102.77 137.166 4.90818 75.2513 119.328 9.29196 110.036 49.6003 42.1611 61.2812 311.611 289.341 266.262 8.77901 60.4354 14.8681 32.3743 22.2701 551.995 508.019 394.091 113.928 56.9046 9.27431 388.228 326.384 264.826 18.578 57.0231 11.8216 45.2016 15.1676 246.248 46.3533 37.6709 34.0035 30.7041 23.1013 37.9326 34.1665 71.275 61.5222
internal_count=58432 20516 37916 12134 16855 8885 8382 7364 6614 21061 3249 16275 1521 6028 1768 92 2441 947 580 962 1336 1676 53 574 1442 113 1329 588 497 730 2207 2048 1909 100 741 164 235 159 5298 4925 3738 1187 615 90 3683 3098 2513 173 572 121 451 150 2340 430 347 307 278 210 363 327 540 460
is_linear=0
shrinkage=0.05


Tree=12
num_leaves=63
num_cat=0
split_feature=70 70 70 130 130 131 69 130 130 30 8 122 70 30 131 166 130 130 165 39 8 117 138 38 153 112 166 71 8 93 167 121 157 71 78 171 151 92 122 120 110 157 112 59 70 42 110 130 71 9 130 121 1 107 36 168 71 178 83 152 2 138
split_gain=1225.6 190.177 130.646 72.2133 66.3267 49.8573 37.6115 26.1864 25.4759 24.102 23.5695 21.5948 20.3204 17.8173 17.1751 18.5006 16.6156 22.6419 16.883 15.4579 14.8338 15.4428 14.7536 15.7035 18.7882 14.4163 14.1248 13.8097 13.6159 12.7942 12.5686 12.4382 14.655 12.1543 12.1195 14.3084 12.187 14.7784 12.0897 11.9914 12.0248 11.9167 11.7051 11.4912 11.4588 15.1106 17.0431 14.3744 11.4057 11.4521 11.3996 11.3594 14.3226 11.3563 15.7028 14.9838 13.605 12.1795 11.9625 15.5433 12.1576 11.4102
threshold=4.7071078431372557 1.3083916083916087 16.822478991596643 -0.50395263067896845 -1.4491376746189426 1.0000000180025095e-35 3.5000000000000004 -1.4137330276378894 -0.94387980744853917 242.50000000000003 10.500000000000002 -0.48832801478391114 8.29217479674797 363.50000000000006 -0.30149874959279732 0.047820397555683743 0.86602540378443893 0.10138050357830024 -0.68276988477078715 2.5000000000000004 13.500000000000002 0.68449941865512265 1.8987525476041285 4.5000000000000009 0.70710678118654746 -0.13646419807426555 -0.9785742136887442 -2.0846102813723921 15.500000000000002 1.4155624777758213 -0.31829753506038316 -0.30491545024949779 -0.99593739283095173 -1.1528450434497708 0.13392857142857145 -1.4141442891149139 1.7117162217874708 -1.3575047394334365 1.1160828632611566 0.48041149589976023 -0.35288116168462624 0.47478507712963264 -0.42284787047632649 120.50000000000001 51.852396514161228 0.085144927536231887 0.092033045243349668 -1.4979334333977226 -0.33760947985107842 7.5000000000000009 0.9638157759469953 -0.99079007085599635 11.500000000000002 -0.36308466269541545 1.0000000180025095e-35 -0.16376852379140949 -0.89352004003356578 -0.27230567001251943 0.25962962962962971 -0.12876244323408989 55.750000000000007 -0.35515321229980573
decision_type=2 2 2 2 2 2 2 2 2 2 2 2 2 2 2 2 2 2 2 2 2 2 2 2 2 2 2 2 2 2 2 2 2 2 2 2 2 2 2 2 2 2 2 2 2 2 2 2 2 2 2 2 2 2 2 2 2 2 2 2 2 2
left_child=1 7 4 9 22 6 16 -1 44 10 25 -8 -6 -7 48 31 17 34 -18 20 21 27 23 -2 26 -3 -25 29 -20 -9 -28 32 -16 -17 35 -5 37 -36 50 40 -33 -15 -40 -19 45 46 47 -4 49 -12 53 -34 -53 58 55 56 57 -55 59 -22 -60 -59
right_child=2 3 8 5 12 13 11 19 -10 -11 14 -13 -14 41 15 33 18 43 28 -21 38 -23 -24 24 -26 -27 30 -29 -30 -31 -32 39 51 -35 36 -37 -38 -39 42 -41 -42 -43 -44 -45 -46 -47 -48 -49 -50 -51 -52 52 -54 54 -56 -57 -58 61 60 -61 -62 -63
leaf_value=0.069575095939778286 -3.9355859410475129e-05 0.1250345511745366 0.16629656284120947 0.077972318087037654 -0.012517572345651498 -0.025579020204347599 -0.027236009458864507 0.10751517140392008 -0.046073869965945931 -0.01098386440714506 0.02736059406546772 0.0056622176513059508 -0.027860823168719035 0.06800377189761056 -0.012593171764957984 0.031793919207306072 -0.012820831168752137 0.027440194579778272 0.092380552597938814 0.02312295888834745 0.055828489017762696 -0.00099122160531189569 -0.018175067007029824 -0.010764276403135402 -0.033311779759558117 0.047764969643964428 0.13586691119081953 0.051971846780012203 0.021360968942852547 0.0063587315917250434 0.057481176232510679 -0.021181055788334961 0.033244650587295088 -0.013908005965912379 -0.038194505205229649 0.016420105709538987 0.13109430131514113 0.044816069650463385 0.055103048004521163 -0.033175779821838641 0.057544484396744436 -0.038852324193197119 -0.019512277334460988 -0.019741508267202695 -0.041903360809361336 -0.023361025288093321 0.0047664098914199067 0 -0.0016140478804023554 0.073023566640464027 0.073711916615549766 0.11421275556343731 0.0052489024496103027 0.083706566710246622 0.099321383927766752 0.02492495515053994 -0.042023256107056005 0.1103345189405619 0.015491497160296276 -0.0093108760517484034 0.070799208300942523 0.040112694768835069
leaf_weight=94.179977580904961 12.584931649267672 11.94204553216696 2.8461159318685532 9.0382104814052564 424.34763212874532 130.65745190903544 57.701581086963415 20.982577212154869 832.16478960588574 23.686796523630619 21.708071023225784 330.73279368504882 448.00999378785491 7.9983116276562196 5.7625425718724719 22.197736848145723 7.379179321229457 16.454779706895351 20.492729566991329 106.32524877414107 10.795754723250864 12.028555475175379 9.8613787740468961 3.6106503307819358 3.6903992742300025 15.867910254746674 9.5441048927605134 215.73546680808067 11.224272944033148 3.9204262495040885 16.258511036634452 6.1794301345944449 14.623020082712172 37.941472254693508 5.0715881511569014 213.69537822902203 2.9853003546595565 58.607472762465477 6.4601924642920521 8.1839008294045907 15.287574227899313 2.853368729352951 16.750757426023483 48.382970042526722 17.740047693252563 19.241512879729271 11.834295466542242 1.9189416803419614 8.1964611373841745 49.944621704518795 23.866911523044109 16.294897515326742 3.891165602952241 26.968628764152527 11.356338702142237 102.67619758099318 3.1043962612748137 5.6799510866403571 22.415235079824924 39.8349325992167 18.446089327335358 103.30715228617191
leaf_count=497 144 101 39 90 7237 2067 894 110 20099 282 203 4624 9038 118 56 186 81 189 211 1019 91 102 115 40 39 148 87 1503 116 21 155 67 138 440 51 2187 27 584 52 98 152 42 134 576 342 339 205 37 94 386 172 152 44 192 95 706 29 40 179 328 141 701
internal_value=-0.000325245 0.0263563 -0.0301877 0.0134094 -0.0170397 0.00681323 0.0117631 0.0444726 -0.0439212 0.0365464 0.0413235 0.000704988 -0.0204259 -0.0203879 0.0352409 0.0236876 0.0226414 0.0190972 0.0533518 0.0412281 0.0441676 0.0538145 0.0354698 0.0472969 0.0649126 0.0843076 0.0780911 0.0565675 0.0688215 0.0926436 0.0906492 0.0409379 0.0586985 0.00312318 0.0250689 0.0192775 0.0437737 0.0376393 0.0378102 0.0153506 0.0347261 0.0385774 0.00246672 -0.00745669 -0.0101641 0.00612099 0.0399654 0.110526 0.0535147 0.0598252 0.0400105 0.0706623 0.0946835 0.0374552 0.0429612 0.0398946 0.050655 0.0530991 0.0218704 0.00529395 0.0416734 0.0447877
internal_weight=3843.47 2029.82 1813.65 1184.98 927.908 923.275 781.766 844.835 885.746 261.708 238.021 388.434 872.358 141.509 210.211 130.362 393.332 354.236 39.0962 750.655 644.33 252.667 55.55 45.6886 33.1037 27.81 29.4133 240.638 31.717 24.903 25.8026 70.2225 40.5716 60.1392 289.398 222.734 66.6644 63.6791 391.663 29.6509 21.467 10.8517 23.2109 64.8377 53.5809 35.8409 16.5994 4.76506 79.8492 71.6527 368.452 34.8091 20.1861 344.585 253.093 241.736 139.06 135.956 91.492 50.6307 40.8613 108.987
internal_count=58432 20516 37916 14404 16855 11857 9630 6112 21061 2547 2265 5518 16275 2227 2016 1333 4112 3704 408 5615 4596 1736 580 465 321 249 282 1634 327 131 242 707 390 626 2939 2277 662 635 2860 317 219 160 186 765 962 620 281 76 683 589 2674 334 196 2502 1763 1668 962 933 739 419 320 741
is_linear=0
shrinkage=0.05


Tree=13
num_leaves=63
num_cat=0
split_feature=70 69 95 71 70 8 117 158 155 8 96 71 121 122 102 62 66 4 171 144 125 96 70 63 137 172 165 109 71 18 61 65 34 102 152 121 176 66 150 57 171 3 108 28 127 65 164 158 180 94 175 102 70 56 3 166 76 95 115 122 39 2
split_gain=1116.39 165.599 134.862 56.0036 20.1276 20.0709 15.76 14.7328 16.6439 14.4228 15.0383 14.2785 14.7365 13.6452 12.373 16.5011 16.938 12.443 11.8755 12.6267 15.7092 21.6279 11.9876 13.8718 12.3552 11.8535 11.7324 11.7023 11.6595 13.6258 13.2953 15.2165 13.6023 11.8158 11.5637 11.459 11.4527 11.3674 11.294 11.2384 11.2114 17.6018 16.8129 11.5581 10.9098 12.045 10.8981 13.2643 10.7235 10.6974 12.4105 10.312 10.2855 10.1867 11.4595 11.5215 11.2174 10.1477 10.1049 10.0466 11.8803 10.054
threshold=4.7071078431372557 3.5000000000000004 1.0000000180025095e-35 -1.5770263055590925 25.011111111111116 12.500000000000002 -1.0012349711610893 1.2410607337863893 -0.2652243121756569 13.500000000000002 -0.60607493789317968 -0.94763371478112746 -0.87961523493986882 -0.48832801478391114 -0.5205843696897543 0.10427994068560463 130.50000000000003 -3.4999999999999996 1.4986863806540616 -0.17221516399219527 1.1561831192892298 -0.55589389638375686 2.5049019607843142 6.0012345679012356 0.47458704052857215 0.059610252088499648 1.8451996923807203 -0.38422650712803635 -1.0067677368979517 6.4500000000000011 0.11865885763303459 7.4528730880529155 1.5000000000000002 -0.69161609750156749 1.9163966110688855 -1.1547005383792504 -0.27407749304832263 37.500000000000007 -0.031121368946827377 0.08323125087227376 0.93697325898937389 435.00000000000006 -0.56346350170584636 36.350000000000001 -0.30095016756713616 7.3440972222222234 -0.44934506467329571 -0.37727146599438061 -0.97003557617970204 1.1570189571967691 -0.1061024277560812 -1.0262620711466852 8.29217479674797 6.9045972160627178 455.00000000000006 0.36145384366668204 -0.71499999999999986 -0.71949648814961276 -1.5223887339076627 1.8131394559281149 1.5000000000000002 56.750000000000007
decision_type=2 2 2 2 2 2 2 2 2 2 2 2 2 2 2 2 2 2 2 2 2 2 2 2 2 2 2 2 2 2 2 2 2 2 2 2 2 2 2 2 2 2 2 2 2 2 2 2 2 2 2 2 2 2 2 2 2 2 2 2 2 2
left_child=1 3 52 9 -4 6 39 8 11 36 53 12 57 34 15 16 -14 -16 19 20 22 -22 24 46 26 -17 59 38 29 30 31 32 -8 -33 -3 -29 -1 -30 -12 49 -10 -42 -43 -44 45 -34 -24 -48 -9 50 -5 -45 -2 -11 55 -55 -57 58 -7 60 -15 -62
right_child=2 13 4 5 -6 7 28 48 40 10 27 -13 14 18 17 25 -18 -19 -20 -21 21 -23 23 -25 -26 -27 -28 35 37 -31 -32 33 44 -35 -36 -37 -38 -39 -40 -41 41 42 43 51 -46 -47 47 -49 -50 -51 -52 -53 -54 54 -56 56 -58 -59 -60 -61 61 -63
leaf_value=0.016391579249682549 -0.0078345444552184 -0.011838950893195494 -0.03179194240455134 0.0033748106340435059 -0.04631438129650043 0.060518389877870671 0.081266351013024596 0.084156677376907241 0.014682375527567846 0.074648957345443065 0.10518679535550673 0.0038403465868560305 0.16146640055613271 0.076626295355914115 0.088434114558805177 0.07741926230232371 0.017461503594958735 0.025450678054020032 -0.018677545803655972 -0.0092786134635363306 -0.0032436122301934692 0.17644869606759156 0.0070632765700262366 0.00076903302203753675 -0.039655582248365816 -0.018688883387937682 -0.026041017076142793 0.058291686405816695 -0.0020865997955856383 0.0031576266678296559 0.013644207943845577 0.016365597509802418 0.051091785317495746 0.1011593404048705 0.092357059842763531 -0.0031172472407946933 0.065798679129995138 0.029821392893153133 0.0047475199743980956 0.017397876400125491 -0.027946371790655608 0.12036244758782302 0.0028009061314918783 0.12519411354240817 -0.011884643822230423 -0.0069916873496479893 0.15996418638356183 0.034852645686224981 -0.0010942593679483231 -0.0028756367849609383 0.11353063733004459 0.03913631523235394 -0.020245399720400126 0.003151989672574556 0.048761196020819783 0.08789773246767954 0.024689593685458321 0.077963643575191088 -0.023713038597506574 -0.042212252174306741 0.018787898402806938 0.062622361387827896
leaf_weight=14.080815639346836 437.20054418221116 154.84349585697055 398.98009592294693 3.1372861340642002 654.69069346413016 3.6671218797564551 17.999929688870907 2.8441013507544985 307.82058380916715 29.803639329969883 5.8395058959722519 20.610825721174479 9.2125805728137511 15.568250019103287 10.4791775457561 7.8326153717935068 2.9825173057615748 30.486769065260887 39.816727187484503 71.748600013554096 3.0706805102527142 2.46313852071762 11.898130036890509 193.85041024535894 5.972593341022729 4.4116173759102821 7.9611523300409308 8.2070988304913026 36.20963841676712 20.352296128869057 25.450724877417088 5.6342628970742252 47.875941291451454 23.483348436653614 1.7091279290616501 42.277989402413368 127.27102310955524 115.06495513394475 5.0889061093330366 8.7173087485134584 9.4969363994896394 5.4421780854463568 21.821993697434664 3.076658494770526 11.225533299148081 10.46809460967779 2.49096954241395 7.9128185808658582 88.771246332675219 2.7948079109191886 17.933267772197727 58.613361071795225 273.55561519786716 33.665145821869373 207.92083143442869 9.6333829425275308 25.626582577824593 3.8035600036382666 13.959872733801603 3.2732573486864558 61.918009322136641 16.435931079089642
leaf_count=110 7234 2245 9218 30 16390 34 139 25 2931 197 38 227 78 184 89 69 26 271 555 1019 42 35 164 2798 78 40 98 61 362 183 200 45 367 185 23 291 733 1132 37 76 91 50 212 25 109 80 32 105 857 26 147 519 5074 238 1393 67 172 35 137 41 755 208
internal_value=-0.000317422 0.0246583 -0.029506 0.0337404 -0.0408555 0.0265161 0.0361585 0.0209403 0.0242298 0.0471487 0.0416409 0.0417525 0.050548 0.00254845 0.0622348 0.0906552 0.130619 0.0434045 0.00702503 0.00960679 0.0137087 0.0907375 0.0121186 0.00518076 0.0254019 0.0436173 0.0294828 0.0185076 0.0324939 0.041864 0.0473105 0.0544327 0.0430254 0.0860059 -0.0100907 0.00770687 0.0610618 0.0221874 0.0631545 0.0692803 0.0194922 0.0341815 0.0411069 0.0345199 0.032049 0.040644 0.0416347 0.0766469 0.00237837 0.0865685 0.0982517 0.0454366 -0.01264 0.0461824 0.0428422 0.0244735 0.0440444 0.0134729 -0.00361289 0.0343005 0.0374363 0.0287191
internal_weight=3826.46 2062.03 1764.43 1461.1 1053.67 951.681 346.347 605.334 513.718 509.415 368.063 107.447 86.8358 600.933 65.4053 24.4393 12.1951 40.9659 444.381 404.564 332.815 5.53382 327.282 216.152 111.129 12.2442 105.157 61.4135 313.765 162.49 142.138 116.687 87.5695 29.1176 156.553 50.4851 141.352 151.275 10.9284 32.5827 406.272 98.4511 88.9542 83.512 69.5696 58.344 22.3019 10.4038 91.6153 23.8654 21.0706 61.69 710.756 306.65 276.846 68.9251 35.26 21.4306 17.627 97.1954 93.9222 78.3539
internal_count=58432 20516 37916 12134 25608 8797 3081 5716 4834 3337 2494 1006 779 8382 573 213 104 360 6114 5559 4540 77 4463 3099 1364 109 1286 427 2802 1308 1125 925 695 230 2268 352 843 1494 75 279 3828 897 806 756 556 447 301 137 882 203 177 544 12308 2067 1870 477 239 206 171 1188 1147 963
is_linear=0
shrinkage=0.05


Tree=14
num_leaves=63
num_cat=0
split_feature=163 70 95 130 131 130 130 163 130 63 57 130 93 83 144 8 23 3 163 9 132 119 163 166 8 152 172 162 70 126 138 138 27 121 27 159 148 70 132 30 64 136 122 80 28 162 148 132 81 152 138 135 152 62 155 153 63 152 162 67 95 118
split_gain=1023.87 145.271 128.005 66.0708 43.614 39.6483 35.9906 32.424 27.1301 22.3008 20.4837 19.5791 18.991 18.2326 18.9358 18.1811 16.8428 15.9897 15.9015 15.7164 15.1368 15.4623 15.0609 14.8822 14.5164 14.1532 13.9321 13.904 13.8679 13.1376 13.0344 12.9707 15.7682 12.8494 12.7284 13.8052 12.6576 12.4838 12.7567 13.0475 15.8436 14.0934 12.7239 17.7115 12.7317 12.3988 12.2447 12.219 12.0642 15.4185 12.767 11.8668 11.7101 18.6816 15.3416 14.9705 13.5571 12.4553 11.6544 11.6205 11.6002 11.4615
threshold=-0.45144409197452345 1.6702898550724641 1.0000000180025095e-35 -1.620185174601964 -0.16820284445598238 -0.66915269302346703 -0.94387980744853917 -1.4560928296580393 -0.81358259099944952 6.3538074712643686 0.081491671088228176 -0.6299407883487117 0.12423516314337164 0.4919354838709678 -0.51284902059787663 11.500000000000002 0.47171085858585865 475.00000000000006 -1.978343345864843 4.5000000000000009 -0.74128921117225721 -0.69147183788171762 -0.8873403869989045 -1.0604386008130204 8.5000000000000018 -0.67166266465334468 -0.10878619187346587 -0.94943932890334659 25.464102564102571 -0.28894858344320135 -1.0000000180025095e-35 1.4422645286099247 86.850000000000009 -0.69044742516985813 109.25000000000001 2.1369951430354495 1.3413202302622202 51.852396514161228 1.4422645286099245 92.500000000000014 0.055500550055005503 -1.0877807496663139 0.10650583205032714 -0.43166666666666664 34.750000000000007 -0.77378188981485663 -0.36671928163470668 1.8987525476041287 32.500000000000007 -0.65251399147989197 -0.31726265053861064 0.93695641671685759 -0.41007669506956057 0.079631926047009763 -0.2234654013429648 0.60624678250656405 6.9667989417989427 0.40292148132234862 -0.47041278353765109 0.090680676107811803 -0.79529718174194419 0.14142570213720632
decision_type=2 2 2 2 2 2 2 2 2 2 2 2 2 2 2 2 2 2 2 2 2 2 2 2 2 2 2 2 2 2 2 2 2 2 2 2 2 2 2 2 2 2 2 2 2 2 2 2 2 2 2 2 2 2 2 2 2 2 2 2 2 2
left_child=1 7 5 31 8 10 37 18 29 17 -2 12 26 -6 -15 -11 33 25 -1 22 -14 -22 -17 -24 -20 -10 45 -26 -8 -5 -12 32 -3 -13 35 58 46 38 39 40 -4 -42 43 44 -43 -9 -19 -29 50 -50 -7 -32 -35 54 55 -54 -55 -58 -21 -56 -52 -51
right_child=2 3 6 4 13 48 28 11 9 15 30 16 20 14 -16 19 -18 36 24 34 21 -23 23 -25 27 -27 -28 47 -30 -31 51 -33 -34 52 -36 -37 -38 -39 -40 -41 41 42 -44 -45 -46 -47 -48 -49 49 61 60 -53 53 56 59 -57 57 -59 -60 -61 -62 -63
leaf_value=0.064385723282673918 0.0031297627440676542 0.024844437660273482 -0.009177632125433181 0.074804099259210013 -0.016872205295433606 -0.031023344709157061 -0.034870247883398486 -0.010910494230277087 0.1134332822584381 0.028133563545918672 0.10065314716765471 0.011356563218679401 -0.024921945256797445 0.15407989067317579 0.011938257492255726 0.08185616245757088 -0.0052938022055252906 0.037135339667831717 0.089655289715765044 -0.00046739504759356668 0.008656647869481655 0.085471536902309714 0.10443125152521245 -0.01556731588587384 0.013951111558181128 0.03768164458760994 -0.013087072346387958 0.043745327373858438 -0.047676010781894596 0.0070485604684330325 0.0037939798415613751 0.014918475384486525 0.081688784875071419 0.0070857065743739683 -0.021466512695923878 0.046834116431536975 0.10285273568815612 -0.040809222287687429 -0.042350556214891796 -0.028393974502382076 -0.026964033212915219 -0.028805128690582316 0.16530654549778928 -0.024388372942152146 0.11508429090438344 0.058424689304883794 -0.021771341621365955 0.0025439569507757429 0.13850190416495387 -0.020291362454433269 -0.024904437701468 0.11019925841943859 0.16300344722384552 0.026928539927734835 0.00011592735783111201 0.019133588706158385 0.10864340587427004 0.019615209517368209 0.06149497288178888 0.088311283496245202 -0.0075111646995066799 0.050258460558245191
leaf_weight=85.184246376156807 78.464669447392225 19.336585260927677 11.585760798305275 23.514111746102571 221.94153030589223 158.31808646768332 364.91812368109822 8.0254517905414087 6.6824213713407508 75.136954199522734 8.7916594184935111 115.85076966881752 3.6534200087189665 1.8617139570415044 14.709057863801716 10.598604779690506 48.531806662678719 12.494529046118258 14.160976856946943 356.70910340547562 8.1557037830352765 42.948565080761909 2.1419210471212855 13.491431195288895 52.759991355240345 48.827553752809763 16.764032423496246 377.00142392516136 584.48555947840214 10.659791924059389 13.869016896933319 18.491708219051361 40.477510347962379 43.98446486890316 61.26845882460475 16.095082107931376 2.1600586846470824 16.398380905389786 9.0055715031921846 9.4442528635263425 3.0603441596031216 1.3972243145108239 2.8678076490759841 4.4740813858807078 7.2625813633203506 25.232587724924088 24.449710741639137 19.299797132611275 1.3379532098770166 16.032704357057813 155.93550827354193 2.2865949161350718 6.4250167459249514 210.4399780370295 8.4933608099818212 2.8881815075874329 9.4509199559688586 7.3932004719972602 6.7511879131197921 5.8341104686260215 252.9441698230803 7.6856466233730307
leaf_count=461 1027 132 202 186 3267 2954 8899 60 76 847 94 1154 30 23 204 112 547 149 73 4580 57 285 29 194 337 577 126 2367 15495 83 158 159 265 378 848 192 26 342 166 179 52 27 45 83 114 175 290 140 24 298 2944 23 50 1787 76 24 77 66 91 50 4513 143
internal_value=-0.000299659 0.0230833 -0.0290095 0.00910765 0.00527884 -0.0124533 -0.0403296 0.0354688 0.0118075 0.00942049 0.0159738 0.02694 0.0464769 -0.0130392 0.0360526 0.00547201 0.0223808 0.0317013 0.0441672 0.00176337 0.0667107 0.0737101 0.0386289 0.00586304 0.0403077 0.0487352 0.0233562 0.0385446 -0.042801 0.0546127 0.0545011 0.0528875 0.0641052 0.0256677 -0.000501526 0.00291705 0.00678407 -0.00432491 0.00833223 0.020592 0.0362654 0.0632153 0.0813278 0.0522388 0.0907721 0.0417175 -0.00126371 0.0417629 -0.0174439 0.0159164 -0.0189518 0.0246912 0.0312153 0.0353802 0.0772839 0.125053 0.0306803 0.0731366 0.000835393 0.0397737 -0.0142013 0.00347557
internal_weight=3810.84 2100.28 1710.57 987.799 909.493 695.666 1014.9 1112.48 670.981 636.807 103.412 564.072 104.78 238.512 16.5708 542.193 459.292 94.6143 548.406 467.056 54.7577 51.1043 26.232 15.6334 463.222 55.51 50.0221 449.061 949.404 34.1739 24.9473 78.3058 59.8141 410.76 440.824 379.555 39.1043 65.496 49.0976 40.0921 30.6478 19.062 16.0017 13.1339 8.65981 33.258 36.9442 396.301 592.254 25.0563 567.198 16.1556 294.909 250.925 23.6407 9.3132 227.284 16.8441 363.46 14.3275 408.88 23.7184
internal_count=58432 20650 37782 12330 11774 12178 25604 8320 8280 8011 1302 4942 733 3494 227 6893 4209 1118 3378 6046 372 342 335 223 2917 653 361 2844 24394 269 275 556 397 3662 5711 4863 465 1210 868 702 523 321 269 224 141 235 439 2507 10876 465 10411 181 2508 2130 200 74 1930 143 4671 126 7457 441
is_linear=0
shrinkage=0.05


Tree=15
num_leaves=63
num_cat=0
split_feature=70 70 70 130 130 130 131 163 130 138 63 93 131 30 81 93 93 174 8 24 176 90 46 66 162 44 127 130 130 171 177 131 64 70 30 118 111 110 95 8 93 181 168 131 176 30 76 163 104 131 131 144 25 92 106 62 83 95 94 43 159 90
split_gain=935.834 150.128 95.8071 52.5357 42.1657 37.8717 34.3556 29.4071 26.9041 23.0191 18.8317 20.4045 17.0747 13.6351 21.1904 14.5498 13.6198 13.5532 13.4323 13.3597 13.3384 15.3002 13.2292 13.1557 13.0287 14.3648 13.0226 14.1979 13.8813 16.0404 12.9381 12.9164 14.1815 12.3716 12.3606 12.2241 11.9963 15.7331 11.9468 12.6516 12.9904 13.2106 12.5529 11.8759 11.6776 14.2 24.2962 19.1781 18.2486 15.0878 17.4389 14.9318 15.4632 11.8537 16.6389 11.5302 14.6119 13.6295 12.9549 11.7569 11.7162 11.6924
threshold=5.7065997130559554 1.9145896656534955 14.175191815856781 -0.84009746585355716 -1.0871858257111537 -0.71949648814961231 0.1368198730104053 -1.5574960819006309 -1.2607822616994955 0.12988093286679528 5.5431405187959504 -1.5424568560230771 0.1368198730104053 30.500000000000004 1.5000000000000002 1.8152968285920663 1.6187672766109251 -0.70959586045992606 9.5000000000000018 104.45000000000002 -0.25080160567978899 -1.3336921895767078 1.0000000180025095e-35 124.50000000000001 -0.31323253492930314 1.0000000180025095e-35 -0.29071335330869158 -0.40219140829592898 0.72456883730947197 0.51754916950676577 -0.61907137369524812 -0.11134256019226339 0.055500550055005503 2.8060035842293911 180.50000000000003 -0.18264112226393478 0.10564674596469012 -0.60075996454013347 -0.90828352164517023 15.500000000000002 1.1598394255456197 -1.0000000180025095e-35 0.85989514775285625 -0.22423978457638691 -0.35134582376033713 152.50000000000003 -0.78499999999999992 -1.1579130028841924 0.44721359549995809 -0.73024744892600135 -0.87290482459864005 -0.2586107429768843 36.434848484848494 -0.90924013506042034 -1.4436747247356834 0.12965631337389263 0.44281045751633991 -0.41892383224409441 1.8235755085014727 9.8819444444444464 1.9297037705914801 -1.0819160936074825
decision_type=2 2 2 2 2 2 2 2 2 2 2 2 2 2 2 2 2 2 2 2 2 2 2 2 2 2 2 2 2 2 2 2 2 2 2 2 2 2 2 2 2 2 2 2 2 2 2 2 2 2 2 2 2 2 2 2 2 2 2 2 2 2
left_child=1 4 5 9 34 19 13 26 31 17 11 -7 30 14 -5 16 18 -3 33 -2 21 -11 -14 24 25 -21 38 -28 -29 -30 -9 32 -4 -15 -1 -23 37 -34 39 40 41 42 -6 -12 -32 48 -47 49 51 50 -48 -46 -53 54 -50 57 59 58 60 -57 -20 -60
right_child=2 3 8 6 7 10 -8 12 -10 20 43 -13 22 15 -16 -17 -18 -19 55 23 -22 35 -24 -25 -26 -27 27 28 29 -31 44 -33 36 -35 -36 -37 -38 -39 -40 -41 -42 -43 -44 -45 45 46 47 -49 53 -51 -52 52 -54 -55 -56 56 -58 -59 61 -61 -62 -63
leaf_value=0.056787922878213819 0.0017495496443552022 -0.010732943848560866 -0.033425329423858369 -0.040472252886522779 0.11652914211320189 0.14802549558897574 -0.021417461695331413 -0.026888635898321946 -0.04335711101813286 0.093817457569912305 -0.018006855300627966 0.0042198796541219252 -0.015126467920415197 0.069237647574784969 0.002476874783512978 -0.032378351212411803 0.059267176691034665 0.055031644456976551 -0.0011298204803875855 0.040720225119052017 -0.02358265968287835 0.034628026012775141 0.022697376714968125 -0.01137149485484177 2.682091094995486e-05 0.15498644874157919 0.05857539660955946 -0.002175378884224428 6.7686415576362726e-05 0.083155002515839113 0.046063717780691099 -0.021708833263674981 0.0013552237824479467 0.013242587159739494 -0.0018889669665758807 -0.020193642232296985 0.016896229365163357 0.19804289349895765 0.033205956989763315 0.041186723684608573 0.02811038405778038 0.04266253801329082 0.015795318350600648 -0.034759573162740393 -0.0044127190567405938 0.0075023770907952387 0.087338559238906099 0.02101455618781304 0.10650152316443824 0.13865510912971737 -0.042655364513399123 0.052285010718781201 0.022725950958554477 -0.022006613028385927 -0.0098951265853984838 0.011488120618338329 0.098060049429224944 0.07836133004110328 0.12788384337083999 0.098546048421260149 0.037147343440332548 0.021374365432617164
leaf_weight=172.44334590435028 66.870807580649853 8.2011610828340036 4.3391004875302306 36.626766059547663 27.176256284117699 1.7244345135986829 144.14932449907064 11.055616509169338 841.22538688033819 5.8281644620001307 354.80116080492735 27.788877949118614 51.229396112263203 16.07435117661953 120.14205515012145 19.547876834869385 13.008005827665327 80.530673936009407 381.01204381510615 7.6553407125175035 19.973417680710554 23.589328207075596 40.445269715040922 7.1849492453038684 5.4300215765833864 4.6827324964106083 20.957639276981354 51.030965276062489 11.137231245636942 11.426932819187639 63.768395658582449 27.42228489741683 1.6503088809549811 25.497539851814508 9.224717088043688 16.361863691359758 5.9704662151634693 1.9540686458349208 119.80461879819632 78.119087621569633 14.191101133823393 15.005635872483255 3.9909387528896323 155.14740624651313 42.459964297711849 24.278490796685219 7.1640487313270569 12.550863701850174 3.8654522895812988 11.600292660295965 2.9895654618740064 50.923607971519232 357.32541655376554 37.449690107256174 7.7391871660947782 54.603154063224792 5.5014788731932631 5.0349030978977671 2.5571424029767504 3.2447525747120372 20.08947217091918 12.155534155666826
leaf_count=930 898 69 71 560 146 32 2419 113 22550 48 7037 534 634 162 1716 261 169 602 5169 86 205 216 478 97 87 56 144 395 74 65 606 459 22 351 63 159 88 22 688 461 75 81 22 3188 412 227 54 133 34 89 25 429 2821 363 76 704 66 77 34 47 249 167
internal_value=-0.000338894 0.019941 -0.0307861 0.00560424 0.031464 -0.0158641 0.000757807 0.0276499 -0.0414239 0.0323497 -0.0209167 0.017362 0.0218176 0.00525856 -0.0077188 0.00891861 0.0104834 0.0488457 0.00915675 0.0136714 0.00961567 0.0244014 0.00157166 0.0441294 0.0662489 0.0928315 0.0395215 0.0231513 0.0123466 0.0441001 0.024734 -0.00186784 0.0357342 0.0361291 0.053787 0.0121091 0.0677456 0.128926 0.0453826 0.0555674 0.0731221 0.0859611 0.104678 -0.0231716 0.0257011 0.0232884 0.0465629 0.07307 0.0204625 0.10064 0.0482229 0.0236133 0.026544 -0.0082799 0.0338528 0.00676099 0.02649 0.00372363 0.00262204 0.0180479 0.000862501 0.0471652
internal_weight=3786.93 2273.08 1513.85 1013.73 1259.35 631.286 859.244 1077.69 882.562 154.485 539.462 29.5133 724.845 715.095 156.769 558.326 538.778 88.7318 525.77 91.8239 65.7528 45.7794 91.6747 24.953 17.7681 12.3381 352.84 94.5528 73.5951 22.5642 633.171 41.3362 13.9139 41.5719 181.668 39.9512 9.57484 3.60438 258.288 138.483 60.3639 46.1728 31.1672 509.949 622.115 558.347 58.5833 34.3048 499.763 21.7539 10.1536 450.709 408.249 49.0543 11.6046 484.198 63.3494 420.849 415.814 57.8479 401.102 14.7127
internal_count=58315 23088 35227 13450 9638 12015 12151 8645 23212 1299 10791 566 6494 9732 2276 7456 7195 671 7026 1224 628 423 1112 326 229 142 2151 678 534 139 5382 662 203 513 993 375 132 44 1473 785 324 249 168 10225 5269 4663 528 301 4135 168 79 3662 3250 473 110 6513 817 5696 5619 751 5418 201
is_linear=0
shrinkage=0.05


Tree=16
num_leaves=63
num_cat=0
split_feature=70 70 70 130 130 130 122 71 130 138 81 63 173 122 130 71 102 178 69 158 81 162 26 130 66 32 15 133 117 83 94 70 95 130 27 25 124 164 148 137 174 38 24 129 131 176 90 176 166 96 23 157 56 112 138 30 119 45 62 3 178 153
split_gain=857.175 131.207 94.0951 46.3432 36.5242 35.0707 32.9569 30.7051 26.7376 20.0636 18.1645 17.6248 17.32 16.4916 16.7177 15.6996 13.6024 14.3428 12.7124 14.0819 16.432 12.5156 12.8988 17.6967 12.4821 14.755 14.5747 13.0985 18.113 12.4388 12.3889 12.2624 12.1396 13.8666 25.9157 13.6111 21.8669 12.5787 12.0734 11.8945 11.8725 12.273 12.1948 11.9693 11.5095 11.4106 14.156 11.1717 12.3194 13.6842 12.0726 14.8527 12.4246 12.586 11.149 13.9158 11.8784 11.1129 11.0454 13.0936 13.1916 12.9718
threshold=5.7065997130559554 1.9145896656534955 14.175191815856781 -0.85723258444935391 -1.0871858257111537 -0.71949648814961231 -0.38104914775188675 -1.799369580914014 -0.94387980744853917 0.12988093286679528 1.5000000000000002 5.5431405187959504 0.34062387286234463 -0.48359646318311245 1.0954451150103324 -0.9919769783002057 -0.46284822059068492 -1.0000000180025095e-35 5.5000000000000009 1.9239290354978278 6.5000000000000009 -0.73104688705297771 36.350000000000001 -0.50395263067896845 107.50000000000001 1.0000000180025095e-35 0.77309981684981699 -0.24969100208582254 0.37662762869580391 0.20722186076772939 0.88239324707824252 49.732057416267949 -0.95305520290342571 -0.33333333333333265 114.95000000000002 35.752777777777787 -0.32431318056365682 -0.83399961014749768 -0.16624133145237194 0.082997368284832979 -0.70959586045992606 8.5000000000000018 104.35000000000001 -1.0000000180025095e-35 -0.22423978457638691 -0.25080160567978899 -1.3336921895767078 -0.28100712304941861 -0.29376599514649038 -0.34344336196330344 0.2854464285714286 0.11681072684820738 6.7640519079822274 -0.35362429938022849 -0.28301261635371361 332.50000000000006 -0.15993988153827318 6.5000000000000009 0.08281231683013561 457.00000000000006 -0.40153557071703633 1.7468412419409793
decision_type=2 2 2 2 2 2 2 2 2 2 2 2 2 2 2 2 2 2 2 2 2 2 2 2 2 2 2 2 2 2 2 2 2 2 2 2 2 2 2 2 2 2 2 2 2 2 2 2 2 2 2 2 2 2 2 2 2 2 2 2 2 2
left_child=1 4 5 9 57 24 10 21 31 40 -5 12 -7 14 29 58 -14 -18 32 -20 -21 22 -6 -24 25 -2 27 28 -27 -9 47 -4 -8 34 35 36 -34 -35 -25 -16 -3 42 43 -42 -13 46 -11 50 -49 -50 51 -17 -52 -54 -39 -56 -57 -1 59 -15 -61 -60
right_child=2 3 8 6 7 11 18 13 -10 45 -12 44 16 15 39 30 17 -19 19 20 -22 -23 23 38 -26 26 -28 -29 -30 -31 -32 -33 33 37 -36 -37 -38 54 -40 -41 41 -43 -44 -45 -46 -47 -48 48 49 -51 52 -53 53 -55 55 56 -58 -59 61 60 -62 -63
leaf_value=0.05190286517230544 -0.0011556766767478438 -0.010319939493795775 0.0062491405984440021 -0.033401652091161797 0.051120309029091898 -0.0029482823994314827 1.7212529372645793e-05 -0.010630542157933943 -0.043341899563597713 0.088005066295698167 -0.0044918534921004625 -0.017392604684850148 -0.015876282478359729 0.012347121341112698 0.076637617688743664 0.1223781795469716 0.0039219894386205894 0.19290441348857723 -0.0074942761589260167 0.13582872136274363 -0.032602256586073276 0.014537787649723933 0.091896741861490883 0.034035410964032377 -0.016703334463442236 0.084400264123348834 0.12383480590878504 -0.0034559429977421815 -0.031543754015416321 0.017498935372886045 -0.020660462432576288 -0.043520794188788729 -0.018985330052684039 -0.032850440215563291 0.13312136842580494 -0.010549758608228411 0.13894579592084191 0.020359033381724484 -0.029221206381185923 -0.013217122950502242 0 -0.022560559528398624 0.042329674268663776 0.10392694899982452 -0.034100432853382226 -0.022381786128752842 0.010434457225727521 0.032988672628245244 -0.022536865749937768 0.066896563577894641 -0.040590315488045592 -0.011442348082350756 -0.022791062864626538 0.042149635266800274 -0.023999889424653267 0.099906740434869773 -0.012797080303697079 -0.021789071999739895 0.023991795359063428 0.1275028023779384 0.047964613320433773 0.08310964352641248
leaf_weight=181.23485776036978 31.247349366545677 8.1443999372422677 42.186749719083309 85.583437979221344 181.71091344952583 24.114157475531105 161.64695088937879 85.88346004858613 790.79265208914876 6.0475113913416854 148.21199180930853 349.14700941741467 1.9040035605430601 23.966960657387972 12.514994736760856 5.9691685512661916 1.5956499464809897 2.2411860078573218 165.19346239417791 2.6896878443658343 1.7904712930321691 39.439863540232182 5.3737789392471305 12.904616661369802 24.944113686680794 13.824611265212299 4.2498085461556903 14.697773475199936 3.70959149301052 70.68955060467124 25.480433482676744 16.334750887006521 3.4912083372473717 12.901850562542675 6.1821846179664126 12.837925150990484 3.9028005711734357 219.16907355189323 15.485532030463217 4.5794060565531245 3.3166989050805595 4.6815630011260501 55.78097277879715 17.914414025843143 150.38035746663809 19.314965054392815 39.398094903677702 20.51445822045207 39.142586760222912 3.7936059199273577 6.0700050294399253 2.6318118423223495 8.3448066450655443 39.909769933670759 30.574932623654604 3.8461627103388309 3.9976639971137038 4.6510157138109198 415.6845340244472 5.3903774470090857 61.082567203789949 8.759340222924946
leaf_count=969 417 69 732 1394 1032 461 1984 888 22122 46 2255 7037 36 193 96 59 30 39 2701 45 29 230 32 85 336 161 49 208 53 658 258 358 48 163 82 177 53 2709 117 37 30 39 396 119 3188 200 365 197 369 32 64 30 96 400 440 51 55 24 3205 40 461 66
internal_value=-0.000321742 0.0187545 -0.0301088 0.00532748 0.0293922 -0.0152859 0.000787299 0.0258606 -0.0409288 0.030443 -0.0151931 -0.020253 0.0165377 0.021192 0.00737336 0.0247675 0.0874245 0.132405 0.00675709 -0.00489419 0.0739376 0.0410895 0.0458367 0.0166049 0.012948 0.0240252 0.045182 0.0312468 0.0592226 0.00206807 0.0104956 -0.00805662 0.0110805 0.0170667 0.0511077 0.0207221 0.0704022 0.0135481 -0.000118332 0.05289 0.0456287 0.0513243 0.0561115 0.088563 -0.0224905 0.00892729 0.0225371 0.0169295 0.00195066 -0.0131785 0.0316884 0.0839829 0.0219501 0.030583 0.0160094 -0.0085641 0.046949 0.0499256 0.0289386 0.0449566 0.0562827 0.0254161
internal_weight=3769.2 2297.83 1471.37 1016.62 1281.21 622.056 862.02 1095.32 849.314 154.599 233.795 529.382 29.855 840.408 173.667 666.74 5.74084 3.83684 628.224 169.674 4.48016 254.915 215.475 33.7639 92.6732 67.7291 36.4818 32.232 17.5342 156.573 151.857 58.5215 458.551 296.904 26.4141 20.2319 7.39401 270.49 28.3901 17.0944 89.838 81.6936 77.0121 21.2311 499.527 64.7606 45.4456 126.376 63.4507 42.9362 62.9256 8.60098 54.3246 48.2546 257.588 38.4188 7.84383 185.886 514.884 90.4399 66.4729 424.444
internal_count=58315 23088 35227 13450 9638 12015 12186 8645 23212 1264 3649 10791 566 7149 1679 5470 105 69 8537 2775 74 1496 1266 234 1224 888 471 422 214 1546 1505 1090 5762 3778 360 278 101 3418 202 133 653 584 545 149 10225 611 411 1247 598 401 649 89 560 496 3255 546 106 993 3965 694 501 3271
is_linear=0
shrinkage=0.05


Tree=17
num_leaves=63
num_cat=0
split_feature=163 163 163 130 130 131 8 130 177 163 130 18 106 109 131 171 171 163 156 60 138 38 78 180 180 23 130 8 180 57 177 43 79 152 129 168 160 2 150 131 162 103 24 136 166 94 172 127 130 120 122 94 132 25 128 71 71 138 136 57 103 153
split_gain=761.465 124.76 85.6913 57.1866 39.7289 34.6905 21.4882 18.8313 18.3904 17.7745 17.3108 18.0815 24.5666 16.8167 16.5132 16.3079 16.2912 15.987 15.976 15.2403 15.2097 15.0043 14.9018 14.0489 14.0808 13.3436 13.2931 14.7172 13.2369 13.2292 14.5316 12.6579 12.3687 11.9781 11.8214 12.5326 11.7799 11.6991 11.4075 11.2984 10.9818 10.908 10.8366 20.7758 10.8033 13.0958 16.7389 12.1889 10.6952 12.4342 11.0284 10.629 10.6265 10.6063 10.4296 12.7075 14.9919 10.4114 14.0842 16.085 10.2319 10.2039
threshold=-0.4867219192820027 0.27823121701097991 -1.3559553309891796 -1.620185174601964 -0.71949648814961231 0.1368198730104053 11.500000000000002 -1.2139253079861538 -0.70394654519980604 -1.978343345864843 -0.43295703757687681 3.3666666666666671 -0.87831006565367986 0.68258315867290598 1.0000000180025095e-35 2.6537513598974596 -0.93177518025394646 -0.8873403869989045 0.45708673802436506 0.1539907460960093 1.4422645286099247 5.5000000000000009 0.15476190476190479 1.973874001616615 2.5183057128214084 0.80018315018315034 0.28867513459481181 10.500000000000002 -1.0000000180025095e-35 0.077233280623637504 0.19434062409948402 5.6770833333333348 0.64583333333333337 -0.25384761018313456 -1.0000000180025095e-35 -0.49156707873478067 0.79007832198911332 55.750000000000007 0.90510455138513279 0.91470268566798862 0.20421761722238638 -0.53424399207691009 119.35000000000001 -0.054676028539006653 -0.21131477489251652 2.0608928422134727 -0.14937751902271015 1.4238295842868451 0.80997817466865418 0.18734490708592719 1.0521067574309668 1.8683790818912749 1.207107114329443 37.306250000000013 -0.29101341161432204 0.018860049963448859 0.26499850664491509 1.3703143220002503 -1.2648847243746082 0.069121589491947646 0.92037391751628195 -0.88249322282608988
decision_type=2 2 2 2 2 2 2 2 2 2 2 2 2 2 2 2 2 2 2 2 2 2 2 2 2 2 2 2 2 2 2 2 2 2 2 2 2 2 2 2 2 2 2 2 2 2 2 2 2 2 2 2 2 2 2 2 2 2 2 2 2 2
left_child=2 4 9 20 8 6 18 -3 -2 22 13 12 -12 16 15 26 -7 32 19 48 21 34 -1 25 -25 42 27 28 -6 30 -20 -14 44 61 -4 -36 54 -27 -15 -40 57 -34 51 -44 47 -46 -47 -8 49 -5 -50 -10 53 -22 -30 -56 -57 -9 59 -59 -19 -18
right_child=1 7 3 5 14 10 17 40 23 -11 11 -13 31 38 -16 -17 33 60 29 -21 52 -23 -24 24 -26 37 -28 -29 36 -31 -32 -33 41 -35 35 -37 -38 -39 39 -41 -42 -43 43 -45 45 46 -48 -49 50 -51 -52 -53 -54 -55 55 56 -58 58 -60 -61 -62 -63
leaf_value=0.065762161913510433 0.10914694593411858 -0.006862342111165709 -0.029645708712995253 0.032917851621965658 -0.0089879278414784613 -0.038927051563568238 0.026727184726034553 -0.034662872849100156 -0.0087340133330500412 0.030201220542156078 -0.014933193287043348 -0.03098875927161588 0.12955376945244165 -0.036665766926218951 -0.031238123244265961 0.1092355567388579 0 0.002347552777638315 -0.017246089580723239 0.089923950339762221 0.058406698572123897 0.074595045911415844 0.016835495041150794 0.12201805058402998 -0.020322188651361699 0.10734185529158753 -0.026649607589686947 -0.011446752767166481 0.15525763952518479 -0.011753495276524724 0.038995000814465788 -0.014429123571155906 0.11798040111165481 0.020562794477273372 0.082317645372493101 0.015845003559422196 -0.038676531894413356 -0.012795512316172906 0.099166176825915053 -0.027154795594117199 -0.045155185838078184 0.017081651624870121 -0.03424038096572344 0.097460487931441825 0.0062138391657444612 0.11839187456728353 -0.026356283003084725 -0.024359832240661048 0.10081026115104917 -0.016562236285971338 -0.011106366659970208 0.076958754296686166 -0.025059557979847821 -0.028590522308545138 0.012718790101017636 0.14307942034933571 -0.027891823823019052 -0.025408252068584599 -0.015203394649488148 0.18648946111339798 -0.038505342151897964 0.11119815900914481
leaf_weight=67.572674237191677 4.0575049854814997 43.637208741158247 5.9592171907424918 91.194211348891258 21.608716443181038 8.2431786209344846 165.2178284265101 263.05889018252492 82.874276921153069 643.61451062560081 17.04508022591472 98.35855719819665 4.6977456696331492 24.993244908750061 141.84589582309127 1.7649164125323284 2.7046570330858231 311.69771850854158 14.418666087090967 12.109608869999645 12.590839631855493 48.906776309013367 21.611221723258495 4.2945468463003627 2.1288886852562428 4.7409714981913558 125.42673050239682 339.39428937062621 1.628037229180342 38.254672978073359 45.954785879701376 1.7511181235313413 4.4217954650521278 41.28796624392271 11.43095099180937 18.52183748036623 2.9159861132502547 2.7260939925909042 2.545252736657857 2.7803371176123619 537.29524610191584 6.3722041137516481 4.2601153627038002 6.4499001502990705 322.65563822537661 4.7059847451746464 2.5204286724328986 11.692923251539467 8.777882441878317 13.956281967461107 2.5023629367351523 2.7780633978545657 10.447694987058638 3.9479982629418364 13.267226882278921 3.8288144022226325 1.2947111539542673 1.1392403766512864 11.374518454074858 1.0831609889864919 15.114499077200888 6.700818330049513
leaf_count=340 37 702 45 824 364 102 1585 6963 1078 4124 252 1603 65 299 3043 38 32 4389 158 102 83 270 112 46 27 49 2575 6812 28 333 368 27 41 465 67 109 48 33 29 31 15704 60 58 71 3161 45 25 123 83 142 24 37 111 26 214 68 23 30 298 28 212 74
internal_value=-0.000311481 -0.0260765 0.0193692 0.0120745 -0.011398 0.00906009 0.0127106 -0.039175 0.0156723 0.0332084 -0.00941836 -0.0216113 0.0171062 0.00722718 -0.0161613 -0.0119147 0.0227147 0.00900925 0.0263468 0.0379249 0.0462261 0.0565622 0.0542797 0.0112372 0.0777867 0.00636966 -0.0125575 -0.00788358 0.0188111 0.0109779 0.0254196 0.0930972 0.0144678 0.033394 0.0305131 0.0432145 0.0444929 0.0665602 -0.0224832 0.03856 -0.0408906 0.0653379 0.00101845 0.0461966 0.013248 0.00783935 0.0702319 0.0232045 0.0317544 0.0262093 0.0766933 -0.00504088 0.012701 0.0369084 0.0581092 0.041688 0.101559 -0.0324576 0.00931693 0.102139 0.000331227 0.0818502
internal_weight=3752.15 1624.87 2127.28 1394.48 767.286 1282.68 1071.57 857.588 114.31 732.798 211.108 121.853 23.4939 89.2555 652.975 511.129 58.9366 844.399 227.168 128.54 111.805 84.8188 89.1839 110.253 6.42344 103.829 509.365 383.938 44.5435 98.6281 60.3735 6.44886 517.587 50.6934 35.912 29.9528 22.9348 7.46707 30.3188 5.32559 813.951 10.794 96.3624 10.71 506.793 329.882 7.22641 176.911 116.431 105.15 11.2802 85.6523 26.9865 16.5388 20.0188 18.3908 5.12353 276.656 13.5969 2.2224 326.812 9.40548
internal_count=58315 38374 19941 15365 14649 14654 11675 23725 1436 4576 2979 1947 344 1032 13213 10170 673 9641 2034 1175 711 491 452 1399 73 1326 10132 7557 745 859 526 92 5040 571 221 176 381 82 359 60 23023 101 1244 129 4939 3231 70 1708 1073 966 107 1115 220 109 333 305 91 7319 356 58 4601 106
is_linear=0
shrinkage=0.05


Tree=18
num_leaves=63
num_cat=0
split_feature=70 70 70 130 130 130 30 71 81 26 130 83 59 1 108 57 15 137 130 8 70 163 8 95 63 63 152 25 30 130 102 130 172 70 63 76 82 163 43 64 179 70 155 28 152 118 129 153 177 130 130 165 70 56 155 176 139 93 137 176 134 107
split_gain=724.589 105.36 87.7411 38.6974 32.7941 30.8149 30.268 24.0395 23.8919 19.1615 19.1206 18.3211 14.2649 15.5016 14.334 14.2439 14.0767 13.7705 13.6941 12.6849 14.1152 12.1061 16.673 16.0164 11.9735 11.6447 11.5271 11.3454 20.9 13.4368 13.2943 11.9954 11.3214 10.9595 10.705 16.8315 17.8724 12.1362 10.4619 10.3725 10.3033 10.2804 16.8877 15.3883 11.5062 13.413 10.2114 10.1767 12.6506 9.97655 23.7259 11.7144 13.1237 14.4001 13.7248 12.6042 10.9452 11.8803 10.4097 11.9225 11.0055 10.0345
threshold=5.8851648351648365 1.9145896656534955 18.381962864721491 -0.84009746585355716 -0.71949648814961231 -0.50310183242102102 30.500000000000004 -1.5274184678481413 1.5000000000000002 36.45000000000001 -0.94387980744853917 0.36939571150097467 64.500000000000014 10.500000000000002 1.3067682218914973 0.084203783730140841 0.71877670940170957 -1.7887132541106492 1.3333333333333328 9.5000000000000018 2.8060035842293911 -1.886116092014045 15.500000000000002 -0.71737036348730865 3.8014084507042258 5.6761663286004067 1.269532605291863 36.684523809523817 213.50000000000003 1.3333333333333328 1.1165781850555547 -0.50310183242102102 -0.47628877074971981 49.732057416267949 5.6761663286004067 0.89000000000000012 0.042572463768115944 -0.53387755840289619 7.8944444444444457 0.10838773412364668 0.80547865972498023 3.0674242424242428 0.21965028936953418 37.850000000000001 0.7851057563466427 0.73603626722340809 1.7195440403871689 1.3052277090656665 1.8467648592737744 0.80997817466865418 0.059241477594276802 -0.84310063656754608 1.4508064516129033 7.8948801599621152 -0.049881452033887413 -0.36491892987737679 -0.7403426475451288 0.39091575314653637 -0.57540413323748063 -0.26054069665470098 0.79333221839227819 -0.75889980005276636
decision_type=2 2 2 2 2 2 2 2 2 2 2 2 2 2 2 2 2 2 2 2 2 2 2 2 2 2 2 2 2 2 2 2 2 2 2 2 2 2 2 2 2 2 2 2 2 2 2 2 2 2 2 2 2 2 2 2 2 2 2 2 2 2
left_child=1 5 4 15 -2 21 8 9 -5 12 33 -11 13 -7 -14 16 -3 -17 -16 20 -8 -1 46 -24 -12 -22 49 -21 29 31 40 -29 39 -4 35 37 -37 -6 -32 -28 41 -30 44 -44 -43 -46 -23 48 -34 50 51 52 53 54 -9 -54 57 -52 59 -53 61 -60
right_child=2 3 10 6 34 7 19 26 -10 11 24 -13 14 -15 18 17 -18 -19 -20 27 25 22 23 -25 -26 -27 32 28 30 -31 38 -33 47 -35 -36 36 -38 -39 -40 -41 -42 42 43 -45 45 -47 -48 -49 -50 -51 56 58 55 -55 -56 -57 -58 -59 60 -61 -62 -63
leaf_value=0.068343629026878294 0.0086688219801224937 0.01398877877180303 0.0079054337780422226 -0.041785636586442354 0.074143856773362979 0.066690500545958209 0.062243200976639525 0.10223623853125229 -0.0055101389901456542 -0.00960381394774883 0.04108029405197753 0.054959956576536996 0.032800585300729247 0.005620558281748643 -0.028597118143929318 -0.023014158750287242 0.061572067118808166 0.076091124009658007 0.057108237544763789 0.0073612937941960471 0.075189002167560637 0.047893811056926319 0.026297529136716333 -0.040549440493149486 -0.04502289667191324 -0.0056169138060528081 0.11997328624815154 0.019236517638251235 -0.015973640176287735 0.052748437834738052 0.13522127977768636 -0.040159587844409178 0.10736267231024521 -0.042881996590377752 -0.023154213430902529 0.0037654751693224375 0.18200490403311745 -0.019470258281776714 -0.010657289753865118 0 -0.040985871895535729 -0.023314884566793297 0.0089028503218136212 0.18686944956946827 0.15396666986450314 -0.027535198818352719 -0.034258842379993944 -0.0092038233526614052 -0.0061131947536914207 0.032415387313650484 0.11364983567817639 -0.016456270187880595 0.086243405131624901 -0.031232088166951312 0.017026499502426417 -0.020645037675716113 -0.01593697107708952 -0.023034490367415301 0.061813700260646837 0.094025923232772535 -0.015005335728387793 0.012647533450734001
leaf_weight=33.673614293336868 105.97775137796998 123.55011901259422 29.063276786357164 59.603280857205391 2.8841642253100863 55.608764816075563 19.511834185570478 14.987199615687134 184.17846561595798 49.345924846827984 3.2735913507640353 13.045767202973364 289.26863704994321 13.189544931054114 17.95097337663174 3.6025067120790508 17.109303146600723 21.181885596364737 5.1764775812625876 478.7938669025898 4.3455981127917793 160.89439352229238 100.63305284827948 8.8845695778727514 617.91375394165516 25.771098330616951 6.2804289273917693 9.1986581012606603 9.5828454941511207 4.1171011924743643 2.9528347924351683 57.912215545773506 4.7266414463520068 15.427092250436543 560.63783094659448 3.3783637173473826 1.5424493998289106 30.803113412111998 1.4970218352973459 2.4567565359175205 7.3603028059005728 7.5606809929013234 2.1779432892799369 2.3217057622969151 1.3951183259487154 1.2531783059239385 3.130319006741046 11.25144726783037 3.9832477048039436 58.540084559470415 2.5185704119503489 3.0522401817142963 2.5173168741166583 2.9994037672877303 7.5812905728817013 11.741551890969275 89.710118446499109 2.2963464930653572 9.9143071584403497 6.8908886909484846 34.37256970629096 293.06823816522956
leaf_count=157 1467 1044 532 1028 40 315 189 110 2817 385 100 89 1708 79 134 32 116 141 30 6420 51 1021 617 69 19052 364 54 137 130 57 44 916 39 358 12514 69 28 654 21 20 113 127 36 39 20 21 23 97 33 506 26 34 27 23 62 116 966 23 100 65 327 2383
internal_value=-0.00029746 0.0164664 -0.0292079 0.00459312 -0.0168699 0.0258536 0.000403214 0.0215948 -0.0145342 0.0303321 -0.0422265 0.00447128 0.034529 0.0553025 0.0297763 0.0267012 0.0202057 0.061158 -0.0076351 0.00615271 0.0301862 0.0397573 0.035984 0.0205115 -0.0444958 0.0079237 0.0147319 0.00406127 -0.0105459 -0.0261642 0.0200085 -0.0317821 0.0452174 -0.0101508 -0.0214017 0.00386277 0.0817835 -0.00940483 0.0922769 0.0899938 0.00718039 0.0230159 0.0481362 0.11892 0.00866586 0.0827034 0.0460976 0.0220217 0.0596674 0.0130225 0.0105929 0.0160756 0.0415406 0.0623185 0.0757613 0.00231312 -0.0117424 0.0548512 0.0130301 0.0612497 0.0114173 0.0144709
internal_weight=3735.57 2364.67 1370.9 1044.98 705.224 1319.69 879.534 1012.47 243.782 443.586 665.678 62.3917 381.194 68.7983 312.396 165.444 140.659 24.7844 23.1275 635.752 49.6285 307.216 273.542 109.518 621.187 30.1167 568.889 586.123 107.33 71.228 36.1016 67.1109 28.6985 44.4904 599.246 38.6081 4.92081 33.6873 4.44986 8.73719 31.6518 24.2915 14.7086 4.49965 10.209 2.6483 164.025 19.9613 8.70989 540.19 481.65 387.125 39.8268 25.5679 22.5685 14.2589 94.525 4.81492 347.298 9.94313 337.355 302.983
internal_count=58315 23501 34814 13863 14772 9638 12530 7751 3845 2740 20042 474 2266 394 1872 1333 1160 173 164 8685 604 1887 1730 686 19152 415 5011 8081 1661 1110 551 1053 243 890 13305 791 97 694 65 74 486 373 243 75 168 41 1044 169 72 4768 4262 3247 338 195 172 143 1015 49 2909 99 2810 2483
is_linear=0
shrinkage=0.05


Tree=19
num_leaves=63
num_cat=0
split_feature=70 70 70 130 130 131 130 71 38 9 122 130 130 122 81 129 69 61 130 30 118 15 71 70 166 91 24 70 8 156 65 155 70 1 172 157 94 94 102 91 58 120 174 172 103 162 168 118 68 30 59 127 164 122 126 119 44 109 126 160 148 117
split_gain=666.73 106.132 73.4207 41.8693 40.541 30.2807 27.2888 21.7372 13.7547 14.17 13.4379 13.3398 13.1897 12.5079 13.1264 12.3294 12.1881 12.6194 12.1064 19.7337 18.222 15.4248 12.0792 11.8633 13.4509 11.941 12.4169 11.6626 12.6683 11.1605 15.0197 14.4009 11.1428 11.7122 11.071 13.0774 10.8005 10.7466 12.7829 11.8193 18.4842 17.1664 10.6245 10.5607 16.2534 10.4929 15.4304 18.0181 10.3998 10.1318 9.94735 12.1221 9.91401 9.89498 10.8682 11.0934 12.133 18.8057 20.2533 16.7622 11.7982 11.2771
threshold=6.7013513513513523 1.9145896656534955 25.011111111111116 -0.71949648814961231 -1.620185174601964 -0.22423978457638691 -1.0871858257111537 -1.799369580914014 5.5000000000000009 8.5000000000000018 -0.48359646318311245 0.50017734271933001 -1.1776040564033419 -0.41849169591792085 1.5000000000000002 -1.0000000180025095e-35 6.5000000000000009 0.13895117090184358 -0.31622776601683678 241.50000000000003 0.66200412921906193 0.67504208754208772 -0.9919769783002057 4.7900856793145667 -1.2172423870936111 -1.3534569342135916 91.750000000000014 3.7734604105571852 14.500000000000002 -1.3192393201167343 8.416316526610645 1.0000000180025095e-35 4.5400641025641031 10.500000000000002 0.59681386868666642 -0.51069871576394987 0.88239324707824252 1.3215905499080567 -0.47287308490814423 0.95795720005652896 7.4009996279300516 -0.080740847486831732 -0.48760571873683028 0.028104325636538311 -0.62323196251158786 -0.73104688705297771 0.81760075955799238 0.29824907139340567 0.29356452726017951 180.50000000000003 45.500000000000007 -0.37589786489072502 -0.33358190418982658 -0.83430206308545352 0.99191938025887427 -1.0111522754765649 1.0000000180025095e-35 0.7071499474635653 -0.055359820016594626 -0.54233430174470965 -0.37748506189881581 -0.10604394139615229
decision_type=2 2 2 2 2 2 2 2 2 2 2 2 2 2 2 2 2 2 2 2 2 2 2 2 2 2 2 2 2 2 2 2 2 2 2 2 2 2 2 2 2 2 2 2 2 2 2 2 2 2 2 2 2 2 2 2 2 2 2 2 2 2
left_child=1 6 3 53 8 12 49 45 15 -10 11 42 -6 14 -14 -3 29 -18 21 -20 -21 23 -12 24 -7 26 -26 -23 -29 30 31 48 33 -19 35 -11 -24 -31 43 40 -40 -42 -9 -39 -45 46 47 -8 -15 -1 -47 -52 -17 -2 55 -55 61 58 -58 -60 -61 -57
right_child=2 4 -4 -5 5 18 7 10 9 34 22 -13 13 16 -16 52 17 32 19 20 -22 27 36 -25 25 -27 -28 28 -30 37 -32 -33 -34 -35 -36 -37 -38 38 39 -41 41 -43 -44 44 -46 50 -48 -49 -50 -51 51 -53 -54 54 -56 56 57 -59 59 60 -62 -63
leaf_value=0.044198692260887282 -0.029466988747857605 -0.04064890467897711 -0.044566652247952449 -0.024827218893557865 0.046027443510433363 0.090092349466451643 0.048689042023447066 0.022551725268947338 0.090431897560203228 -0.026611754036679088 0.024082095071060752 0.028363887163947273 -0.03132040475311236 0.14442460101722468 0.0025320124591043359 0.048398721165617505 -0.014066588643005347 0.14112719628606279 -0.028911457747204685 -0.0030071141690389169 0.099909853146464861 0.0021388591483050686 0.01402140573715312 -0.035073809674398972 0.1104398689250134 -0.0095805786334263263 0.0019834850931012612 0.16277403410052962 0.020244153358747678 0.0072633932465603736 -0.018993041999745188 -0.0063013746675196353 -0.003295609216197377 -0.01154009465178019 0.083717755216186518 0.040568758105019177 -0.020901089569382057 -0.032063252567342104 0.0091812381009424952 -0.0059566080505421802 -0.018534090389206965 0.12824872597545001 -0.010554834227790095 0.13789905610178418 -0.018577125326259211 0.06778771517691827 0.0070877933845657744 -0.001033709033329641 0.0092786143812576133 -0.006764841558988148 0.070966232216026021 -0.011491500990992307 -0.012827569751069925 -0.033270253919616265 -0.014945212028706176 0.039827042338286267 0.012934744721855601 -0.032642688724998106 0.0080792080465205123 0.026297735356005228 0.17893980813119073 -0.011734506731715444
leaf_weight=185.0806914716959 13.47244483605027 7.9225360453128806 517.4399763289839 617.45489993691444 19.108851879835129 3.1015739627182475 172.08637379109859 30.54735567048192 15.808373272418974 10.032086282968519 538.90823785960674 44.862185377627611 43.483011890202761 5.7640278004109842 79.34978736191988 17.461825609207157 90.941401429474354 2.8393983915448171 140.6789218634367 18.970332857221369 4.5100425370037547 7.3010332472622377 130.77899192273617 28.173118777573109 3.4555596299469453 76.152322806417942 6.8035921789705753 2.4447062648832798 3.6245929300785065 453.84945514053106 4.8445690795779219 3.2019974812865257 6.1803351864218712 1.572088051587343 7.600497141480445 20.363822832703594 25.592941258102655 10.212021410465239 8.3122513033449703 6.2796798795461646 2.0416425094008455 10.977968629449602 103.18811025097966 1.846877437084913 3.3895568735897532 5.3284197375178328 35.197767145931721 20.09770305454731 2.0888915024697781 9.8532684221863729 4.1631627082824698 31.582758359611034 9.5854302644729596 6.6062711402773848 22.195123072713614 19.730338092893358 7.8274560496211114 4.0021775923669329 2.918155204504731 2.0777082331478622 6.6437637582421223 20.784586273133758
leaf_count=930 225 68 16475 15088 122 36 936 291 97 70 3965 377 693 75 1130 128 1589 43 2525 326 70 85 1247 455 41 1006 88 35 54 5730 64 38 111 24 46 124 258 129 108 77 28 135 1011 23 43 28 197 133 25 63 24 178 76 110 360 262 119 62 42 31 86 300
internal_value=-0.000281788 0.0147007 -0.0301811 -0.0198416 0.00348343 0.00072432 0.0242521 0.0212578 0.0357362 0.0514216 0.0173871 0.0050813 0.00602978 0.00492525 -0.00956757 0.0107049 0.00784194 -0.00789797 -0.0128248 -0.0218316 0.0198304 -0.00142531 0.0205291 -0.00737496 0.00157885 -0.0025353 0.0455229 0.0474648 0.0932666 0.0109774 0.0510707 0.0812178 0.0412789 0.0937194 0.0331604 0.0180954 0.00817748 0.0095845 0.0332152 0.0530178 0.0700919 0.105194 -0.0028444 -0.00294602 0.0490723 0.0337277 0.0379284 0.043485 0.114149 0.0415758 0.0100055 -8.20389e-05 0.0268384 0.00904437 0.0149441 0.0244892 0.03095 0.0589009 0.0786408 0.117912 0.149536 0.0136095
internal_weight=3718.7 2477.54 1241.15 723.713 1140.27 1051.5 1337.27 1142.33 88.7746 53.8048 873.878 178.598 756.284 737.175 122.833 34.9698 614.342 101.533 295.216 164.159 23.4804 131.056 695.28 117.686 89.513 86.4115 10.2592 13.3703 6.0693 512.809 15.8995 11.0549 10.5918 4.41149 37.9964 30.3959 156.372 496.909 43.06 27.6115 21.3319 13.0196 133.735 15.4485 5.23643 268.456 227.382 192.184 7.85292 194.934 41.0743 35.7459 27.0473 106.258 92.7856 70.5905 63.9842 23.4693 19.4671 11.6396 8.72147 40.5149
internal_count=58315 25155 33160 16685 15517 14908 9638 8645 609 337 7149 1679 10187 10065 1823 272 8242 1767 4721 2921 396 1800 5470 1626 1171 1135 129 174 89 6475 202 138 178 67 240 194 1505 6273 543 348 271 163 1302 195 66 1496 1266 1069 100 993 230 202 204 1597 1372 1012 902 340 278 159 117 562
is_linear=0
shrinkage=0.05


Tree=20
num_leaves=63
num_cat=0
split_feature=163 69 95 130 130 163 130 39 130 131 30 161 30 8 38 130 130 168 68 162 63 115 68 85 111 60 25 161 130 83 104 63 65 154 167 152 165 175 165 59 64 83 131 16 180 93 130 66 123 56 180 138 128 66 61 163 105 51 65 180 136 27
split_gain=579.794 108.324 69.4082 35.1445 30.6221 29.476 26.0293 22.0971 20.6185 18.058 15.7148 15.3043 14.8667 14.1288 16.6016 20.0677 13.6117 15.2436 14.6699 13.4503 13.5041 13.3894 13.4968 13.1916 12.9683 13.2446 12.8305 12.613 12.5988 12.7585 12.2746 12.0596 15.3508 12.6136 20.597 17.1231 11.9687 11.8515 11.7402 11.1096 10.9273 16.0969 10.8111 10.7926 10.5856 13.9206 10.5558 10.5413 10.5148 13.6075 11.942 11.9034 10.4419 16.4725 11.6558 11.6531 13.6122 13.6555 10.7757 10.3275 10.3085 13.0411
threshold=-0.2140608054589094 3.5000000000000004 1.0000000180025095e-35 -1.7888543819998317 -1.620185174601964 -1.7710248756693125 -1.2607822616994955 2.5000000000000004 -0.6833989493133269 -0.1243622577957639 183.50000000000003 -1.5652475842498523 122.50000000000001 12.500000000000002 9.5000000000000018 0.3019839540721983 -0.43295703757687681 -0.71285061808166672 0.33161512027491413 0.30403907331007568 3.8014084507042258 -0.76731338682065642 0.14824989824989829 0.92125000000000012 -0.014249851656455753 0.12452096028191764 33.312500000000007 -1.5652475842498523 -0.35250218189524074 0.25677655677655681 -1.0000000180025095e-35 5.7147817460317469 6.6848570577724846 -0.19744195927536554 -0.52613022665543663 0.40292148132234862 -0.44375036764646253 -1.4478066383910182 -0.69501968160244376 823.50000000000011 0.023866484392800185 0.26393188854489169 0.42811471012308433 1.0000000180025095e-35 -0.58470712594513097 0.33637779006556529 0.80997817466865418 40.500000000000007 -0.26273006582979269 7.6177029522385364 1.5620095623977339 1.7419768989452908 0.66208566171487948 159.50000000000003 0.094466316710411211 -1.0756135986763626 -0.39327358928536105 1.9500000000000002 6.0432908545727146 -0.8799437298859053 -0.32744625413505585 90.050000000000011
decision_type=2 2 2 2 2 2 2 2 2 2 2 2 2 2 2 2 2 2 2 2 2 2 2 2 2 2 2 2 2 2 2 2 2 2 2 2 2 2 2 2 2 2 2 2 2 2 2 2 2 2 2 2 2 2 2 2 2 2 2 2 2 2
left_child=1 3 8 10 -3 11 43 13 60 31 -1 -5 16 14 15 44 17 30 27 20 -8 -14 -23 -18 25 -24 -17 36 29 37 -9 32 -6 38 35 -35 -19 -11 -34 -22 41 47 -10 48 45 -7 59 -33 -4 -50 51 -51 54 -54 -15 56 57 -56 -57 -25 -2 -62
right_child=2 4 6 5 9 7 19 12 42 28 -12 -13 21 52 -16 26 23 18 -20 -21 39 22 24 46 -26 -27 -28 -29 -30 -31 -32 40 33 34 -36 -37 -38 -39 -40 -41 -42 -43 -44 -45 -46 -47 -48 -49 49 50 -52 -53 53 -55 55 58 -58 -59 -60 -61 61 -63
leaf_value=0.050727109014676336 -0.012659257391336521 0.031706854882458745 -0.015887166707977556 0.024025359890620154 -0.021152113719177228 0.075705368776441129 0.071104495052348338 0.1258707560361971 -0.012364434998917744 0.086509290001892614 -0.021041943209765452 0.05242912596339059 -0.010511324142340156 0.0087305370825849701 0.061645808501186873 0.065273914663783836 -0.036319425739675372 0.090488399183442203 0.0419070870205119 -0.045445008790919096 -0.033377208631888949 -0.033143623315837513 0.11530022011932656 0.06936582805275672 0.017130046591355079 -0.0089079027129076848 -0.018415342920018209 -0.017893342752148513 -0.027704491705450293 0.028753378092620088 -0.0090753516677767945 0.062916462537745937 -0.0051648318637325559 0 -0.0088631429531526012 0.14019071870946792 -0.0078342676237416597 -0.018183642692303412 0.12152962388885272 0.079167429051710092 -0.0037155245522400302 0.12081125523185852 -0.036859008380463847 -0.037508697474531033 0.02384433289686759 0.015305580562005386 0.060872437574514909 -0.0046146451343630603 -0.013700495913739012 0.12009449074079635 -0.031989578284908178 -0.01386852544207311 0.0196090701637881 0.08782030663575234 0.031209295559866807 0.073987720779660163 0.0061080260839101131 0.083453593267888815 -0.015211528150511897 -0.01471605998124474 -0.0090595106954181968 0.051121043863603333
leaf_weight=115.90739174187183 20.385790999978781 63.155061081051826 13.699806392192839 115.29188170284033 12.696512151509522 23.530036341398954 2.2263202443718901 3.785761684179306 276.25931235030293 1.8272371180355538 7.5289790630340567 85.18245929479599 14.067724592983721 489.22846649214625 30.279447954148054 4.1814953163266173 46.337615001946688 4.7981834709644318 18.219057593494654 430.08195039443672 341.28735780902207 3.6649053096771267 10.75780323520303 2.9749839194118968 10.363758292049168 2.3688877858221522 38.319730509072542 53.59637987986207 116.15868829190731 22.843420803546906 2.3041649311780921 6.7017509862780633 2.2294907122850418 3.6461108960211259 17.571336496621374 4.3747505135834217 6.1493957787752134 63.229694243520498 6.3561113364994508 1.2661487087607373 494.36451790109277 2.9677283689379683 53.822686474770308 12.318195957690476 272.16513312608004 17.012293141335249 5.3222935087978831 22.243269175291061 6.6533439196646276 7.3020299784839136 1.6891411803662766 1.7509870529174802 37.687132135033607 11.090006709098814 89.650309447199106 2.8443304859101799 45.108149468898773 14.461438275873659 27.171443484723568 43.585669413208961 13.155516359955071 25.046028401702642
leaf_count=564 268 474 227 622 169 174 63 27 5633 27 46 422 132 3964 221 33 665 29 147 14319 10286 38 95 31 104 24 364 468 2273 323 22 108 31 50 229 54 38 934 80 38 7424 40 1198 230 1992 123 53 328 109 112 27 32 315 87 613 30 347 98 294 490 165 304
internal_value=-0.000634299 0.0131249 -0.0290723 0.020545 -0.00148866 0.0184472 -0.0373335 0.0157264 -0.0116158 -0.00422979 0.0461755 0.0363194 0.00153547 0.0186557 0.0264007 0.0232176 -0.0044677 0.00962197 0.00348795 -0.0394417 -0.0318289 0.0283574 0.0483289 -0.0172325 0.0620785 0.0934874 -0.00875538 -0.00775439 -0.0169638 -0.00256207 0.0800292 0.00031686 0.0243515 0.0415183 0.0219318 0.0834528 0.0388077 -0.0139024 0.0910017 -0.0327174 -0.00185649 0.026028 -0.0164729 0.000223139 0.0275932 0.0514594 8.42631e-05 0.012433 0.0160291 0.0409337 0.0734832 0.0948845 0.0144552 0.0366708 0.0127743 0.0236744 0.0293641 0.0392387 -0.00448473 -0.00789302 0.015482 0.0305666
internal_weight=3702.25 2495.3 1206.94 1654.94 840.366 1531.5 818.275 1331.03 388.669 777.211 123.436 200.474 228.297 1102.73 385.488 355.209 187.074 88.8529 82.763 774.862 344.78 41.2231 27.1554 98.2206 23.4904 13.1267 42.5012 64.544 204.059 87.9004 6.08993 573.152 46.8743 34.1778 25.5922 8.02086 10.9476 65.0569 8.5856 342.554 526.277 31.9127 330.082 43.4135 312.707 40.5423 51.8829 28.945 31.0953 17.3955 10.7422 9.05302 717.241 48.7771 668.464 179.236 149.22 104.112 30.0158 46.5607 58.5873 38.2015
internal_count=58227 25216 33011 12672 12544 12062 25443 11018 7568 12070 610 1044 2363 8655 2907 2686 1970 731 682 24706 10387 393 261 1239 223 119 397 535 3557 1284 49 8513 613 444 333 104 67 961 111 10324 7900 476 6831 737 2289 297 574 436 507 280 171 144 5748 402 5346 1382 1058 711 324 521 737 469
is_linear=0
shrinkage=0.05


Tree=21
num_leaves=63
num_cat=0
split_feature=70 69 70 130 130 71 122 130 130 130 38 30 165 116 161 70 30 63 119 117 165 6 109 168 90 70 26 176 172 80 30 4 38 131 15 106 75 76 56 10 102 76 168 22 66 93 132 138 148 76 25 127 148 104 130 156 28 38 130 67 177 111
split_gain=569.528 107.157 44.7291 34.9848 31.0855 26.5875 25.8313 24.086 16.8958 22.0648 18.7596 20.4321 20.7475 14.4861 15.8075 14.484 13.945 12.8886 12.794 12.102 18.3118 11.1717 12.0411 14.1401 15.0235 18.4358 16.5493 13.7558 11.1463 11.8973 11.1318 11.1154 13.9823 11.0589 12.4229 15.681 10.9629 10.8892 14.3478 16.4693 12.6275 11.3389 14.5176 10.7571 10.7327 12.4213 10.6136 10.4816 11.7087 12.8441 11.8918 12.9978 11.1873 11.0647 10.4535 10.4116 10.1616 10.0863 9.82501 13.4721 13.8956 17.6618
threshold=8.1584928229665099 3.5000000000000004 25.011111111111116 -1.1547005383792504 -1.7888543819998317 -1.7265555309546394 -0.49277072405852451 -0.72627303920256214 1.4491376746189435 0.10138050357830024 9.5000000000000018 304.50000000000006 0.62387650762626234 -0.84444074320012941 -0.79211803438133932 2.2816506410256419 183.50000000000003 5.4696900114810569 -1.4456075672958797 -0.42172486231886191 -0.55883468278574011 1.0000000180025095e-35 0.68258315867290598 -0.56545703595253249 -0.66600123351585949 14.423659673659676 35.45000000000001 -0.26724293538225202 -0.61562000938174222 0.995 3.5000000000000004 1.5000000000000002 5.5000000000000009 -0.90692391077822021 0.20578703703703707 -0.86294966539635287 1.0000000180025095e-35 0.14500000000000005 7.6269036930814478 1.0000000180025095e-35 0.32334519205990081 -0.63874999999999982 -0.56256256985245245 9.2111111111111121 202.50000000000003 -0.087939842374078148 -0.47571222994883683 -0.29030611932769196 -0.10695162683146797 0.084999999999999978 38.092857142857156 0.87832553557273707 -1.3615905887906485 -0.2922395618748968 -0.55229810196451767 0.73308201161692499 37.250000000000007 5.5000000000000009 -0.36595827291740829 0.079877300613496946 -0.52782002058818722 -0.31528929941851896
decision_type=2 2 2 2 2 2 2 2 2 2 2 2 2 2 2 2 2 2 2 2 2 2 2 2 2 2 2 2 2 2 2 2 2 2 2 2 2 2 2 2 2 2 2 2 2 2 2 2 2 2 2 2 2 2 2 2 2 2 2 2 2 2
left_child=1 4 7 13 16 47 -5 21 9 18 11 30 -13 -3 46 19 -1 37 -7 20 -8 -2 23 -23 -25 26 -26 -28 -12 -30 36 43 -33 34 -20 -36 -11 40 39 -39 -17 42 -42 -16 45 -10 -15 -6 50 57 51 52 -49 55 -37 -54 -14 -50 59 60 61 -19
right_child=2 3 -4 6 5 8 15 -9 44 10 28 12 56 14 31 17 -18 58 33 -21 -22 22 -24 24 25 -27 27 -29 29 -31 -32 32 -34 -35 35 54 -38 38 -40 -41 41 -43 -44 -45 -46 -47 -48 48 49 -51 -52 -53 53 -55 -56 -57 -58 -59 -60 -61 -62 -63
leaf_value=0.047538274729521129 -0.014592456687440448 0.059528873000034156 -0.043368302252566202 -0.02080139201704239 0.033656710245455204 -0.039140900211096195 0.1143102709580246 -0.026503684941284297 0.011133563333497919 0.061924616153845202 -0.033912118072068835 -0.0019998730753572527 0.10691210681296202 0.048733505677131833 0.028654940450577045 -0.014527683022446711 -0.020330406335548896 -0.0067062075915904733 -0.0031949341498858407 0.008350900281288199 0.013626088892386888 -0.014183615062204988 -0.033598215005079965 -0.0052242169801076273 0.005420158360354691 0.011333951349542185 0.20821053773737572 0.036556295098801581 0.048491663428659904 -0.031266742989211477 -0.028895874914824926 -0.033478075908634712 0.032549325699872504 0.015145922669445699 0.11458585312862134 0.060800645971758209 -0.0078033632217646871 0.16265026098920238 -0.034366897252975447 0.0077936776386626598 -0.0093440215429843407 -0.025383204482633766 0.13005330374102675 0.094260130432667691 -0.01586777984454232 0.071623005310669882 -0.04155933268336115 -0.011952593068495762 0.052380583734571079 0.045646125614990235 -0.027363362301272526 -0.0089089096654933562 0.066085717885103507 0.1011413516114595 -0.00038022847637452786 -0.037574632568146984 0.001059533963044674 -0.024986861525611248 -0.0081101680063177875 -0.017994938472476997 0.0060877316338352272 0.10002637675620124
leaf_weight=117.68028926849365 39.396863544359803 22.944421034306288 474.42688112147152 194.54266683384776 286.96685003861785 9.4826797693967801 6.3669621050357845 483.7720426376909 13.160517998039721 5.3043687231838694 5.4802468530833712 23.433922786265612 7.6873958297073823 3.1142201647162464 31.764986976981163 19.410569023340944 7.4401557743549338 5.5727497711777696 12.052046176046131 94.495243955403566 12.862462248653172 9.0198746901005524 6.6729398630559436 6.306600013747814 2.3298925347626191 5.8523410819470874 4.2832104675471792 2.239342149347066 32.07913962751627 4.6629032492637625 84.311946477741003 13.456102415919306 16.979375720024109 846.11176275461912 7.6642815843224517 15.015840813517569 52.188677880913019 3.5843192264437658 1.9300560876727102 3.0269246175885201 2.5633715018630028 2.7856762111186963 4.4055997207760811 7.5383803769946089 6.089983206242322 26.628072414547205 15.576661564409731 3.9814238622784606 3.7960242033004752 9.6899599432945234 6.0555437691509715 8.1871006041765195 4.7050969079136875 13.821736015379431 12.070110574364664 3.2893419787287712 3.2252794541418552 34.740401584655046 459.87561536207795 22.934115551412106 27.315584268420935 10.365943580865856
leaf_count=563 649 168 16355 3532 1512 88 78 12936 110 54 46 228 62 21 257 292 46 93 95 1104 168 138 108 103 36 110 58 30 246 37 991 122 129 6864 51 87 565 46 26 46 40 41 59 50 48 211 125 24 19 60 41 52 27 82 108 20 28 232 7736 366 437 171
internal_value=-0.000603011 0.0116759 -0.0320536 -0.00140895 0.0193942 0.0174215 -0.00479237 -0.0223966 0.0136691 0.0124194 -0.00181505 -0.00903417 0.0250208 0.024845 0.0152248 -0.000164126 0.0433337 -0.0034613 0.0158678 0.0160252 0.0512131 0.00365203 0.0232352 0.0367005 0.0584234 0.0846335 0.126515 0.162636 0.0276997 0.0376769 -0.0174351 0.026152 0.00306196 0.0165007 0.0400589 0.0548698 -0.000336022 0.0243741 0.0708843 0.102746 0.00868911 0.0524078 0.0834135 0.0433886 0.0431745 0.0525015 -0.0245502 0.0290076 0.0136291 -0.00292255 0.0332721 0.0446926 0.0615878 0.0751636 0.0343162 0.0234428 0.0787619 -0.0161072 -0.0055084 0.0123459 0.0285892 0.0642208
internal_weight=3684.72 2650.42 1034.3 983.412 1667 1541.88 872.038 559.873 1166.65 1120.77 218.374 176.152 34.3466 111.374 88.4297 677.495 125.12 563.771 902.397 113.725 19.2294 76.1011 36.7042 30.0313 21.0114 14.7048 8.85245 6.52255 42.2223 36.742 141.805 69.7388 30.4355 892.914 46.8023 34.7502 57.493 37.7065 8.5413 6.61124 29.1652 9.75465 6.96897 39.3034 45.8786 39.7886 18.6909 375.233 88.2666 48.2264 40.0402 33.9847 25.7976 21.8162 27.086 7.99444 10.9127 38.5364 526.064 66.1884 43.2543 15.9387
internal_count=58227 27704 30523 15107 12597 11988 14235 14168 9919 9550 2257 1928 318 872 704 10703 609 9353 7293 1350 246 1232 583 475 337 234 124 88 329 283 1610 558 251 7205 341 246 619 550 118 92 432 140 99 307 369 321 146 2069 557 311 246 205 153 129 195 47 90 251 8803 1067 701 264
is_linear=0
shrinkage=0.05


Tree=22
num_leaves=63
num_cat=0
split_feature=70 70 70 85 171 66 161 63 25 117 63 116 102 167 144 68 131 95 124 68 174 90 158 158 105 103 171 171 63 38 3 90 155 170 38 67 177 172 116 168 12 71 157 165 167 166 167 5 70 116 64 177 159 167 176 157 151 55 153 148 137 102
split_gain=525.895 91.5301 44.4342 21.8771 15.7168 14.2859 17.4592 14.0593 13.3477 13.1645 13.12 12.9346 12.8264 12.6328 14.7851 16.6827 14.5964 14.0713 11.9599 13.4959 20.4037 11.9422 12.5417 12.282 12.6591 16.6327 11.8778 13.0149 11.5457 14.7875 11.5292 14.5196 11.0707 10.9107 10.8079 11.047 14.7606 13.3537 12.6903 10.4214 11.1692 10.4093 10.2255 10.0368 10.5295 9.94165 13.4522 11.2266 17.3876 10.228 10.8372 10.3072 10.6778 9.58469 9.58156 10.7599 16.4827 12.2018 11.1706 13.2247 10.4874 9.80422
threshold=8.1584928229665099 2.1010204081632655 18.381962864721491 0.97875000000000012 2.449358961504827 51.500000000000007 -1.1179185424957534 3.8014084507042258 37.352777777777781 1.6550509588683908 7.1940469412285708 0.068879524304793785 0.51924836536759744 -0.56293014995111024 -0.24194311951776934 0.045983086680761107 0.1624988390920441 -0.89659764705419265 -0.69836294666355159 0.084039548022598873 -0.39337318447097375 1.1919261131419658 -1.213400044796255 -0.15124411774195681 -0.47129007443303622 -0.31572501091096944 0.90389738231697125 1.5969853806382561 6.7727943148297136 8.5000000000000018 517.00000000000011 1.3684281688842168 -0.76750449789389219 -0.51893367154489756 9.5000000000000018 0.056873315363881412 1.4515257895884013 -0.52238227323062458 -0.094398137847406124 -0.49615887024507543 0.83333333333333337 -1.2493190466117861 -0.49210026104003379 -0.60969347290643838 -0.87400716983484361 0.36145384366668204 -0.20211584946783887 1450.0000000000002 4.252659574468086 -1.0451903967309106 0.023866484392800185 -0.65378554894151975 -0.56974104729486774 1.8133375261924072 -0.27341886626886869 -0.44208430229307905 0.17245297680665259 1.175 1.0350240068574064 0.63079045298507996 0.33179018890392376 -0.93437384001340928
decision_type=2 2 2 2 2 2 2 2 2 2 2 2 2 2 2 2 2 2 2 2 2 2 2 2 2 2 2 2 2 2 2 2 2 2 2 2 2 2 2 2 2 2 2 2 2 2 2 2 2 2 2 2 2 2 2 2 2 2 2 2 2 2
left_child=1 3 -2 4 9 6 10 32 34 53 26 -11 -12 14 15 -8 17 43 -19 33 -21 22 -22 24 -24 -26 -3 -28 54 -30 31 -10 -4 -20 35 38 37 -37 42 40 -38 -41 -5 -17 -45 49 47 -47 -49 -15 -51 52 -52 -1 55 -7 -57 58 59 61 -56 -58
right_child=2 5 7 8 -6 28 13 -9 30 11 12 -13 -14 45 -16 16 -18 18 19 20 21 -23 23 -25 25 -27 27 -29 29 -31 -32 -33 -34 -35 -36 36 39 -39 -40 41 -42 -43 -44 44 -46 46 -48 48 -50 50 51 -53 -54 -55 60 56 57 -59 -60 -61 -62 -63
leaf_value=0.011709294134961794 -0.019276230260941839 0.0069732441898407828 -0.018619245994280758 0.0027854098838384724 0.079563909700510971 -0.0031358530534191307 -0.010485883877896488 -0.041248260561406944 -0.0029078656690789731 0.092118680994593069 0.038028137508295951 -0.0070058343324136746 0.171752793921368 0.043875955360440144 -0.015757923956018698 -0.030629764224406414 -0.014265734311577278 -0.011385310437845131 0.20143049736849128 0.0040062355660234706 0.0014912382333033358 -0.0082554190160040435 0.033639908241675023 0.036333468222187436 0.041674326063029572 0.2345164059140446 0.097364222352525662 -0.002998846105108071 -0.0027081506846144722 -0.022333393925399094 0.05133476116945819 0.054356106390647176 0.13204346224358318 0.037344883926249052 0.050929503184498862 0.011606528987489565 0.043019840229631082 0.062316106324096343 0.0020495944706614999 0.024949812851704254 -0.021638092876372569 0.0039874816013950381 0.060953714123249236 0.12589716988537181 -0.0099209788419483969 -0.0044968140635799833 0.0034177478958538178 0.17473877813535652 -0.0022139515835335548 0.037431507054522022 0.092326002518099859 -0.023927196918622884 -0.0091393014603176111 -0.010241163423950081 -0.017537270751402361 0.0079250919861067991 0.0045456556736557371 -0.021638651349842226 -0.0052104100948864437 0.013043353230051511 0.027590258727808993 0.12057784390097089
leaf_weight=522.17058283090591 434.69721833430231 35.806612018495798 2.2173933126032357 12.699620824307205 7.4925031550228587 43.872557174414396 19.445409025996923 565.66515902616084 99.444526109844446 8.5102171674370748 6.231597460806368 4.6921823248267165 2.226411197334528 6.8033513985574237 23.152669377624989 7.2861505262553692 9.1037525646388513 3.9651888310909262 2.8668874017894268 10.941295646131033 2.5524120740592453 2.4044934958219519 2.346729382872577 3.9049934148788603 2.1214143149554703 4.5355659462511557 8.0291831828653795 4.7917366288602343 476.09330613538623 119.61368425190449 13.21004096791148 11.431948453187941 1.1582707781344641 2.2358855195343486 43.87273745238781 18.217589467763901 101.86515260860324 52.183519538491964 93.541232910007238 345.4708452410996 6.4495927169919005 72.651647701859474 18.749262921512127 1.741827920079231 2.5701490789651853 3.2317283414304239 100.38385186344385 2.6770223118364811 2.1021929904818535 8.1210518814623338 3.026411596685648 104.00031824782491 6.64000580832362 53.946286477148533 53.9470657967031 43.355160612612963 2.2808637134730878 3.784760918468236 4.059631284326314 5.6562495902180663 15.796301141381262 13.336238995194437
leaf_count=4553 10600 369 68 84 59 603 307 19820 717 76 60 41 19 85 363 99 152 71 39 163 40 36 34 57 32 68 80 50 6704 2010 90 77 35 32 256 105 601 306 590 1949 49 566 129 23 36 52 1494 30 39 125 42 1597 94 453 760 619 29 55 55 84 227 169
internal_value=-0.000576622 0.0110455 -0.0314037 0.0192886 0.011835 0.000622652 0.00836146 -0.0406091 0.0242634 0.0108322 0.0337014 0.0585246 0.088195 0.00398229 0.0186852 0.0290394 0.0422001 0.0527665 0.0671981 0.0765933 0.0591841 0.0907076 0.105969 0.124675 0.155027 0.187184 0.0225361 0.0619894 -0.00328909 -0.00668796 0.00889898 0.00338474 0.0502964 0.148253 0.026732 0.0251859 0.0280249 0.0496104 0.0114749 0.0250402 0.0389613 0.0213376 0.0384281 0.00364865 0.0573739 -0.00232587 0.00875842 0.0673205 0.109124 -0.0117034 -0.0151809 -0.0192771 0.0278367 0.00963106 0.00754222 0.0162876 0.0279965 0.0564607 0.0686972 0.0826264 -0.00700005 0.105226
internal_weight=3667.38 2663.64 1003.74 1486.6 596.812 1177.04 395.246 569.041 889.788 589.319 57.0855 13.2024 8.45801 338.161 101.175 78.0222 58.5767 49.473 37.8749 33.9097 28.8069 17.8656 15.4611 12.9087 9.00371 6.65698 48.6275 12.8209 781.796 595.707 124.087 110.876 3.37566 5.10277 765.701 721.828 596.838 70.4011 124.99 526.437 108.315 418.122 31.4489 11.5981 4.31198 236.986 108.395 8.01094 4.77922 128.591 121.788 113.667 9.66642 576.117 186.089 116.345 72.4729 29.1177 25.333 21.2734 69.7434 15.6171
internal_count=58227 27704 30523 10701 5182 17003 5688 19923 5519 5123 578 117 79 5110 1552 1189 882 730 572 501 430 267 231 191 134 100 499 130 11315 8714 884 794 103 71 4635 4379 3576 411 803 3165 650 2515 213 158 59 3558 1615 121 69 1943 1858 1733 136 5006 2601 1614 1011 392 337 282 987 198
is_linear=0
shrinkage=0.05


Tree=23
num_leaves=63
num_cat=0
split_feature=95 69 130 130 85 130 131 116 63 130 163 131 109 133 130 131 85 38 119 36 28 26 30 126 124 135 148 117 161 59 167 172 158 161 65 95 168 90 96 65 110 117 175 34 126 102 38 164 68 172 174 172 170 131 173 171 116 170 168 23 148 180
split_gain=460.511 117.627 34.365 29.9267 27.7279 27.3135 21.6839 20.1566 17.4012 18.3466 16.0703 15.1957 13.9464 13.8983 15.6973 15.1146 14.6553 13.6363 23.949 18.4208 13.4778 13.1879 12.7298 19.1556 13.4564 12.7206 12.4711 12.7065 12.2241 11.9108 12.463 13.1907 16.123 20.07 12.5897 12.3536 12.3657 11.8345 11.6579 11.5426 11.9261 11.5218 11.3941 11.1901 14.1866 11.0811 11.0753 10.94 15.8044 11.3615 10.8374 13.1757 13.1567 10.7614 11.0054 12.0871 17.2831 12.3337 11.505 10.7053 10.893 11.8862
threshold=1.0000000180025095e-35 3.5000000000000004 -1.5458093782250992 -0.50310183242102102 0.97875000000000012 -0.73563894583860734 0.70108298316413153 -0.79174159624044438 5.7147817460317469 -0.37796447300922603 0.81150276926692944 1.0000000180025095e-35 -0.36578303551799946 -0.11168240327393632 -2.1206049862436385 -0.39057035980257576 0.12125000000000001 9.5000000000000018 -0.14078112952998179 1.0000000180025095e-35 36.650000000000013 36.050000000000004 122.50000000000001 -0.2819533667205506 -0.51146598327075854 -0.83785547566719465 0.86266002359971927 -0.33150898750006563 -0.79211803438133932 85.500000000000014 0.25875319665630708 -0.47067603280965004 0.83150834132302853 0.165395926940612 8.3789075088623921 -0.53314826822576944 0.16732277000299936 -0.45019482510704695 -0.3088695552973007 7.8003067484662578 -1.3292268246975734 -0.60916842496747892 -0.11754150237593294 2.5000000000000004 -0.99982910364738919 -0.74580992435478299 8.5000000000000018 -0.59446794620120558 0.26268504612744054 -0.45935411730455017 -0.60249828186133214 -0.5725889225894667 -0.65354938879947999 1.3392318445104536 0.69391239891457135 -0.39816253329859619 -0.076313899942408045 0.48623724900236348 -0.44900532504421348 0.49447496947496955 1.0205176726029952 -0.68006662572515142
decision_type=2 2 2 2 2 2 2 2 2 2 2 2 2 2 2 2 2 2 2 2 2 2 2 2 2 2 2 2 2 2 2 2 2 2 2 2 2 2 2 2 2 2 2 2 2 2 2 2 2 2 2 2 2 2 2 2 2 2 2 2 2 2
left_child=1 3 7 13 11 10 8 -3 12 50 53 -5 29 16 -15 41 21 18 19 39 -11 37 -22 -24 -25 -23 27 43 -9 30 31 32 33 34 45 36 -33 -1 -7 -6 -41 -16 -18 44 -21 -4 -42 -26 49 -49 -10 52 -52 54 55 -2 58 -58 -57 60 -20 -62
right_child=5 2 6 4 17 38 -8 28 9 20 -12 -13 -14 14 15 -17 42 -19 59 26 22 25 23 24 47 -27 -28 -29 -30 -31 -32 35 -34 -35 -36 -37 -38 -39 -40 40 46 -43 -44 -45 -46 -47 -48 48 -50 -51 51 -53 -54 -55 -56 56 57 -59 -60 -61 61 -63
leaf_value=0.034647779391566769 -8.8564010399049637e-05 0.070097130096279978 0.04423972838738683 0.0076712278949766441 -0.030318059154048633 -0.027580991428149151 -0.024306974987518846 -0.02987278751004524 -0.015681068231793036 -0.0048653079950964073 -0.032035058562588981 -0.017469801728676151 -0.015918005874785007 0.047339362713369394 0.056755881866540674 0.0016759407445857653 0.016038629540672995 0.041925115486547399 0.020125054506209685 -0.024757652034802194 -0.028880200346732988 0.086123408478321728 -0.020529066294606588 -0.016251727074006499 -0.0063103256436990059 0.013477574598061421 -0.026868188624477068 -0.0028560209743113143 0.023038645344396227 -0.013188333416522681 0.0078352158273059455 -0.012282981152064535 -0.019135919524661361 -0.029674709529740769 0.024195071936512831 0.12772314901707735 0.090172666353134853 -0.034606729422961072 -0.04293217267748263 -0.042996468920221992 0.12217146754315751 0.011856474300652918 0.052742392878825595 -0.0004335787956159375 0.077583183908566056 0.21419921933204891 0 0.023510778786110943 -0.0017121497633376601 0.2044389240040923 0.030345892186440977 0.0087138880641415926 0.1268571425332051 -0.031944616435673902 -0.035008449667644152 -0.02010323228965983 0.19991575889322241 0 0.070149012590321844 -0.019684012250379419 0.098374296523662627 0.03308853954257128
leaf_weight=8.4365917854011077 11.237751966342328 19.371339172124863 1.9842457845807056 483.94198663160205 53.395038198679686 179.22721872664988 140.23978559672832 12.517217025160788 30.136511251330376 572.96022346243262 33.873909667134285 67.554471768438816 20.220958426594734 39.866236656904221 26.553639829158783 111.45536027476192 27.452153567224741 61.145928755402565 475.36499117687345 3.4389240257441989 125.7229320295155 8.4149835482239741 28.175062343478203 4.6709856726229182 2.3649318255484095 18.669780254364014 12.928247556090353 22.673642180860043 56.094995185732841 11.374219786375759 17.349044222384691 12.293930530548097 2.0647538751363745 1.4737847857177246 2.1198216415941715 1.7364325560629392 2.7840512543916693 16.827268674969673 488.40999866835773 3.1322199814021587 2.862834081053732 31.823968537151814 120.47332151979208 9.6047088205814344 20.759331740438942 4.9322818517684937 3.4401347525417805 1.5765725262463082 2.0746579319238663 2.8704538233578205 20.473884079605345 94.530327193439007 3.6722931526601306 9.0150229278951866 5.0771055985242119 5.3262006808072329 2.3425342738628436 0.97576006688177574 7.4671589061617851 14.299877867102621 7.472646251320838 61.844396609812975
leaf_count=59 222 135 25 4515 465 5521 2714 100 467 9802 914 953 321 200 140 813 155 375 2955 25 2476 56 511 94 44 135 104 184 448 171 240 185 29 27 27 23 37 127 18216 30 23 186 620 94 154 61 29 28 40 51 293 1355 52 205 117 115 43 20 147 125 43 386
internal_value=-0.000539868 0.00843218 -0.00359853 0.0168264 0.0130967 -0.0356479 -0.00599858 0.0262921 -0.00331742 -0.00531827 -0.00691912 0.00455653 0.0191137 0.0286154 0.0194166 0.012594 0.0380779 0.0193359 0.0172727 -0.00181768 -0.0085418 0.0148263 -0.0209879 0.00279062 0.0496776 0.0384889 0.0157919 0.0259419 0.0130235 0.031451 0.0424678 0.061817 0.0991641 0.122482 0.148281 0.0296072 0.0107556 -0.0108509 -0.038866 -0.0212909 0.0273257 0.0329755 0.0461179 0.044929 0.0624353 0.177819 0.0640589 0.0829759 0.112552 0.157306 0.0106369 0.017437 0.0496838 0.0137637 0.0271963 0.0397479 0.0662071 0.154257 0.0334788 0.0217929 0.0229251 0.0414966
internal_weight=3652.57 2909.62 1195.79 1713.83 1303.86 742.953 1107.8 87.9836 967.562 889.229 75.3154 551.496 78.3335 409.973 209.699 169.833 200.274 752.363 691.217 132.235 740.416 52.3486 167.456 41.7327 13.5576 27.0848 69.4049 56.4766 68.6122 58.1126 46.7383 29.3893 12.5749 10.5101 9.03635 16.8144 15.078 25.2639 667.637 62.8302 9.43519 58.3776 147.925 33.803 24.1983 6.91653 6.30297 8.88662 6.52168 4.44703 148.813 118.677 24.1462 41.4415 32.4265 27.3494 16.1117 3.31829 12.7934 558.982 544.682 69.317
internal_count=58227 32707 19756 12951 10460 25520 19073 683 16359 15213 1783 5468 1146 2491 1339 1139 1152 4992 4617 1108 13046 377 3244 768 257 191 561 457 548 825 654 414 169 140 113 245 222 186 23737 547 82 326 775 273 179 86 52 163 119 79 2167 1700 345 869 664 547 325 63 262 3509 3384 429
is_linear=0
shrinkage=0.05


Tree=24
num_leaves=63
num_cat=0
split_feature=70 69 70 130 130 39 122 130 69 137 9 132 30 30 30 26 132 48 129 176 32 70 105 106 111 174 138 167 120 63 170 130 93 127 122 159 94 63 180 76 118 131 167 24 167 135 113 118 137 63 154 176 177 9 28 127 137 107 26 4 132 170
split_gain=451.828 76.0835 43.7483 28.272 25.8223 24.1615 23.2065 21.8245 14.3741 14.8909 14.3614 13.6663 15.1591 13.5929 22.257 14.7597 13.3588 34.5308 16.2429 13.189 12.2294 12.1083 12.0012 12.9749 11.5885 11.2577 11.256 17.7665 11.0841 12.0175 10.563 10.5598 10.5171 11.8116 10.7936 10.4192 11.8129 13.2793 13.272 11.6532 12.5807 10.3725 12.6146 10.3028 12.6468 13.7015 11.0211 10.1848 10.5466 10.1822 11.7107 12.15 13.8292 10.1748 10.0607 12.9 11.9282 17.8413 11.1468 10.0602 12.035 10.0499
threshold=8.1584928229665099 3.5000000000000004 25.011111111111116 -1.1547005383792504 -0.50310183242102102 2.5000000000000004 -0.49277072405852451 -0.72627303920256214 1.5000000000000002 -1.1171723851532791 8.5000000000000018 0.65553589921912525 365.50000000000006 3.5000000000000004 30.500000000000004 37.750000000000007 1.5552813831023176 8.5000000000000018 -0.43863201443425309 -0.26740324787348185 1.0000000180025095e-35 2.2816506410256419 0.095042269963489481 -0.76874894888005108 0.80562882764522514 -0.7315688018043226 1.3703143220002503 0.91911857308466038 1.2223278657678882 7.4349237718802952 -0.60927949516077429 -1.2607822616994955 -0.14610383290046836 -0.31842514667585042 -0.92280834485855112 -1.0224251713021617 -0.64415664488526525 6.5669648788697472 1.4564938920208721 0.33500000000000002 1.2395294460895088 -0.73024744892600135 0.59845528640414092 108.05000000000001 0.33380918415851196 -0.31573490819808764 0.51308870953291541 -0.80064076902543302 0.33179018890392376 5.4696900114810569 -0.19744195927536554 -0.35494615266328861 -0.46522373560377134 8.5000000000000018 36.850000000000001 2.0009547340196665 0.24900359193791835 -1.4096825421494266 35.250000000000007 1.5000000000000002 0.50398437972657761 1.0383915658332905
decision_type=2 2 2 2 2 2 2 2 2 2 2 2 2 2 2 2 2 2 2 2 2 2 2 2 2 2 2 2 2 2 2 2 2 2 2 2 2 2 2 2 2 2 2 2 2 2 2 2 2 2 2 2 2 2 2 2 2 2 2 2 2 2
left_child=1 4 7 20 16 8 -5 -2 24 30 28 12 13 35 -15 61 18 26 -1 -14 -3 25 59 -24 47 -8 -18 -28 43 -30 -10 -4 33 34 -20 -11 37 -37 39 40 -38 42 -21 -7 45 46 -45 48 -6 50 51 -23 -53 -19 55 -9 57 -57 -59 60 -22 -16
right_child=2 3 31 6 5 10 21 54 9 11 -12 -13 19 14 15 -17 17 53 32 41 22 49 23 -25 -26 -27 27 -29 29 -31 -32 -33 -34 -35 -36 36 38 -39 -40 -41 -42 -43 -44 44 -46 -47 -48 -49 -50 -51 -52 52 -54 -55 -56 56 -58 58 -60 -61 -62 -63
leaf_value=-0.005205666840285051 0.0044021425594065675 0.0019159072073839526 -0.0052281181293345677 -0.019717166461753949 0.02877929182639723 -0.0093693082729941184 0.060685724591006067 -0.021191106927527639 0.00010814348635437051 0.10777360261185523 -0.027939508953363626 -0.020011498154738322 0.0093714521674334705 -0.038406809521495604 0.0071803275358891085 -0.029993746517289557 0.056359961527294 0.010440744975473506 -0.032221298982029606 -0.0087377483470331002 0.089346263475384158 -0.033591158976493972 0.043507910151249864 -0.021864563257676228 -0.027040018630450094 0.0093113863648752338 -0.043482510021494475 0.068735439156654171 0.010185055265687505 0.14015075090930981 0.098675239306408036 -0.043886858205050366 0.041279220944838296 0.0098004902085993689 0.048813678463108648 -0.027282875458642802 -0.020275632271018956 0.088842408213027232 0.066733178817980465 0.050625518037394346 0.083451285881442017 0.16639515809723579 0.11468980819373771 0.011733201233980937 -0.011336619121496472 0.011713195034263943 0.16501737178266723 0.02057927515905536 0.088902747526980574 -0.0048505884758623845 0.0046141569527573699 0.13348546588619323 0 -0.059522686670166018 -0.036760024973204207 -0.027814871173074254 -0.033084621570744745 0.23307926671498191 0.0023788548095087293 0.023090776545472272 -0.014559717552386815 0.025628263807417159
leaf_weight=28.066839899867773 75.019061030820012 45.784920372068882 19.084576208144426 188.73291368409991 26.013019077479839 71.215340752154589 11.031166967004536 322.32433567941189 4.2678078263998032 3.2089110873639575 48.984253399074078 36.775924570858479 9.4044134654104727 25.059156622737646 361.99615993723273 22.061222109943628 22.881221167743206 6.7273707427084473 3.7685029357671729 4.2098692841827869 18.797819830477241 1.8609315752983091 13.661616656929256 14.734784886240957 11.103449717164038 104.56742729246616 8.3691762536764127 4.6545032411813727 4.9676729738712302 2.0273812189698219 7.0246823355555517 402.71823024004698 199.7988824993372 76.379070091992617 43.444754533469677 2.5468240007758132 32.744475435465574 10.562905330210922 8.5632016696035844 8.5645587220787984 2.2022093124687663 2.5431690588593465 2.7303419560194016 1.9878159090876577 10.238883882761 7.0528922043740767 3.0351669043302536 464.33806241303682 10.458844907581804 519.31252852082253 29.36774380505085 5.0904063247144213 2.770817916840314 17.304997660219669 124.86541514471173 1.3489122372120621 2.0189493093639612 1.094245946034788 0.78509983047842968 18.142864115536213 2.8513451479375354 92.743252329528332
leaf_count=199 1232 369 399 3532 155 780 128 9153 43 26 613 366 86 289 3051 239 130 55 25 36 112 28 112 119 81 1222 68 30 55 18 69 15956 1122 451 248 22 308 95 78 73 20 20 20 25 113 77 29 2556 59 8803 423 64 35 125 3635 36 58 31 23 129 31 742
internal_value=-0.000513524 0.00996261 -0.0301492 -0.00116589 0.0163187 0.0128357 -0.00427008 -0.0204683 0.0152957 0.0102423 -0.00601443 0.0091469 0.0110064 0.00948077 0.00658507 0.0090356 0.0272434 0.00522391 0.0309589 0.0540221 0.0221208 7.07926e-05 0.0353914 0.00982644 0.021544 0.0147352 0.0359631 -0.000979097 0.00479001 0.0612967 0.0648695 -0.0421661 0.0341194 0.0222664 0.0417077 0.0302559 0.0247935 0.0655937 0.0133856 0.00151082 -0.0114604 0.0927063 0.0475188 0 0.0288591 0.0615832 0.117206 0.0226828 0.0480664 -0.00297695 0.0212898 0.0660675 0.0913518 -0.0401034 -0.0246038 -0.019857 0.0515681 0.100996 0.172738 0.0528243 0.0754018 0.0110017
internal_weight=3635.99 2686.73 949.259 976.707 1710.03 1298.63 862.734 527.456 1149.12 637.209 149.509 625.917 589.141 570.253 501.86 476.801 411.395 59.9373 351.458 18.8878 113.973 674.001 68.1884 28.3964 511.913 115.599 35.9049 13.0237 100.525 6.99505 11.2925 421.803 323.391 123.592 47.2133 68.3931 65.1842 13.1097 52.0744 43.5112 34.9467 9.48338 6.94021 93.5301 22.3148 12.0759 5.02298 500.81 36.4719 558.402 39.0899 9.72216 7.86122 24.0324 452.437 327.572 5.24721 3.22826 1.87935 39.792 21.6492 454.739
internal_count=58227 27704 30523 15107 12597 10144 14235 14168 8434 5583 1710 5471 5105 4943 4321 4032 2453 408 2045 162 872 10703 503 231 2851 1350 228 98 1097 73 112 16355 1846 724 273 622 596 117 479 401 328 76 56 1024 244 131 54 2770 214 9353 550 127 99 180 12936 9301 148 90 54 272 143 3793
is_linear=0
shrinkage=0.05


Tree=25
num_leaves=63
num_cat=0
split_feature=163 69 130 96 130 163 131 8 39 3 130 63 124 154 123 132 170 158 80 180 169 175 3 4 130 133 30 128 157 139 175 111 158 125 157 170 170 49 167 76 148 155 43 161 56 56 59 151 156 130 130 173 91 91 165 9 161 38 163 157 166 80
split_gain=408.806 68.6379 52.2097 36.1096 28.894 20.322 18.5356 16.7414 16.8502 15.8169 13.8675 13.31 12.9036 12.7411 12.4247 18.4554 14.3741 12.3462 11.9783 14.8414 17.6314 14.3833 19.8944 20.7879 11.5326 12.3786 11.6978 11.2353 12.3697 12.957 13.5185 10.9983 10.7354 10.5838 10.5566 12.5482 11.1472 12.1586 11.4669 10.5065 10.4608 11.2982 10.3559 10.076 9.95146 12.4267 9.8786 9.75409 9.74757 9.67687 14.869 13.3119 12.8926 12.0204 11.9495 11.8256 14.4973 10.4508 13.9481 12.4944 15.5208 11.9501
threshold=-0.023856973317271841 3.5000000000000004 -1.0871858257111537 1.0000000180025095e-35 -1.620185174601964 -1.978343345864843 0.38000753203753518 9.5000000000000018 2.5000000000000004 445.00000000000006 -1.4979334333977226 6.4199644128113889 -0.4442040802504052 0.66932686926360641 -0.26273006582979269 0.17859424546183536 0.50924797123999754 1.2147513553415055 -0.39499999999999991 -0.54641626162994406 -0.70506994246015131 -0.55374683099890942 473.00000000000006 1.5000000000000002 -0.43295703757687681 0.14234887888242451 122.50000000000001 1.0980237795114569 0.47478507712963264 -0.48480386582029983 0.59890427832423032 0.21919041861610078 -0.35672045905229083 -0.31665225686367687 0.66951835033695051 1.2757707372408398 -0.69161609750156749 1.5000000000000002 -0.054944576341229685 0.52500000000000013 1.2124459777654859 -1.4887532430256043 6.2111111111111121 0.36185847723521453 7.5927424268917543 7.3792892368176028 15.500000000000002 0.45511943003794469 -0.72037333021297989 0.25593151226300764 0.86602540378443893 -1.1309179985620601 -1.1366325290365011 -1.3757398210473266 2.1217068513526045 7.5000000000000009 -0.76941367476212685 6.5000000000000009 -0.64379699659354717 -0.78229561181201801 0.25819888974716115 -0.38500000000000001
decision_type=2 2 2 2 2 2 2 2 2 2 2 2 2 2 2 2 2 2 2 2 2 2 2 2 2 2 2 2 2 2 2 2 2 2 2 2 2 2 2 2 2 2 2 2 2 2 2 2 2 2 2 2 2 2 2 2 2 2 2 2 2 2
left_child=1 5 14 -4 9 -1 11 10 17 -3 -7 12 -6 18 -2 16 33 34 19 20 -14 22 23 -21 25 -10 -26 28 29 30 -19 40 -18 -16 -9 36 37 38 48 -31 41 -12 -35 -8 45 -23 -43 -20 -36 54 51 -51 53 -52 57 -55 -57 59 -59 60 -13 -61
right_child=2 4 3 -5 6 7 43 8 24 -11 31 49 13 -15 15 -17 32 27 47 21 -22 44 -24 -25 26 -27 -28 -29 -30 39 -32 -33 -34 42 35 -37 -38 -39 -40 -41 -42 46 -44 -45 -46 -47 -48 -49 -50 50 52 -53 -54 55 -56 56 -58 58 -60 61 -62 -63
leaf_value=0.037540432178479022 -0.0093707288268612826 -0.013216719808590814 -0.021092471217354736 -0.042300640548762175 -0.019470461653097959 0.073957185316845489 -0.020926066688242692 0.018883470172923779 0.021610141690088701 0.039580702080483796 0.09260688184805832 0.13045842105539904 -0.0016758945142695447 -0.0054868042784248713 0.10454687135576578 -0.021573650104904619 0.0020989820044291217 -0.0032640637134984901 -0.023682433728013388 0.18537041833548698 0.1206724688624024 0.010251706009467454 -0.015711309948982788 -0.012813783233816017 -0.017992480041031586 -0.0068217642287367458 0.017728878049906003 0.053146895661279281 0.030516673903573533 -0.018780743818950972 0.088541411898083844 -0.025446116115757061 0.15796266997984276 0.053473919310162869 0.0021601780149864604 0.05824353928880191 -0.016807689192880709 0.078730679612020682 -0.020338177027157515 0.022688462320605677 0.070318414440116286 -0.022727867028915924 -0.022761375053531943 0.090977259681909395 -0.023180917959104583 0.10870804913048884 0.024163415309394625 0.043203727325279433 0.076029987665568968 0.035043135443429275 -0.0102238710974144 -0.030900913662263819 -0.0046122939310626965 -0.011508148496929228 -0.036782143715829517 -0.0054193320657688658 0.18444519995537834 0.011279382058001873 -0.0070385193648837933 0.033526801613621413 0.0015595442647764581 -0.034331806067720384
leaf_weight=98.020378217101097 32.317392092198133 17.610963609069586 364.27846883051097 460.27187798544765 21.957541482523084 14.834692820906637 148.22192418947816 897.05990151688457 95.9166902564466 61.877471029758453 4.7234289646148673 4.6104865334928018 3.8643151633441439 29.524331444874406 3.0373060870915696 10.20040646381676 1.5452373586595056 9.3117913603782636 13.625106517225506 3.7671722676604968 10.082170009613035 14.339399270713335 3.1070755533874035 1.5987702123820779 97.911801356822252 62.290690924972296 28.827159684151411 9.2507751025259477 25.273123372346163 101.43786437809467 5.8279334604740134 9.6306935846805555 3.9112960342317811 7.1853250116109857 10.865159008651974 8.2271429598331434 58.297154027968645 5.6515583246946326 19.964468270540237 16.976873844861984 12.378009490668772 11.484939161688088 8.7955652773380262 1.0541744790971268 12.083445671945809 3.2845046557486048 120.40272974595428 7.6833502240478984 6.8352494165301314 7.4489574730396262 3.8147231601178646 91.790311694145203 47.247973620891571 1.5880020000040511 19.900985825806856 1.2260203361511224 2.775245882570744 163.95304754376411 279.8155568446964 16.930764021351933 4.1790222674608231 9.1618050709366816
leaf_count=458 543 136 9728 18594 336 71 2865 6411 615 460 31 60 53 434 40 193 20 76 188 45 134 199 44 22 1219 465 281 64 197 743 36 93 55 98 89 54 444 38 158 122 90 81 154 17 181 49 853 110 46 137 67 1792 839 28 319 17 49 2092 5142 237 54 132
internal_value=-0.000134349 0.00943601 -0.0295253 -0.032974 -0.00093136 0.0154725 -0.00342351 0.0141229 0.012356 0.0278022 0.0288102 -0.000316357 0.0145657 0.02199 0.0127092 0.0331138 0.0560545 0.0149997 0.0330293 0.045735 0.0885935 0.0280904 0.0819026 0.132799 0.00142251 0.0104118 -0.00975322 0.00240403 -0.000834191 -0.00698673 0.0350623 0.0241197 0.121759 0.0318125 0.0170929 0.00238559 -0.00261175 0.0163291 0.00504245 -0.0126533 0.0275053 0.023107 0.0123516 -0.0195024 0.0104121 0.0337209 0.0199021 0.00106663 0.0334936 -0.0031825 -0.0140129 -0.025601 0.00629155 0.0567334 0.000215313 0.0978074 0.135818 0.00183747 -0.000249472 0.0277938 0.0761031 0.00912752
internal_weight=3631.07 2739.52 891.543 824.55 1008.12 1731.4 928.636 1633.38 1459.93 79.4884 173.454 779.36 124.917 102.96 66.9925 34.6751 24.4747 1174.98 73.4353 52.1269 13.9465 38.1804 8.47302 5.36594 284.946 158.207 126.739 168.078 158.828 133.554 15.1397 158.62 5.45653 19.0182 1006.9 109.841 101.614 43.3164 37.6649 118.415 148.989 136.611 15.9809 149.276 29.7073 17.6239 131.888 21.3085 17.7004 654.443 155.891 99.2393 56.652 9.40399 498.552 5.58927 4.00127 478.651 443.769 34.8821 8.78951 26.0926
internal_count=58398 28973 29425 28322 16238 12735 15642 12277 11058 596 1219 12760 1795 1459 1103 560 367 8478 1025 727 187 540 111 67 2580 1080 1500 1238 1174 977 112 1148 75 292 7240 829 775 331 293 865 1055 965 252 2882 429 248 934 298 135 10965 2929 1929 1000 161 8036 94 66 7717 7234 483 114 369
is_linear=0
shrinkage=0.05


Tree=26
num_leaves=63
num_cat=0
split_feature=70 69 70 130 130 28 130 34 30 136 132 48 118 107 130 76 38 130 123 132 91 56 26 85 3 38 137 119 124 162 139 95 127 24 37 156 178 126 130 118 38 39 28 122 159 157 3 69 109 3 3 169 9 91 68 170 70 65 103 176 117 4
split_gain=374.41 58.0644 47.8123 28.9446 25.6995 14.9369 14.8763 17.7359 20.0414 16.8652 15.7265 25.7605 14.4618 13.205 15.9703 12.9752 12.4986 12.2806 11.9417 15.5289 22.8684 13.4258 11.7986 13.4534 11.674 11.4887 12.4585 14.0047 13.2945 11.6056 13.1182 11.294 10.9411 12.2391 10.5366 10.4936 10.3607 10.1671 11.0987 16.8927 17.9644 12.9243 13.1042 12.8539 16.1496 13.391 12.6869 10.4884 15.8591 11.539 11.3996 12.1677 10.0185 9.98737 11.3245 15.2129 12.6001 11.8136 10.4164 16.096 9.91886 9.86571
threshold=8.29217479674797 3.5000000000000004 25.011111111111116 -0.73563894583860734 -1.620185174601964 36.150000000000013 -0.50310183242102102 2.5000000000000004 150.50000000000003 -0.64518148359475769 1.5552813831023176 8.5000000000000018 -0.77709009579337895 0.7286030727031968 1.6435787727845363 2.7550000000000003 6.5000000000000009 -1.0871858257111537 -0.37405137353208678 -1.0000000180025095e-35 -0.66321523067856125 7.3792892368176028 36.550000000000004 0.60225000000000006 445.00000000000006 9.5000000000000018 -1.2241477260172922 -0.49004215724256533 0.8433239494432756 -0.6999718454382694 -0.33359113188906381 -0.90828352164517023 -0.47425876563131825 59.850000000000001 0.2678571428571429 -0.13128754874825474 1.4052546017535308 0.70733718420259084 -0.20776937810232826 0.01226065641409161 9.5000000000000018 5.5000000000000009 39.050000000000004 -1.0000000180025095e-35 -0.091844136024856138 -0.44208430229307905 469.00000000000006 5.5000000000000009 0.39985685092908224 463.00000000000006 441.00000000000006 0.31267309382808256 8.5000000000000018 -0.15190980691263065 0.42526595744680856 -0.42994792403556453 3.7734604105571852 6.3507153492587571 -1.0551492317277156 -0.29228562034328615 1.1608543262614728 -1.0000000180025095e-35
decision_type=2 2 2 2 2 2 2 2 2 2 2 2 2 2 2 2 2 2 2 2 2 2 2 2 2 2 2 2 2 2 2 2 2 2 2 2 2 2 2 2 2 2 2 2 2 2 2 2 2 2 2 2 2 2 2 2 2 2 2 2 2 2
left_child=1 6 3 5 24 -2 10 13 34 -10 22 31 -6 15 16 25 -15 -4 -7 20 -20 -22 23 36 -3 26 28 32 29 -8 -31 -12 -28 -34 -9 -17 -1 38 41 46 -41 42 -14 -44 45 -45 47 -40 49 -49 -50 -52 -13 -48 57 -56 -57 -55 59 -59 -24 -26
right_child=2 4 17 -5 12 18 7 8 9 -11 11 52 37 14 -16 35 -18 -19 19 -21 21 -23 60 -25 61 -27 27 -29 -30 30 -32 -33 33 -35 -36 -37 -38 -39 39 40 -42 -43 43 44 -46 -47 53 48 50 -51 51 -53 -54 54 55 56 -58 58 -60 -61 -62 -63
leaf_value=-0.0059412930865480815 -0.015113657000590525 -0.010551062367225684 -0.0057103371776742922 -0.022866911969605733 -0.020866559575635185 -0.014853847701293761 -0.01471496251128916 -0.022489749962289404 0.10053643009057474 0.0081273790430901709 0.050297686346379489 0.013726542854103333 0.0048458482918943167 0.055300018452871351 0.071763354899720119 0.0016011291586060907 -0.034349249146599536 -0.043418763555325299 -0.0050054655919748907 0.011401137982677403 0.01446572306192599 0.15457996698825877 0.04525116742442184 0.027678557007930316 0.062261559647458047 0.031244293835632261 0.028379409887126124 0.013338142393314743 0.12391453638728943 0.12000325642362115 0 -0.0036470710064352265 0.048309994257844782 -0.021799626317068218 0.023252463452517653 0.059976877412905999 0.054653417580539959 -0.01727610182346127 0.02079067908516305 -0.023483224019338014 0.026224240975299323 0.092043102729703855 0.013675707749056654 0.018982490477030226 -0.014733603448188427 0.20845541335580697 -0.017395410906183295 -0.014727502612865623 -0.011792336417153972 0.032151475109384056 0.14953061006402299 -0.0091208905262494828 -0.058981841489491017 -0.038528143483041011 -0.034597391536013287 0.16133410008569307 -0.0075986699491955613 0.1235004476966743 0.0022373043185284994 -0.023913668433521724 -0.00076592435153586798 0.019912299227412285
leaf_weight=59.274421114474535 31.178551163524389 15.538666136562822 23.594224901869893 423.19770570099354 99.150831110775471 10.627438088878987 8.1634133383631742 85.998328685760498 5.9007084444165256 18.587544377893209 19.445523198693991 5.7871271818876293 120.51158940047026 3.4387245327234259 3.8572784736752501 11.009216360747812 33.392011795192957 371.55717785097659 5.0201872885227194 17.654931779950857 2.5567029118537885 7.0497708506882191 102.32523403689265 172.20491976290941 23.214470736682415 86.96659093350172 16.481189481914043 924.48984875530005 3.8825020380318156 3.9939165338873863 4.1086947731673717 17.918903291225433 5.8671229742467395 67.593979388475418 13.780787356197832 26.547733675688505 6.9859571307897559 82.270911436527967 126.57937321439385 126.78716380894184 20.248848780989647 4.1151575483381739 9.903412748128174 1.6706872060894964 1.7685976810753334 2.405605111271143 97.356357809156179 76.948761466890574 2.8386203199625006 14.770492255687712 3.1832218952476978 1.4650211632251737 17.525536969304085 15.786422941833733 2.0157318972051144 2.6918359436094752 1.3730974122881887 3.4832708165049553 91.173626139760017 2.6015471220016471 12.92944587767124 36.513488531112671
leaf_count=397 528 115 532 12677 1742 187 66 1081 51 173 108 48 1710 32 27 85 341 16006 66 268 35 95 581 929 153 574 135 6556 30 30 36 126 47 617 140 183 38 1582 1703 2324 344 66 148 23 29 34 1515 1382 56 266 60 29 131 249 30 32 25 47 1407 39 73 259
internal_value=-0.000122513 0.0090831 -0.0282138 -0.0178227 -0.000602326 0.0108445 0.0145785 0.0119666 -0.00594658 0.0336613 0.0228629 -0.000569783 -0.00293808 0.0138295 -0.0138482 0.0148165 -0.0246064 -0.0411999 0.0297348 0.0445693 0.080993 0.122641 0.0268869 0.0203471 0.0272742 0.0138143 0.0123156 0.0115043 0.0504487 0.0264625 0.0655573 0.0248763 -0.00722949 -0.0155594 -0.0159545 0.04348 0.00109057 -0.000719631 0.00116135 -0.00184651 -0.0164732 0.0137477 0.0106933 0.0521804 0.105162 0.150821 0.00303117 0.0113071 -0.000830047 -0.00685883 0.0645433 0.10588 -0.0409049 -0.00558975 0.0040814 0.0654247 0.113049 0.000193174 0.00685722 0.0652889 0.0400837 0.0372087
internal_weight=3617.26 2724.82 892.437 497.285 986.367 74.0876 1738.46 1324.06 124.267 24.4883 414.397 60.6771 911.1 1199.79 40.688 1159.1 36.8307 395.151 42.909 32.2816 14.6267 9.60647 353.72 238.465 75.2666 1121.55 1034.58 1014.43 20.1485 16.266 8.10261 37.3644 89.9423 73.4611 99.7791 37.557 66.2604 811.949 729.678 589.303 147.036 140.375 136.26 15.7483 5.84489 4.07629 442.267 225.785 99.2061 91.7193 7.48686 4.64824 23.3127 216.482 119.126 6.08067 4.06493 113.045 97.2584 6.08482 115.255 59.728
internal_count=58398 28004 30394 13856 15369 1179 12635 10204 1445 224 2431 413 14842 8759 400 8359 373 16538 651 464 196 130 2018 1364 527 8091 7517 7355 162 132 66 234 799 664 1221 268 435 13100 11518 9508 2668 2010 1944 234 86 57 6840 3496 1793 1648 145 89 179 3344 1829 87 57 1742 1493 86 654 412
is_linear=0
shrinkage=0.05


Tree=27
num_leaves=63
num_cat=0
split_feature=163 70 130 130 96 131 63 163 163 8 30 56 130 30 154 94 159 159 138 159 175 162 180 81 30 92 136 2 59 28 82 172 18 95 102 65 148 70 172 172 124 146 66 161 75 168 63 94 3 157 76 131 76 66 39 130 84 23 130 30 138 164
split_gain=350.816 62.8425 32.1228 30.1645 23.9762 23.1472 19.7757 18.63 15.8325 15.6265 14.6936 17.0912 13.9965 17.3924 13.6875 13.8239 14.561 15.5575 11.6449 11.8391 13.3153 11.1989 12.1637 11.1657 11.158 10.943 16.9929 10.9377 11.2012 10.9029 10.6121 12.5391 12.0783 11.1968 10.8101 10.3901 10.3302 10.1439 10.0977 16.3383 11.3616 10.0528 10.0147 9.95454 14.4064 10.8921 11.686 12.312 11.1575 10.823 13.199 9.85569 9.51479 9.49617 9.90006 11.1775 11.4646 11.1441 10.7253 11.2366 14.3624 12.9025
threshold=0.12661367819307137 1.9145896656534955 -1.0871858257111537 -1.620185174601964 1.0000000180025095e-35 -0.16820284445598238 6.4199644128113889 -0.29776357061390474 -1.978343345864843 7.5000000000000009 392.50000000000006 7.8871314263905621 -0.31622776601683678 331.50000000000006 0.68219011012129249 0.21461953711266649 -0.79698517514176237 -0.60499321394537364 1.7649663341370019 0.39514254190447889 -1.3402616524860591 -0.28928456394035829 -0.29509323958628814 27.500000000000004 392.50000000000006 -0.10893616758264874 -0.38333813949584594 60.500000000000007 36.500000000000007 35.250000000000007 0.075961538461538483 0.48653240249541935 10.775000000000002 -0.64300491979412544 -0.53874906258382171 7.6686753548480793 -0.95698120061209613 4.4677083333333343 -0.28157292422702046 -0.33448696865514987 0.28221394735258293 -0.95717943128519434 69.500000000000014 0.13889835889217891 0.21111111111111114 -0.56856180701525771 7.2155456976352079 -0.81363074890632603 437.00000000000006 -0.74630005202529248 -0.13500000000000004 -1.0605912036950127 -0.57499999999999984 324.50000000000006 2.5000000000000004 -2.4738696068849224 0.80775000000000008 0.47171085858585865 -0.28867513459481392 184.50000000000003 -0.58322473656233864 -0.33151178501561324
decision_type=2 2 2 2 2 2 2 2 2 2 2 2 2 2 2 2 2 2 2 2 2 2 2 2 2 2 2 2 2 2 2 2 2 2 2 2 2 2 2 2 2 2 2 2 2 2 2 2 2 2 2 2 2 2 2 2 2 2 2 2 2 2
left_child=1 8 51 -3 -4 6 14 10 -1 -10 -8 25 18 41 15 16 -5 35 19 20 -7 43 -23 -19 29 26 -12 28 -11 -15 32 33 34 42 36 -18 37 -22 39 40 -17 -14 -32 -9 45 -45 47 -47 -49 -50 -51 -2 -44 54 58 -56 57 -57 -30 60 -60 -61
right_child=2 3 4 5 -6 12 7 21 9 27 11 -13 13 24 -16 38 17 23 -20 -21 30 22 -24 -25 -26 -27 -28 -29 53 -31 31 -33 -34 -35 -36 -37 -38 -39 -40 -41 -42 -43 52 44 -46 46 -48 48 49 50 -52 -53 -54 -55 55 56 -58 -59 59 61 -62 -63
leaf_value=0.034264103723940634 0.093290691116982447 0.024020650991616072 -0.021601016189298758 -0.020756461460168442 -0.041528992043761023 0.10463995269594416 0.0017435614151846736 -0.020579782374614101 0.05016643606075967 0.02453869394222126 0.15385290596139956 0.11714860794782543 0.055002424415288513 -0.024251652825070302 -0.0047804980392026387 -0.0046454359349100693 0.18577198206638967 0.031940543340527851 -0.034706789681444153 -0.022088481987385628 0.14693465715790052 -0.011009094394214526 0.13367574195543924 0.10145131848374607 -0.015227129168689235 -0.011526786562283731 -0.0017374112033134344 0.088211612570646025 0.024226640554009669 0.081366356328609502 0.12098583621414645 -0.011511861377946454 0.08472205843960802 -0.016341655980040563 -0.01862560043161951 0.0091764145322182078 0.0051992256890117019 0 -0.025894881718133891 0.13642259990355562 0.10151123772897253 -0.029135949454353646 -0.021002902243491578 -0.017200962864023363 -0.030550836945665752 -0.03093177240324247 -0.034409516298366305 -0.026119859428538002 -0.0068710280986518466 0.16777520003359087 0.0026897226906552919 0.00016435273520057153 0.093645818692717236 -0.015549093206272855 0.039591313783209396 0.012151545786663259 -0.024172406667932606 -0.019581682568713774 -0.017357446503408865 0.0091684717986247229 0.011038085252153535 0.056400941741441279
leaf_weight=99.462014049291611 2.0087654180824748 121.35010980814695 242.66496734693646 8.162481911480425 423.15589370764792 2.7662873547524205 573.84323624521494 172.22840249910951 27.793198607861996 168.41564076766372 2.0926651731133461 4.7792347483336917 2.6972089894115916 2.7556407768279332 46.325171360746026 19.738685414195068 2.3144237883388992 56.87197107821703 22.04614076577127 32.444187320768833 1.890145782381299 2.7666610963642597 1.6647474691271771 5.926291109994053 10.953526064753531 11.847213901579378 3.8623675070703092 3.8374120667576781 192.99710205942392 7.8618289530277252 6.5916151851415616 8.3003739304840547 2.9148384705185881 3.1758835595101145 49.171826688572764 1.3401076309382913 19.345963254570961 1.9252324365079401 16.398511797189713 1.8607187382876862 1.8675889894366253 166.45452146604657 3.7437745742499828 6.2407500203698865 12.851861447095869 1.6724405717104662 2.1592140272259703 1.1638504080474401 1.3533425964415027 5.7866818010806993 1.5893428176641533 53.046553304418921 1.9988936483860014 32.480617567896843 16.876705072820187 117.44580540806055 43.103765394538641 35.056447461247444 47.052970346063375 31.332523137331009 604.49532521143556 27.131314124912024
leaf_count=458 29 836 7014 123 18479 43 7670 3951 161 1127 25 61 62 56 633 266 29 727 343 490 20 54 31 64 205 161 52 22 1110 141 86 128 43 52 746 20 286 39 224 22 25 3666 59 136 279 40 47 25 30 121 31 934 26 239 79 1080 320 333 375 235 4048 181
internal_value=-0.000111308 0.00769093 -0.0312846 0.000271585 -0.0343168 -0.0019349 0.0020394 -0.00115611 0.0150381 0.0135915 0.00334533 0.0420376 -0.0129941 -0.0220508 0.0179932 0.0272136 0.0397825 0.0474902 -0.00184228 0.00373358 0.0121446 -0.0139514 0.0570284 0.040066 0.0194035 0.0164491 0.0664796 0.0127803 0.0124898 0.0537961 0.00849168 0.0368542 -0.000783073 0.06217 -0.00540521 0.137973 0.0220642 0.0877016 0.0031686 0.0239105 0.00839379 -0.0274496 0.08247 -0.015779 0.00913161 0.0351525 0.0588489 0.0780101 0.0980346 0.116085 0.137368 0.00525503 0.0261322 0.010698 0.01148 0.0017328 -0.00169293 0.00474425 0.0137636 0.0108824 0.00895632 0.0317516
internal_weight=3603.45 2882.58 720.876 1435.1 665.821 1313.75 966.708 805.902 1447.48 1348.02 596.425 22.5815 347.038 190.723 160.806 114.481 74.6153 66.4528 156.315 134.269 101.825 209.477 4.43141 62.7983 21.571 17.8022 5.95503 1320.23 1316.39 10.6175 99.0585 23.8105 75.248 15.5102 72.3332 3.65453 23.1613 3.81538 39.8655 23.467 21.6063 169.152 12.3343 205.046 32.8175 19.9656 13.7249 11.5657 9.89322 8.72937 7.37602 55.0553 5.74267 1147.97 1115.49 212.483 195.606 152.502 903.009 710.012 651.548 58.4638
internal_count=58398 31942 26456 22174 25493 21338 14847 12714 9768 9310 7969 299 6491 4130 2133 1500 963 840 2361 2018 1528 4745 85 791 402 238 77 9149 9127 197 1485 351 1134 223 1091 49 345 59 537 313 291 3728 171 4660 709 430 294 247 207 182 152 963 85 8000 7761 1812 1733 1413 5949 4839 4423 416
is_linear=0
shrinkage=0.05


Tree=28
num_leaves=63
num_cat=0
split_feature=163 70 130 96 130 163 63 181 121 154 57 94 164 11 94 79 130 30 23 30 131 167 27 117 131 166 91 169 30 122 130 61 62 43 90 63 181 130 107 25 127 95 153 153 90 93 25 93 176 173 163 105 26 169 57 84 38 117 137 170 59 90
split_gain=324.872 56.0541 30.835 23.8533 19.7411 18.7582 14.8103 13.8678 12.4471 13.7853 16.5683 14.0555 13.5788 12.5387 12.1822 12.0863 12.0272 17.8833 20.4115 13.5064 13.4342 12.9054 13.3982 13.347 12.5267 15.5635 13.0316 12.0421 11.9749 15.7308 11.9549 11.6975 11.5474 13.9188 11.3227 10.7817 13.9738 11.1514 11.6841 10.9836 10.6388 10.8624 10.5216 12.4972 14.6766 10.3961 10.3768 14.1981 13.6067 9.99716 9.97453 9.82843 10.9779 9.76972 10.934 12.6893 10.0819 9.73138 9.64661 15.6562 10.9932 9.64005
threshold=0.12661367819307137 3.9012195121951225 -1.0871858257111537 1.0000000180025095e-35 -1.620185174601964 -1.3379902482187311 6.4199644128113889 -0.63336845315274892 -0.23215686164033786 0.66932686926360641 0.078420061388942822 0.24269676193908904 -0.48924488508778868 3.5000000000000004 -0.26302575722555172 0.10555555555555557 -0.47753542150647038 364.50000000000006 0.47440476190476194 3.5000000000000004 1.4676854962276378 1.3865645618276703 106.75000000000001 0.21838523027925572 0.23330035074777358 -0.19107595891928944 0.68209781926573687 1.9754770155528145 214.50000000000003 -0.38427914967343751 0.9638157759469953 0.11675604883038422 0.055615036878420183 4.9642857142857153 1.0138069091750574 7.4647981477858218 -0.348572763030706 0.059241477594276802 0.26021833956704216 36.504166666666677 0.3040508103620268 -0.34344336196330344 0.41361769662562375 1.1833971338544667 -0.33426412285506363 -0.13642446825922658 37.394444444444453 0.39091575314653637 -0.26598566449941291 -0.71782762377162734 0.27823121701097991 -0.39338326252952566 34.750000000000007 0.69912868208459178 0.067741043070865023 0.97975000000000012 9.5000000000000018 1.0946069233781994 0.1959822946041154 -0.72076825355794938 165.50000000000003 1.3422161988358641
decision_type=2 2 2 2 2 2 2 2 2 2 2 2 2 2 2 2 2 2 2 2 2 2 2 2 2 2 2 2 2 2 2 2 2 2 2 2 2 2 2 2 2 2 2 2 2 2 2 2 2 2 2 2 2 2 2 2 2 2 2 2 2 2
left_child=1 5 46 -4 15 7 8 -1 -6 10 12 13 -10 -12 34 -3 20 18 27 24 28 22 -19 -23 25 26 -20 40 29 58 -29 -16 33 -24 45 37 51 38 -9 -38 -18 -42 -34 44 -44 -14 50 48 57 -22 -2 -37 -53 61 55 -55 -56 -48 60 -60 -7 -39
right_child=2 4 3 -5 6 16 -8 35 9 -11 11 -13 14 -15 31 -17 17 21 19 -21 49 23 32 -25 -26 -27 -28 30 -30 -31 -32 -33 42 -35 -36 36 39 53 -40 -41 41 -43 43 -45 -46 -47 47 -49 -50 -51 -52 52 -54 54 56 -57 -58 -59 59 -61 -62 -63
leaf_value=0.034774697885305489 0.039441572940624288 0.051355875631712927 -0.020948393430852932 -0.041089755748409625 -0.017003931003447364 -0.010674295325520866 -0.010434423784442044 0.014051342923157307 -0.02157198453450291 -0.012317697446120168 0.13503391579516505 -0.0058089451881405694 0.17137024137721937 0.0038250858223041633 -0.03324474025129482 0.0042131059969632689 0.0095099996331792606 -0.0097561769468271654 0.12308937558325227 -0.027234217982439343 0.063934225462330949 0.1199274991737793 0.16702121991590288 -0.0035029393325258611 -0.040325287757420197 -0.0025555828869877743 -0.0023598835730044895 -0.021587924299336897 -0.011004008790991832 0.036994129471393508 0.057564476379394693 0.053138524106981305 -0.0013182106473100682 -0.00014183148300965959 -0.014136279878353636 0.078485107293131365 0.098403047826505385 -0.0161100719302282 0.042491524431682158 0.034192491892373847 -0.013861823237733498 0.07212687239928639 0 -0.024695065436613359 0.14420979942194581 0.027453041706907877 0.11805765707124827 -0.023788248178583184 -0.023458630960645113 -0.023985026790937298 -0.021966991167512842 0.060216036994925129 -0.022230243809578491 0.018425971075974126 -0.015409915749710526 0.11357359612480236 0.040050485195634943 -0.01078933269707286 -0.016534345468716453 0.039138397225000447 0.033896924612777941 0.035830873515918259
leaf_weight=97.567067563533783 7.3393251560628405 21.977789133787155 237.86883180961013 406.72381056658924 27.647836813703179 59.112502828240395 559.85677168145776 526.81171109899879 13.335186174139379 19.769869271665812 7.9487530626356584 3.3619079720228902 2.9812814146280289 2.4603868536651134 6.7690508291125315 34.423719525337219 697.38327642157674 20.799327377229929 5.16655176877976 81.693760521709919 2.6415580026805427 6.222979646176098 2.5584707334637669 2.952784825116396 7.3756791464984408 13.305640298873184 2.9446463659405708 57.316151589155197 28.092200864106417 111.34423492848873 4.2103342004120341 6.9110694769769907 14.46638982370496 1.8215087316930292 1.7617277577519415 3.0982639417052296 10.100691631436346 76.45681931450963 38.361994247883558 22.561751052737236 75.555579911917448 2.8574026413261882 2.6045291572809219 2.406646303832531 4.2141747474670392 2.6299351006746283 7.0103013645857573 5.7972917445003977 2.6519572101533422 28.522587295621634 30.896144913509488 4.0751230269670513 18.661501035094261 11.796322606503965 25.973843839019537 4.4352249130606642 10.761972092092035 1.5155478473752735 15.985913295298813 50.202152885496616 16.966522052884102 9.0983103960752469
leaf_count=515 88 165 7014 18479 512 469 11594 2872 240 369 114 62 48 43 123 284 7006 247 70 1208 23 54 24 31 138 174 38 578 261 756 44 118 158 19 34 19 58 541 213 124 955 28 26 24 43 47 93 99 54 277 602 24 111 79 195 22 56 27 145 356 146 62
internal_value=-9.66609e-05 0.00730485 -0.0306402 -0.0337089 -0.00486628 0.0112846 -0.00732465 0.0170341 0.010759 0.022214 0.0364536 0.0809884 0.0166934 0.107512 0.0410368 0.0232448 0.00752219 0.00484287 0.00317026 -0.016923 0.0160773 0.031553 0.0202666 0.0832751 0.0120976 0.0313679 0.0817377 0.00584459 0.0195308 0.0229626 -0.0152574 0.0107017 0.0422539 0.109469 0.0887245 0.014714 0.0352647 0.012951 0.0160622 0.0565312 0.00754206 -0.0097966 0.0256949 0.0645298 0.0957918 0.119029 0.00505998 0.0365044 0.067571 -0.0146212 -0.00934731 0.00708691 -0.00532831 0.000197008 0.0169267 0.0497972 0.00133581 0.0959008 0.0117645 0.0255718 -0.000358707 -0.0101785
internal_weight=3590.12 2890.32 699.803 644.593 711.835 2178.48 655.434 859.761 95.577 67.9292 48.1593 13.771 34.3883 10.4091 21.0531 56.4015 1318.72 1005.86 947.809 110.486 312.868 58.0468 48.871 9.17576 28.7925 21.4168 8.1112 837.323 281.704 253.611 61.5265 13.6801 28.0717 4.37998 7.37294 762.194 58.4973 703.696 565.174 32.6624 775.796 78.413 23.6917 9.22535 6.8187 5.61122 55.2106 16.9751 11.1778 31.1641 38.2355 25.8349 22.7366 138.522 52.9674 16.2315 36.7358 8.52585 142.267 66.1881 76.079 85.5551
internal_count=58398 31942 26456 25493 13753 18189 13304 4891 1710 1198 829 219 610 157 370 449 13298 10865 10239 1628 2433 626 541 85 420 282 108 8611 2133 1872 622 241 294 43 129 4376 336 4040 3085 182 7989 983 251 93 69 95 963 273 174 300 690 154 135 955 352 101 251 120 1116 501 615 603
is_linear=0
shrinkage=0.05


Tree=29
num_leaves=63
num_cat=0
split_feature=163 70 70 70 163 38 132 38 38 38 103 170 94 70 170 172 30 138 162 109 4 90 81 85 177 83 27 164 124 84 135 173 103 135 180 45 54 131 132 95 172 170 59 83 173 181 66 160 122 106 160 91 65 136 162 180 65 94 91 121 111 176
split_gain=300.855 50.9914 28.5877 15.6074 13.7994 10.9216 10.7331 19.987 10.4279 16.5657 29.5266 13.2521 14.324 17.8225 14.2072 16.406 11.7706 11.7172 11.8144 12.9544 13.9465 13.5038 11.6984 12.6807 12.3194 11.2069 10.5558 12.242 10.3537 12.0949 12.0733 15.2829 14.0358 10.4693 15.636 10.2656 12.7349 10.2337 10.2143 10.1142 9.86953 12.837 9.83666 9.83657 9.66442 10.1016 10.9874 9.55776 15.1282 12.5102 12.9897 10.9642 9.87667 14.5198 9.5527 9.38012 9.39412 9.30751 10.2535 9.7052 9.11828 9.67115
threshold=0.12661367819307137 1.9145896656534955 24.546920821114373 8.710394265232976 -1.978343345864843 8.5000000000000018 1.4644659488710106 6.5000000000000009 9.5000000000000018 8.5000000000000018 -0.44483644033815467 -0.89684269374902448 0.34155641738431824 3.4082491582491583 1.4725269369804095 1.2522846987743541 1.5000000000000002 -0.93483799752402985 -0.55139805130555142 1.7911164868947218 -2.4999999999999996 -1.0819160936074825 2.5000000000000004 0.03425000000000001 -0.39650766195490023 0.32495285983658084 91.950000000000017 2.0558360098139832 0.59254174099221857 0.016750000000000004 -0.391773904045077 -0.66941011662476779 0.52058436968975474 -0.018647683560475477 1.1052924312977368 -1.0000000180025095e-35 1.0000000180025095e-35 1.432444029444887 1.8466294156097001 -0.81042652181305719 -0.46780594885674726 -0.75009067250496775 42.500000000000007 0.44281045751633991 -2.0050990404641165 -0.58470712594513097 324.50000000000006 -0.03919389561682593 0.24297959853373183 0.24275551226383302 -0.61256018951065827 0.86867721071172033 6.8463134375997452 0.76955465715793336 -0.76990945601412986 -0.25409944487358049 7.2545603237968512 0.1872076891086521 -0.68209781926573665 -1.1826126396088126 0.53415874866068824 -0.23576467051500669
decision_type=2 2 2 2 2 2 2 2 2 2 2 2 2 2 2 2 2 2 2 2 2 2 2 2 2 2 2 2 2 2 2 2 2 2 2 2 2 2 2 2 2 2 2 2 2 2 2 2 2 2 2 2 2 2 2 2 2 2 2 2 2 2
left_child=1 4 35 8 57 47 44 38 9 26 16 12 13 -10 40 -16 -11 -18 19 20 -19 -22 -12 42 39 -23 54 28 29 -28 31 -30 37 -32 -35 36 -2 -33 -8 -25 41 -13 -24 -26 -6 -46 -47 48 -5 50 -50 -49 -52 -54 -3 -53 -57 58 -1 -60 61 -43
right_child=2 3 -4 5 6 -7 7 -9 11 10 22 14 -14 -15 15 -17 17 18 -20 -21 21 25 23 24 43 -27 27 -29 30 -31 33 32 -34 34 -36 -37 -38 -39 -40 -41 -42 60 -44 -45 45 46 -48 51 49 -51 52 55 53 -55 -56 56 -58 -59 59 -61 -62 -63
leaf_value=-0.0096802312996644782 -0.0046429353164321582 0.018480295621782862 -0.039944573836819222 -0.0039141299787182953 0.055008131700643337 -0.031131238706605099 -0.01450448605981469 -0.01617756920473953 0.01903724944980046 -0.017341893357446493 -0.036720612271640855 -0.028773346123999257 -0.017632921829345709 0.22073032858795366 0.1200354803331001 -0.010446222164906314 -0.03828063055636341 0.00078655169141279369 0.0065070281373340814 -0.01063879428783035 0.00048345516875631777 0.18768849059854487 0.029768392868232681 -0.01153588390211171 -0.0091719747190818421 0.021778066477176596 0.0075122541321927363 -0.018279127492369488 0.12618379812165553 -0.025382084680859229 -0.033584417588035202 0.058623438976240075 -0.042912687508942726 -0.0042818974821559903 0.06737610506031684 -0.022407748272301277 0.08727191356456919 -0.029477067210771812 0.060831017557749459 0.1342101861841436 -0.01762880481270444 0.10337325571685681 -0.040346925221118164 0.052667640595344623 0.023475707739735244 0.011853667967949818 -0.017521964866778893 -0.034464834086565664 -0.017389872659448719 -0.014424700812575542 0.011333826943186064 -0.017748474207395861 0.18979110569512195 -0.0029261870176476943 -0.011398307346712301 0.10323357183647924 -0.017711132571606846 0.052333878515893634 0.072067486820986584 0.018607074541222478 -0.031163266493857002 -0.016206625319824586
leaf_weight=19.942631267011166 33.407714046537876 30.989687670022249 350.85154161043465 72.519848044961691 12.943397149443625 56.857310252264142 5.7925901412963894 73.85445025190711 2.2860480025410643 8.693232595920561 65.427875345572829 5.1960594505071631 1.9029419794678686 1.7152684181928632 4.9533233940601331 3.6868578046560287 2.7124286890029898 2.5949327871203431 7.323031164705756 2.6013821288943282 1.6837585903704164 5.786276038736105 4.9806322045624247 1.5786983668804171 51.27320633456111 1.6183355525135992 638.87864312343299 45.725031524896622 4.3967973925173274 28.196845069527626 10.591042615473269 21.468366995453842 4.4276251941919318 20.48956306651235 10.904946852475403 292.19970062933862 3.2282559499144545 3.1540626399219027 14.152322530746458 2.165513288229703 25.914295405149463 7.1438472345471364 35.140102960169315 6.3281979300081721 191.3694638684392 1034.2621102072299 31.85430821403861 40.060122484341264 2.061155116185545 4.2764209546148768 2.0273090098053208 7.7922499049454927 3.4780335463583469 1.1471478082239626 161.41832408681512 3.4271471444517356 2.0190163068473339 34.317729040980339 10.870076090097426 35.581070303916931 1.6209342926740635 1.7366069443523846
leaf_count=93 885 306 16441 1750 78 1634 46 591 23 139 1238 78 27 26 62 51 44 38 138 37 23 76 88 28 739 24 8382 580 53 360 157 252 79 288 144 9051 79 47 99 34 377 95 707 86 1234 7028 234 954 51 92 43 189 63 24 2377 76 46 156 49 160 29 20
internal_value=-8.46523e-05 0.00693934 -0.0299995 0.000226341 0.013495 -0.0128542 0.0121527 -0.00409027 0.00230864 0.00129319 -0.011783 0.0231723 0.0884544 0.133345 0.0138284 0.0685309 0.0307374 0.048127 0.0604085 0.0854803 0.106428 0.133027 -0.0203567 -0.00950069 0.00475746 0.158928 0.0039732 0.00653847 0.00809604 0.00607844 0.02556 0.0475456 0.0316741 0.00723067 0.0217658 -0.0192844 0.00542713 0.0464329 0.0390648 0.0822258 0.00101098 0.031295 -0.0310089 -0.00151003 0.0133582 0.0128821 0.0109557 -0.00516285 0.00515327 0.0527928 0.084385 -0.0215958 0.114723 0.149081 -0.00648947 0.016681 0.061829 0.0313307 0.019785 0.0324779 0.0613689 0.0802094
internal_weight=3577 2897.31 679.687 1432.37 1464.94 195.666 1364.23 93.7994 1236.7 1180.55 199.908 56.1562 5.90426 4.00132 50.2519 8.64018 33.0134 24.3201 21.6077 14.2847 11.6833 9.08837 166.894 101.466 61.3456 7.40461 980.641 788.233 742.508 667.075 75.4324 33.4469 29.0501 41.9856 31.3945 328.836 36.636 24.6224 19.9449 3.74421 41.6117 15.6974 40.1207 57.6014 1270.43 1257.49 1066.12 138.808 85.5099 12.9901 8.71365 53.2985 6.65249 4.62518 192.408 13.2384 5.44616 100.712 66.3938 46.4511 10.5014 8.88045
internal_count=58398 31942 26456 22174 9768 4922 9310 736 17252 16464 3439 788 76 49 712 113 519 380 336 198 161 123 2920 1682 887 100 13025 10342 9762 8742 1020 431 378 589 432 10015 964 299 145 62 599 222 795 825 8574 8496 7262 3288 2023 273 181 1265 130 87 2683 311 122 458 302 209 144 115
is_linear=0
shrinkage=0.05


Tree=30
num_leaves=63
num_cat=0
split_feature=163 70 70 130 130 130 130 61 71 167 27 27 169 169 171 118 90 59 170 57 9 36 60 70 154 138 150 158 134 48 132 181 171 167 120 181 114 2 30 82 76 1 126 93 95 124 157 153 81 63 153 166 95 117 175 70 58 168 94 120 174 159
split_gain=299.611 41.5709 37.2963 20.8889 20.2099 23.9199 19.5401 13.8661 13.6453 13.2711 17.7022 21.0824 13.2414 13.0508 13.0362 12.6715 14.5129 12.4859 12.0135 16.309 14.9601 11.9799 12.7923 15.1487 14.2111 11.748 12.3787 15.0617 11.5745 15.366 24.6307 12.4643 14.0378 12.2797 11.2378 11.2077 11.1415 10.8243 10.7614 10.7346 10.392 12.13 10.3403 10.2488 10.2448 10.7584 10.2425 12.6373 10.4019 9.79145 10.2929 11.3348 9.61333 10.0953 12.3901 9.52989 9.52066 15.4547 12.424 9.43321 9.38399 10.8587
threshold=-0.023856973317271841 2.3230550284629987 31.527863777089788 -0.71949648814961231 0.10138050357830024 0.86602540378443893 -0.37969594002855561 0.065816547541693762 -1.0352738193469124 -0.73502254272859691 89.450000000000017 70.450000000000017 0.58501988753486123 0.53971080741895783 -0.078231771325516786 0.73603626722340809 0.97424370363361301 1.5000000000000002 0.16883516095822357 0.069121589491947646 7.5000000000000009 1.0000000180025095e-35 0.08983205464071857 3.7734604105571852 -0.66727631523843967 1.4640653498493648 -0.5605565626377923 -0.71207859638854198 -0.37776671593910061 8.5000000000000018 1.6202941385660472 -0.58322473656233864 -0.54767699559015581 1.5958177094473716 -0.06148753653276557 -0.52284864661676844 -1.3118744658248287 52.500000000000007 122.50000000000001 0.1101010101010101 1.4150000000000003 11.500000000000002 -0.52596233417121752 1.2363201546109461 -1.2341237526412394 -0.37866305385233562 1.1653275994836292 0.39265874796783645 23.500000000000004 6.3053373453859347 0.50037771864200031 1.4800191057515606 -1.1607185375835607 -0.39139699320931248 0.53217708723285051 2.8060035842293911 7.6249885666145145 0.266345684552523 1.0134052663563609 -0.5120435411782791 -0.55373442649920912 1.5544545528086366
decision_type=2 2 2 2 2 2 2 2 2 2 2 2 2 2 2 2 2 2 2 2 2 2 2 2 2 2 2 2 2 2 2 2 2 2 2 2 2 2 2 2 2 2 2 2 2 2 2 2 2 2 2 2 2 2 2 2 2 2 2 2 2 2
left_child=1 6 3 18 7 21 28 36 17 10 11 -7 37 -11 15 16 42 -8 -2 -20 -21 38 23 24 -23 26 -22 -28 33 44 31 32 -31 -1 35 56 -3 -9 -6 46 -38 -42 -15 -12 -30 59 47 48 -36 50 51 -14 -33 54 -54 -26 57 58 -19 -46 -58 -62
right_child=2 4 -4 -5 5 9 8 12 -10 13 43 -13 49 14 -16 -17 -18 34 19 20 25 22 -24 -25 55 -27 27 -29 29 30 -32 52 -34 -35 39 -37 40 -39 -40 -41 41 -43 -44 -45 45 -47 -48 -49 -50 -51 -52 -53 53 -55 -56 -57 60 -59 -60 -61 61 -63
leaf_value=0.040480833220071594 -0.0093455625548636359 0.099451031881263072 -0.041822114973706449 -0.023424133599318907 -0.040394803398132978 -0.014718050244450038 0.068330557797382091 0.026641658294876153 -5.7098288787872536e-05 -0.01683415204692254 -0.015100061585805886 0.18006776772216276 0.060552682818618413 0.17771938204801896 -0.001251085852090477 -0.021122651892541543 -0.028314612166112099 0.057446544792045862 -0.016911992173440225 -0.0017557056410802772 0 -0.01928451855046541 -0.01861431599023184 -0.0084984225729809095 0.0054589409227236221 -0.013937025971856545 0.0030900233174472602 0.18112175863371482 0.091894763617376252 -0.016433055405088669 -0.039718298812281172 0.042430423886714343 0.054812839466114371 -0.0058521496146799086 -0.028491683329150565 0.011042189461603532 0.012207703401011249 0.003088897047401523 -0.00085563178310796512 0.023112508329731579 0.10332591344501513 -0.0317164485071681 0.025654750084322858 0.10541357696249638 0.03578054936403037 0.042320862123644963 0.050786432982030921 0.020258669920172376 0.024028542970104393 -0.014703608584470474 -0.017013583503256168 -0.027185001338786874 0.0038950433342054207 -0.0071202289614314632 0.048383474414674728 0.15862910714914108 -0.024089823563972639 0.0039302689853864432 -0.0017048403616483573 -0.022866238090118743 0.037075104997868494 -0.017822700310456532
leaf_weight=109.17657108604908 50.963996859267354 3.4522261265665284 284.67468124255538 420.95895438455045 87.075855445116758 1.7858819849789132 8.9086024910211545 53.129093112424016 293.34307590872049 39.523447338491678 8.2827291097491962 3.253999313339591 13.689889386296278 3.5015206262469287 14.06240148283541 2.2912655174732208 1.296284034848213 57.369033597409725 10.109218714758756 5.9201168082654503 1.8196804970502869 2.1268011964857578 49.710385579615831 10.510894354432819 1.5012954585254217 1.7510499954223622 1.5915114264935262 5.0858481861650899 6.5021596848964682 8.1578542813658697 21.748299237340689 18.192221462726593 31.493330962955952 15.952384255826471 71.360199976712465 639.27972307801247 86.181461278349161 508.42988548800349 21.765587823465466 33.397679731249809 5.5278118140995494 1.638603091239929 2.1130257491022371 1.176380693912505 11.058336630463602 49.309564005583525 5.7585334703326216 21.862373135983944 9.9614783003926259 162.2483311034739 13.191875381395219 4.1702544279396525 48.752549309283495 81.93101292848587 22.392881654202938 3.4400485083460808 14.337547913193701 27.69172640517354 10.210118882358072 14.866150014102457 30.195094861090183 11.822211876511572
leaf_count=637 924 41 13965 14091 1865 30 52 756 2921 665 144 51 150 49 219 39 22 341 196 115 32 35 990 238 24 36 27 71 30 47 167 94 168 91 629 4087 1215 7423 381 267 75 27 36 17 65 308 52 185 77 2372 169 46 293 539 130 52 91 159 66 92 183 70
internal_value=-7.25639e-05 0.00762151 -0.0273766 -0.0190451 8.85038e-05 -0.0122743 0.0125853 0.0037831 0.00934397 0.0107753 0.0522134 0.119209 0.00147889 0.000459499 0.0295283 0.0725667 0.103005 0.0122733 0.00475063 0.0316133 0.0614629 -0.0224206 -0.0056244 0.0298644 0.0815152 0.0953368 0.117479 0.14527 0.0216432 0.0164034 0.00974245 0.0150294 0.039988 0.0345347 0.0116603 0.0139858 0.0215017 0.00536951 -0.0326132 -0.00123382 0.0175424 0.0717334 0.133777 0.00805521 0.034957 0.0288296 -0.0088853 -0.012719 -0.0217838 -0.00976753 0.0155218 0.0394461 0.00902348 0.0047712 0.0184435 0.121685 0.0262099 0.0358027 0.0485423 0.0023642 0.00956425 0.0214573
internal_weight=3562.98 2780.11 782.875 498.2 1105.08 253.418 1675.03 851.659 1235.5 77.2869 14.499 5.03988 754.859 62.7879 23.2645 9.2021 6.91083 942.154 77.2414 26.2774 16.1682 176.131 67.2894 17.579 7.06815 10.2481 8.49704 6.67736 439.533 314.404 232.668 210.92 39.6512 125.129 933.246 790.905 96.8001 561.559 108.841 142.34 93.3479 7.16641 5.61455 9.45911 81.7362 75.2341 108.943 103.184 81.3217 193.3 31.052 17.8601 171.269 153.076 71.1454 4.94134 151.626 95.2709 67.5792 25.9245 56.3549 42.0173
internal_count=58429 28972 29457 15492 17131 4857 11841 12274 9180 1272 242 81 10916 1030 365 146 107 6259 1401 477 281 3585 1339 349 111 166 130 98 2661 1933 1438 1271 215 728 6207 4997 1358 8179 2246 1210 1317 102 85 161 495 465 943 891 706 2737 365 196 1056 962 423 76 910 566 407 157 344 253
is_linear=0
shrinkage=0.05


Tree=31
num_leaves=63
num_cat=0
split_feature=163 70 70 130 130 130 130 61 60 92 164 169 175 154 71 28 181 131 113 167 70 172 169 36 60 70 23 82 124 130 131 177 138 171 137 118 66 155 171 181 140 38 93 30 38 85 85 110 28 92 23 158 158 5 91 121 114 175 148 181 70 131
split_gain=276.383 37.1382 36.7426 19.7455 18.3056 22.3137 17.4698 12.3836 12.2535 16.4999 15.1185 13.3033 12.2282 17.4861 12.2036 12.8733 12.7814 12.169 12.1524 11.8076 16.2253 15.5402 11.8048 11.4714 11.6696 13.0076 12.3562 11.3818 13.1873 11.2267 16.1613 16.0791 12.1274 11.1713 11.0574 10.6313 10.5216 11.9439 12.2315 10.9232 10.5108 11.2387 10.4147 10.3939 10.3331 12.5009 10.2813 10.2781 15.9482 16.1315 10.1814 9.92962 13.3565 10.4918 9.92145 9.84027 9.63011 10.6308 9.92291 10.036 10.3374 9.61423
threshold=-0.023856973317271841 2.3230550284629987 31.527863777089788 -1.0871858257111537 0.10138050357830024 0.86602540378443893 -0.37969594002855561 0.065816547541693762 0.12330302844155047 -1.6770509831248415 -0.55913590886540987 0.58501988753486123 0.61995966252189183 0.072243440012447327 -1.0352738193469124 36.750000000000007 -0.53218652339063366 -0.68452224349357527 -1.1212797104127332 -0.73502254272859691 4.8702664796633952 -0.32881793851484603 0.53971080741895783 1.0000000180025095e-35 0.08983205464071857 3.7734604105571852 0.2986268225238814 0.11696306429548566 1.0237610135913238 -0.49375868858806954 0.48699869895644338 -0.62253138158201671 1.8485298964613885 -0.078231771325516786 0.55316657343162967 0.73603626722340809 60.500000000000007 0.26001450129992232 -0.035929622963913117 -0.54641626162994406 -0.086706647614036139 5.5000000000000009 -0.58500701116695952 122.50000000000001 5.5000000000000009 0.0037500000000000003 0.93275000000000008 -0.53884547073918343 34.550000000000004 0.35872360946328125 0.28573908730158742 -0.68278323792540252 0.28992422608196239 1550.0000000000002 -1.5595223881922819 -0.12190095466270898 -1.1228855326868972 -1.2591043768627534 0.92878750562268531 -0.41892383224409441 4.945195195195196 -0.83340479661602429
decision_type=2 2 2 2 2 2 2 2 2 2 2 2 2 2 2 2 2 2 2 2 2 2 2 2 2 2 2 2 2 2 2 2 2 2 2 2 2 2 2 2 2 2 2 2 2 2 2 2 2 2 2 2 2 2 2 2 2 2 2 2 2 2
left_child=1 6 3 44 7 23 17 56 11 10 -10 29 42 -14 15 16 34 -1 -17 20 -7 -22 -21 43 25 26 -25 -20 -29 31 47 -9 54 35 -8 61 37 38 -19 55 -18 46 -11 -6 -2 51 -42 -31 49 -49 -39 -46 53 -53 -33 -38 -3 -58 59 60 -59 -24
right_child=2 4 -4 -5 5 19 14 8 9 12 -12 -13 13 -15 -16 18 40 36 27 22 21 -23 33 24 -26 -27 -28 28 -30 30 -32 32 -34 -35 -36 -37 39 50 -40 -41 41 -43 -44 -45 45 -47 -48 48 -50 -51 -52 52 -54 -55 -56 -57 57 58 -60 -61 -62 -63
leaf_value=0.034634356510651325 -0.011783170872233219 0.072076742447780756 -0.041398327921447611 -0.021766723126936043 -0.039825938367613965 0.0062941626696741138 0.030519700274445977 0.068277399300212691 -0.031196144761574479 -0.027467352720260293 0.12443531974194118 -0.013662684515918681 0.10114741174633071 0.0026847513384100361 -5.425543424295062e-05 0.088038534412577668 -0.026517739765125593 -0.0034633257075582626 -0.011273919034307588 -0.01624493186613744 0.17084670350585432 0.0053726412088092416 0.14844966619828479 -0.011059672663838683 -0.017995805486357853 -0.008168863290358739 0.11428434003447718 0.0086606063293964194 0.10113242190165057 -0.026239865039590062 -0.039338626105239222 0.076977237904577972 -0.030549111788573044 -0.0011938615455678709 -0.034647698694470368 -0.020648300382226877 0.043350234836395447 0.0060955553752148894 0.031886484349763787 0.0018178583443617888 0.12812858010943479 0.011430086976796634 0.01282775647714781 -0.00081531547293172519 -0.012634775553906989 -0.021673120158967291 0.002445201419234854 0.14390414687235512 0.00209126876081255 -0.003915446449057447 0.083236605750148962 0.003891560685302982 0 0.12807142649999112 0.011160855358539085 -0.0054389982357602651 0.10190992400284885 0.0712747916169999 -0.027311678669561936 0.0066546933955831224 0 0.030288352045353153
leaf_weight=112.68397182971239 23.625536933541298 7.3275099638849488 273.50357606075704 440.65996510721743 83.996426245197654 9.5783746689558011 138.3559283874929 11.636104192584751 1.5750911086797712 19.925104197114706 5.0824692267924538 160.82677054218948 7.4725059233605888 9.9906202759593707 293.33076536282897 2.6654863134026519 17.075715966522694 37.018576756119728 116.07867402210832 38.960048288106918 3.0029935874044895 2.4010895863175383 3.1404391229152679 2.5993092618882683 48.903261678293347 10.430624978616832 4.9063829593360424 26.790409069508318 3.5895150043070307 30.073775354772806 25.982675833627582 5.1043942216783753 15.956268791109322 14.04792778007686 5.9530427344143382 2.2507197260856628 33.674824923276901 6.3815130218863514 68.849279277026653 155.63984536379576 2.9876504838466635 631.26768411323428 67.372124064713717 21.749647526070476 3.9229763261973902 6.7891929075121871 2.9561527371406555 3.0352606512606135 270.09226842038333 3.1889733299612999 14.234484627842901 2.3084323965013009 4.3989591076970109 7.5501468926668167 118.37220712378621 14.185906700789927 2.4375311695039263 13.792065992951395 12.883187105879186 53.894933229312301 7.9306704159826031 4.3112102504819649
leaf_count=596 361 84 13965 14805 1865 133 805 115 25 265 61 2367 81 131 2921 17 145 241 1002 665 57 52 35 36 990 238 75 209 29 511 594 52 182 219 40 39 196 39 400 1015 24 3967 873 381 54 111 21 50 4271 54 86 29 54 78 1284 88 31 145 181 786 131 72
internal_value=-6.47449e-05 0.00723185 -0.0267155 -0.0184297 0.000100407 -0.0117591 0.0119031 0.00359175 0.00140174 0.0166372 0.0876965 -0.001247 0.0112876 0.0482843 0.00884181 0.0115977 0.0141138 0.0204349 -0.00184781 0.0103571 0.0487255 0.110425 0.000490962 -0.0217462 -0.00532469 0.0280849 0.0740915 -0.00410356 0.0226205 0.00289269 -0.00223659 0.0141512 0.00914456 0.0276937 0.0275771 0.0661903 0.0154809 0.026777 0.0195623 0.00833892 0.0110992 0.012155 0.00336708 -0.031932 0.0115586 0.0334396 0.0756942 0.00101124 0.00407915 0.0774185 0.0609762 0.0543381 0.0727138 0.102491 0.0145184 0.0289714 0.0201993 0.0152263 0.011671 0.0186476 0.04658 0.0923506
internal_weight=3550.71 2787.95 762.759 489.255 1104.23 250.278 1683.72 853.953 755.687 111.418 6.65756 644.269 104.76 17.4631 1241.05 947.72 798.596 442.668 149.124 77.6928 14.9825 5.40408 62.7103 172.586 66.8396 17.9363 7.50569 146.459 30.3799 483.442 332.373 151.069 139.433 23.7503 144.309 9.70237 329.984 126.484 105.868 203.501 654.287 637.211 87.2972 105.746 48.5952 24.9697 5.9438 306.39 276.317 6.22423 20.616 18.1805 14.2575 9.85858 123.477 47.8607 98.2659 90.9384 88.5009 75.6177 21.7227 7.45165
internal_count=58429 28972 29457 15492 17131 4857 11841 12274 10916 1436 86 9480 1350 212 9180 6259 5002 2661 1257 1272 242 109 1030 3585 1339 349 111 1240 238 7113 5480 1633 1518 365 845 146 2065 766 641 1299 4157 4012 1138 2246 687 326 45 4886 4375 104 125 215 161 107 1336 284 1358 1274 1243 1062 276 107
is_linear=0
shrinkage=0.05


Tree=32
num_leaves=63
num_cat=0
split_feature=163 163 69 38 163 38 77 8 131 30 165 126 136 85 173 9 109 152 128 164 109 120 79 150 150 172 63 14 108 14 116 40 63 38 158 168 170 38 9 131 103 51 161 156 90 158 180 79 23 14 56 15 180 156 158 168 66 173 172 161 180 150
split_gain=255.009 34.0901 30.658 19.3062 16.5894 15.0658 13.6851 12.8274 12.1983 15.304 16.8323 19.7667 12.3791 11.9185 13.4115 11.4748 10.9024 10.5837 10.5767 10.5277 12.45 10.5108 10.4427 10.3506 10.1891 11.7404 10.3504 10.1747 10.0995 10.8872 9.99869 9.79894 9.6572 9.49716 14.5861 10.073 10.1281 9.2612 26.6707 15.4324 11.081 10.906 10.9645 14.1118 11.5045 10.1334 10.0465 15.8884 12.7422 11.7084 15.2926 11.4624 11.4016 9.2097 9.19388 9.71834 10.0234 12.7672 14.1749 15.5462 13.407 15.3356
threshold=-0.023856973317271841 0.87473873760374454 3.5000000000000004 8.5000000000000018 -1.978343345864843 8.5000000000000018 2.5000000000000004 13.500000000000002 -0.30149874959279732 3.5000000000000004 0.3607223676219769 -0.66057630651311916 0.079670908632455753 0.77625000000000011 0.12455200790720959 8.5000000000000018 0.7071499474635653 0.7318506729020392 -0.10456128764950187 1.818118685772619 -0.4388667293875535 0.48041149589976023 0.21111111111111114 -0.79842738952224035 -0.093347016875165126 -0.35420213085137181 5.257603686635945 10.833333333333334 -0.031179543709027435 3.8333333333333335 -0.70710678118655068 1.5000000000000002 6.2863387073027104 7.5000000000000009 -1.0052576462942746 -0.053044293721710344 -0.84755198701802292 7.5000000000000009 7.5000000000000009 0.1624988390920441 -0.90231715333951601 1.175 -0.74944904293863435 0.81667005497675693 -0.85587600027812172 -0.45107789940364934 1.2556562238868916 0.23611111111111113 0.59797355422355436 3.1666666666666674 7.8919013750592706 0.9093073593073594 1.83165918907667 -0.27397059472601409 -1.4887449042887078 -0.81667113118606049 24.500000000000004 -0.40964767099079918 -0.56993730192172065 -0.82498242443031222 -0.65972893825026657 0.40899246940587641
decision_type=2 2 2 2 2 2 2 2 2 2 2 2 2 2 2 2 2 2 2 2 2 2 2 2 2 2 2 2 2 2 2 2 2 2 2 2 2 2 2 2 2 2 2 2 2 2 2 2 2 2 2 2 2 2 2 2 2 2 2 2 2 2
left_child=2 3 4 -2 -1 6 31 13 9 10 11 12 18 14 -6 30 -9 28 -7 -11 21 -21 24 -13 25 26 -15 -20 29 -16 -10 37 -28 35 -35 36 -18 38 46 54 45 -40 -43 44 -44 -41 51 48 49 -48 52 -4 -51 -34 -39 -56 -57 58 59 -58 61 -60
right_child=1 -3 5 -5 7 8 -8 16 15 19 -12 23 -14 22 17 -17 33 -19 27 20 -22 -23 -24 -25 -26 -27 32 -29 -30 -31 -32 -33 53 34 -36 -37 -38 39 41 40 -42 42 43 -45 -46 -47 47 -49 -50 50 -52 -53 -54 -55 55 56 57 -59 60 -61 -62 -63
leaf_value=0.030135614405113399 -0.012677331529241241 -0.040718830047564762 -0.0087685986147994568 -0.036556358288192918 -0.0051285760508409791 0.018335011099616879 -0.023371431584643297 0.0092584906034273023 0.098555161406361488 -0.018980389673214356 -0.022176557401714075 0.079704695692964511 0.01542972573492353 -0.032206893489437394 0.10240252099380492 -0.033601192183532178 -0.02080020597317904 -0.045898560971912819 0.21288716887459988 0.11882304342342415 -0.029538622211170276 -0.02649754753282213 0.025665224751884715 -0.011138152297971458 0.0022232788167514755 0.001542187380017921 0.092876469203774445 0.017656824603095568 -0.014527885080830336 0.029878582140501993 -0.0049783559392885491 -0.032796662418624722 0.0028791356227347957 0.035818446342722764 -0.012047251875168112 -0.010679161630150896 0.034291195288997378 0.059134873681742951 0.027323260368126479 0.1255664742523139 -0.023366099216025209 -0.0083048696252742814 0.013869554608848481 0.0039570167454488726 0.14483098439456862 -0.01666278481195255 -0.0135058593880666 -0.011456915625214569 -0.022597953740505779 0.18488505014819093 -0.025418003562527269 0.076802022562695013 0.0092013403864056667 0.047256579023625039 -0.031272783825455577 -0.012380490141806109 0.12335296909388216 0.0041617718961976516 0.016508792026211885 0.030088741019522042 0.003084216757407339 0.1409971418000398
leaf_weight=103.55693969130516 375.10608101077378 258.73679181560874 96.238208439201117 109.72217947617173 124.273318041116 1.7437173053622244 45.19574766792357 729.36517184972763 1.9363488443195809 78.912089735269547 11.984924752265213 3.1177771855145684 3.3139159996062517 4.3730974048376074 6.0199217796325675 74.720759708434343 9.3580896556377393 3.7061781771481028 3.1190584897994977 3.5970066916197538 3.4572962019592506 1.2049802299588916 262.77956088259816 12.161826970055701 139.0305732935667 40.507387854158878 7.3445917479693881 1.0966431368142364 8.1078085340559465 27.740435287356377 10.563847649842499 16.032013127580285 17.925591353327036 16.369559835642576 188.1952677667141 31.094500791281462 45.100220877677202 6.9158937763422719 45.09382450953126 1.5061686076223852 70.782351171597838 3.0210013724863556 2.4371489137411109 3.6715872511267653 8.1773700416088086 1.9915686920285214 1.633833415806295 10.548414811491964 2.3440289832651606 4.4070754423737526 1.1000992003828285 3.0739270709455004 1.3187438063323496 34.823640670627356 17.036853071302176 61.631998239085078 5.9514456056058433 293.56422633863986 7.361916668713091 15.950584314763544 54.097655961290002 3.0871799811720848
leaf_count=462 12038 13110 1504 4309 1113 29 697 5282 32 1510 215 56 59 30 46 1733 66 34 55 57 60 27 1619 222 923 267 43 23 89 245 213 279 131 129 1527 222 308 104 449 30 1240 25 23 32 72 45 23 163 39 65 22 40 18 227 282 973 64 4510 110 252 811 46
internal_value=-5.34407e-05 -0.0260579 0.00687025 -0.0181558 0.0107626 -0.000167915 0.00302025 0.00955977 -0.0120024 -0.00181375 0.024893 0.0480333 0.101796 0.0148996 0.00337601 -0.0262124 0.00599969 0.0262861 0.139986 -0.01322 0.0373832 0.0832135 0.0187376 0.0108484 0.0111822 0.0228675 0.0359626 0.176182 0.0337142 0.0455283 0.0168015 0.00467053 0.0414511 -0.00217951 -0.00803704 0.0116997 0.0245298 0.00555247 0.0152435 0.00223501 -0.0187623 0.0415036 0.0746667 0.0919348 0.118975 0.0577719 0.00139265 0.0317281 0.0717145 0.0980016 0.123646 -0.00533093 0.15255 0.0326031 0.00562862 0.0046841 0.00614998 0.00919305 0.0259782 0.0599293 0.0136431 0.0628282
internal_weight=3538.34 743.565 2794.77 484.828 1799.67 995.101 784.171 1696.11 210.93 123.709 36.5379 24.5529 9.27333 676.632 169.848 87.221 1019.48 45.5743 5.95942 87.1714 8.25928 4.80199 506.784 15.2796 244.005 104.974 64.4669 4.2157 41.8682 33.7604 12.5002 738.975 60.0938 290.118 204.565 85.5528 54.4583 722.943 183.065 539.878 74.2801 62.4009 17.3071 14.2861 10.6145 3.49774 120.664 21.3522 10.8038 8.45975 6.82592 99.3121 5.72582 52.7492 465.598 458.682 441.645 380.013 86.4488 21.902 64.5468 10.4491
internal_count=58429 29457 28972 16347 12763 16209 11918 12301 4291 2313 659 444 166 4767 1527 1978 7534 414 107 1654 144 84 3240 278 1621 698 431 78 380 291 245 11221 401 2252 1656 596 374 10942 2475 8467 1315 601 152 127 95 75 1874 330 167 128 105 1544 83 358 7152 7048 6766 5793 1283 316 967 156
is_linear=0
shrinkage=0.05


Tree=33
num_leaves=63
num_cat=0
split_feature=70 162 70 38 130 34 130 130 131 126 138 30 122 131 66 172 8 104 130 128 160 30 175 71 129 71 30 30 135 173 131 30 160 168 171 152 135 59 162 155 36 167 164 68 151 160 177 96 116 70 30 38 102 103 59 173 123 172 132 48 160 138
split_gain=226.023 39.267 33.3159 20.4152 19.3716 21.3513 16.197 15.3019 14.3741 12.6653 12.3801 12.232 12.2511 12.6835 13.9489 11.3858 11.2438 14.7788 12.4416 11.3442 11.2446 10.5085 10.4834 10.4705 10.4371 10.3781 10.7512 16.2754 12.8831 12.1944 10.4911 10.181 14.4628 11.5016 11.6851 10.6726 10.0872 10.0711 13.3747 14.7338 10.9126 10.4779 10.3706 14.9609 15.6587 13.1572 10.0486 9.9586 9.93852 11.4836 10.1273 9.79983 9.64996 9.45162 9.41899 9.39056 9.33639 9.16494 8.79731 11.4386 9.82819 9.23359
threshold=8.8415071770334936 0.015775669597746216 3.9660919540229891 8.5000000000000018 -0.50310183242102102 2.5000000000000004 -0.70701271350080808 -0.64549722436790213 0.1624988390920441 1.5742028710454663 -0.85766574027007458 214.50000000000003 -0.38906691707211344 -0.68452224349357527 46.500000000000007 0.69240683677947679 13.500000000000002 1.291915929896404 1.7541160386140591 -0.6231204602464927 -1.3647264700182775 88.500000000000014 0.40725886546798157 -2.0064421744388352 2.1096974425223838 -1.0479665592074123 2.5000000000000004 30.500000000000004 0.40564271335079732 -0.76962710616441499 0.40321207745938686 182.50000000000003 -0.023059951501825413 -0.16376852379140949 -1.3539161517286826 0.75824025940799566 0.79397163223058331 54.500000000000007 -0.40674320581162465 -1.1432070406567216 1.5000000000000002 -0.77438993414926294 -0.48340670924408063 0.18208556149732621 0.083480532549870409 -1.0159211245218533 2.07042251415209 -0.28301261635371361 -0.048956082067910626 49.732057416267949 180.50000000000003 8.5000000000000018 0.46627830357616723 -1.1558876252702561 423.50000000000006 -0.24011847394845567 -0.41240822273047312 -0.56421846017254829 1.4551718141280201 8.5000000000000018 0.062961055751076717 1.1552358655866908
decision_type=2 2 2 2 2 2 2 2 2 2 2 2 2 2 2 2 2 2 2 2 2 2 2 2 2 2 2 2 2 2 2 2 2 2 2 2 2 2 2 2 2 2 2 2 2 2 2 2 2 2 2 2 2 2 2 2 2 2 2 2 2 2
left_child=2 3 4 56 9 16 10 48 37 11 -4 12 58 -14 15 -15 18 25 20 -20 52 51 -19 -11 47 26 28 53 29 46 -31 33 54 34 -29 -34 -22 38 39 -8 -39 -42 -41 45 -45 -44 -18 -7 -3 50 55 -12 -6 -28 -33 -50 -2 -21 -1 60 -60 -62
right_child=1 7 6 -5 5 24 8 -9 -10 23 21 -13 13 14 -16 -17 17 22 19 57 36 -23 -24 -25 -26 -27 27 31 -30 30 -32 32 35 -35 -36 -37 -38 40 -40 42 41 -43 43 44 -46 -47 -48 -49 49 -51 -52 -53 -54 -55 -56 -57 -58 -59 59 -61 61 -63
leaf_value=0.018520788868705909 -0.034590842204267204 -0.024279793961142729 0.083711068225728866 -0.032853400474750764 0.094203357841481122 -0.015705656990979869 -0.039584817017748214 -0.040577099576913238 -0.028019591128345331 0.0668259717358793 0.021926437179822834 -0.006692945574159362 0.049992099164115379 0.030187476471253857 0.0094050464901493588 0.094034993644580789 0.11986874779542178 -0.034374843710125093 -0.017606632576997801 0 0.013201018649983604 -0.021712749968835678 0.0090269720597883542 -0.016356243791305881 0.052604797598003718 -0.0016008655727889982 0.041798673112407175 -0.035735440100208793 -0.010149366345760014 0.017842904258623692 0.087098423136944492 -0.0244622357273441 0.033383343042487183 -0.0018733089538480836 0.015965703077923082 0.10552818478056961 -0.015103480335778059 -0.0099299844357364584 -0.029992238882446166 0.0054235205558660314 0.10176539302092032 0.0052479664689239203 0 0.010731648661877558 0.13304392564789319 0.15828326616052524 0.011198457634947291 0.035514970640278927 -0.014349539065479958 -0.03995945595055439 -0.033451912274254786 -0.039482469785122251 -0.013062616381913411 -0.038242016101458755 0.067076479327996597 0.10377853292364354 -0.0026982082369591738 0.094586419222636456 -0.015034323153624341 -0.041210947346501742 0.091326042554139314 -0.0011945751989398607
leaf_weight=230.23397482559085 24.520423501729965 33.388924406841397 4.8667329065501681 95.287897761911154 6.4454501904547197 155.68250738829374 6.4674427621066561 315.80962317436934 77.591694580391049 3.1744003444910041 76.054912159219384 39.798567794263363 63.371147267520428 35.801274716854095 80.296667270362377 8.5169554986059648 6.4550159834325296 38.037234228104353 3.8366161100566414 3.2684585638344297 517.75220131874084 21.394317736849189 20.835057556629181 39.153995752334595 5.3644607886672011 268.38244698941708 3.3694809861481216 10.409749127924441 17.034797750413418 44.626180183142424 5.479021754115819 13.395032990723847 24.909228369593624 194.43957059085369 270.12597330287099 6.3156406842172137 32.535225350409746 310.33932350203395 12.651220567524431 16.635123074054714 3.1896838899701825 9.288784282281993 1.7861797772347925 16.751546896994117 2.1811640709638587 4.383093982934958 3.4390853941440582 9.1157133430242521 1.8355488795787085 3.9431810304522505 2.0249714311212301 6.131049755960702 2.5038555227220058 26.132140170782804 2.4877622798085204 5.9359092842787495 235.86138673312962 10.703424513339993 11.845255855470898 14.246544256806372 4.9609106928110105 4.686511967331171
leaf_count=1443 702 1117 51 3470 57 2136 100 16695 1939 15 759 325 323 222 495 52 47 403 30 25 3981 248 176 320 60 3271 24 71 138 319 49 110 164 1278 1796 39 322 6023 287 271 67 195 29 272 28 65 19 107 58 173 58 93 23 265 17 142 7135 71 84 117 24 34
internal_value=-4.43486e-05 -0.0250484 0.00635741 -0.0131642 0.00910408 0.0064834 -0.00442623 -0.0366128 -0.008521 0.0173928 0.0128634 0.0196444 0.021974 0.031767 0.0221348 0.0443721 0.00835114 0.00500729 0.0138633 0.0540426 0.0124808 0.00871814 -0.0190371 -0.00860429 -0.0102636 0.00661039 0.010121 0.00763444 0.0275355 0.0383078 0.02707 0.00969946 0.0316739 0.00744758 0.0139094 0.0509527 0.0114941 -0.00450214 0.0139741 0.0259897 -0.00803302 0.03601 0.0369564 0.0566533 0.0310413 0.119263 0.0870503 -0.0126451 -0.00965257 0.0247898 0.0526024 0.0168657 0.0653932 -0.0278657 -0.00670433 0.0768526 -0.00584155 0.073913 0.0149408 -0.00786219 0.0148703 0.0500209
internal_weight=3527.49 718.608 2808.88 355.67 2239.17 1703.08 569.712 362.938 461.265 536.086 108.447 493.758 453.959 187.986 124.615 44.3182 1532.92 955.873 577.045 17.8085 559.237 103.58 58.8723 42.3284 170.163 897.001 628.619 551.585 77.0341 59.9993 50.1052 522.083 47.1077 474.975 280.536 31.2249 550.287 383.674 60.8558 48.2046 322.818 12.4785 41.7371 25.102 18.9327 6.16927 9.8941 164.798 47.1285 13.7396 9.79643 82.186 8.94931 29.5016 15.8828 7.77146 260.382 13.9719 265.973 35.7392 21.4927 9.64742
internal_count=58429 29550 28879 11307 18452 14998 10427 18243 9276 3454 1151 3119 2794 1092 769 274 12695 8186 4509 126 4383 1100 579 335 2303 7607 4336 3764 572 434 368 3475 330 3145 1867 203 4303 7337 1052 765 6285 262 665 394 300 94 66 2243 1548 431 258 852 80 289 127 200 7837 96 1702 259 142 58
is_linear=0
shrinkage=0.05


Tree=34
num_leaves=63
num_cat=0
split_feature=163 70 70 130 130 130 130 148 170 57 1 36 30 26 38 27 174 127 36 131 124 175 11 148 66 60 70 154 105 48 8 112 175 95 82 122 167 70 92 172 169 64 122 128 117 124 181 63 177 171 124 158 161 92 62 60 95 162 169 60 3 181
split_gain=218.028 35.5872 27.3962 17.9917 15.0717 20.1308 14.2684 11.2828 11.0775 14.2764 12.3064 10.968 11.1631 10.8965 13.7602 15.267 13.1026 11.6348 11.56 10.7858 14.6476 14.1112 16.2915 12.8281 11.4717 10.7741 13.0538 11.4491 10.5128 13.3035 19.016 12.3895 11.6074 10.6452 11.3404 11.6887 10.3618 13.6287 12.5094 11.5929 10.6762 10.1641 10.1161 12.9545 10.0449 10.6524 11.4278 10.0006 12.4924 9.9281 9.90558 9.88218 9.83314 9.6926 12.2591 12.571 9.57461 10.5433 9.53102 9.39936 11.4686 9.35061
threshold=-0.023856973317271841 31.527863777089788 2.3230550284629987 -0.71949648814961231 0.10138050357830024 0.86602540378443893 -0.37969594002855561 2.1449597195392314 0.16883516095822357 0.069121589491947646 11.500000000000002 1.0000000180025095e-35 122.50000000000001 35.95000000000001 9.5000000000000018 97.750000000000014 0.46199242161118464 -0.57798214643947776 1.0000000180025095e-35 0.6424875875747782 0.62128669819101567 -0.9473207209675748 5.5000000000000009 -0.052846243321251284 119.50000000000001 0.088715740965316536 3.7734604105571852 -0.66727631523843967 -0.39338326252952566 8.5000000000000018 13.500000000000002 0.64553643809894901 -0.22413193251047017 -1.1607185375835607 0.099019607843137278 -0.19942125236235528 -0.73502254272859691 4.8702664796633952 0.27735009811261574 -0.32443467650168339 0.53971080741895783 0.031294515669515681 -0.58312676670059649 0.81657508266683543 -1.2525727694486399 -0.052241268642894752 1.0005206977702497 7.5329208195931683 -0.51610007970147798 -0.078231771325516786 -0.8892239663833853 0.5494535542204898 -1.5398509324055794 -1.7136910033200754 0.12226219024780177 0.039312276634791858 -1.0352723011570928 -0.76990945601412986 2.1481651736563703 0.11492468051688443 495.00000000000006 -0.84859330327076699
decision_type=2 2 2 2 2 2 2 2 2 2 2 2 2 2 2 2 2 2 2 2 2 2 2 2 2 2 2 2 2 2 2 2 2 2 2 2 2 2 2 2 2 2 2 2 2 2 2 2 2 2 2 2 2 2 2 2 2 2 2 2 2 2
left_child=2 3 6 8 19 7 28 11 -2 -10 -11 12 -6 14 15 18 -15 -18 50 20 53 22 -21 -22 -25 26 27 -13 42 44 32 33 -31 -32 35 -35 37 -7 39 -39 -38 -37 43 52 -30 51 -47 48 -44 -42 -8 -46 -1 54 55 -4 -16 -58 -50 -23 -61 -19
right_child=1 -3 4 -5 5 36 13 -9 9 10 -12 25 -14 16 56 -17 17 61 -20 21 23 59 -24 24 -26 -27 -28 -29 29 30 31 -33 -34 34 -36 41 40 38 -40 -41 49 -43 47 -45 45 46 -48 -49 58 -51 -52 -53 -54 -55 -56 -57 57 -59 -60 60 -62 -63
leaf_value=0.037239819764726546 -0.0082495061380095085 -0.040183464078873833 0.11367153290303328 -0.020910504432336077 -0.040789346759852692 0.0057638473376074931 0.021534569720695201 0.099796646209444451 -0.015512921926450891 0.0265421074044737 0.12053866734302837 -0.019267996837821981 0 -0.0091174999262465597 0.074639854161885968 0.0107271461351208 0.092550600349519618 0.073605127151307764 0.0062076877477362643 0.01062242400617934 0.052745843545664209 -0.022340308435312161 0.16094986635655772 0.024549940301458656 -0.04042057373853352 -0.018105525632391355 -0.010877891829265832 0.10511802468914302 0.077263006069552484 -0.015217725179930367 0.035732859045131252 -0.035541409859277971 0.034615488243880048 0.015295703240428331 -0.036670288197933179 0.043226286097875356 -0.015605876946936801 0.18345373321626646 -0.012037353444208252 0.0076078203921829098 0.061513076546917456 -0.037555882495371284 -0.015054123650754231 0.064854850481394943 0.016804724042851903 0.048872802099234891 -0.027231089224097334 0.090208373598956837 0.046034571364066017 -0.001351967373020252 -0.032201815998440846 -0.044945324199652047 -0.02201474231148395 0.0019309066013284901 0.094743780192773505 0.003950777054428865 -0.01459840746549452 0.038808403243241175 -0.016240522720738539 -0.00355590265498122 0.092038929527708688 0.0038576949878476236
leaf_weight=8.7183087021112424 49.594266450032592 245.31863908469677 1.9119308404624487 388.22795696742833 79.14332027733326 9.6541374139487726 9.4320648163557035 0.94069910049438377 9.721417313441636 11.929133314639332 4.6040704213082781 2.1144972294569016 21.35995676741004 174.48266557976604 10.886048994958399 844.89283628761768 3.8992908969521514 4.4017120599746695 69.333995424211025 9.3669163826853019 28.423573266714811 92.688188262283802 1.3115912452340115 23.35726537741721 8.4120375234633666 47.681617248803377 9.9875638112425786 5.513282202184203 9.1427211314439756 13.349196739494799 19.47188763320446 24.424628630280495 67.172096084803343 65.25340935587883 19.943617600947618 3.782085224986079 38.319059064611793 2.780273050069809 1.6326818000525234 1.4467220865190018 10.081225030124189 21.498947534710169 11.097381863743065 7.1399350278079501 24.921975649893284 37.031217195093632 4.9272108897566786 8.0649023056030256 65.521464038640261 14.052399031817911 50.818889569491148 7.632915534079074 23.954337820410728 641.66637584939599 4.9496013186871997 27.281321559101343 12.680573824793095 28.379652213305238 6.1518277525901786 13.932342680171134 2.9926578365266314 46.813987080007792
leaf_count=39 924 13965 21 14091 1860 133 87 17 196 212 69 34 380 1599 59 5582 30 30 623 147 358 1477 20 304 113 988 234 72 48 83 95 180 385 385 132 20 665 44 34 31 146 133 82 50 145 221 30 43 353 219 521 47 157 9139 60 395 71 176 33 203 37 402
internal_value=-3.80948e-05 -0.0247847 0.0062225 -0.016565 6.89258e-05 -0.0108439 0.0101903 -0.0206208 0.00559508 0.0312737 0.0583849 -0.0219282 -0.032229 0.00743803 0.00963989 0.00827452 -0.00238288 0.018631 -0.00763795 0.00320239 0.0054774 -0.0106064 0.0417153 0.0289168 0.00648563 -0.00575101 0.026598 0.0718207 0.0178415 0.0128462 0.0066617 -0.00360407 0.0262072 0.00258608 -0.00347936 0.00409831 0.00999815 0.045225 0.0991926 0.137195 0.000593852 -0.0240956 0.0297931 0.00834201 0.0298685 0.0230408 0.0393936 0.0389473 0.0328757 0.026112 -0.0234937 0.00126963 -0.0054185 0.00334268 0.0289227 0.014829 0.0345187 0.022241 0.0404707 -0.0160798 0.0172598 0.0112427
internal_weight=3515.62 709.395 2806.22 464.077 1101 244.707 1705.22 166.741 75.8489 26.2546 16.5332 165.8 100.503 1256.02 1026.42 974.478 229.598 55.115 129.585 856.294 736.002 120.292 10.6785 60.1929 31.7693 65.297 17.6153 7.62778 449.2 318.552 234.896 154.375 80.5213 129.95 110.478 90.5344 77.9665 15.5138 5.85968 4.227 62.4527 25.281 130.648 39.8126 83.656 74.5133 41.9584 90.8356 82.7707 24.1336 60.251 32.5549 32.6726 675.809 34.1429 29.1933 51.9463 41.0602 71.6733 109.613 16.925 51.2157
internal_count=58429 29457 28972 15492 17131 4857 11841 3585 1401 477 281 3568 2240 9180 7119 6813 2061 462 1231 12274 10390 1884 167 775 417 1328 340 106 2661 1904 1413 945 468 765 670 538 1272 242 109 75 1030 153 757 246 491 443 251 511 468 365 608 192 196 9615 476 416 306 247 386 1717 240 432
is_linear=0
shrinkage=0.05


Tree=35
num_leaves=63
num_cat=0
split_feature=163 163 162 130 34 38 144 30 64 8 163 63 173 130 132 156 174 153 61 126 162 108 139 157 92 121 102 128 59 148 94 3 57 163 130 61 177 71 96 160 165 170 93 120 153 157 17 68 105 1 171 68 144 82 27 124 128 130 23 162 160 103
split_gain=189.544 28.7025 26.7685 24.8428 16.2176 13.8806 12.6938 13.1457 11.5075 11.3854 14.7098 10.826 12.3697 10.4818 12.862 11.8545 11.812 11.6759 10.2655 10.7764 10.1513 9.79274 13.8868 12.9037 13.2177 10.3989 14.5742 10.5071 9.45906 9.42506 10.9137 12.6576 10.4214 12.2911 9.31069 11.9675 9.25899 14.1365 17.3376 21.2103 15.2923 12.6737 12.8273 9.87348 9.11581 9.10578 9.66558 9.05374 12.4788 12.2301 9.04703 9.01062 9.80773 8.84063 9.17075 8.82052 12.9506 8.71932 10.188 9.08138 8.81462 8.71315
threshold=0.12661367819307137 -0.4867219192820027 0.30403907331007568 -1.6761788814936034 2.5000000000000004 8.5000000000000018 -0.71834318143879117 150.50000000000003 0.20043668122270744 13.500000000000002 -1.72739288878538 5.257603686635945 0.39225975671150376 0.84327404271156836 -0.6826755398506209 0.45708673802436506 0.74560043048732949 0.47042288904084345 0.11906846801767994 -0.12609305789989045 -0.60512312113153632 -1.0000000180025095e-35 -0.3088695552973007 -1.9648881932314894 0.56412950629260472 -0.19685165929695911 -0.60419005769087575 1.3815368472216456 397.50000000000006 1.2124459777654859 -0.69107874666353875 489.00000000000006 0.074908498171528629 -1.3559553309891796 -0.6299407883487117 0.090829763604632727 -0.62509052877706484 0.66736814961002133 -0.43139395648450701 -0.11104750814155555 -0.80576103166706181 -0.64669038411980129 -0.17590530284969805 -0.039141903678963412 -1.8116926043490615 -0.39552841244219455 0.45000000000000007 0.30368444846292952 0.67097578366671651 6.5000000000000009 -0.34976144052542607 0.31803130644190253 -0.071994667500559897 0.12973352033660593 103.95000000000002 1.2892836991258319 0.59866557611051829 -0.81358259099944952 0.49715097402597414 -0.041094707661740122 0.5188058332589659 -1.2644585517269424
decision_type=2 2 2 2 2 2 2 2 2 2 2 2 2 2 2 2 2 2 2 2 2 2 2 2 2 2 2 2 2 2 2 2 2 2 2 2 2 2 2 2 2 2 2 2 2 2 2 2 2 2 2 2 2 2 2 2 2 2 2 2 2 2
left_child=1 3 5 61 9 21 28 8 34 10 50 12 -3 15 -15 16 44 -18 19 -9 -21 23 25 24 -2 26 -23 -27 -6 30 32 -32 33 -17 35 55 37 40 39 -39 41 -25 -43 -44 -12 46 -35 48 49 -16 -5 -37 -53 -49 -55 56 -8 58 60 -60 -24 -1
right_child=2 11 -4 4 6 -7 7 18 -10 -11 13 -13 -14 14 47 29 17 -19 -20 20 -22 22 57 36 -26 27 -28 -29 -30 -31 31 -33 -34 45 -36 51 -38 38 -40 -41 -42 42 43 -45 -46 -47 -48 53 -50 -51 -52 52 -54 54 -56 -57 -58 -59 59 -61 -62 -63
leaf_value=-0.014512856217850185 -0.026166555481092969 0.0040871084058099966 -0.037677473321833063 -0.0034222258271504194 0.081571236045070605 -0.036267811258847919 0.018257192069096116 -0.024783257572797868 0.054169527714944425 0.0047841082760510523 0.086305024676175734 -0.0066470891846135477 0.076572805122621712 -0.034903807442652965 0.092313759861731737 0.089586169533810281 0.058585292615730068 -0.027853941304382224 -0.027226502490426248 0.056413727580870682 -0.012727729806154324 0.19264785943312468 -0.044762962294491872 -0.032266094178312207 0.16068653934360599 -0.019611333393940847 0.035978391308765428 0.11524335875009586 -0.024583675738259456 0.033426901132882152 5.2903866935832033e-05 -0.029345643493980524 -0.012946530671615686 0.054991086228367916 -0.020960877476359132 -0.020220794239476429 -0.021908472266893617 -0.024467489926771335 0.0030568512068566076 0.21220967022669202 -0.030401892182561153 -0.022575243296410464 0.21925801974447268 0.001993483588725978 0.010417804059316371 -0.045560033197858008 -0.032649504971023785 0.086147358637226501 -0.0074252515572546503 0.00012389079071974118 0.045479084887150814 0.056653879602639651 -0.023522699575563008 0.063224238315449904 -0.045962975173587432 -0.016375005376994056 0.12118265875717114 -0.030374874436102185 0.10575992699060355 -0.027032020422229321 0.066684624735709311 0.027527763745135186
leaf_weight=12.466106846928595 1.2169944737106555 21.870077380910519 271.40188324451447 11.266915127635 6.0896597206592542 65.848284302279353 9.8051299676299113 6.7216348089277735 5.4730264618992797 1220.3690943773836 3.0594867765903464 539.60802558623254 7.2031251564621916 5.779533624649047 7.8135826438665408 7.2882933840155593 23.662765938788656 3.9401699975132933 9.3208488337695581 23.65688817948103 6.2116864435374763 1.4410818833857773 5.4943123757839185 1.7759566958993671 1.1014837976545093 6.8873557243496162 5.7727193590253592 0.76616225950419892 2.3472912758588791 18.182515893131495 123.96283181011677 50.757816163823009 14.566099200397728 10.985782921314241 147.76808421127498 51.074942842125893 159.68740615434945 1.0881145577877762 6.174154479056595 1.828336354345083 22.00940596498549 0.93668975122272979 1.2018344122916458 0.771727370098236 274.37095163017511 3.8632224388420608 3.437859170138835 13.613940149545671 17.149171996861696 6.2675869464874268 49.050639674067497 8.1383891850709897 5.6911388710141173 2.8792209774255744 2.8118797913193703 5.6891793906688681 3.8805445320904246 18.138613266870383 3.5946654137223959 1.2361640278249977 1.4518689978867767 179.06497374176979
leaf_count=62 43 354 14955 50 65 2929 75 63 51 10739 25 11458 102 53 66 35 172 33 105 234 80 48 112 48 36 220 183 20 27 126 910 392 104 91 2173 428 6045 40 216 60 630 29 39 21 2189 36 33 89 129 55 211 55 48 19 21 49 30 658 49 26 22 902
internal_value=-0.000126739 0.00504745 -0.0262202 0.00747902 0.00594352 -0.0160328 -0.00499646 -0.00688858 -0.0116391 0.00765082 0.0129713 -0.00502362 0.0241613 0.0105327 0.0309192 0.00833643 0.0148068 0.0455293 0.0173057 0.0292052 0.0419261 -0.010393 0.0104787 -0.0151728 0.0827696 0.0483886 0.0875284 0.0050681 0.052032 -0.000138457 -0.00314376 -0.00857757 0.0200198 0.0387642 -0.0134385 -9.95764e-05 -0.0167752 0.00596749 0.0565912 0.138929 -0.0125117 0.0612027 0.113185 0.165223 0.0115796 0.014655 0.0330154 0.0390753 0.0210905 0.0543403 0.0363563 -0.0105101 0.0239611 0.0654521 0.00972268 0.0333339 0.0540465 -0.00915564 0.0229538 0.0721138 -0.0153788 0.0247043
internal_weight=3506.99 2927.16 579.825 2358.48 2166.95 308.423 291.868 283.431 237.52 1875.08 654.71 568.681 29.0732 594.393 56.3149 538.078 305.033 27.6029 45.9111 36.5902 29.8686 242.575 44.7829 197.792 2.31848 14.8673 7.2138 7.65352 8.43695 233.044 214.862 174.721 40.1413 25.5752 232.047 84.2793 195.474 35.7862 9.09061 2.91645 26.6956 4.68621 2.91025 1.97356 277.43 18.2869 14.4236 50.5354 31.2303 14.0812 60.3176 64.9045 13.8295 19.305 5.6911 19.3749 13.6857 29.9156 11.777 4.83083 6.94618 191.531
internal_count=58368 31939 26429 20025 19061 11474 3483 3391 2909 15578 4839 11914 456 4578 432 4146 2419 205 482 377 314 8545 1338 7207 79 471 231 240 92 1727 1601 1302 299 195 2858 685 7128 1083 316 100 767 137 89 60 2214 160 124 379 250 121 261 531 103 129 40 154 105 867 209 75 134 964
is_linear=0
shrinkage=0.05


Tree=36
num_leaves=63
num_cat=0
split_feature=70 69 130 38 130 30 81 130 24 119 169 128 38 11 119 161 154 112 48 11 83 93 46 130 66 118 26 46 114 152 18 157 70 181 108 117 164 22 107 3 24 85 64 94 9 19 39 95 28 136 111 106 136 108 169 80 122 30 110 164 38 30
split_gain=176.258 41.1274 24.1727 14.8786 23.673 25.5246 27.4926 14.3267 13.9392 14.9512 13.7989 13.6148 11.3093 14.6061 12.1547 13.6104 12.2001 11.0449 21.0799 15.0337 11.0193 11.0861 10.9124 10.4664 16.0435 12.5926 12.9981 11.8015 14.2013 11.0726 13.8858 10.3553 10.3205 10.6025 11.4492 10.5691 12.0155 10.3382 10.9989 10.1351 12.9375 12.8434 10.389 10.4262 9.50812 13.1722 17.421 13.08 10.722 9.36136 11.4057 10.9801 20.0631 11.4414 9.35537 10.3146 9.88675 10.5939 11.7393 10.4507 9.43703 16.8452
threshold=18.381962864721491 5.5000000000000009 -1.3532066329797183 9.5000000000000018 0.059241477594276802 124.50000000000001 1.0000000180025095e-35 -1.0871858257111537 121.15000000000002 0.63839497767526421 -0.76276399923870675 -0.74128921117225721 6.5000000000000009 3.5000000000000004 -1.0254653086168284 -0.73514704411470511 0.47232132274073407 0.38818706593674879 8.5000000000000018 3.5000000000000004 0.42481203007518803 0.67592911980243808 1.0000000180025095e-35 -0.66915269302346703 116.50000000000001 -0.44419968661230258 36.050000000000004 1.0000000180025095e-35 -0.8715833302541538 -0.78335802551793521 5.7083333333333348 -1.9648881932314894 7.1445993031358901 -0.53909998003218573 0.57888392878252637 -0.14032408928915349 -0.76925323685265423 6.3166666666666673 -1.0770884082310468 469.00000000000006 104.95000000000002 0.00075000000000000012 0.18776709401709404 -0.026791588404489083 8.5000000000000018 0.40938072344322346 1.5000000000000002 -0.87994372988590508 38.150000000000013 -0.89153680519861689 -0.40847090867454577 -0.076084260517844407 0.33347604350016252 -0.70596463772876772 -0.97634845343299848 -0.068333333333333343 -0.67507691555722571 122.50000000000001 -0.34510002423138747 -0.43461349368017654 8.5000000000000018 1.5000000000000002
decision_type=2 2 2 2 2 2 2 2 2 2 2 2 2 2 2 2 2 2 2 2 2 2 2 2 2 2 2 2 2 2 2 2 2 2 2 2 2 2 2 2 2 2 2 2 2 2 2 2 2 2 2 2 2 2 2 2 2 2 2 2 2 2
left_child=1 2 17 4 12 6 -6 -2 -8 -10 -7 -5 14 32 -4 16 49 -1 -19 -20 21 22 -17 24 27 -25 -27 28 -3 30 -29 -9 33 34 35 37 -37 38 -14 40 41 -15 43 -43 48 -46 -47 -48 -30 50 -16 -51 53 -53 55 -35 -56 60 -59 -60 -58 -62
right_child=7 23 3 11 5 10 8 31 9 -11 -12 -13 13 39 15 20 -18 18 19 -21 -22 -23 -24 25 -26 26 -28 29 44 -31 -32 -33 -34 54 -36 36 -38 -39 -40 -41 -42 42 -44 -45 45 46 47 -49 -50 51 -52 52 -54 -55 56 -57 57 58 59 -61 61 -63
leaf_value=0.02693119160622064 0.00042033771001961565 0.09322230163308648 -0.030554787382924394 -0.017202284141877879 -0.040589162587437888 -0.023786752930886189 -0.0099119734376858105 0.053410213096881369 0.068268509346576509 -0.015725110542475062 0.021919204017525541 0.028126780384095437 0.019189134662870054 -0.014477718171573768 0.10636798162115356 0.11125353409762162 -0.027985435745427275 0.024053365673950763 -0.048311561977254162 0.034127873065515416 0.14692471169326327 -0.030460911951367044 0.011867008496408656 -0.026120611880354055 -0.024110370754734253 -0.0012267219847857101 -0.019429886599666761 -0.036741642762371123 -0.015141565639582836 -0.012409996743407429 0.098682841259477072 -0.037033411305921603 -0.017488744789088205 0.04905268244397254 -0.0283607406975733 -0.041903070169854451 0.022389844099178532 -0.015819377523952686 0.10229928928422914 -0.0079696402440914381 -0.023344292937799053 0.0025724870266149768 0.094942216597554641 0.037265469938376122 -0.03305521270676276 0.0096706237579140732 0.0098659607970222885 0.14679073590915478 0.062884904713847348 0.0037870446197773144 0 -0.010208193797606549 -0.032213052035058136 0.087739237934315276 -0.015086566578088585 -0.016709606376286854 0.0085405979569382652 0.010241938708539434 0.16774347541292001 0.029327973726031648 0.014152084935959323 -0.030142893240239488
leaf_weight=198.58199046552181 28.695807430893183 7.0254740789532653 9.4610253572463971 18.638567954301834 76.54922734387219 19.364490753039718 177.51334963366389 2.3136933846399179 11.462307907640936 8.5343471337109786 86.929193645715714 109.87201882898808 7.1850168220698878 26.912855226546526 6.0573961474001408 5.2345554232597369 11.605993714183567 50.160662721842527 22.039445128291849 6.4133434146642676 2.6607897318899623 3.298733625560998 5.6661709733307362 97.185092646628618 33.144315760582685 345.54730043560266 136.3894786965102 2.2155711725354186 21.865278165787462 41.731382671743631 4.3176342733204365 327.33022101782262 36.108706958591938 23.929318033158783 10.115004673600195 6.7496911361813536 126.84800186008215 3.6213690191507331 10.519380889832973 282.57345860265195 25.417594173923135 44.027452172711492 4.034267369657754 42.577843017876148 3.7427655551582601 8.6822298653423804 2.6630243584513691 5.776259202510114 4.4527031425386658 47.860657732933753 3.8888820968568307 3.3262984864413783 5.6874303519725791 14.796929769217975 50.502119567245245 7.1496238820254794 710.13522674143314 9.5476894937455636 2.0971175990998745 3.5904819518327704 40.005282241851091 44.020147118717432
leaf_count=953 675 67 91 156 1203 211 2145 125 125 99 894 897 51 363 48 61 103 279 170 42 26 43 80 2741 464 8551 3809 37 310 615 42 19205 801 194 98 56 929 36 78 2646 306 366 29 362 48 86 27 70 66 381 33 31 47 99 483 61 5343 88 23 39 357 504
internal_value=-0.000110274 0.00368557 0.0067949 0.00499153 0.00393177 -0.00728535 -0.0153466 -0.0332825 -0.00538293 0.0331412 0.0134018 0.0214318 0.00654361 0.00536426 0.0213057 0.0260428 0.0180771 0.0206707 0.00465394 -0.0290319 0.0663284 0.0422239 0.065351 -0.00684416 0.00560405 -0.00977249 -0.00641819 0.0154035 0.0312007 -0.00251057 0.0533125 -0.0362239 0.00842501 0.00933153 0.0209585 0.0243718 0.0188173 0.0565437 0.071667 -0.00248051 0.00831375 0.0153403 0.0243099 0.0199164 0.0201188 0.0444877 0.0626032 0.109736 0 0.0249472 0.068481 0.0179777 0.0449978 0.069907 0.00715114 0.0337191 0.00614705 0.00749507 0.0475618 0.0985631 0.00666129 -0.00907643
internal_weight=3496.35 3138.01 2423.27 2146.08 2017.57 380.353 274.059 358.34 197.51 19.9967 106.294 128.511 1637.21 1517.67 119.545 110.084 93.2236 277.195 78.6135 28.4528 16.8602 14.1995 10.9007 714.739 135.617 579.122 481.937 102.472 54.2077 48.2646 6.53321 329.644 1092.12 1056.02 165.038 154.923 133.598 21.3258 17.7044 425.543 142.97 117.552 90.6396 86.6053 47.1823 20.8643 17.1215 8.43928 26.318 81.6176 9.94628 71.6713 23.8107 18.1232 890.977 31.0789 859.898 809.396 15.2353 5.6876 794.161 84.0254
internal_count=58368 38363 21430 19986 18933 4677 3572 20005 2369 224 1105 1053 14256 13213 1043 952 742 1444 491 212 210 184 141 16933 1832 15101 12360 1368 674 694 79 19330 9141 8340 1248 1150 985 165 129 4072 1426 1120 757 728 607 231 183 97 376 639 81 558 177 130 7092 255 6837 6354 150 62 6204 861
is_linear=0
shrinkage=0.05


Tree=37
num_leaves=63
num_cat=0
split_feature=70 163 63 163 8 43 117 138 155 159 68 105 63 173 167 173 91 38 80 94 120 171 29 67 68 116 131 91 165 59 155 102 90 175 92 164 173 8 122 148 57 55 155 162 158 174 153 151 59 153 66 162 153 26 122 158 118 105 38 15 11 170
split_gain=164.067 41.5879 16.463 15.3155 10.4208 10.335 12.3595 16.0879 10.0031 9.72394 11.8232 11.719 9.49558 10.4549 12.9389 12.3727 11.6242 9.36759 11.8833 10.4645 9.77103 16.4143 9.35002 8.95737 10.4508 15.4846 10.9262 10.4121 11.4391 10.371 10.3241 9.8803 9.68555 9.08137 13.331 8.94932 8.94558 10.9449 9.54785 8.81015 19.0005 12.4852 9.72306 9.51334 14.8747 15.3952 12.0072 9.41841 15.8658 11.7228 9.56887 9.0788 10.3525 8.75483 8.93349 9.79187 8.72424 10.2283 10.3885 9.88195 9.28086 9.31401
threshold=18.381962864721491 -0.45144409197452345 3.8014084507042258 -1.5826821090790417 9.5000000000000018 2.5227272727272729 -0.023099230515970747 -0.83399961014749779 -1.1673024082526431 0.37843730206783666 0.30479953941170318 1.1748410241427905 5.257603686635945 0.38238786039081224 0.46389611068656833 0.93586974820391478 0.83119142518942313 8.5000000000000018 10.680000000000001 1.6795880479787901 2.1453264724010324 -0.13055824196677326 4.5000000000000009 0.25108695652173918 0.18528922180607577 -0.33362911363532682 0.35363528853387144 1.5472274825869994 -0.70663631738454358 391.50000000000006 0.30009501975565228 0.51540028240251712 0.20770635445703037 -0.18276507575639392 0.65771140920502358 -0.77392899522144387 0.70515722017935845 13.500000000000002 -0.58312676670059649 0.69559421524458054 0.065963536471586148 1.175 -0.31779562788275256 -0.78712647206984709 1.1899896192017974 -0.62793658029652444 0.7427931659890884 -1.0121319991648676 21.500000000000004 0.28367382018267939 40.500000000000007 -0.66880656383155268 0.4032785351319072 35.050000000000004 -0.59834614641973438 -0.28053663203110552 0.47892074434615645 -0.40824829046386291 7.5000000000000009 0.41607628482628489 6.5000000000000009 0.18546165077025781
decision_type=2 2 2 2 2 2 2 2 2 2 2 2 2 2 2 2 2 2 2 2 2 2 2 2 2 2 2 2 2 2 2 2 2 2 2 2 2 2 2 2 2 2 2 2 2 2 2 2 2 2 2 2 2 2 2 2 2 2 2 2 2 2
left_child=1 3 8 36 -5 9 7 -7 -2 10 -6 -11 13 14 -3 -15 22 18 20 -19 -14 -22 -16 24 25 30 39 28 32 -30 -9 -31 -27 34 -25 -28 37 -1 -38 42 41 -41 43 44 45 -26 51 48 -44 50 -49 -45 -53 54 -52 -56 60 58 59 -58 -8 -62
right_child=2 12 -4 4 5 6 56 23 -10 11 -12 -13 17 15 16 -17 -18 19 -20 -21 21 -23 -24 33 26 27 35 -29 29 31 -32 -33 -34 -35 -36 -37 38 -39 -40 40 -42 -43 47 46 -46 -47 -48 49 -50 -51 53 52 -54 -55 55 -57 57 -59 -60 -61 61 -63
leaf_value=0.024905632052461553 -0.024551298275539236 -0.017431793371095915 -0.033699460033799505 0.016478766620431802 0.018030636776937992 -0.024055571662476502 -0.015503821652477733 0.049571179041435223 0.13633693549484696 0.017132437386551173 0.075036785673584683 -0.026316701945061818 -0.0067662007420620195 0.10997223999120992 -0.009540332951255788 -0.0071415188553034803 -0.033470438824871912 -0.023583550761397756 0.079516422706588347 0.039303747716833252 -0.016629177788659511 0.13750979075297909 0.12682349144661911 0.099803454186412177 -0.023824290445963296 -0.031850201642629715 0.043249625442813369 0.053161636902224398 0.009026485195929598 0.090551043174207646 -0.018850101445614817 -0.015571449977100497 0.0083641025701095533 0.013492112128292497 -0.017220078365955568 -0.017193336577763674 0.057881723808971212 0.0062470928586117747 0.018845275215187387 0.012886745819761554 -0.012514342028438614 0.09617365163703577 0.075217611804082693 0.0021478932763977182 -0.032769185453233228 0.070455541221948567 -0.016208336492516302 -0.010593262860713182 -0.014051684045098984 -0.02245174603744142 -0.0061566153576435604 0.057510768031011385 -0.012024636494308382 0.0052546609919615038 0.112751172643098 0.029706516144924051 -0.026413214653870056 -0.0099866078655874296 0.0021127490004105814 0.054012931734279013 -0.017175635704772953 0.095135221615323173
leaf_weight=109.28184827417135 1.1149802319705489 21.02350653894246 344.49286021012813 170.41593641415238 111.67958121187985 46.242390677332878 181.19646342843771 38.610413646325469 1.3734740428626526 35.404270719736814 9.1684506610035879 26.03237727843225 554.27572187967598 4.6461641341447812 1.4525797851383675 3.4369526356458664 1.968147315084934 123.7631767205894 3.0830341558903447 6.0441993270069352 3.3104149140417576 2.142701329663395 3.6441837809979916 7.331809211522339 4.6047608219087151 31.141947705298662 5.566379463300108 11.052647799253462 128.2877865806222 6.6455889735370857 5.7530020587146273 2.6052895821630955 27.120251253247261 30.035198096185923 2.9730405658483505 92.603282039985061 21.513185784220695 281.35508455708623 59.848132900893688 17.938854197040204 147.01526725850999 5.2872951067984095 10.705975819379093 26.855327215045691 4.95065814256668 24.704630292952061 27.349057417362928 80.343121845275164 8.0479397587478143 41.553564593195915 13.827991902828215 22.947760615497831 6.3553501069545737 329.47829802148044 3.3152102455496779 33.364652439951897 3.8750693537294891 77.787496764212847 49.925647361204028 21.564255453646183 2.8941728249192229 2.9036318175494671
leaf_count=497 58 434 19895 1168 1098 477 2126 381 52 357 81 238 12960 73 28 58 43 3644 68 163 77 57 61 57 34 321 59 111 1266 63 68 27 264 229 30 1063 108 1431 292 165 1318 44 91 232 41 167 248 722 72 363 140 198 56 2965 28 293 35 830 601 180 33 29
internal_value=-0.000102083 0.00350732 -0.0326778 0.00667352 0.0046975 0.00354979 0.00224448 0.00455494 0.0764426 0.0147966 0.0229769 -0.00132469 -0.00694841 0.0176633 0.00231497 0.064321 0.056572 -0.00826456 -0.0054397 -0.020339 -0.00605753 0.0550856 0.0919493 0.00568226 0.00485602 0.0138636 0.00234259 0.00798833 0.00515579 0.0130158 0.0403682 0.0615729 -0.0132214 0.0285887 0.0670621 -0.0133141 0.0147471 0.0115299 0.0298053 0.00426359 -0.00580223 0.0352401 0.00696051 0.0198847 0.0417613 0.0551811 0.0104624 0.00399498 0.037884 0.00264588 0.00496602 0.0235947 0.0423656 0.00828812 0.0274931 0.0401381 -0.00618351 0.00263226 0.0156824 0.0410372 -0.013406 0.0440566
internal_weight=3485.23 3138.25 346.981 2409.46 1937.46 1767.05 1584.76 1244.61 2.48845 182.285 120.848 61.4366 728.791 36.1715 28.0884 8.08312 7.06491 692.619 562.812 129.807 559.729 5.45312 5.09676 1198.37 1158.03 251.217 906.815 206.854 195.801 137.539 44.3634 9.25088 58.2622 40.34 10.3048 98.1697 471.998 390.637 81.3613 808.646 170.241 23.2261 638.404 117.768 34.26 29.3094 83.5075 520.637 18.7539 501.883 460.329 56.1584 29.3031 379.986 50.5079 36.6799 340.147 153.152 75.365 25.4393 186.994 5.7978
internal_count=58368 38363 20005 20697 18369 17201 15427 11593 110 1774 1179 595 17666 697 566 131 132 16969 13162 3807 13094 134 89 11116 10800 2501 8299 2052 1941 1356 449 90 585 316 87 1122 2328 1928 400 7177 1527 209 5650 976 242 201 734 4674 163 4511 4148 486 254 3426 461 321 3834 1646 816 215 2188 62
is_linear=0
shrinkage=0.05


Tree=38
num_leaves=63
num_cat=0
split_feature=70 163 130 63 130 132 9 140 130 144 63 8 103 163 80 63 157 165 96 179 148 156 175 156 156 94 57 65 4 71 102 156 144 60 91 126 103 105 32 39 166 117 57 148 160 38 123 138 70 166 15 113 169 38 104 130 113 106 137 105 140 163
split_gain=152.616 37.485 20.1301 15.2828 15.5473 14.6364 13.0291 16.833 12.8021 12.2731 19.741 11.4476 11.18 11.0142 10.4741 10.6625 10.3268 10.1243 9.94826 9.54126 9.15719 11.2037 12.4238 9.64265 13.948 11.523 10.1288 12.3338 9.66986 11.7073 9.50946 16.5588 9.10178 8.9442 8.84013 10.593 8.7928 10.3875 9.48831 10.6771 9.96598 9.18273 8.74952 9.54463 12.2394 9.44017 15.1947 9.04242 8.78401 8.63364 10.095 8.49362 8.46926 11.5211 17.7504 14.6388 14.3614 14.2809 13.2436 11.1655 14.2961 11.4926
threshold=18.381962864721491 -0.45144409197452345 -1.6761788814936034 3.8014084507042258 -1.0871858257111537 1.4551718141280201 8.5000000000000018 -0.57735026918962562 0.10138050357830024 1.4651670760744582 7.2081666666666679 13.500000000000002 -0.39339789623472216 -1.72739288878538 10.680000000000001 5.3352059925093647 -1.9648881932314894 1.0980237795114571 -0.55589389638375686 1.0308935349218491 1.2124459777654859 0.020949528187259012 -0.33283764137329108 0.44295558848590239 0.37494687615884537 -0.69107874666353875 0.074908498171528629 7.1430659983291571 -8.4999999999999982 -0.68760599874946071 -0.50049277504124168 0.79988236171892801 -0.79269689746253036 0.061272622256449756 0.50449314265997891 -0.52596233417121752 -1.2644585517269424 -0.79830632975520499 1.0000000180025095e-35 3.5000000000000004 1.0510701915224263 0.074723511235957482 0.066173040147603654 -1.8046824082994311 -0.30947084683357179 7.5000000000000009 -0.48503150295449587 -0.29030611932769196 2.4647009966777413 -0.84301193539531016 0.39271469271469278 1.1071718245315443 -1.0124028621846926 5.5000000000000009 -0.51374246573505145 -0.6299407883487117 -1.0202894437620953 -0.0341458756649856 -1.2919159298964036 -0.80169001478060797 -0.4082482904638628 0.26494260120740637
decision_type=2 2 2 2 2 2 2 2 2 2 2 2 2 2 2 2 2 2 2 2 2 2 2 2 2 2 2 2 2 2 2 2 2 2 2 2 2 2 2 2 2 2 2 2 2 2 2 2 2 2 2 2 2 2 2 2 2 2 2 2 2 2
left_child=1 2 33 -2 19 11 49 -8 14 12 -11 13 17 -4 15 -3 -6 -10 -12 -5 23 -22 -23 24 -15 26 27 28 -25 -30 31 -24 -14 -1 35 -19 -35 -38 40 41 -39 -40 43 44 -17 46 -44 48 -47 50 51 -7 -48 -54 56 58 -55 -58 -56 -60 -61 -62
right_child=3 8 5 4 16 6 7 -9 9 10 18 -13 32 20 -16 42 -18 34 -20 -21 21 22 30 25 -26 -27 -28 -29 29 -31 -32 -33 -34 36 -36 -37 37 38 39 -41 -42 -43 45 -45 -46 47 52 -49 -50 -51 -52 -53 53 54 55 -57 57 -59 59 60 61 -63
leaf_value=-0.011226689328929272 0.070771256168425473 0.023921406305799267 0.031252063285874994 -0.0091387742839644393 0.052991533808132686 -0.043335883311409862 0.030717935978313238 -0.043865463555115974 -0.011584791078473131 -0.0093595530326433148 0.18217967875248287 0.0032519204444576098 0.043867588463082072 0.010679480896887947 0.075884037128559401 0.14287067914776622 -0.037201713119937661 0.15255427857312168 0 0.07084023300420654 0 -0.036852299952102999 0.16391293702665366 -0.0068073511820754169 0.061850288239667074 -0.0050953093600331007 -0.0061791655935741537 -0.026519331577623137 0.084070966207793182 -0.016071344175286575 0.032985585631944765 0.032027682818387741 -0.032633664173038271 -0.015394505476822598 -0.01342847268641364 0.0057922077932895319 0.074847135487265626 -0.0044654530692642093 0.05591117658484971 0.009645209739255976 0.040131606590456545 0.010956065924726598 -0.029357109603487093 -0.024170401251067338 -0.02930191296098076 0.07158839945744129 0.070352284139843665 -0.022491847381561882 -0.0035626907256564484 -0.00685724432698997 0.10257923666381107 0.038400829510320339 -0.0065575453052900707 -0.020458830491343727 -0.024978133928746628 -0.020290474453074039 0.01061478882031941 0.1486728208628578 -0.037265617365072744 -0.0047154641395588809 0.12430856611641408 -0.0022449633371404488
leaf_weight=18.030139982700348 2.6461507994681588 32.318207802250981 60.957672894001007 24.222343359142545 2.3267758321017018 3.9228892773389799 8.3562901243567449 41.861550221219659 38.611549390479922 8.5125869084149581 1.54738618247211 1364.1386246178299 3.1357411220669738 345.60706018097699 3.1859092246741048 1.0264987647533419 303.61577276978642 1.9121492076665161 1.0148955937474955 3.3718002550303927 19.642124157398939 3.1292436756193664 4.0547455735504645 4.9909754656255307 12.967994950711725 209.48542421869934 19.605030130594969 5.167303889989852 16.897202935069807 3.0457001253962472 17.707428283989429 5.9054736755788326 113.11792385391891 11.786630719900129 3.0568332187831402 2.3990745302289715 10.380396157503126 42.825513936579227 49.465732403099537 31.887659683823586 16.526966959238052 15.770653463900087 19.739267842844129 74.983520422130823 1.4681782387197007 2.9472378008067599 6.1924548447132102 71.377642849460244 245.85900702700019 60.596167460083961 3.0758972913026801 7.9640983045101166 40.056418675929308 2.302208734676241 5.4486433025449541 18.026592344045643 2.9150237571448079 5.8472545128315678 1.9224565103650135 4.037230700254443 8.8660643231123561 2.0556261278688917
leaf_count=94 110 567 263 601 124 53 58 468 1087 233 40 12727 88 2887 65 21 19102 48 29 68 176 24 31 46 101 1637 148 46 107 37 129 45 3464 58 83 67 48 224 227 176 81 76 411 1796 36 38 119 1662 6151 623 35 72 651 58 62 494 71 114 24 59 86 42
internal_value=-8.81879e-05 0.00334234 0.00633367 -0.0320559 -0.0330957 0.00496621 -0.0115251 -0.0309997 -0.00662842 -0.0184446 0.0303964 0.00596452 -0.0219752 0.0110211 -0.0028732 -0.00347824 -0.0363291 -0.000945509 0.12943 0.00259487 0.00912407 0.0294505 0.0477911 0.00741148 0.0127109 4.02381e-05 0.0214561 0.0392358 0.0535528 0.0685013 0.0584903 0.0962302 -0.030171 0.0216343 0.0489327 0.088294 0.0250228 0.0279823 0.0243861 0.0339626 0.00832915 0.0454484 -0.00525014 -0.0206344 0.0607223 -0.00247405 0.00958297 -0.00692691 -0.00236946 0.00158849 0.0343919 0.00976885 0.0177213 0.0133822 0.0288392 0.0124474 0.0822247 0.109048 0.0388273 0.059946 0.0743048 0.10188
internal_weight=3475.82 3139.64 2415.75 336.183 333.537 2219.08 125.777 50.2178 723.884 173.308 11.0749 2093.3 162.233 729.163 550.575 547.39 305.943 45.9796 2.56228 27.5941 668.206 50.439 30.7969 617.767 358.575 259.192 49.7062 30.1012 24.9339 19.9429 27.6676 9.96022 116.254 196.674 7.36806 4.31122 178.644 166.857 156.477 97.124 59.3525 65.2364 515.071 77.4782 2.49468 437.593 117.409 320.184 248.806 75.5591 14.9629 11.887 97.67 91.4775 51.4211 40.3566 11.0645 8.76228 22.33 16.8814 14.9589 10.9217
internal_count=58368 38363 20697 20005 19895 19713 1309 526 17666 5139 302 18404 4837 5677 12527 12462 19226 1285 69 669 5414 405 229 5009 2988 2021 384 236 190 144 205 76 3552 984 198 115 890 832 784 479 305 303 11895 1853 57 10042 2191 7851 6189 783 160 125 1780 1661 1010 767 243 185 273 211 187 128
is_linear=0
shrinkage=0.05


Tree=39
num_leaves=63
num_cat=0
split_feature=162 163 70 38 163 103 38 9 66 36 172 131 168 176 124 8 103 137 177 157 109 95 168 91 25 152 129 58 157 168 25 170 148 156 91 71 11 176 162 118 68 58 120 96 175 164 135 30 131 94 95 159 95 180 179 116 155 154 166 82 134 174
split_gain=142.298 33.9928 15.155 14.0755 13.3652 12.3879 11.2195 17.5053 15.5731 13.0006 11.4691 9.33381 10.729 14.7756 9.56287 10.5137 10.7647 12.9025 12.4031 9.17374 8.97987 8.88523 9.70259 10.0157 9.97889 9.20967 9.49607 9.43295 9.19888 14.2613 13.1072 12.5726 14.3223 9.16053 9.51202 8.96726 10.3202 9.64083 8.8703 12.6859 13.8612 12.285 9.24409 8.76462 8.75939 9.85366 8.67542 8.64538 9.29848 8.88033 10.8142 12.2851 10.8836 8.4884 8.45056 8.41768 11.5524 11.0742 12.4274 10.9348 10.1075 8.9779
threshold=0.015775669597746216 -0.45144409197452345 26.94929396662388 8.5000000000000018 -1.5826821090790417 -0.13024664533809208 6.5000000000000009 6.5000000000000009 49.500000000000007 1.0000000180025095e-35 -0.84063817800747642 0.35363528853387144 -0.55220947852036151 -0.31493327131910487 0.77023749725397694 8.5000000000000018 -0.51903424908587448 -1.370208355644204 -0.39650766195490023 0.61373397512669114 -1.0042204643554469 -0.79529718174194419 -0.70255619517353285 -0.3082871817420329 34.70555555555557 -1.432742012002064 1.5660612636851401 7.8871314263905621 0.077771839246573354 -0.89888508498066344 37.306250000000013 -0.80091196398266395 -0.18185515184485487 0.12591386468680757 1.5595223881922824 0.56918967597126857 6.5000000000000009 -0.34670001283474744 -0.5840173566291581 -0.16117626571945365 0.22168803418803421 7.7197096601020005 0.11232368232893479 -0.65972893825026657 0.21782640098996259 -0.47287308490814423 -0.63435786745988421 1.5000000000000002 0.40321207745938686 0.2249827183577667 -0.64300491979412544 0.10283339051377659 -0.89659764705419265 1.3601332514503037 0.6491442171008851 0.35466918909720441 -0.31779562788275256 -0.02686896526900014 -0.50080158584033352 0.029857397504456332 -0.84998503303765871 -0.78687067459364646
decision_type=2 2 2 2 2 2 2 2 2 2 2 2 2 2 2 2 2 2 2 2 2 2 2 2 2 2 2 2 2 2 2 2 2 2 2 2 2 2 2 2 2 2 2 2 2 2 2 2 2 2 2 2 2 2 2 2 2 2 2 2 2 2
left_child=1 4 6 20 19 38 7 10 -9 -10 -2 14 13 46 55 -16 -17 -18 43 -1 -3 25 23 28 -24 27 33 -22 29 -23 31 -31 -33 -27 -35 36 -25 -37 42 40 -40 -42 -5 -19 -15 -46 -13 48 49 -7 51 52 -51 -21 -36 56 57 58 -6 -60 -59 -62
right_child=2 3 -4 5 11 47 -8 8 9 -11 -12 12 -14 44 15 16 17 18 -20 53 21 22 24 35 -26 26 -28 -29 -30 30 -32 32 -34 34 54 37 -38 -39 39 -41 41 -43 -44 -45 45 -47 -48 -49 -50 50 -52 -53 -54 -55 -56 -57 -58 60 59 -61 61 -63
leaf_value=0.015800641267624597 0.10379586242219847 -0.031066558218612112 -0.040059423782328095 0 -0.0065832950149291927 -0.013952804644668202 -0.023989304331173626 -0.029776918875641847 0.20984119988389499 0.017916184116132168 -0.026766236929137106 0.094396279668750083 -0.0099683257577456164 -0.014791224113251379 0.083102017983850862 -0.009713875985632045 0.086528603260025344 0.083186072414962065 0.0063573070328661919 -0.015329335444999004 -0.00050261161500893096 -0.013120592646551341 -0.028630823574971632 -0.017952628018535099 0.0021464784458013935 -0.025941979229802833 0.080966810681191548 0.1235658402228814 0.0092478887364895561 -0.004249889418593898 -0.011864644378333688 0.021015330133009422 0.20855493009111706 -0.0056655634582320966 0.12154913327106093 0.15352525002787695 0.090863980226019825 -0.0085758833517144313 -0.012574501824406552 -0.028632502051485067 0.012926472668167538 0.19342522314705241 0.14751769766331743 0.0058994608509229732 0.055871253506057664 -0.040628184121297518 0.022417494865382404 -0.035152620460249064 -0.046124190289616895 -0.0011861154524116188 -0.008865869616561637 -0.014116131739745805 0.17345598814475802 0.048440936262130689 -0.024219196236942936 -0.0086211314047007475 0.0032948047485556204 0.051112266292726784 0.05284464815589001 0.00020478357690049823 0.046214694379650742 0.0031498770409047003
leaf_weight=428.37460117787123 0.90875801816582757 25.856782535091043 203.86671184655279 1.9514459911733895 16.722090791910887 14.80596706364304 95.782817959785461 1.483826708048581 1.6337621286511423 1.7279328927397726 13.235065652988851 6.0101758372038629 208.11673350632191 35.656664663925767 5.2665010727941981 29.236266333609819 6.9076972827315322 9.6962020713835937 53.950307685881853 41.089997366070747 3.7632272113114587 2.910402748733758 27.647129025310278 22.086930675432093 325.02709485497326 86.775464050471783 1.5977472346276034 1.4869309104979036 8.9974126815795881 1.219927106052636 1.6090365331619976 1.6848313324153408 3.7617024211213033 58.703280627727509 1.8316811956465238 0.91078448668122325 1.4041865319013584 1.4695837050676335 4.223000427708036 14.197968398220832 2.0167563818395142 1.2270364202558992 1.2352519594132898 6.0525348819792262 9.4692748785018903 2.6740519031882277 13.34539834409952 86.374327028170228 9.0057933321222645 1.1011694297194479 4.9668937372043711 1.8030359316617248 2.5212177056819205 4.950748771429061 1.0180198438465593 111.5876301061362 1154.7757588643581 12.203724917024372 45.607539597898722 12.766853258013724 11.952035672962664 195.77853520028293
leaf_count=2087 35 603 13792 44 149 463 4263 29 34 29 493 59 2536 436 31 274 53 117 462 215 72 71 656 571 8403 1804 35 25 224 31 35 44 93 1241 34 23 31 53 130 420 53 35 27 73 98 36 148 3109 318 29 186 43 53 26 21 1120 10445 109 361 108 104 1666
internal_value=-7.27673e-05 0.00315293 -0.0318607 -0.00633424 0.00599684 -0.0201925 -0.017034 0.0172436 0.0902546 0.139062 -0.0117472 0.00415597 -0.00435352 0.0128645 0.00556127 0.0196862 0.0157357 0.0255127 0.0182565 0.0135196 -0.00282058 -0.00143941 0.00250428 0.0238321 -0.000326235 -0.011556 -0.0139782 0.0479837 0.0493434 0.0777786 0.108254 0.135664 0.163576 -0.0155698 -0.000686444 0.00264807 -0.00779944 0.0790372 0.0114453 -0.00115031 0.0477258 0.111872 0.0780922 0.0559076 -0.0021831 0.0327665 0.0485529 -0.0267948 -0.00514805 0.0105074 0.0439607 0.086954 0.130514 -0.00748185 0.075412 0.00454098 0.00556273 0.0143816 0.0308701 0.0416135 0.00861466 0.00586116
internal_weight=3466.02 3147.38 318.639 725.192 2422.19 145.43 114.772 18.9893 4.84552 3.3617 14.1438 1947.78 275.272 67.1556 1672.5 111.11 105.843 76.6067 69.699 474.415 579.762 553.905 398.729 46.0548 352.674 155.176 149.926 5.25016 20.1833 11.1859 8.2755 6.66646 5.44653 148.328 61.553 25.8715 23.4911 2.38037 24.8515 21.6648 7.46679 3.24379 3.1867 15.7487 47.8 12.1433 19.3556 120.578 34.2041 25.1983 10.3923 5.42542 3.62239 46.0407 2.8497 1561.39 1449.81 295.031 75.0965 58.3744 219.934 207.731
internal_count=58368 39693 18675 18980 20713 4910 4883 620 92 63 528 18385 3313 777 15072 1010 979 705 652 2328 14070 13467 10235 1176 9059 3232 3135 97 498 274 203 168 137 3100 1296 678 602 76 709 638 218 88 71 190 570 134 207 4201 1092 774 311 125 82 241 55 14062 12942 2497 618 469 1879 1770
is_linear=0
shrinkage=0.05


Tree=40
num_leaves=63
num_cat=0
split_feature=163 71 8 161 170 169 8 93 176 84 66 135 135 180 122 173 168 38 64 180 67 91 116 144 108 107 25 161 156 155 66 56 27 115 4 66 65 3 163 176 66 63 96 109 128 127 166 181 168 102 114 152 83 114 179 155 103 153 117 115 63 168
split_gain=134.257 37.9119 19.1656 10.0568 11.0094 12.3212 9.25153 9.88942 9.04757 11.4076 10.4587 10.3958 17.0687 15.6207 11.3882 13.2405 11.8144 10.8719 11.1858 9.93697 9.76116 15.2811 8.74262 10.4512 10.6484 9.86006 9.10039 8.64352 11.1422 10.0743 10.561 10.41 9.39964 9.66965 11.45 9.22102 9.07692 8.5143 8.45247 8.48046 9.00271 8.45031 8.36928 9.38525 8.45842 13.2452 13.2192 14.3272 10.3741 10.1692 10.111 12.6786 11.4412 11.1294 9.89674 11.0469 10.583 9.11867 9.18599 8.56183 8.3566 12.9173
threshold=0.61152651337409603 -0.93424891222293172 12.500000000000002 0.28218154149291935 1.120548460495842 -0.85801321302686839 11.500000000000002 -1.2717889343118312 -0.16218322683910394 0.0032500000000000007 282.50000000000006 -0.95798179535287364 -0.35876299630555997 1.8712831442408742 -0.35350050125405358 1.7138161054971108 -0.76164080283104429 7.5000000000000009 0.10838773412364668 -0.62364164724663407 0.10738308776425369 -0.38060369443039016 -1.070172304458213 1.8257104242626303 0.77459666924148352 -1.4947293308406844 35.541428571428582 0.13889835889217891 -0.50533656869879751 1.1290679287284215 137.50000000000003 7.5764440521722092 112.15000000000002 -0.0069071949532536724 1.0000000180025095e-35 34.500000000000007 6.7144957983193292 487.00000000000006 0.5722566626961535 -0.33335313585894805 64.500000000000014 6.2310870947234589 -0.40082309334929217 -0.89280619567958774 0.80187499309482879 0.57801008622544392 0.54926019916260993 -1.0000000180025095e-35 -0.025157833159246534 0.83727492084329469 -1.0142879806260421 -0.007599964156445419 0.30583900226757377 0.14204855576606748 0.75477726265637513 1.3559956561231226 -0.80083170330902675 1.8196309429485036 1.1287390623414475 -1.642127137324368 3.8014084507042258 -0.34712938339203753
decision_type=2 2 2 2 2 2 2 2 2 2 2 2 2 2 2 2 2 2 2 2 2 2 2 2 2 2 2 2 2 2 2 2 2 2 2 2 2 2 2 2 2 2 2 2 2 2 2 2 2 2 2 2 2 2 2 2 2 2 2 2 2 2
left_child=1 6 3 8 38 -6 -1 41 9 10 11 17 13 19 -14 16 -16 18 -3 -13 -11 -22 23 24 25 -4 -25 29 -29 32 31 -31 33 34 37 -36 -30 -18 -5 40 -40 -8 44 -44 48 46 50 -48 54 59 52 -52 -46 -53 57 -56 -57 58 -9 -47 61 -24
right_child=-2 2 22 4 5 -7 7 42 -10 20 -12 12 14 -15 15 -17 27 -19 -20 -21 21 -23 60 26 -26 -27 -28 28 36 30 -32 -33 -34 -35 35 -37 -38 -39 39 -41 -42 -43 43 -45 45 49 47 -49 -50 -51 51 53 -54 -55 55 56 -58 -59 -60 -61 -62 -63
leaf_value=0.016987056837161878 -0.032362908971550551 0.050253118475362492 0.11836771009530551 -0.026440596776260331 0.15055495833880533 0.0057486066066117026 0.026842735557359554 0.0073992011667401228 -0.01041563728637385 0.017766506044517943 -0.037524436473346356 -0.0206259785817418 -0.012400587936827093 -0.028922978835926139 -0.028370108806957218 0.11490323020042162 0.0083556302023598174 -0.034922249235655949 -0.045294520065985208 0.061126718337235431 -0.00028335938268755272 0.13105495162100683 -0.014819005491692048 0.13461004963401613 -0.04375404399956679 0.010496925741691848 -0.00067138457985714323 -0.032169776092003222 -0.010082658807932639 0.13189766625651955 -0.032209812440510383 -0.0015207072419354812 0.044372379910507104 -0.033964728059947866 -0.010333268769354635 0.042655603026550269 0.11794160708924101 -0.028410192180410479 0.14990985062650058 -0.030028584589559055 -0.020541935113928544 -0.018465725676747053 0.0485235593558863 -0.01633523384666034 0.010851913198010264 0.03672447419091171 0.066820252481942385 -0.0019756659799123211 0.0010036536624375095 0.05639880240917277 0.044763017384130625 -0.028604811881366089 0.099724426562185373 0.046036461369891098 0.017362333196717428 0.0037530261891613468 0.1231167490031629 0.051536514340477485 -0.025853120876837579 -0.034856527221301913 -0.0077573692452266646 0.091508993279872386
leaf_weight=272.000050092116 285.60945881251246 8.9204443134367448 1.2835866883397091 50.035772286355495 0.95923995226621617 6.5499916952103368 11.353947360068558 468.97202287241817 51.840618096292019 14.914319876581432 10.532063622027634 3.555252604186534 49.760595207102597 6.0070443488657466 15.258516807109116 2.2398847918957463 60.260043610818684 22.294417062774301 3.4851511828601351 35.822209682315588 3.317596934735775 5.211593456566332 5.4241590332239866 2.1405878011137238 7.7757526328787199 37.882814018055797 1.9208212252706287 1.8034292310476301 1.5085178148001412 4.0299991033971301 1.5546630080789325 1.9259206615388391 17.036546824499965 12.752037016674874 10.113453658297656 33.84212857671082 5.107590401545167 20.182694762013853 1.2132145827636129 1.62998617440462 0.79143866710364807 60.808638881891966 5.1844230964779845 55.847651541233063 9.3835286870598775 4.2658480629324975 31.540353115648031 9.6059568691998702 411.52068851329386 4.0406438037753096 11.025371737778185 26.462791282683614 5.3759802244603625 5.1250137649476519 219.96944392845035 3.2168656550347805 3.9525055252015582 10.271672632545231 20.70570213906467 20.308132268488407 968.97556934971362 4.400482375174759
leaf_count=1584 17706 91 22 1378 28 180 80 3410 469 145 163 58 753 84 206 39 788 357 41 477 33 45 89 29 118 679 33 43 32 48 23 22 217 215 131 421 109 253 38 69 24 488 39 390 72 27 224 74 2940 31 88 225 38 44 1498 21 27 69 172 165 20817 59
internal_value=0.000405496 0.0033732 -0.00241019 0.00600772 -0.0127056 0.0403533 0.00854642 0.00689074 0.00888343 0.0117659 0.00925904 0.0109398 0.0141211 0.0419149 0.00863259 0.0142738 0.0124211 -0.014513 0.0216611 0.0532937 0.0448208 0.084775 -0.00621379 0.0137543 0.00614237 0.0170155 0.0821498 0.0162535 0.0631518 0.0134076 0.0665889 0.09402 0.0103725 0.00582229 0.010179 0.0303939 0.0906036 -0.00104292 -0.0208231 0.0444497 0.0965113 -0.0109992 0.00787508 -0.0100517 0.00875068 0.0209669 0.0296086 0.0509748 0.00736507 -0.00861249 0.0135889 0.000795583 0.0478138 -0.0153 0.0109523 0.0196026 0.0771862 0.00698106 0.00593314 -0.021285 -0.00727237 0.0363978
internal_weight=3450.81 3165.2 1494.26 464.456 61.1796 7.50923 1670.94 1398.94 403.277 351.436 327.993 317.461 282.761 45.3845 237.376 187.615 185.376 34.7 12.4056 39.3775 23.4435 8.52919 1029.8 51.0036 46.9422 39.1664 4.06141 170.117 8.41954 161.697 7.51058 5.95592 154.187 137.15 124.398 43.9556 6.61611 80.4427 53.6704 3.63464 2.00465 72.1626 1326.77 61.0321 1265.74 127.134 98.519 41.1463 1138.61 28.6146 57.3727 42.6132 14.7595 31.5878 727.088 227.139 7.16937 499.949 489.678 24.574 978.8 9.82464
internal_count=58238 40532 28826 6980 1717 208 11706 10122 5263 4794 4571 4408 3919 619 3300 2547 2508 489 132 535 223 78 21846 881 819 701 62 2302 184 2118 93 70 2025 1808 1593 552 141 1041 1509 131 62 568 9554 429 9125 988 765 298 8137 223 467 357 110 269 5197 1546 48 3651 3582 192 20965 148
is_linear=0
shrinkage=0.05


Tree=41
num_leaves=63
num_cat=0
split_feature=70 71 163 130 131 57 130 63 154 76 90 17 64 152 50 152 36 130 130 28 30 36 152 28 121 172 124 144 84 9 2 180 106 60 172 106 131 64 173 8 173 139 124 144 105 66 181 121 71 8 104 48 9 9 118 163 16 96 128 68 178 24
split_gain=132.325 26.0602 19.7795 19.217 19.004 15.6954 13.6436 12.4069 13.1424 17.82 10.868 10.1856 10.328 13.1465 11.6639 10.1705 9.92402 9.7555 16.7288 14.5119 14.9113 19.0746 11.9837 10.9363 12.3127 14.0253 10.6217 10.006 9.80956 11.4271 10.6251 12.997 10.7075 11.9738 9.8779 9.80109 9.51295 9.24862 9.12743 9.00413 9.73194 9.82367 15.451 8.89512 8.79579 8.77767 9.38943 8.5709 8.52723 8.47921 8.55397 18.4939 16.1316 14.9266 14.0451 13.2049 11.8431 9.21453 11.2141 12.8269 11.2705 10.9147
threshold=13.926377597109306 -0.93424891222293172 0.87473873760374454 -0.6833989493133269 -0.22423978457638691 0.081491671088228176 -0.73563894583860734 5.5941722972972983 -0.28531690010965827 0.18500000000000008 -1.644591320382754 0.36666666666666675 0.051581616409696641 -0.12287415486875404 1.0000000180025095e-35 -1.0000000180025095e-35 1.0000000180025095e-35 0.059241477594276802 0.80997817466865418 34.350000000000001 210.50000000000003 1.0000000180025095e-35 1.6268819147852887 35.250000000000007 -0.7097971824217274 -0.26836850201988477 -1.0000000180025095e-35 -0.76408315991453268 0.6492500000000001 6.5000000000000009 55.750000000000007 -0.68006662572515142 -1.1793794983438013 0.072025179605217288 -0.54778287615483978 -0.751713217566778 -0.2765993520465973 0.10600398769360782 -0.79357831517826327 12.500000000000002 1.6739770582181717 -0.72542093825601717 -0.33333333333333331 -1.0000000180025095e-35 -0.30151134457776335 336.50000000000006 -0.4697359518673942 -0.83224914304854825 -0.61952237637262508 9.5000000000000018 0.44721359549995809 8.5000000000000018 8.5000000000000018 8.5000000000000018 0.1592691762026289 -1.0621789598826978 0.45000000000000007 -0.40082309334929217 1.0608259776572166 0.29428104575163405 -0.24626781251816646 94.250000000000014
decision_type=2 2 2 2 2 2 2 2 2 2 2 2 2 2 2 2 2 2 2 2 2 2 2 2 2 2 2 2 2 2 2 2 2 2 2 2 2 2 2 2 2 2 2 2 2 2 2 2 2 2 2 2 2 2 2 2 2 2 2 2 2 2
left_child=1 17 6 5 7 -3 11 8 9 -5 15 12 -2 -14 -15 -6 -17 27 19 38 21 -21 28 -23 25 26 -25 44 30 -30 36 -32 -33 -34 -31 -22 -20 -10 -19 40 41 42 -9 -36 -1 49 -47 -43 -42 -29 56 53 55 -52 -55 -53 57 58 60 -60 -51 -61
right_child=2 3 -4 4 10 -7 -8 39 37 -11 -12 -13 13 14 -16 16 -18 18 22 20 35 23 -24 24 -26 -27 -28 45 29 34 31 32 33 -35 43 -37 -38 -39 -40 -41 48 47 -44 -45 -46 46 -48 -49 -50 50 51 52 -54 54 -56 -57 -58 -59 59 61 -62 -63
leaf_value=0.0016303163177435018 -0.0150934140788069 0.0035600737837802273 -0.038922821347381717 0.020905633973474544 -0.0030047373090273961 0.031216473599240874 -0.021705212644690733 -0.015053558207842047 0.019580082775669583 0.13039517661984878 -0.018213097033349859 -0.031593551005778674 -0.016851257598061584 0.09555814025628441 -0.030970662690848517 -0.024001317592591095 0.13087854758329759 0.073513723436979247 -0.023738491739446369 -0.037411269386517489 -0.019541279321340213 -0.032345929806439098 0.086423536920727351 0.10791909092076873 -0.024018391482228781 -0.0077260360474156811 0.025178651869139975 0.025012838071038507 -0.025029575797575639 -0.020343772802256119 -0.036288562407687894 -0.015011879837122544 -0.025249514260125578 0.066391849489529406 0.071623675766967695 0.043377955485483614 0.041103206698604643 -0.021273202735866727 0.0077188482824024829 -0.0061325692201043142 -0.018030599760056623 -0.026701814131731394 0.11031341675667312 0.021635970268075108 0.10025314448396148 0.04295467877237668 -0.030952480726271461 0.004935619856882738 0.10057256032317458 0.016454854540622885 -0.0077072085795117365 -0.016395905806261175 -0.057949976371137905 0.050120838014793105 -0.035473017423523844 0.082550634328992678 0.095309310426058003 -0.0079548445494615032 0.014090262030457837 0.0063181183741640827 0.0054940844761851345 0.088628901795476583
leaf_weight=3.9497479274868965 8.3550812592729944 193.57712574861944 180.20897469855845 13.108699383214118 8.1608420051634294 69.221259338781238 184.71989793330431 4.0583276990801096 43.620508277788758 4.5809823572635642 245.77798025496304 8.6319095380604249 4.7119540441781309 10.267478618770836 1.6110069891437877 1.0133588258177035 2.497417438775301 5.6203502416610709 42.001733917742968 78.44968887232244 8.9911744929850119 17.974564066156745 4.4854868352413169 6.0961140878498581 14.335931964218615 13.104594167321922 10.930402150377629 90.318450126796961 7.8577513583004466 5.6814353615045539 7.3412124179303637 7.674915216863158 3.6918603144586113 19.039788775146008 18.027799420058727 15.62166568264365 5.5387264881283036 19.064721850678325 28.614470418542624 521.59597781300545 1.7285031415522096 22.805969621986151 4.3239815402775985 19.799496989697218 4.7594025172293168 4.2812066711485413 22.815293498337269 210.07405422441661 3.8092752303928128 404.45138697884977 45.300657298415899 15.277337912470104 22.438462313264608 27.359796911478043 4.94999961182475 3.2489571794867507 3.131487824022769 64.811871614307165 34.218512635678053 6.0015264749527004 564.92085887305439 13.420687619596718
leaf_count=28 221 2038 12681 169 195 563 9812 69 574 49 5842 217 107 210 40 25 44 43 316 937 76 156 26 49 171 118 101 464 51 34 59 60 30 142 96 126 55 242 245 9862 15 322 56 114 33 30 167 3125 69 2661 310 113 203 156 31 34 23 412 257 37 3640 87
internal_value=0.000396696 0.00394604 -0.0266584 -0.00116897 -0.00406087 0.0109545 -0.0163797 -0.000439619 0.01812 0.0549867 -0.0159323 0.0125537 0.0286516 0.0505719 0.0769372 0.0293481 0.089655 0.00812402 0.000556422 -0.00872344 -0.014873 -0.0211583 0.0136933 -0.000392003 0.0128418 0.0307482 0.0594234 0.0100498 0.0106592 0.0276938 0.000139768 0.0197197 0.0341261 0.0508608 0.0376765 0.0203325 -0.0153899 0.00693775 0.0204422 -0.0024085 0.00543488 0.00376567 0.0539484 0.0468191 0.0608156 0.00966728 -0.0179841 0.00171506 0.0656927 0.0102609 0.00913548 -0.00356163 -0.030368 0.0107302 0.0361861 0.00403929 0.0105221 0.0101861 0.011347 0.0334652 0.0100846 0.0649942
internal_weight=3444.06 3045.55 398.506 1369.02 1106.22 262.798 218.297 848.771 80.3749 17.6897 257.45 33.5774 24.9455 16.5904 11.8785 11.6716 3.51078 1676.53 340.879 199.739 165.504 140.891 141.14 62.4416 44.467 30.1311 17.0265 1335.66 136.655 51.3665 85.2882 37.7478 30.4066 22.7316 43.5087 24.6128 47.5405 62.6852 34.2348 768.396 246.8 241.262 8.38231 37.8273 8.70915 1326.95 27.0965 232.88 5.53778 1299.85 1209.53 118.575 40.9648 77.6105 32.3098 18.5263 1090.96 1087.82 1023.01 53.6407 969.372 19.4222
internal_count=58238 34950 23288 23259 20658 2601 10607 14552 1034 218 6106 795 578 357 250 264 69 11691 3005 2022 1734 1532 983 595 439 268 150 8686 957 295 662 291 232 172 244 202 371 816 288 13518 3656 3572 125 210 61 8625 197 3447 84 8428 7964 847 350 497 187 147 7117 7094 6682 381 6301 124
is_linear=0
shrinkage=0.05


Tree=42
num_leaves=63
num_cat=0
split_feature=70 69 163 130 130 131 130 59 175 34 23 130 155 133 128 123 43 130 165 130 46 30 1 163 158 162 180 94 148 14 85 132 64 153 94 9 27 163 136 27 181 3 118 94 120 180 15 172 180 170 94 181 163 27 116 125 130 130 5 30 30 170
split_gain=122.469 21.5659 19.3455 12.5606 11.303 16.3283 14.43 11.277 12.9168 11.1597 11.1001 11.5329 12.0744 11.1845 15.7393 15.1406 12.3867 15.5873 10.8197 10.3699 10.3663 9.97547 10.2923 13.7763 9.67586 9.39736 11.5061 13.553 11.9414 11.6411 9.8068 9.20862 9.70846 11.2223 11.9939 12.8352 10.3848 9.08732 8.86981 10.6864 10.8309 8.83123 9.10493 8.71965 8.67419 8.59708 9.14454 8.55491 8.48982 8.33875 15.8267 9.99544 11.9589 14.4284 9.64966 10.9052 10.2656 14.5057 13.0572 14.7079 13.9768 11.9568
threshold=13.926377597109306 6.5000000000000009 0.87473873760374454 -0.73563894583860734 -1.3532066329797183 0.20775302465684489 1.4155986896186243 35.500000000000007 1.8383675831689568 1.0000000180025095e-35 0.42000737357880219 -0.47753542150647038 0.016640837056991552 0.38513799510730667 0.8771241198428571 -0.24626781251816646 2.8452380952380958 -0.31597738758103744 -0.54149642615638671 -0.71949648814961231 1.0000000180025095e-35 184.50000000000003 7.5000000000000009 -1.886116092014045 0.56693179632173474 -0.37084745341724984 -0.32478054967508557 -0.40518950118700919 0.28910062869679737 6.416666666666667 0.0052500000000000003 1.1651508332621729 0.051581616409696641 -0.15513277866733585 -0.27975749664048982 6.5000000000000009 108.05000000000001 -0.023856973317271841 0.23143849598319191 81.950000000000017 -0.26273006582979269 447.00000000000006 -0.35542625628056529 0.53813965690518983 0.645913318816148 1.973874001616615 0.92936507936507951 0.043186665947896781 -0.3088695552973007 -0.64669038411980129 1.0521896000731792 1.83165918907667 -0.55760537904627516 109.35000000000001 1.1547005383792459 -0.74513161317595145 0.86602540378443893 0.14266592092649369 2550.0000000000005 3.5000000000000004 121.50000000000001 0.18546165077025781
decision_type=2 2 2 2 2 2 2 2 2 2 2 2 2 2 2 2 2 2 2 2 2 2 2 2 2 2 2 2 2 2 2 2 2 2 2 2 2 2 2 2 2 2 2 2 2 2 2 2 2 2 2 2 2 2 2 2 2 2 2 2 2 2
left_child=1 4 3 31 9 7 10 8 -6 -1 13 12 -12 14 16 24 17 -7 -14 38 43 22 -11 -24 -16 37 -27 29 -29 -28 -31 32 -2 -34 35 -35 -36 49 45 -40 -41 -22 -43 -17 -37 46 -3 -26 -10 50 51 -9 -53 -54 55 -51 57 -57 59 61 -61 -59
right_child=2 19 -4 -5 5 6 -8 25 48 21 11 -13 18 -15 15 20 -18 -19 -20 -21 41 -23 23 -25 47 26 27 28 -30 30 -32 -33 33 34 36 44 -38 -39 39 40 -42 42 -44 -45 -46 -47 -48 -49 -50 54 -52 52 53 -55 -56 56 -58 58 -60 60 -62 -63
leaf_value=-0.023989411260616923 -0.019454727965404532 -0.01664283508457853 -0.038437717242445164 -0.021068237289052508 0.01285777228124306 0.098568533981372927 0.07105104863938945 0.00036466653543922706 0.10165412005630958 0.028146232095152757 -0.014396873488989532 -0.034713058499335134 0.10461200897310673 -0.020142530483453283 -0.031283343238162641 0.045759701518635912 -0.012977603932525721 -0.01471738194731749 -0.0003888883265971869 -0.010777847124303255 -0.0022235151584695813 -0.021169074943295327 0.053970283375294539 0.0027698974554855801 -0.0023434591709300778 -0.0058998360616534309 -0.0027521808987074109 -0.025577165635196544 0.087909605560193727 0.21934302640824144 0.01750214900698124 -0.038134002831631493 -0.018440200688711505 -0.024645733250342361 -0.032035706035863636 0.17166803934851482 0.068565499295322879 -0.039136220539716049 -0.014120855220303869 0.015199162863939764 0.088539882169625148 0.15158710655784083 0.033123207001554043 -0.034389790153213425 0.010220459727791727 0.071287008733173937 0.062606253033709022 0.097238209692231403 0.012078781947344332 0.062528868000220117 -0.025739767898751736 0.016509257633063986 0.17450916466935784 -0.023540164037613016 -0.02339741810560661 0.0075388756744751472 0.021172247327241725 0.045070433710064479 0.035967165142936713 -0.03909571906066487 0.0021740850035278331 -0.0085476440282930659
leaf_weight=16.88532355800271 8.1088681556284445 40.927678348496556 173.54158015269786 180.9179493971169 261.67121399380267 5.0213353838771582 4.8404450844973317 436.77244861237705 6.0621780343353748 144.37327190116048 36.67055450938642 62.451310122385621 3.5264416560530663 52.058354660868645 11.538560327142479 12.46177670359612 74.617484072223306 5.5429341215640289 5.1358476486057025 330.52455614134669 1.9011972602456797 15.477095328271387 13.870310127735136 116.40910822898149 5.1657767295837393 8.7673749718815106 1.1509127318859098 4.8389525059610587 2.8909815885126591 1.9320596996694805 1.063353845849633 6.4166033240035167 4.9551290785893825 1.0555704962462211 4.1317609008401579 3.8320859186351299 4.2007840722799301 11.15302015468478 8.7458940912038106 11.72341923043132 8.8768747244030219 4.8694672323763362 3.3767102118581525 3.6508292518556109 1.2470399737358091 2.5146791171282521 2.9858304969966403 2.5393419414758682 4.9376027993857843 7.8557210452854624 56.902981409803033 17.277031198143963 1.8453684151172631 0.98375253565609444 25.422985535115004 926.94455039873719 110.5660277698189 14.503266202285884 13.490318115800617 60.674431331455708 30.255919564515352 30.547753358259797
leaf_count=102 222 582 12681 9812 2228 51 61 4134 40 746 416 1274 35 727 160 138 1022 96 57 9038 26 102 58 621 59 206 25 116 64 44 17 167 114 25 98 71 79 312 125 142 111 51 40 45 19 32 26 31 36 69 578 163 36 23 285 7869 975 150 150 817 322 317
internal_value=0.000382504 0.00375699 -0.0260203 -0.0158363 0.00540808 0.00421477 -0.00674797 0.00580819 0.0152628 0.0144201 -0.00830059 -0.0209478 -0.0015368 -0.000740492 0.00704458 0.0304661 -0.00561737 0.0425638 0.0482426 -0.0069496 0.0544506 0.0167474 0.0189712 0.00862866 -0.00308926 0.00433762 0.0371197 0.067258 0.021502 0.130835 0.171256 0.0117079 0.024429 0.0430509 0.0642658 0.112383 0.0200583 0.00392594 0.0096068 0.030655 0.0496698 0.0922419 0.112447 0.0263587 0.141053 -0.0039577 -0.00986914 0.037301 0.0662194 0.00422819 -0.00110568 0.00200102 0.0356098 0.116174 0.00647714 0.007136 0.00671286 0.00520473 -0.00919108 -0.0139375 -0.0254351 0.00920892
internal_weight=3435.6 3047.19 388.407 214.866 2640.89 2333.88 295.368 2038.51 272.671 307.015 290.528 107.784 45.3328 182.744 130.685 45.5037 85.1818 10.5643 8.66229 406.299 26.26 290.13 274.653 130.279 19.2437 1765.84 20.6436 11.8763 7.72993 4.14633 2.99541 33.9478 27.5312 19.4224 14.4672 6.1347 8.33254 1745.2 75.7744 29.3462 20.6003 10.1474 8.24618 16.1126 5.07913 46.4282 43.9135 7.70512 10.9998 1734.04 513.782 456.879 20.1062 2.82912 1220.26 1194.84 1186.98 1076.42 149.472 135.981 90.9304 45.051
internal_count=58238 34950 23288 10607 24894 23265 4289 18976 2304 1629 4228 1782 508 2446 1719 550 1169 147 92 10056 300 1527 1425 679 250 16672 472 266 180 86 61 795 628 406 292 115 177 16200 1018 378 253 117 91 183 90 640 608 90 76 15888 4934 4356 222 59 10954 10669 10600 9625 1756 1606 1139 467
is_linear=0
shrinkage=0.05


Tree=43
num_leaves=63
num_cat=0
split_feature=70 71 163 130 57 170 8 38 171 38 172 130 17 177 135 132 48 106 130 130 176 28 138 57 159 126 128 94 105 66 66 121 28 2 151 84 2 121 8 95 60 130 105 159 148 153 136 166 15 61 90 65 162 151 122 51 94 57 94 170 164 117
split_gain=113.261 22.0521 18.9116 16.2563 13.733 13.5995 13.3073 12.1243 10.3154 9.66546 14.1405 9.2271 12.4715 10.3433 9.01574 8.85957 12.2937 9.58455 10.191 10.9839 13.0235 13.5091 11.1092 10.8588 10.6285 10.2654 9.97247 11.1241 9.2852 9.31917 9.28279 11.765 15.6518 10.8206 8.77784 8.72712 16.2103 13.489 10.4883 13.0009 8.63107 8.57224 10.0798 9.75221 9.67412 8.29034 8.19731 10.0228 8.04817 11.1222 9.98466 8.03108 10.2936 8.50819 8.01406 8.9368 7.95685 16.1013 11.6637 15.7536 10.8723 10.1734
threshold=13.926377597109306 -0.93424891222293172 0.87473873760374454 -0.6833989493133269 0.081491671088228176 0.84343713451752655 12.500000000000002 8.5000000000000018 -0.33837567900378202 5.5000000000000009 -0.28157292422702046 -0.73563894583860734 0.36666666666666675 1.7617723945560455 -0.95798179535287364 2.4689670805372033 8.5000000000000018 -1.8728574474225321 0.059241477594276802 0.9021490649706726 -0.36565868328721934 34.350000000000001 1.1552358655866908 0.067566896576628635 -0.19625346680996367 -0.61405992920138119 1.0608259776572166 0.33181706623948559 2.4762982622457907 345.50000000000006 110.50000000000001 -0.73841030330571134 33.850000000000001 55.750000000000007 -0.43479631939650948 0.6412500000000001 55.750000000000007 -1.0437971706441427 14.500000000000002 -0.53314826822576944 0.11865536723163843 0.95053212521573294 1.5826044024699548 -1.0657703001651673 -0.1750014868945311 -1.0000000180025095e-35 0.032024395511799607 0.059034990567979458 0.76159511784511802 0.090829763604632727 0.5461762181713844 6.8033413886048892 -0.47924347284477542 -0.039404697351305647 -0.35350050125405358 1.175 0.10893773462621519 0.067281259618109379 0.68834901867108578 1.3361533986069964 -0.72923449296946574 -0.030274963116295454
decision_type=2 2 2 2 2 2 2 2 2 2 2 2 2 2 2 2 2 2 2 2 2 2 2 2 2 2 2 2 2 2 2 2 2 2 2 2 2 2 2 2 2 2 2 2 2 2 2 2 2 2 2 2 2 2 2 2 2 2 2 2 2 2
left_child=1 15 7 4 48 -6 8 11 40 10 -10 12 34 -13 -11 17 -17 -1 26 20 24 30 -23 -24 -20 -26 28 45 29 -19 31 -22 -33 -32 -2 36 -21 -38 39 -37 51 -8 43 44 -43 -28 47 -39 -3 -50 -51 52 53 -5 -42 -56 -16 -58 60 -60 -59 -61
right_child=2 3 -4 6 5 -7 41 -9 9 14 -12 13 -14 -15 56 16 -18 18 19 35 21 22 23 -25 25 -27 27 -29 -30 -31 33 32 -34 -35 -36 38 37 46 -40 -41 54 42 -44 -45 -46 -47 -48 -49 49 50 -52 -53 -54 -55 55 -57 57 58 59 61 -62 -63
leaf_value=0.049085623512468875 -0.024342636792025127 -0.0005423577464220169 -0.037942295998703093 0.057024474145249797 0.017348693494621478 0.072699008498916737 -0.0093499684055776185 -0.03507821622241563 0.14392264893106679 -0.019263247315861522 -0.0039903445763348824 -0.016230169624992328 -0.035270133506027493 0.076296242548849369 0.0040414249823858897 0.013754389418626911 -0.04776782846431267 0.0094361966487499314 0.097325019872062934 -0.018821488472765095 -0.026072337149772813 -0.020729032912725473 0.10064348095890839 -0.0030999442554083987 0.071731491342145945 -0.037241078350287914 0.050773645236685809 0.054981652471990522 -0.037479935713473432 -0.022355945131462596 0.10492489215519425 -0.0074085759718650994 0.11137017043488871 0.00061742765252325617 0.048987975611207761 0.064781318569992197 -0.025021482411212506 -0.0298434399037667 0 -0.019245042660528018 -0.034892207580275079 0.14098272657730701 -0.034310655882002619 0.011664796711174288 0 0.0022203144019506105 0.078232976747617478 0.04687458134534473 0.09491180288242454 -0.02237630862193531 0.051692312031710812 -0.020818322220510225 -0.037169036782352581 -0.029433151385056013 0.0083417742169055106 0.078119831316135535 -0.020968384609367174 -0.03575369834638658 -0.0045559355283669263 -0.010759796449697281 0.066609289058378568 0.10178925363184416
leaf_weight=13.089706305414436 4.3892145948484602 173.9002656750381 167.19200397189707 10.758076665922999 57.31969684176147 13.254181236028669 671.432498075068 55.929619994945824 2.2489201985299587 25.340221593156457 2.9846757743507615 122.5609681578353 7.800015987828373 2.1029708767309776 130.37380718253553 14.646043587476017 16.063237369060516 1207.9422355033457 4.1157904416322708 44.240542266517878 15.472442042082546 144.81398857943714 2.7481930367648584 7.2737235371023417 2.4038697145879269 4.9076480362564308 10.451333455741404 23.632232595235109 9.9119480252265912 22.487772535532713 4.4948433116078359 6.5406640544533747 3.5907308980822563 4.740849781781435 18.676874659024179 21.405446145683531 8.8215011954307538 5.735984589904553 18.933435011655092 5.1958058774471274 4.802423074841502 2.0707209222018723 9.6343748811632377 46.998388549312949 1.9238586034625758 39.362901225686073 9.7487378567457181 10.800725750625132 4.3025648146867779 9.3789617009460944 7.1028614714741698 82.679142002016306 5.816460456699132 2.9777843691408643 14.698130195960404 6.007565898820757 15.16309007257223 2.1724478676915195 26.689206779003143 2.4725828897207975 27.062771325930953 5.9137702304869872
leaf_count=85 101 1852 12681 125 465 98 13678 3305 31 416 46 6529 198 97 1947 106 153 7716 38 339 129 1525 26 81 19 66 73 155 62 164 29 56 28 42 377 110 68 47 115 28 102 38 177 936 41 288 67 76 36 90 60 1482 139 34 173 76 234 40 425 37 404 77
internal_value=0.00037411 0.00358112 -0.0253782 -0.00113712 0.00994547 0.0286841 -0.00382023 -0.015289 0.00391776 0.0100131 0.071659 -0.00796209 0.0160787 -0.0140348 0.0083225 0.00740927 -0.0187602 0.00790956 0.0075481 -0.00034984 -0.00758489 -0.0108036 -0.0171398 0.0314449 0.0420084 0.00230493 0.00951036 0.02734 0.00842938 0.00883341 0.0169093 0.00059878 0.0404626 0.0571618 0.0343946 0.011229 0.00106776 0.0260971 0.0284249 0.0480853 -0.00750414 -0.00771861 0.0101257 0.019116 0.0858938 0.0133042 0.0437242 0.0197944 0.00301521 0.031669 0.0103887 -0.0140171 0.0141132 0.0372167 0.0179538 0.0314839 0.0117529 0.0241337 0.0350026 0.0146978 0.0579065 0.0704622
internal_weight=3427.7 3049.05 378.652 1365.48 265.259 70.5739 1100.22 211.46 368.161 240.421 5.2336 155.53 30.8661 124.664 235.188 1683.57 30.7093 1652.86 1639.77 325.985 201.103 189.675 154.836 10.0219 11.4273 7.31152 1313.79 73.4465 1240.34 1230.43 34.8395 25.6038 10.1314 9.23569 23.0661 124.882 79.3475 35.1069 45.5347 26.6013 127.74 732.06 60.6273 50.993 3.99458 49.8142 26.2854 16.5367 194.685 20.7844 16.4818 102.231 19.5523 13.7359 25.5081 20.7057 209.848 79.4739 64.3108 35.0756 29.2352 8.38635
internal_count=58238 34950 23288 23259 2601 563 20658 10607 5788 3657 77 7302 676 6626 3580 11691 259 11432 11347 2889 2039 1916 1632 107 123 85 8458 516 7942 7880 284 213 84 71 478 850 597 258 253 138 2131 14870 1192 1015 79 361 190 123 2038 186 150 1780 298 159 351 249 3164 1217 983 539 444 114
is_linear=0
shrinkage=0.05


Tree=44
num_leaves=63
num_cat=0
split_feature=70 85 163 133 130 38 163 130 102 82 178 172 174 148 167 0 178 154 56 15 94 156 38 170 102 130 9 164 118 63 151 1 66 162 170 65 132 179 83 57 96 178 94 171 64 174 171 171 176 110 130 103 30 118 125 103 181 171 102 110 49 107
split_gain=104.714 18.6379 18.4509 14.7672 12.4008 11.6059 10.9249 11.8822 9.81332 13.4626 12.3958 9.97997 9.73799 9.35056 9.31309 9.87798 11.6555 13.1988 13.7929 12.2325 11.2893 10.6256 9.15652 11.9065 12.0233 9.08393 9.28075 9.08063 8.74672 8.68938 9.00282 8.87716 11.2209 12.1075 11.2951 12.5432 15.9144 15.8068 12.5781 9.35002 10.4919 16.6662 11.3713 10.1616 8.66553 8.53623 9.49127 10.4188 8.4217 8.41249 8.3843 15.4281 12.617 11.4364 11.89 11.1319 14.4352 13.9157 10.2838 9.19258 18.7882 11.0376
threshold=13.926377597109306 0.78425000000000011 0.87473873760374454 0.32387918255168213 -1.4137330276378894 8.5000000000000018 -0.2140608054589094 0.13373027098992693 1.8466294156097001 0.03509852216748769 -0.27230567001251943 0.19185111317843317 -0.82512572364842229 -1.4003476657025156 0.69464608411969786 5.5000000000000009 -0.27230567001251943 -0.48950230874639195 7.591510504062426 0.7224747474747476 -0.55184259022284976 -0.56295936281085834 9.5000000000000018 1.4725269369804095 0.42817441928883776 -2.2358755282361638 9.5000000000000018 2.4827422767379042 0.21954362289866286 3.8014084507042258 -0.70785936819345274 6.5000000000000009 25.500000000000004 0.11133156664455143 0.25045317369180536 8.4565769627689154 -0.53218652339063366 0.68006662572515186 0.12158167036215818 0.06840240670943197 1.3601332514503037 -1.0000000180025095e-35 0.29006827814651975 2.0777817480335883 0.089500168131815355 -1.0394738687553267 -1.0352061505279819 0.6914067736790398 -0.33472653464014696 1.6023024128455547 0.14266592092649369 -0.053710317301690028 363.50000000000006 0.91204462826916666 -1.0000000180025095e-35 -0.8499420113026398 -0.58322473656233864 0.50582122201088187 -0.5318715194069622 0.1097806572880539 2.5000000000000004 0.18710278713411196
decision_type=2 2 2 2 2 2 2 2 2 2 2 2 2 2 2 2 2 2 2 2 2 2 2 2 2 2 2 2 2 2 2 2 2 2 2 2 2 2 2 2 2 2 2 2 2 2 2 2 2 2 2 2 2 2 2 2 2 2 2 2 2 2
left_child=1 6 5 4 -3 29 22 8 14 -10 -11 -12 45 -14 15 -8 -17 20 -19 21 -18 -20 50 -24 -25 -15 -27 -9 48 30 -2 32 33 34 35 36 -31 38 -38 -34 43 42 -42 -41 -23 -5 -47 -48 -22 -33 59 53 -53 55 -55 -52 57 58 -57 -1 61 -61
right_child=2 3 -4 12 -6 -7 7 27 9 10 11 -13 13 25 -16 16 17 18 19 -21 28 44 23 24 -26 26 -28 -29 -30 31 -32 49 39 -35 -36 -37 37 -39 -40 40 41 -43 -44 -45 -46 46 47 -49 -50 -51 51 52 -54 54 -56 56 -58 -59 -60 60 -62 -63
leaf_value=0.00055056982195831889 -0.021470945905876629 0.028213118278900648 -0.037436620607452509 -0.017995084576932583 0.0088216586962012716 -0.034508716244007163 -0.0097345587660468691 -0.027764878940050409 0.0018454354306197953 -0.023728076316206104 0.19844059199187999 0 -0.033391453096824029 0.030171989021591628 -0.023793856952448775 -0.018870792701834754 -0.0094844004006793357 -0.010183837438574345 -0.024366242302701874 0.11188592252535837 0.019970872454716258 0.068828865573317896 0.011177854848135497 0.10670176008195041 -0.020182210005642454 -0.00092235892418461585 -0.036790710151281374 0.06029258998656687 -0.0058770935467496749 -0.023345186153711034 0.15330661461881029 -0.022678985791141658 -0.034970832228212942 -0.027722207058513693 -0.0030729151880019155 -0.024865127972882275 0.024229056278379225 0.011121425706083278 0.27714570434236363 -0.0066771342874259523 0.21965719123906804 -0.028411523491187748 -0.013701276817136027 0.11640278665113941 0 -0.034104291953280373 0.10718104795256647 -0.018111568527317799 0.16748287294291353 0.054587594075737211 -0.028204376108197232 -0.028181593651116582 0.020587690570511977 -0.024766269408069794 0.065694982691509515 0 -0.00073192813318665264 -0.023080309053718318 0.14831245753609959 0.033491216891299101 0.07911964564579331 0.0029248535245742866
leaf_weight=843.76081115193665 0.85436644963920116 89.622992604970932 161.14545543771237 4.2332405764609566 987.77133764326572 54.073914701119065 122.1532327644527 78.341131107881665 8.9212293196469528 0.996247619390488 1.7567034233361476 0.87702683359384526 23.215269807726145 20.586308877915144 52.204496936872602 22.447669358924031 2.6055622268468142 31.424108995124698 7.7961613610386911 3.6791850365698329 1.7197230737656348 10.867083709686996 44.829507494345307 5.9607268832623941 2.0838494338095188 250.994146021083 18.467244680970907 2.0897256638854733 1.2553959283977745 0.97817258816212316 0.68523375503718742 83.712033144198358 17.256442461162806 3.5519951609894624 3.2196672335267067 1.103857942856848 0.89778883662074749 1.3307677200064061 1.8768397821113465 32.307845277711749 1.0075167370960119 1.4722048779949535 0.50329558830708254 0.76559905428439279 7.5367337651550761 1.5330353695899237 6.563838128000496 1.7095934264361856 3.5066373534500586 2.7094923518598071 24.785844957455993 90.875835178419948 14.634862538427113 4.241250146180394 12.73906261846423 1.6285968907177446 35.760874688625336 2.3134504184126854 3.655658781528472 35.784417789429426 9.0827936008572561 153.54723535478115
leaf_count=9749 28 386 12681 48 6132 3305 2985 2529 221 24 40 23 240 119 1293 558 62 763 191 60 44 265 560 62 25 2592 193 63 25 34 17 4024 836 217 138 47 29 59 73 1494 44 84 31 33 186 16 68 20 75 114 354 1853 195 62 159 22 543 32 50 374 90 1599
internal_value=0.000362878 0.00341167 -0.0247387 0.00763998 0.010464 -0.0147597 -0.000196493 -0.00788323 -0.00295868 0.0385295 0.107735 0.151684 -0.00164439 -0.00353501 -0.00506257 -0.000401967 0.0117971 0.0217745 0.0127256 0.0365311 0.0750098 0.022041 0.00195747 0.0221397 0.0746838 -0.00102162 -0.00352598 -0.0247033 0.106371 -0.00762587 0.0840851 -0.00912419 0.00455407 0.0445269 0.0723302 0.107231 0.136109 0.172211 0.224733 -0.00571124 0.00872315 0.0853949 0.165432 -0.000348668 0.0422002 0.037638 0.0615592 0.0815906 0.130751 -0.0196026 0.00107058 -0.00853671 -0.0212403 0.00721495 0.0427012 -0.00204493 0.0130951 0.071273 0.110476 0.00283924 0.0124952 0.00887389
internal_weight=3420.01 3050.56 369.452 1404.7 1077.39 208.307 1645.86 360.178 279.747 12.5512 3.62998 2.63373 327.303 313.263 267.196 214.991 92.8383 70.3906 61.3033 29.8792 9.08732 26.2 1285.68 52.8741 8.04458 290.048 269.461 80.4309 6.48176 154.233 1.5396 152.694 66.272 12.9591 9.40709 6.18743 5.08357 4.1054 2.77463 53.3129 36.0565 2.98302 1.51081 33.0734 18.4038 14.0397 9.80647 8.27343 5.22636 86.4215 1232.81 190.635 105.511 85.1247 16.9803 68.1444 43.3586 7.59771 5.28426 1042.18 198.414 189.332
internal_count=58238 34950 23288 9814 6518 10607 25136 9407 6815 308 87 63 3296 3144 6507 5214 2229 1671 1465 702 206 642 15729 647 87 2904 2785 2592 144 7302 45 7257 3119 597 380 242 195 161 102 2522 1686 159 75 1527 451 152 104 88 119 4138 15082 3270 2048 1222 221 1001 647 104 72 11812 2063 1973
is_linear=0
shrinkage=0.05


Tree=45
num_leaves=63
num_cat=0
split_feature=162 85 38 131 66 63 66 176 94 112 65 54 66 164 128 93 177 127 59 102 95 180 125 132 35 3 164 179 109 3 148 157 43 120 179 165 102 102 71 132 27 56 71 93 59 155 171 179 96 132 121 177 164 154 153 175 61 155 96 56 170 178
split_gain=91.8763 17.334 13.6364 11.1811 13.551 13.3084 13.1189 12.5991 11.0872 11.3679 12.4193 10.7418 11.049 14.433 10.6877 10.6168 10.5539 15.7881 11.0448 11.5174 11.2304 10.7472 10.6719 11.0575 9.7862 9.56325 9.39593 9.47612 9.66141 9.0448 8.99987 11.5158 10.6672 9.39098 9.07754 10.0811 8.93096 8.91373 8.7499 8.73637 8.59032 9.20687 13.0826 10.8076 8.28265 8.27211 8.18782 8.18037 8.17935 12.3868 10.5604 9.01223 9.13762 7.84452 11.6052 9.92185 11.418 10.8891 11.7223 12.3677 13.1774 9.46044
threshold=-0.014617805019361134 0.78425000000000011 6.5000000000000009 0.66371138120511075 62.500000000000007 4.5913729128014849 26.500000000000004 -0.32286457976644051 -1.7661986789216373 -0.27786214282533361 7.1135749385749394 -13.069583333333332 23.500000000000004 -0.43461349368017654 1.3554037256862983 1.0740832388983506 1.7165747778406077 -0.62267877784004921 95.500000000000014 -1.0262620711466852 -0.86156977559515957 -0.3088695552973007 -0.46805594846474324 0.54147921944897948 0.17424242424242428 473.00000000000006 1.6592540833830498 1.1725554802410743 -0.74774598211624599 441.00000000000006 -0.16095683045898057 -0.93900274074804913 5.9615384615384626 -0.7918479868414029 1.1607185375835611 0.86627198013942153 -0.36805040070532319 0.68006662572515186 -2.3331729093098739 1.5610583307568073 73.450000000000017 8.5249839541683521 -0.74456261057656825 0.15776314708859335 153.50000000000003 -0.70843325346671093 -1.333904376478753 0.57079612968924165 -0.35975795897448676 -0.64371898156713592 0.54287470725401221 -0.67124574499614054 -0.33358190418982658 -0.26627196323827057 -0.145268690851142 0.47102444145224948 0.084308025535795736 0.32226802500462864 -0.75477726265637479 7.7770952190304614 -0.79332882802191751 3.4012986611064471
decision_type=2 2 2 2 2 2 2 2 2 2 2 2 2 2 2 2 2 2 2 2 2 2 2 2 2 2 2 2 2 2 2 2 2 2 2 2 2 2 2 2 2 2 2 2 2 2 2 2 2 2 2 2 2 2 2 2 2 2 2 2 2 2
left_child=1 3 26 4 5 6 25 11 9 10 -7 -5 13 24 16 37 30 36 19 47 45 -22 23 -20 -13 -1 27 -2 -29 46 31 33 -32 -3 -34 -36 -18 -12 -24 -23 -31 -42 -43 -44 -16 -21 -10 -19 49 50 -4 52 -51 54 -6 57 -57 58 -56 60 -60 -55
right_child=2 14 48 7 53 8 -8 -9 29 -11 15 12 -14 -15 44 -17 17 18 22 20 21 39 38 -25 -26 -27 -28 28 -30 40 32 -33 34 -35 35 -37 -38 -39 -40 -41 41 42 43 -45 -46 -47 -48 -49 -50 51 -52 -53 -54 61 55 56 -58 -59 59 -61 -62 -63
leaf_value=0.12741564196212404 -0.014949227777123333 0.049394217512824197 0.12459065680984896 0.088767503804798129 -0.0044776131524207662 0.0076362016836260815 0.013366399099055926 -0.020473141385930958 0.042593503239346991 -0.034101695490325927 0.13340036416607484 0.036774553741379654 -0.0090165719730406838 -0.018437122952079804 0.015438467882475044 -0.027157470895570187 0.085233866645212986 0.066825977555259305 0.063586104284887021 -0.005686858567191414 0.01094628193169935 -0.030598600559783591 0.022595635451327145 -0.028666054855603071 0.16111011999939637 0.009056992460012455 0.090750897987174006 0.14423087750010363 -0.003450961933366681 -0.0093470771386033238 -0.010299914195507423 0.030163199575404406 0.0091963135695445827 -0.010641831286842117 0.072156257183879011 -0.010805347470663506 0.0020694775059721068 0.0013950902363013083 -0.0030816926486150155 0.035820226046212454 0.0064098489332143089 -0.017342814741826768 0.0030909499772772808 0.16721428479258926 0.056026676324013161 0.026787419122463164 -0.013203373147388314 -0.0035477102155430881 -0.034537074223694272 -0.027904953017671985 -0.026931072647256311 -0.030535297175412063 0.11573442002865629 -0.0085899891388683172 -0.025474559172472041 -0.031703505639866209 0.096932639307151583 -0.022827111316576706 -0.017739984077186514 -0.017918409977188323 0.094081069715768573 0.038855403758453144
leaf_weight=4.8584507927298572 28.671669126488272 6.8981909211724988 2.0788801005110176 2.6460912581533185 90.824827214702964 8.2743292609229737 16.403648590669036 135.03196394164115 5.9870136659592381 3.6403590291738501 6.5340616786852461 6.284351675771175 57.615929687395692 5.8565629636868826 50.852842490188777 1.1845798911526788 8.0561221837997419 13.997192106209697 11.061119746416805 24.92139452137053 51.663009042851627 38.282638541422784 33.90447960048914 3.6944811251014462 1.7452940065413711 2.7723816800862551 1.7779234182089556 1.0183808626607063 2.2137394305318585 89.826890646480024 66.728969786316156 114.87569805327803 152.37745692115277 36.153153544291854 11.218920730054377 4.7536849230527869 5.2907332070171824 1.6587098278105257 660.55794520862401 4.7466336823999873 618.55616828426719 2.7480103448033333 1.6243145223706954 2.1356963571161032 16.591590948402882 82.419873448088765 110.40498976316303 5.3828578330576411 217.04683428816497 1.4139779210090639 1.2837072098627684 20.842973659746349 1.3687686147168303 489.14578743465245 5.8855364955961695 1.6062646843492965 7.0133988559246063 12.519244404509662 2.8702038731425992 4.4748082105070344 11.798319921828812 9.7282524695619923
leaf_count=53 1350 44 74 44 1479 136 198 2882 115 74 109 106 1112 110 404 24 39 94 60 156 388 279 147 41 22 32 77 38 80 1566 522 818 1024 244 56 23 30 41 4812 59 10022 26 36 40 130 526 2134 34 16253 70 53 900 52 8099 94 29 89 197 43 81 185 119
internal_value=0.00029102 0.00274412 -0.0272149 -0.000616281 0.000881721 0.00491297 0.0408736 -0.011424 0.00384667 0.0386687 0.0549682 0.00504201 0.000692992 0.0392147 0.00686463 0.0914904 0.00586825 0.00298873 0.00217831 0.0119015 0.00821297 -0.00428126 -0.000862667 0.0398174 0.0792028 0.0910254 0.00240913 -0.00497044 0.0649845 0.00290336 0.0127468 0.0219593 0.00646989 -5.73493e-06 0.013168 0.0479892 0.0550578 0.110277 -0.00179022 -0.0225111 0.00501437 0.00709784 0.0622593 0.112908 0.0261691 0.0192188 -0.0099523 0.0478192 -0.0313171 -0.00493415 0.0726855 -0.0186876 0.0533438 -0.00466693 0.00587921 0.0260229 0.0716379 0.0138349 0.0325376 0.0510006 0.0721461 -0.0075789
internal_weight=3403.8 3126.09 277.717 1721.66 1512.48 876.61 24.0345 209.18 852.575 21.292 17.6517 74.1482 71.5021 13.8862 1404.43 9.37735 1336.98 943.978 930.632 221.414 202.034 94.6923 709.218 14.7556 8.02965 7.63083 33.6817 31.9038 3.23212 831.283 393.006 157.927 235.079 43.0513 168.35 15.9726 13.3469 8.19277 694.462 43.0293 714.891 625.064 6.50802 3.76001 67.4444 107.341 116.392 19.38 244.035 26.9883 3.36259 23.6257 2.78275 635.867 136.993 46.1678 8.61966 37.5481 25.0289 19.1433 14.6685 498.874
internal_count=58174 39227 18947 29297 25021 14606 283 4276 14323 384 310 1394 1350 238 9930 174 9396 6665 6596 1536 1408 726 5060 101 128 85 1545 1468 118 13939 2731 1106 1625 288 1103 79 69 150 4959 338 11690 10124 102 76 534 682 2249 128 17402 1149 127 1022 122 10415 2197 718 118 600 403 309 228 8218
is_linear=0
shrinkage=0.05


Tree=46
num_leaves=63
num_cat=0
split_feature=70 130 70 130 178 39 153 27 30 131 8 106 11 130 38 9 30 130 130 25 139 167 167 64 110 172 139 132 48 9 25 2 120 138 9 140 94 29 164 67 175 144 163 167 102 174 3 151 130 3 158 152 153 56 64 105 131 180 161 172 138 110
split_gain=88.024 22.6542 21.4953 12.8352 12.4383 11.6502 11.0282 13.5859 10.8895 10.7822 10.3412 10.0572 9.72688 9.55101 12.9168 19.3966 18.0741 12.9213 12.8854 11.3504 10.9671 10.243 13.3422 11.4588 10.1634 11.3871 9.81927 9.49194 17.9824 11.6938 11.0773 10.094 10.4649 9.75103 9.74761 9.25905 9.19797 9.12195 9.57968 9.10182 8.92112 11.376 16.1233 9.50805 11.2262 10.9782 8.85693 8.80865 8.67582 10.7962 10.0215 12.8803 10.6663 8.86036 8.78969 10.8902 8.4407 8.34988 8.34914 8.2791 12.0038 10.9301
threshold=25.011111111111116 -1.3532066329797183 4.7900856793145667 -1.1776040564033419 -0.27230567001251943 2.5000000000000004 -0.9491578899129991 147.85000000000005 181.50000000000003 1.0955099457565505 14.500000000000002 0.058129022174630798 2.5000000000000004 0.042081564595535643 6.5000000000000009 6.5000000000000009 60.500000000000007 -1.0540925533894587 0.9638157759469953 36.353571428571435 -0.50015639663712996 -0.70701271350080808 -1.0387006247235038 0.10670353446710647 -0.30866473572796588 -0.70638165014670518 -0.31948818910039462 1.6202941385660472 8.5000000000000018 8.5000000000000018 36.404166666666676 53.500000000000007 0.55892762283550956 1.6743134164652582 8.5000000000000018 -0.84002688129030856 0.99510999839437175 4.5000000000000009 -0.2407906734516059 0.16091048462652247 -0.029876585449980706 1.4651670760744582 0.15051923931341624 -0.94245409037551864 -0.3892811697472715 0.8499424306186496 437.00000000000006 -0.16112826172576292 -0.35250218189524074 457.00000000000006 -0.94585034763488884 -0.024717835470559973 0.37109930705803945 7.6190867984810442 0.04415827104322393 -0.62045744150434967 0.051376319604996674 -0.37196350018246349 0.11952286093343936 -0.23048201313574837 -0.56146767592365376 -0.054531921666371712
decision_type=2 2 2 2 2 2 2 2 2 2 2 2 2 2 2 2 2 2 2 2 2 2 2 2 2 2 2 2 2 2 2 2 2 2 2 2 2 2 2 2 2 2 2 2 2 2 2 2 2 2 2 2 2 2 2 2 2 2 2 2 2 2
left_child=1 8 10 5 6 11 7 12 27 13 36 -2 -4 14 15 19 17 -17 40 -6 -21 22 -20 -24 25 26 -16 30 33 -30 -1 -32 37 34 -29 -8 -3 38 56 46 41 -15 -43 44 -42 -46 -26 -38 50 -50 51 -12 -52 -53 -54 -56 -33 -44 -22 60 -51 -62
right_child=3 2 4 -5 9 -7 35 -9 -10 -11 48 -13 -14 18 24 16 -18 -19 21 20 58 -23 23 -25 39 -27 -28 28 29 -31 31 32 -34 -35 -36 -37 47 -39 -40 -41 43 42 57 -45 45 -47 -48 -49 49 59 52 53 54 -55 55 -57 -58 -59 -60 -61 61 -63
leaf_value=0.010214797910346929 0.11453776543680559 0.0083625540764875137 0.099198688639838981 -0.035183435442692972 -0.015721223165662993 -0.025311006868648508 0.05707065713601002 0.16121472888144039 -0.016451181625271656 -0.028057894099556321 0.085541320845330421 0 -0.014449239104279416 -0.037283114128237024 0.13096767993887903 0.010105177204801599 -0.015199416772710542 0.21070372999522441 0.00015962142425717118 -0.019432094315161057 0.015012336798614925 -0.0025281105286899825 0.16459836148962897 -0.020157470535305158 -0.014713162061848833 -0.030091274232838933 -0.008728754152125073 -0.017067811021473971 0.03431203746521666 -0.055457348144865228 0.061875116890134398 0.059413656569964314 -0.0017803496830408414 -0.01591356227304359 0.061029340076840105 -0.024261329239923524 0.0024073605758627046 0.044968497833273835 -0.025356827794362692 -0.033054055352255876 -0.028278407228990228 -0.034750359744750561 0.18914372651740338 -0.010514670300454899 0.17625311513276018 -0.018710034222495456 0.010124814622519147 -0.024513881198448047 -0.011578779623526533 -0.018966444620660362 -0.0008045965281160641 0.057286003684147449 0.10166804738707827 -0.013499047632587656 0.070538730350779372 0.00030770882701281626 0.00089485267969001935 -0.013174526840458231 0.16322170217483273 -0.0059403645453033685 0.012511872663953675 -0.022779324138064879
leaf_weight=145.22570463642478 2.8303136825561515 972.15464426577091 1.2771300040185423 187.23718442860991 12.750827898271387 8.6663511916995031 2.6261094259098163 0.62729279324412424 26.127691311761737 38.851576382294297 8.1656932197511214 3.8083634860813618 9.8066714527085406 61.987781478092074 1.1676581259816887 1.2402216643095014 1.74943963997066 2.5753237521275874 4.6115006068721414 2.1990487044677138 1.9129795227199786 24.208219858817756 2.4397553205490108 0.78591890446841706 41.573245152831078 39.228164366446435 2.583247071132063 4.755586823448545 3.7461894676089313 16.985661987215281 20.778613552451134 11.001184582710268 29.252302959561348 10.696438960731028 14.558822225779293 150.59931122418493 112.67720741778612 55.000755596905947 10.912016600370405 14.601096139289437 1.4184202924370768 2.2710532452911134 0.85483758430927992 22.088401881046593 1.3931451309472351 0.72089902032166708 226.14197497535497 40.405333487316966 240.33838302828372 40.732291622087359 155.83839773014188 5.7506292499601868 2.9831039570271995 11.829513054341076 6.7002093791961732 20.037029374390837 13.093072656542061 0.4744893144816158 1.7660175561904905 245.93447265960276 270.49348627589643 22.86554642021656
leaf_count=839 56 8276 29 15913 346 292 72 20 224 1323 73 106 322 2275 34 13 30 49 143 49 42 739 73 24 1257 1047 68 33 34 176 110 51 172 85 79 4642 998 292 58 362 50 61 31 728 42 27 6349 360 2460 448 1337 56 23 102 52 184 72 19 48 2241 2332 326
internal_value=0.000291539 0.00232297 0.000813921 -0.0315884 -0.00695338 0.0115463 -0.0188564 0.0261255 0.0140817 -0.00307682 0.00325461 0.0573303 0.0053576 -0.000958345 0.00325501 0.037749 0.111833 0.162177 -0.0128756 0.0107933 0.0629598 0.0139912 0.0600955 0.124283 0.000566367 -0.0217808 0.0521197 0.0165125 -0.00327405 -0.0381737 0.0200487 0.0300668 0.0240148 0.0211274 0.0416605 -0.022474 0.00656764 0.0323806 0.0117645 0.00405096 -0.0224186 -0.0320725 0.045156 0.00238329 0.0686629 0.123505 0.00620874 -0.00477889 -0.000356912 -0.00269009 0.00864783 0.0372984 0.00446722 0.0112233 0.0313991 0.0199961 0.029116 0.140129 0.106904 0.000997988 0.00612292 0.00967611
internal_weight=3398.11 3195.57 2833.44 202.542 676.532 15.305 164.937 11.7111 362.134 511.595 2156.91 6.63868 11.0838 472.744 349.489 24.1939 5.56499 3.81555 123.254 18.6289 5.87805 32.0454 7.83717 3.22567 325.295 42.9791 3.75091 336.006 50.7427 20.7319 285.264 140.038 119.259 30.0108 19.3144 153.225 1125.24 90.007 35.0063 282.316 91.209 65.5882 3.60038 25.6209 3.53246 2.11404 267.715 153.083 1031.67 820.364 211.305 25.7458 185.559 17.5801 29.7203 26.7372 24.0943 1.32933 3.679 580.026 334.091 293.359
internal_count=58174 41807 39582 16367 20314 454 5085 371 2225 15229 19268 162 351 13906 9694 577 92 62 4212 485 139 979 240 97 9117 1149 102 2001 407 210 1594 755 645 197 112 4714 9634 473 181 7968 3233 2386 111 847 119 69 7606 1358 9634 7807 1827 231 1596 158 259 236 123 50 90 5347 3106 2658
is_linear=0
shrinkage=0.05


Tree=47
num_leaves=63
num_cat=0
split_feature=70 130 70 130 138 131 30 156 178 91 130 43 153 148 130 15 107 125 124 131 166 27 138 121 134 163 172 126 128 69 57 92 157 158 96 93 158 4 172 43 14 157 176 157 131 120 93 23 179 128 126 127 111 138 181 135 111 170 117 123 164 156
split_gain=81.9304 20.3906 19.3366 12.3189 10.5373 9.93337 9.84618 9.73142 9.27025 10.726 10.0462 14.818 9.67194 13.0741 9.34168 15.7797 12.4457 12.6173 12.4039 15.4972 13.7823 12.0416 19.3481 11.4917 10.4995 10.4543 9.90376 9.46312 9.6762 13.5671 9.15339 13.2789 9.13434 9.28313 9.06212 9.70985 9.63231 8.89191 8.86232 10.474 11.5217 8.76045 8.63893 11.6386 10.7506 10.1395 9.91726 8.20051 8.0014 16.7086 15.7226 12.8613 9.26364 8.99668 7.90803 7.82085 7.77089 9.15721 7.88758 10.3969 9.12644 7.71407
threshold=25.011111111111116 -1.3532066329797183 3.465891472868218 -1.1776040564033419 0.61207386300864641 1.6101598896587122 181.50000000000003 -0.2208824408585835 -0.27230567001251943 -1.3874683549130855 -0.49375868858806954 7.4772727272727275 1.7468412419409793 0.16051184198876325 -0.29514402934395195 0.70838675213675228 0.056832478667209065 -0.76239293593950985 -0.4442040802504052 -0.76446137134481129 -0.63763223252749213 70.350000000000009 0.74881248288108793 -0.24065643677172344 -0.43839729948095268 -0.12161941431841508 0.31180014888446822 -0.70689431829796479 0.5678535944949904 6.5000000000000009 0.066794543904518347 -1.5883188820651184 0.17634756713563041 0.016344569126642637 -0.57079612968924109 0.71567102654667003 0.69454559303624219 3.5000000000000004 -0.59095303223499696 9.8819444444444464 10.16666666666667 0.39329276952866238 -0.25745792793315986 -1.0604546257874554 -0.5535405366440117 0.334945100427195 -0.71526911158760054 0.36461715367965369 -0.3088695552973007 0.86762619557239606 0.055869194373936025 -0.78105497985971928 -0.3860712992836059 -0.66232471301064855 1.1473690175299935 1.135171125306685 1.0560711257369122 -0.80499835645198725 -0.17520741719616112 -0.26273006582979269 -0.28829479778801531 -1.2231928893911579
decision_type=2 2 2 2 2 2 2 2 2 2 2 2 2 2 2 2 2 2 2 2 2 2 2 2 2 2 2 2 2 2 2 2 2 2 2 2 2 2 2 2 2 2 2 2 2 2 2 2 2 2 2 2 2 2 2 2 2 2 2 2 2 2
left_child=1 6 -3 4 7 8 42 -2 9 10 11 -4 14 37 15 18 17 -16 54 20 -20 22 -21 -17 26 -22 34 28 61 -30 31 41 33 38 35 36 -23 -14 -25 40 -40 -19 43 -1 -45 46 -44 -46 51 -50 -51 53 -52 -32 -10 -56 57 -49 -59 -60 -61 -18
right_child=3 2 5 -5 -6 -7 -8 -9 12 -11 -12 -13 13 -15 16 23 27 30 19 21 25 24 -24 32 -26 -27 -28 -29 29 -31 48 -33 -34 -35 -36 -37 -38 -39 39 -41 -42 -43 45 44 47 -47 -48 56 49 50 52 -53 -54 -55 55 -57 -58 58 59 60 -62 -63
leaf_value=-0.010012893493245755 -0.005310492401103436 0.0036543275249273236 0.13968096317318099 -0.034625889940253084 -0.031953272937143076 -0.030538891909434547 -0.01581553903932173 0.094031919873546019 -0.035080593894053387 -0.016912556403587301 0.00031226326835792157 -0.029782958807487186 0.111565806122086 -0.017889523375687253 0.10296133839217847 0.15321165841652681 0.066744907096877054 0.0040509686800630695 -0.010714885446958275 0.0055521076460085346 0.15724006589492484 0.12797737863458133 0.14347773177822631 -0.011506660597221857 -0.021718528084240057 -0.0041333101296681576 -0.04105749448270149 -0.033416952785290992 0.13580666206261621 -0.01893811747953017 -0.022033587987062803 -0.022680514368818915 -0.0066670784951431764 0.0022096773749511237 -0.0030342678157674365 -0.016888612621745049 -0.0089779303233338461 -0.011822376224310776 0.0068269025347953427 -0.0080119054506169775 0.17569907979927915 0.12436246250311839 -0.013007247134570969 0.051638926903649886 -0.0053488913698992264 -0.016653844910064854 0.019892414005942598 -3.6143076165357525e-05 0.003743057610056299 -0.0032206956405859753 0.22423909389766578 -0.015650660121637908 0.0042706466150315902 0.14118095065380401 0.066946946979895103 -0.028111095557056348 -0.019433943599625553 0.020664266813651622 0.019507373120237252 0.10698965128832079 0.021274935664018509 -0.018707588697164195
leaf_weight=20.829048205167055 4.4607580732554197 1912.3378676008433 2.5652060285210636 180.91701976396143 6.8871742971241465 36.099925870075822 25.865902818739414 4.0316249392926675 26.744188490323722 188.18367899395525 14.064961679279802 1.4882038636133073 5.0314122317358834 4.8234803797677159 1.8730901516973961 1.3917591981589819 1.9118779338896299 4.174583130516111 2.6404456347227097 8.2042345795780403 3.4627756662666798 4.999456349760294 2.7978773582726708 1.5451850164681689 33.759840181097388 1.1533432649448503 3.6329124318435779 59.030798979103565 1.8876428175717581 2.2693626265972853 0.89110828004777465 77.178516248241067 8.5122135505080205 5.1020746398717156 6.1323732612654576 1.8920976985245941 1.3901243880391119 1.599078827537596 1.4679654128849504 1.3249005656689403 3.759055033326149 1.5281394552439449 27.344516668468714 38.87790808826685 23.255197502672672 32.791665468364954 119.64746201038361 15.458493277430533 272.48527707159519 2.135296653956174 1.1589444335550068 83.000099717639387 0.72648759558796872 1.2852893220260728 3.4767716340720645 3.2902586627751589 6.951407089829444 23.809732658788558 10.739212349057199 12.105507306754589 5.047165378928189 27.54889393877238
leaf_count=126 134 15397 40 15913 234 1154 224 86 623 5158 399 37 105 118 46 27 58 109 49 181 46 89 64 35 761 32 86 2079 33 92 24 2017 205 105 171 41 29 37 35 27 77 43 160 196 168 201 644 108 6455 51 31 2326 24 25 74 80 60 155 77 72 34 887
internal_value=0.000289757 0.00222168 0.000788168 -0.0309784 0.0111183 -0.00516403 0.0133671 0.0462617 -0.00408823 -0.0133428 0.0224177 0.0828916 -0.00124611 0.0423955 -0.00206689 0.0100874 -0.00494568 -0.00145398 0.00154295 0.0135162 0.0779767 0.00488516 0.0500757 0.0465336 -0.00538372 0.122474 0.0244467 -0.0215223 -0.000129482 0.0630687 -0.00213523 -0.0170212 0.0330302 0.0576498 0.0428733 0.0740699 0.100322 0.0835034 0.0879507 0.110486 0.137788 0.0507805 0.0156629 0.0242185 0.029523 0.00806779 0.0136919 0.0202062 0.00129971 0.00544156 0.0958815 -0.011995 0.172069 0.0868819 -0.0230122 0.0224156 0.0282561 0.0334783 0.0434044 0.0612562 0.084605 -0.0109888
internal_weight=3390.98 3194.68 2831.96 196.297 15.3796 919.621 362.723 8.49238 883.521 206.302 18.1184 4.05341 677.219 11.454 665.765 126.68 539.085 446.437 103.577 70.0655 7.25656 62.8089 11.0021 23.1032 51.8068 4.61612 18.047 92.6486 33.6178 4.15701 444.564 82.8812 21.7114 13.1992 14.4141 8.28168 6.38958 6.63049 8.09711 6.55192 5.22702 5.70272 336.857 157.074 136.245 179.784 146.992 97.3667 361.683 276.506 4.02073 85.1765 1.88543 2.1764 33.5112 6.76703 74.1115 67.1601 51.7016 27.8919 17.1527 29.4608
internal_count=58174 41807 39582 16367 454 24185 2225 220 23031 5634 476 77 17397 260 17137 2837 14300 11151 2326 1549 127 1422 245 511 1177 78 416 3149 1070 125 11105 2169 484 279 330 159 118 142 174 139 112 152 2001 996 870 1005 804 674 8936 6561 106 2375 55 49 777 154 506 446 338 183 106 945
is_linear=0
shrinkage=0.05


Tree=48
num_leaves=63
num_cat=0
split_feature=70 85 131 165 66 63 3 66 173 133 128 56 137 28 125 15 110 23 179 62 60 62 121 173 148 135 91 85 165 44 92 171 157 62 126 121 175 157 51 76 92 69 95 3 177 136 121 93 179 172 136 43 95 107 132 14 148 62 76 162 27 103
split_gain=76.2688 16.253 10.0253 12.7442 11.3052 12.6304 10.8068 10.0926 10.0182 9.83265 12.7551 11.8748 13.1297 11.4825 11.2134 10.3689 18.3847 10.0036 9.01094 8.78342 13.1555 14.8015 9.91099 9.46735 9.34112 8.92542 9.8279 10.5271 10.0662 9.35203 13.336 10.8682 10.0778 10.2662 9.27635 9.86864 8.94133 8.69724 8.51264 8.26168 8.20436 9.48855 8.25672 13.2196 8.13113 11.9354 7.99598 8.65061 7.98014 11.557 9.05264 10.1409 11.7169 9.04533 10.5322 8.84535 8.42941 7.96202 7.92727 7.86671 13.2302 10.6277
threshold=25.011111111111116 0.78425000000000011 1.0955099457565505 -1.3606633685026159 62.500000000000007 4.5913729128014849 441.00000000000006 26.500000000000004 -0.10480146876687942 0.32387918255168213 1.0980237795114569 7.9136304671920081 0.073167766320230657 35.650000000000013 -0.47106397516262799 0.42862137862137867 -0.12243352069802145 0.17932137307137311 0.3861651348036293 0.076626946435253154 0.11689136784435387 0.040161290322580652 -0.5195830158997673 -1.1309179985620601 -0.55355917144527089 -0.28163671516289712 -1.5472274825869989 0.0012500000000000002 0.47434164902525694 -1.0000000180025095e-35 0.63764098167023187 -0.68465319688145765 -0.50170765876642753 0.12486080178173721 0.76385890460912576 0.099304196185245039 -0.46539405100051795 -1.9648881932314894 2.5500000000000003 -0.10499999999999997 1.097887582067101 8.5000000000000018 0.8615697755951599 493.00000000000006 1.7165747778406077 -1.2418395730662917 0.70722926634199546 -0.097954119468409387 0.37844842319088207 -0.54778287615483978 0.1348137950557283 12.944444444444446 -0.89659764705419265 -1.5142144628056873 -0.40896076783160712 7.8333333333333348 -1.0409165711420492 0.13800317414514504 -0.33499999999999996 -0.19809284490564857 70.350000000000009 -0.33828165104228575
decision_type=2 2 2 2 2 2 2 2 2 2 2 2 2 2 2 2 2 2 2 2 2 2 2 2 2 2 2 2 2 2 2 2 2 2 2 2 2 2 2 2 2 2 2 2 2 2 2 2 2 2 2 2 2 2 2 2 2 2 2 2 2 2
left_child=1 2 4 -4 5 7 -7 18 -5 10 14 12 38 15 -3 17 -17 -11 -1 20 22 -22 -6 24 -24 26 -21 34 29 -29 31 -31 -32 -34 -28 -36 -33 -2 -12 -13 59 -42 43 -43 45 -16 -19 -48 49 -46 -51 52 55 -50 -55 -52 -56 -38 -30 -8 -61 -62
right_child=37 9 3 8 19 6 40 -9 -10 13 11 39 -14 -15 44 16 -18 46 -20 25 21 -23 23 -25 -26 -27 27 28 58 30 32 36 33 -35 35 -37 57 -39 -40 -41 41 42 -44 -45 48 -47 47 -49 53 50 51 -53 -54 54 56 -57 -58 -59 -60 60 61 -63
leaf_value=0.12120604696388218 0.061279448547637255 0.035754858981435066 0.10859005309453251 0.0069453629066307497 -0.021031294822798717 -0.010912540416606005 0.0077840513006071661 0.013334650929551868 -0.023865555615020736 0.015218697042564469 0.030084380326994606 -0.038007539022058209 0.076582421224754227 -0.0098571746606116208 0.07088332986858463 0.10805043255896581 -0.012987174543490743 -0.017460558091054696 0.017769246376848954 0.056559191773333774 0 0.11811490479927236 -0.021957019877319704 0.0048386600034590714 0.087431115424301514 -0.011839695449474148 -0.023717326714803057 -0.018341364878430366 -0.047292497927455768 -0.041504440308117223 0.016709024384868463 0.093457957297495731 0.13256301138666129 -8.691465472434794e-05 0.095267662550019935 -0.025439937658553315 0.0021406325559959328 -0.031504958467766089 -0.047781265374470305 0.043135464961596454 -0.020616299885153302 0.13299507532675742 -0.012581005403775717 -0.028741954921294884 -0.021374425776826037 0.011075504429058984 0.1108446541398897 -0.019152128912544475 -0.033502672917260383 -0.0031626791660331072 0.042982478693009724 0.079327535203478655 -0.017938758728821249 0.048093347279599213 -0.012723042168966562 -0.022738832123056295 0.010512824515910853 0.07629397299098141 0.0050991139411081139 0.052413270883141086 0.014574979015478773 -0.030481065356381495
leaf_weight=4.4655553121119755 1.6331342849880446 32.113578675314784 1.0922633968293656 34.889797771349549 34.211147841066122 127.59481716062874 675.92047919798642 17.795688163489103 99.994869631715119 87.446338751353323 29.574180144816637 8.7200134359300119 16.514845000579953 181.16430090088397 7.6621341966092578 5.7779028033837676 5.3615690059959871 50.291144349612296 4.2893727654591203 6.935727681964635 5.232336796820162 4.3609104230999947 2.150033125653863 91.781985099427402 5.9280776903033239 386.74259466771036 51.987447772175074 10.959697540849445 10.012334302067758 6.2286809273064092 5.917489186860621 3.3771506249904624 6.0427666045725328 1.7432070486247537 2.63420998584479 2.4529639929533005 22.102169684134434 188.74741517752409 3.0158839356154195 3.639871433377265 53.067912072874606 2.4864239702001201 4.3218113323673606 1.4409653525799511 65.598674705252051 304.08855155203491 1.6657223068177702 1.8799638990312804 11.695072934031485 185.80564940534532 25.245703408494595 5.3810424953699103 19.442526766099036 15.866662622429429 43.867808889597654 5.5797481145709744 297.03135221730918 3.3818862140178672 20.086449889466166 6.6031556995585552 17.618938850238919 43.777878660708666
leaf_count=48 104 184 13 770 539 2629 10078 227 2274 835 202 66 104 1985 52 52 56 550 48 99 73 56 37 1667 89 6803 1152 168 120 94 73 38 82 26 55 58 285 16263 22 23 722 64 198 40 459 1888 23 20 76 1157 156 29 143 90 239 40 1619 36 246 252 701 1877
internal_value=0.000290827 0.00212866 -0.00104875 -0.0140449 3.12467e-05 0.00353489 0.0025409 0.0369168 -0.0158666 0.00612792 0.00844276 0.0304165 0.0412984 -0.00136018 0.00708442 0.00870488 0.0531108 0.00481989 0.0780576 -0.00487175 0.00606681 0.0597251 0.00177661 0.00977101 0.0585545 -0.00779372 0.00235461 -0.000535391 0.0100619 0.0218495 0.0311644 0.0137939 0.0713408 0.105665 -0.0171907 0.0416251 0.0268859 -0.0303669 0.0215219 -0.0122973 0.00468977 -0.0127271 0.0342262 0.0788489 0.00611154 0.0127834 -0.0119491 0.0517686 0.00301074 -0.00292594 0.00213303 0.0196467 0.0117379 0.00796607 0.00942927 0.0305884 0.00747968 0.0146792 -0.0131284 0.00614721 -0.00992755 -0.0174449
internal_weight=3384.44 3194.06 1779.63 135.977 1643.65 959.383 932.832 26.5506 134.885 1414.43 1080.84 61.4648 49.1049 333.587 1019.38 152.423 11.1395 141.283 8.75493 684.269 143.664 9.59325 134.071 99.8601 8.07811 540.605 153.862 146.926 89.8518 59.753 48.7934 35.0899 13.7035 7.78597 57.0746 5.08717 28.8612 190.381 32.5901 12.3599 805.238 61.3171 8.2492 3.92739 987.265 311.751 53.8368 3.54569 675.514 307.053 241.455 55.649 50.268 368.461 356.766 30.8255 340.899 25.4841 30.0988 743.92 68 61.3968
internal_count=58174 41807 31737 3057 28680 16884 16561 323 3044 10070 6549 417 328 3521 6132 1536 108 1428 96 11796 2461 129 2332 1793 126 9335 2532 2433 1168 802 634 453 181 108 1265 113 359 16367 224 89 13932 1024 302 104 5948 1940 593 43 4008 1984 1525 368 339 2024 1948 196 1858 321 366 12908 2830 2578
is_linear=0
shrinkage=0.05


Tree=49
num_leaves=63
num_cat=0
split_feature=70 130 131 85 58 23 131 23 130 93 62 130 103 102 81 96 105 39 109 64 123 107 93 16 128 94 139 171 62 57 15 139 94 180 118 68 136 128 181 175 161 69 79 32 62 33 65 64 9 138 103 27 156 158 22 14 170 177 94 25 167 171
split_gain=70.8774 18.68 17.7931 13.9894 16.6917 13.7561 13.995 12.4052 12.1022 10.472 11.0529 10.8156 10.1357 10.1038 18.7048 10.6287 9.93521 9.93398 9.85233 11.3941 11.2894 9.3144 9.23169 9.20649 9.19274 10.8833 15.2345 15.1395 11.4765 10.7072 9.46015 9.04208 10.5503 16.5434 8.88124 9.58819 10.3556 10.9895 9.02232 8.84114 8.56435 14.7856 12.9987 12.4741 8.41087 8.39486 8.50621 8.33509 8.23217 8.23132 9.22643 9.66453 8.21876 9.95952 9.10305 8.16171 8.09076 8.06665 9.7327 9.7783 9.34114 9.81315
threshold=25.011111111111116 -0.53988670214453627 0.1624988390920441 0.0017500000000000003 8.5376386913229023 0.51041840104340119 -0.93291907078682323 0.55261231823731827 -1.1776040564033419 -0.750262806928086 0.088014084507042262 -1.9378267243985203 -1.0000000180025095e-35 1.4544115974609 19.500000000000004 -0.27230567001251943 -0.82606004877318673 2.5000000000000004 -1.0042204643554469 0.085874078205366564 -0.29509323958628814 -0.37811611680981344 -0.38753259639693277 0.36666666666666675 1.0000000180025095e-35 -0.76293215931750191 -0.34543645953122043 -0.28139659891534952 0.096186888712661928 0.063683006625292776 0.12390873015873018 -0.27230567001251943 -2.133671001561888 -0.58470712594513097 0.27515504119489725 0.25588316722037657 -0.40817284261606962 1.1744219349236038 -1.1227701558630676 -0.47970572358033109 0.11969434315239276 6.5000000000000009 0.47222222222222227 1.0000000180025095e-35 0.1482928240740741 0.87500000000000011 8.3015229203336656 0.2116245862270397 9.5000000000000018 0.19758015051660824 -0.71014311622978554 104.55000000000001 -0.92046264366586972 0.71678596104433556 8.1833333333333353 5.8333333333333348 1.2039740599619753 1.6616968141360331 -0.079034076155501523 36.081666666666678 -0.67695241625879288 -0.53935988997059336
decision_type=2 2 2 2 2 2 2 2 2 2 2 2 2 2 2 2 2 2 2 2 2 2 2 2 2 2 2 2 2 2 2 2 2 2 2 2 2 2 2 2 2 2 2 2 2 2 2 2 2 2 2 2 2 2 2 2 2 2 2 2 2 2
left_child=1 5 3 4 13 9 39 24 17 56 21 12 -12 15 44 31 -8 22 19 20 -5 23 -2 -11 25 26 27 -4 -29 -26 -27 32 33 -3 38 49 -37 48 -20 -7 -40 43 -43 -42 -15 46 47 -13 -38 -36 -51 -52 54 -54 -18 -23 -1 58 -31 -60 61 -61
right_child=8 2 7 18 -6 6 16 -9 -10 10 11 45 -14 14 -16 -17 52 -19 34 -21 -22 55 -24 -25 29 30 -28 28 -30 57 -32 -33 -34 -35 35 36 37 -39 40 -41 41 42 -44 -45 -46 -47 -48 -49 -50 50 51 -53 53 -55 -56 -57 -58 -59 59 60 -62 -63
leaf_value=-0.0046239196587067859 -0.021047252639853593 0.15793542803425398 -0.031176407110475382 0.12499386489970508 0.097955512877638568 -0.016793025285397521 -0.011268274438440071 -0.036523012376048013 -0.033541454473361182 0.043356477781705469 -0.0046314180415692801 -0.0085636495848713714 0.033691537318763648 -0.0067403054824716289 0.088208404996227452 -0.029865297785284434 0.026591374998128216 -0.023693479716936916 0.044254011285235213 0 0.0069604943627979273 -0.03173335689293099 0.088467365482075969 -0.0040977244989044443 -0.04191549800243996 0.054821977122896826 -0.014833373023516073 0.16261535992550591 -0.020408363148476466 -0.022101909334923203 -0.028880290888125878 -0.023799013832263287 -0.0037516983986575249 -0.011798698877063505 -0.019868047348101454 -0.019296685782104972 0.014404841865909006 0.087366550461354109 0.0041293175135680999 0.059558294859995004 -0.025935046303291184 -0.011526036506452654 0.11488378276631608 0.13236442195967385 0.058957504201049997 0.037223174856048195 0.026967639182846417 0.043632637540466902 -0.048318095829873814 -0.024568796380876654 -0.021974070942428522 0.08872599601023741 0.029791333765129699 -0.0010821168200876223 -0.031915447444354997 0.020018666351650283 -0.046578385057924568 0.026229322451935849 -0.013224833659671151 -0.024176440577355438 0.015483564918760899 0.1227694956434269
leaf_weight=81.830118488520384 2.3431404363363981 1.5941688213497398 1.6772628398612139 4.525968705303967 2.9193049082532516 3.8261435627937344 32.04769754037261 43.339169199578464 169.72341006807983 49.443610217422247 26.226668436080217 211.44035198073834 47.121500920504332 33.335977986454964 6.6976866573095313 47.001911683939397 10.470201735384764 8.139450950548051 13.59667437803 8.5012527070939523 3.5431891605258006 11.405122842639686 4.5869671106338492 12.378066048957406 11.347613103687761 2.580033589154481 12.010114434175192 2.9191646454855831 0.77544611133635033 32.940820981748402 82.228249141946435 57.608396814204752 473.06573784723878 2.8213191609829655 106.79819092061371 29.928851801902056 69.065968530252576 3.9302342403680077 1275.6752321589738 27.173613300547004 1.1811832543462539 12.88271841406822 1.3809192469343532 4.3456473993137479 4.6712153414264312 12.140117555856703 19.498220972716808 6.9253093246370545 4.6525694280862799 5.5941272648051381 2.3301557339727861 5.0710121542215347 117.77394213527441 33.002870764583349 14.782785712741314 18.743760428391397 12.509707283228634 35.760150484740734 16.570212609134614 1.0400965111330149 15.614259893074632 3.7981792697682986
leaf_count=810 62 36 51 36 56 37 407 1414 15913 374 148 1913 262 818 145 2292 106 292 97 72 42 142 100 96 232 41 304 69 17 853 2018 1548 10047 66 1372 320 696 41 10235 173 34 497 53 82 89 90 207 44 47 81 41 65 1041 306 167 201 123 351 403 36 371 92
internal_value=0.000288301 0.00203545 -7.94227e-05 0.00139979 -0.00487779 0.00893999 0.0188167 -0.0123522 -0.0297318 0.00426935 0.00769225 0.00329467 0.0200434 -0.00551996 0.0171082 -0.00729275 0.0139687 0.0122813 0.00394996 0.0412147 0.0801987 0.0228978 0.052824 0.0338615 -0.00740777 -0.018294 0.0168443 0.0796649 0.126972 0.00212679 -0.0256664 -0.00524865 -0.00295503 0.0664067 0.00351826 -0.00557509 0.0052044 0.0148369 0.00510455 0.0497481 0.00465598 0.0365322 0.00710946 0.0989767 0.00251045 -0.00165956 -0.00381252 -0.00669413 0.00978563 -0.0152597 0.0209692 0.0548114 0.0186293 0.023038 -0.00737845 0 -0.0106698 0.00724927 -0.00261436 0.0147184 0.0371516 0.0915934
internal_weight=3378.85 3194.06 2445.32 2182.72 629.716 748.74 239.077 262.601 184.793 509.663 415.323 323.352 73.3482 626.796 44.7049 582.092 208.077 15.0696 1553 16.5704 8.06916 91.9706 6.93011 61.8217 219.262 102.19 17.382 5.37187 3.69461 117.071 84.8083 535.09 477.481 4.41549 1536.43 227.371 107.578 77.6488 1309.06 30.9998 1295.47 19.7905 14.2636 5.52683 38.0072 250.004 237.864 218.366 73.7185 119.793 12.9953 7.40117 176.03 150.777 25.253 30.1489 94.3398 105.724 69.9636 37.0227 20.4525 4.83828
internal_count=58174 41807 35160 28908 15097 6647 2237 6252 16367 4410 3477 2664 410 15041 1052 13989 2027 454 13811 150 78 813 162 470 4838 2500 441 137 86 2338 2059 11697 10149 102 13661 2663 1104 784 10998 210 10901 666 550 116 907 2254 2164 1957 743 1559 187 106 1620 1347 273 343 933 2106 1755 902 499 128
is_linear=0
shrinkage=0.05


Tree=50
num_leaves=63
num_cat=0
split_feature=70 130 130 30 81 164 177 139 93 51 93 64 171 124 130 115 133 112 23 114 177 5 102 67 120 144 130 64 70 132 130 91 114 136 129 76 14 66 64 156 132 92 123 176 117 71 106 64 164 126 66 60 162 76 179 153 113 66 160 122 162 178
split_gain=69.7419 18.4851 26.1289 25.2022 25.1735 12.4357 11.4355 11.2526 11.1659 11.2146 14.5871 11.0932 11.0812 10.928 12.8207 12.8928 12.5443 11.2152 10.8901 11.325 15.1792 10.531 10.4731 10.527 14.192 11.1418 9.91422 9.8921 13.2542 9.27339 9.2419 12.6372 9.10553 9.53268 9.05803 8.97464 10.8476 9.74522 9.12989 8.46656 8.87856 8.5795 8.93202 10.2462 10.12 8.43656 9.6183 22.0747 10.6898 9.15431 8.95729 9.11684 8.34085 8.91829 9.3998 8.13901 8.94147 8.05905 9.99618 9.15541 8.04515 8.69005
threshold=23.633971291866033 0.059241477594276802 0.86602540378443893 121.50000000000001 1.0000000180025095e-35 -0.36978541341296473 -0.57654604515658969 -0.52397053465720322 -0.60863288202387178 1.3500000000000003 1.3481807599436901 0.11839419978517725 1.9125422225613191 -0.21628497058076887 -0.66915269302346703 0.82462983141971036 -0.18754630004331238 -0.54395704740605499 0.33334249084249096 -0.47771540028231657 -0.48801454816666062 1750.0000000000002 2.0540849773483782 0.025807525807525811 -0.74897007510080627 -0.83171560061957084 -1.0871858257111537 0.085874078205366564 2.7065997130559545 1.5224505795307202 -2.2358755282361638 -0.099339793730135059 1.4865410553853693 1.6001572195822591 2.1096974425223838 1.6250000000000002 6.5833333333333348 8.5000000000000018 0.068514488115051439 1.1638359331324155 1.3964261153809019 0.89374532345027802 -0.35549949411118792 -0.26598566449941291 0.66483558667808351 0.018860049963448859 1.0285727998693903 0.068514488115051439 1.55732294242846 -1.0150724430505005 62.500000000000007 0.10210368262999843 -0.73830718946445251 0.51000000000000023 0.57079612968924165 0.79823095075646011 1.7555892989959208 67.500000000000014 -0.36939334502740778 -0.59834614641973438 -0.62696236618495704 -0.62364164724663407
decision_type=2 2 2 2 2 2 2 2 2 2 2 2 2 2 2 2 2 2 2 2 2 2 2 2 2 2 2 2 2 2 2 2 2 2 2 2 2 2 2 2 2 2 2 2 2 2 2 2 2 2 2 2 2 2 2 2 2 2 2 2 2 2
left_child=1 7 3 4 -3 -5 -7 22 -8 10 55 18 45 29 16 34 17 -15 19 -6 -21 -22 23 -1 27 -26 -2 -25 -29 -9 31 -18 33 57 60 37 -37 38 -20 41 -41 42 -27 44 52 46 48 49 -4 -48 -50 -52 -44 54 -54 56 -10 -19 -59 -60 61 -16
right_child=26 2 12 5 11 6 8 13 9 -11 -12 -13 -14 14 15 -17 30 32 35 20 21 -23 -24 24 25 39 -28 28 -30 -31 -32 -33 -34 -35 -36 36 -38 -39 -40 40 -42 -43 43 -45 -46 -47 47 -49 50 -51 51 -53 53 -55 -56 -57 -58 58 59 -61 -62 -63
leaf_value=-0.021562158365730999 0.005891182570955421 -0.040586224636252513 7.9319369730665399e-06 -0.0066819589972053964 0.0019140058627173905 -0.031427169964789753 -0.012438841729699711 -0.0016300728307845744 0.10207244203504801 -0.011875250251252517 -0.024047810336764324 -0.031326962325048564 0.048829600540664604 -0.0026229847307865043 0.070053149553474886 -0.033396994369559049 0.058161647390096508 0.047369845705840817 -0.025247801029979977 -0.016184493298229238 0.17790909873269359 0.019034453382036666 0.081020209842861624 0.017050791360002142 0.077053200927481302 -0.0057790704956558886 -0.032921542631610276 0.10211839217395119 -0.0035117712957079259 -0.025568301977946423 -0.00074301076493228473 -0.0011243497319740647 -0.036037962602532669 -0.0129270172099058 0.0619786839692461 0.10079102383086157 -0.018172894252444324 -0.025734019165702338 0.081910039630552461 -0.046331153022902 0.044152961010062018 -0.022210346733530527 -0.01854211020988349 0.006027091326978414 -0.00095442097455232544 -0.024389622782973932 0.012254275283999583 -0.010612131296430162 0.061525179552877375 0.15772762044608143 -0.015145870786666741 0.06124012641997504 0.12640080947730348 -0.012473531797610493 0.0098998749997633029 0.0059237479582366324 -0.013241066861792848 -0.030514023476921944 0.056691998269341494 0.004118941518025207 -0.0017674993644002724 0.0053759227874850789
leaf_weight=16.840027298778296 17.635140530765057 98.740922714583576 165.40073717851192 56.681712831370533 83.30394531507045 6.0731564853340378 8.0893447864800674 399.17690924461931 17.019786021672203 5.3204597281292072 3.4400673909112802 49.037516153417528 14.30321153718978 31.645806066691875 4.2428003326058379 23.334309785626829 16.295470211654902 70.738376644439995 2.8857206003740421 3.2131321337074041 2.0104812625795594 2.1277851387858391 5.2802205877378574 13.990603355690839 4.7517068246379486 20.252995378337801 172.30485086422414 11.175536822527645 3.7226536991074672 44.130806607194245 153.0513119911775 18.300721775740385 4.1068234611302605 9.7304166201502067 5.553719211369752 2.5158692486584178 3.5386165305972099 80.248716110363603 3.3604425033554435 12.024978035129605 2.5204153936356297 13.635453998111187 1.5502331368625117 17.571595753543086 5.1612305762246242 21.354209126904607 1.7803761102259157 6.7229601107537746 13.10323651880026 3.3720535486936551 12.614704513922335 4.4705577641725531 9.1267591873183829 1.5374302295967925 2.4206705586984745 3.5003813272342077 1.5343492180109013 7.4836134603247038 15.747104328125713 17.155645355582237 559.08183336444199 982.87538813240826
leaf_count=240 548 2420 1772 1072 1125 157 134 4870 219 71 45 730 142 299 34 557 100 458 86 72 39 27 69 167 59 264 16472 71 63 544 1323 111 35 70 70 52 104 1967 69 134 19 185 13 164 72 888 23 92 111 47 119 35 128 25 26 43 17 72 101 114 11257 7749
internal_value=6.88483e-05 0.00183207 -0.00549799 -0.0128618 -0.0195409 0.00881379 0.0281712 0.00381349 0.0381545 0.0515666 0.0649435 -0.0104361 0.00758466 0.0029864 0.00462159 0.00270294 0.0133523 0.0237627 -0.00467747 0.00756419 0.0630961 0.116796 0.0174647 0.0143936 0.0196414 0.0095932 -0.0292798 0.0495959 0.0768491 -0.00407653 0.00455755 0.0275095 0.0304522 0.0330299 0.00327016 -0.0166747 0.0378324 -0.0209361 0.0350611 0.004955 -0.0284988 0.012153 0.0206102 0.034821 0.0586198 0.00478347 0.00791282 0.0498399 0.00510117 0.118435 0.0319514 0.00684597 0.0786665 0.091037 0.105113 0.0794823 0.0920913 0.037178 0.0184926 0.0303577 0.00301614 0.00572959
internal_weight=3369.92 3179.98 675.764 432.642 330.983 101.659 44.9775 2504.21 38.9044 30.815 25.4946 232.242 243.122 2362.65 1919.34 1575.09 344.255 156.608 183.205 90.6553 7.3514 4.13827 141.563 136.282 119.442 90.5535 189.94 28.8888 14.8982 443.308 187.648 34.5962 124.962 120.855 1551.75 92.5494 6.05449 86.4949 6.24616 85.8018 14.5454 71.2564 57.6209 37.3679 19.7963 228.819 207.465 11.8754 195.589 5.15243 30.1885 17.0853 14.6351 13.0849 11.5474 22.0545 18.5541 111.125 40.3864 32.9027 1546.2 987.118
internal_count=58161 41141 11678 8449 6691 1758 686 29463 529 395 324 4271 3229 27764 22350 19667 2683 1149 3541 1263 138 66 1699 1630 1390 1089 17020 301 134 5414 1534 211 850 815 19110 2278 156 2122 155 1030 153 877 692 428 264 3087 2199 162 2037 70 265 154 192 179 154 279 236 745 287 215 19040 7783
is_linear=0
shrinkage=0.05


Tree=51
num_leaves=63
num_cat=0
split_feature=162 130 130 22 38 36 63 130 176 81 124 47 15 63 152 180 130 84 167 171 64 132 0 137 166 64 156 171 81 166 172 136 103 123 140 156 9 83 62 40 136 76 168 164 84 135 124 168 174 92 57 129 84 75 145 96 116 92 105 113 172 1
split_gain=60.8516 15.3405 24.151 17.2202 12.1372 20.8157 15.3304 11.2686 11.8084 13.2091 11.2257 13.4944 12.6896 13.041 11.6249 10.977 11.6642 11.4062 10.6155 10.5887 10.4879 10.4126 10.3709 10.0619 12.8078 9.94602 9.9393 9.65892 9.58388 17.3101 12.1712 10.7293 9.57738 9.56473 9.39383 9.36443 9.32458 9.58086 9.27404 9.26278 9.15846 9.97044 9.05692 9.00598 8.73276 8.46446 9.19987 8.36922 8.12056 9.23194 10.2985 8.45399 13.7348 12.4759 8.69192 8.22147 8.05813 8.79314 8.97731 12.3078 9.517 9.33531
threshold=0.015775669597746216 0.059241477594276802 0.86602540378443893 6.0500000000000007 8.5000000000000018 1.0000000180025095e-35 6.8988273820028638 -1.2139253079861538 -0.31835850954008466 1.0000000180025095e-35 -0.087288224942165274 1.0000000180025095e-35 0.67865537240537255 7.3981241488380283 -0.024717835470559973 -1.0023104373980971 -0.66584665722443714 0.036250000000000004 -0.4421097209036306 -1.9031583835052726 0.089500168131815355 1.4644659488710106 5.5000000000000009 -1.685784080677873 -0.8693687084553342 0.029732437529467234 -0.92046264366586972 1.9125422225613191 26.500000000000004 -0.60910449382755727 -0.36295034192739489 0.32184891103755758 -0.89374718865705705 -0.40522406186689236 -0.69838101986055534 -0.36352151879637634 5.5000000000000009 0.22048611111111113 0.40588235294117653 1.5000000000000002 -0.24940414544074513 -0.63874999999999982 2.1944583345036595 -0.35603139304117598 0.56075000000000019 -0.55218920813775163 1.0720447170013609 0.046428170183936447 -0.76780969390649323 0.477100767243056 0.067615476128051188 1.0002552974381314 0.00075000000000000012 0.57777777777777783 -0.75478675230537462 -0.57079612968924109 -0.85194856586274892 0.090665874669198857 -0.82606004877318673 -0.57733535543364989 -0.54969735919869611 3.5000000000000004
decision_type=2 2 2 2 2 2 2 2 2 2 2 2 2 2 2 2 2 2 2 2 2 2 2 2 2 2 2 2 2 2 2 2 2 2 2 2 2 2 2 2 2 2 2 2 2 2 2 2 2 2 2 2 2 2 2 2 2 2 2 2 2 2
left_child=1 4 3 28 10 -6 45 8 9 -2 11 12 19 14 -14 47 21 -18 32 22 35 25 -1 -19 -25 40 -27 42 48 30 -30 -31 -16 -21 39 -15 37 -5 -35 -23 -17 -42 -4 -9 -45 46 -7 -12 49 -3 -51 54 55 -54 -50 -53 -28 -58 -59 60 -60 -61
right_child=7 2 27 36 5 6 -8 43 -10 -11 15 -13 13 20 18 16 17 23 -20 33 -22 34 -24 24 -26 26 56 -29 29 31 -32 -33 -34 38 -36 -37 -38 -39 -40 -41 41 -43 -44 44 -46 -47 -48 -49 51 50 -52 52 53 -55 -56 -57 57 58 59 61 -62 -63
leaf_value=0 0.1063055619544233 -0.007765395684701676 0.0025008547794529061 -0.016635861734916307 -0.023592436720683198 0.08089650584799099 -0.0051761463347480248 -0.034508511259369358 -0.022899044093627398 -0.0074136650195635069 0.073407074343603634 -0.015032956722961902 -0.032770188393540269 0.0070169249879108555 -0.021582091685632691 0.088255677943504612 -0.0075555340552990449 0.088041777588051387 0.010591203873050336 -0.016532853254251544 -0.0027811576322676998 0.054631212380566223 0.13149929742438299 0.074996112591632233 0.00074750671789482973 -0.018538590404085727 0.035616029020591404 0.045890161406112455 0.14525692801729831 -0.017349984214012081 -0.0025550549419858914 0.056383653217912846 0.073610714658237097 0.0032679199780553496 -0.01758283326099503 0.17861256197323019 -0.029497018514854718 0.090662265357786154 0.058388310765059674 -0.015126404129644314 -0.019184975826415936 0.069631209551067233 0.044266041175871018 -0.014405545259760164 0.10459963038026054 0.012462543545448438 -0.015623115273789177 -0.01222849024926608 0.067738320477373715 -0.024405677622756555 0.081150512817693199 0.14351200145063706 -0.017335054757793292 0.096647829697730378 -0.015230166779477465 0.0012709794227986977 -0.0001566824253357929 -0.027296212126716166 -0.0075013492628225849 0.049426238695975587 0.078045495840641382 0.0078257426280264296
leaf_weight=2.9182325555011621 4.1816006097942608 13.142816833220424 212.39613037370145 4.5421239146962753 103.82380111981183 11.601318212226031 75.191507518291473 150.38257779646665 10.822692694142459 4.646119792945683 10.75463447999209 98.196268456988037 8.8368535060435516 1.2409279691055419 2.632693441584709 8.986921922303738 134.99232348054647 4.032031098380684 36.94111786223948 60.632498090155423 1.850994514301419 10.1506136469543 2.1698278151452541 5.9167382400482884 37.267748117446899 17.487273277714849 58.553509157150984 14.597538378089665 3.1672527799382806 17.558693188242618 1.9423918910324598 5.7145730014890423 14.268156253732739 1499.5619024680927 38.506460405886173 2.3027875116094938 131.36580032389611 2.4195498321205378 6.6860595680773249 7.5365446247160426 6.582916765473783 4.4771463703364116 12.870923209935425 62.317325625568628 0.58136023860424657 20.314304415136576 2.6079158755019298 3.3034787252545348 2.2137075737118712 2.5716308541595918 7.3661221051588655 2.0242029633373027 16.310544756241146 1.7859226427972306 206.85845527704805 1.6651310538873101 66.625791338272393 7.3234513439238063 3.7018539002165225 16.81542849726975 15.719602847471831 59.486525634303689
leaf_count=31 75 220 2754 110 1827 126 1071 12959 296 119 116 993 111 20 32 60 2582 34 410 734 21 62 25 56 326 143 386 139 47 227 36 76 172 16776 383 28 3571 47 54 68 55 29 172 5075 41 277 30 35 39 46 102 41 199 14 3456 34 472 76 27 109 93 416
internal_value=7.12756e-05 0.00191034 -0.00484985 -0.0120638 0.00372137 -0.00763853 0.00749029 -0.0245262 0.0110529 0.0512809 0.00480153 0.00286871 0.00395211 0.0249401 0.017588 0.011257 0.00996637 -0.000120801 0.0263911 0.00302478 0.0934702 0.0156734 0.0688813 0.0207473 0.0125006 0.0197982 0.0168579 0.00777805 -0.0049242 0.0221014 0.0970276 0.00212576 0.0581257 0.00276394 -0.00375201 0.134393 -0.0264598 0.0267313 0.00355449 0.0254209 0.0530862 0.019146 0.00509435 -0.0278638 -0.0116076 0.0345874 0.0629904 0.053476 -0.00803933 0.0195976 0.0536442 -0.0108966 0.0180626 -0.00135239 -0.0140096 0.0943411 0.0196609 0.0139491 0.0230312 0.0271756 0.061926 0.0175791
internal_weight=3363.44 3130.51 660.514 420.649 2470 213.539 109.715 232.932 19.6504 8.82772 2256.46 1738.24 1640.04 68.0735 62.6788 518.221 504.163 182.209 53.842 1571.97 5.39471 321.954 5.08806 47.2165 43.1845 265.76 245.713 239.865 282.321 28.3829 5.10964 23.2733 16.9008 1566.88 56.1936 3.54372 138.327 6.96167 1506.25 17.6872 20.047 11.0601 225.267 213.281 62.8987 34.5235 14.2092 14.0581 253.939 23.0806 9.93775 230.858 21.7858 18.0965 209.072 3.68933 228.226 169.673 103.047 95.7234 19.4215 76.302
internal_count=58161 39596 11330 8265 28266 3331 1504 18565 490 194 24935 19407 18414 794 725 5528 5377 2998 614 17620 69 2379 56 416 382 1866 1722 3065 4537 386 83 303 204 17564 513 48 3728 157 16830 130 144 84 2926 18075 5116 433 156 151 4151 368 148 3783 288 213 3495 75 1579 1193 721 645 120 525
is_linear=0
shrinkage=0.05


Tree=52
num_leaves=63
num_cat=0
split_feature=70 130 128 130 130 30 81 70 65 76 157 56 66 166 119 139 171 102 166 93 154 154 115 167 139 70 133 123 11 155 114 123 76 175 170 93 93 30 66 122 178 132 48 168 128 158 70 122 144 66 3 170 161 64 166 181 158 164 164 56 175 176
split_gain=61.3525 20.0592 11.2682 11.2054 21.5813 19.796 24.6004 13.2939 11.1659 12.7058 11.6666 11.1033 10.6336 11.3424 10.4559 11.1253 10.2597 9.87778 10.7184 9.81804 9.75205 12.1931 11.5389 11.4968 10.3387 9.74933 9.80986 13.0443 17.0987 9.61837 9.54208 10.0671 9.48114 9.29038 9.27304 9.13906 9.13742 9.06987 9.29785 10.0691 8.91351 8.88001 13.5706 12.1398 9.577 8.8628 10.4582 8.81039 8.75703 8.7481 12.1958 13.0801 11.2516 19.6011 15.7674 13.1408 12.7834 12.0553 10.7528 10.59 9.99196 9.90985
threshold=11.591372912801484 -0.72627303920256214 0.53672316114254082 0.059241477594276802 0.83347625989871577 210.50000000000003 1.0000000180025095e-35 5.4456264775413716 6.8831828070406758 1.385 -0.79420255584580179 7.8811582057954404 30.500000000000004 -0.13055507207719544 -1.4141951193905873 -0.52397053465720322 1.9125422225613191 -0.29509323958628814 0.075439094046582514 -1.2515464076645444 0.47232132274073407 0.062952453813240564 -0.70710678118654646 0.53768114654022503 -0.25409944487358049 49.732057416267949 1.6558811073159634 -0.26273006582979269 2.5000000000000004 0.38659352748276948 -1.1759957101751666 -0.23911894271592435 0.48375000000000007 -0.86930728533259316 -0.83076432556169355 -0.63178802899632591 -1.5424568560230771 28.500000000000004 177.50000000000003 -0.56680369275240217 -0.33846273440073577 1.6202941385660472 8.5000000000000018 -0.70255619517353285 1.0980237795114569 0.79375106720278887 6.7013513513513523 1.6201851746019662 1.4651670760744582 67.500000000000014 507.00000000000006 0.34754582007381835 -0.89442719099991563 0.10533428165007114 0.85057075005652794 -0.6152542018140813 -0.84605459867429167 -0.63669371829525201 -0.62037322811503282 8.3160650237186182 -0.52943832456140372 -0.29305472602349214
decision_type=2 2 2 2 2 2 2 2 2 2 2 2 2 2 2 2 2 2 2 2 2 2 2 2 2 2 2 2 2 2 2 2 2 2 2 2 2 2 2 2 2 2 2 2 2 2 2 2 2 2 2 2 2 2 2 2 2 2 2 2 2 2
left_child=3 2 25 14 5 6 -5 17 9 -3 -11 19 -12 -14 -1 37 -6 18 -7 -8 21 22 30 24 -23 26 27 32 -29 33 -21 -32 -2 -30 -35 -19 -13 38 -16 -40 -37 44 -43 -44 49 46 -33 -24 -39 50 51 -17 60 54 55 -54 57 -57 -58 -52 -53 -62
right_child=1 8 -4 4 16 7 11 -9 -10 10 12 36 13 -15 15 41 -18 35 -20 20 -22 23 47 -25 -26 -27 -28 28 29 -31 31 45 -34 34 -36 40 -38 48 39 -41 -42 42 43 -45 -46 -47 -48 -49 -50 -51 59 52 53 -55 -56 56 58 -59 -60 -61 61 -63
leaf_value=-0.024048969038195256 -0.017387555776099635 -0.013087207316030476 -0.031540440517393777 -0.03841008565664468 0.0053091630492532729 -0.030009921366289879 -0.043255157425049505 -0.032933503053912822 -0.028696432978414434 -0.006217767139799075 -0.019820101333397899 0.059252303949885649 0.0003502351829521787 0.22008257867589084 -0.012412136759254136 0.0039678769329565709 0.046468694371189369 -0.0046821075129133754 0.028095663534366145 -0.00090679167459811478 -0.029301430638449883 0.14912522097892647 -0.017702336710376736 -0.0073317746448767198 -0.0074560694662409669 -0.031880022382619534 -0.040522923525913308 -0.029446689941661743 -0.013071903993520978 -0.0089214398677607103 -0.0052005853717383673 0.051019152756640151 0.069329478179278162 0.0070648174215753121 0.12492875910525088 -0.011547319517734529 -0.030820219956999174 0.022136513393005937 -0.015002521275855505 0.094444814239321107 0.068920842957089723 0.0059944367538419877 0.054717468205215586 -0.037353586057683512 0.01894554173737233 -0.0013138258194723572 0.16744450938160793 0.055024774749499017 0.07779462803966028 -0.00042383304290577895 -0.0097422678366074975 -0.030979652023528811 0.11449177417484767 0.0049282676889407864 -0.0052176183928546033 0.083945282016474332 0.0035293406554814861 -0.020938060640902135 0.073338135619882769 0.06087405475968697 -0.0097356627792364609 0.016762291373524533
leaf_weight=31.517258757725358 13.091192324645819 66.393868151120842 13.386089912615715 89.951300205662847 228.85025933198631 13.871747784316542 11.349662443622945 12.524649662896989 249.57456683833152 3.5859426259994507 0.79290522448718492 2.0294505609199396 0.86877183336764652 1.1954561853781336 33.196840189397335 652.89504277147353 15.306469904258845 7.8931951951235559 16.007865345105529 31.401398463174701 18.984546180814505 3.1103637684136629 52.885041438043118 3.0223889052867889 1.2151947431266297 7.0914604114368549 3.771246205084025 3.6513416264206198 1.4741616779938365 2.2693688217550507 9.4275273233652133 15.554296532645827 3.0568677736446253 2.1822218261659172 11.235509692691261 3.6898691691458287 52.817258466035128 82.734577337279916 3.2283772192895412 3.7352317105978718 19.735648490488526 55.096917493268847 2.9774876087903968 43.53065725043416 105.75635461136699 5.2159462589770547 1.7189573124051083 3.5188386105000964 7.1104814093559972 813.69777392596006 141.74627969041467 13.361075608059762 7.845099000260233 53.019868796691298 12.329750878736375 2.543778743594884 7.0882118791341702 11.038758501410483 28.733294548466809 4.5098342187702647 42.171157384291291 193.14426703192294
leaf_count=397 372 4313 463 1965 2618 171 215 387 19046 227 50 34 56 69 359 6743 132 104 151 319 292 52 1028 42 22 419 102 112 30 47 123 166 76 40 170 49 915 832 35 37 199 491 37 543 1155 75 48 60 61 7833 1325 96 93 807 197 41 110 183 481 47 323 1176
internal_value=8.57363e-05 -0.0187042 0.00737472 0.00251738 -0.00345376 -0.0109654 -0.0166311 0.0121041 -0.0236782 -0.00625989 0.0557278 -0.0072409 0.116226 0.15953 0.00409386 0.00448828 0.00808892 0.0217831 0.000859702 -0.00041016 0.00315676 0.00823606 0.00408244 0.0667171 0.111057 0.0187927 0.0282872 0.0363224 0.0615503 0.0817421 0.0186275 0.0374419 0.00182231 0.0955649 0.107926 0.0409461 -0.0263965 0.0186547 -0.000988184 0.0475641 0.0560874 0.00363747 -0.0107156 -0.0303262 0.00434247 0.054991 0.0714082 -0.0121985 0.0274043 0.00355244 0.00631907 0.00824994 0.0157357 0.0281064 0.0453774 0.0562624 0.0448287 0.00277148 0.0601314 -0.00713224 0.00952874 0.0119713
internal_weight=3356.71 383.621 61.2095 2973.09 620.082 375.925 302.202 73.723 322.412 72.8369 6.44308 212.251 2.85713 2.06423 2353.01 2321.49 244.157 61.1983 29.8796 157.404 146.054 127.07 119.722 7.34795 4.32556 47.8234 40.7319 36.9607 20.8126 17.1613 63.3181 31.9167 16.1481 14.8919 13.4177 31.3187 54.8467 130.006 40.1604 6.96361 23.4255 2191.49 101.605 46.5081 2089.88 22.4892 17.2733 56.4039 89.8451 1984.12 1170.43 1024.17 371.275 122.599 69.5789 57.2491 49.404 13.5825 35.8215 146.256 248.677 235.315
internal_count=58161 25592 1831 32569 9167 6417 5356 1061 23761 4715 402 3391 175 125 23402 23005 2750 674 322 2442 2227 1935 1819 116 74 1368 949 847 399 287 731 412 448 240 210 352 949 1324 431 72 248 21681 1071 580 20610 289 214 1088 893 19455 11622 10250 3507 1912 1105 908 815 224 591 1372 1595 1499
is_linear=0
shrinkage=0.05


Tree=53
num_leaves=63
num_cat=0
split_feature=70 70 38 130 131 131 124 113 59 9 175 70 80 26 36 130 178 56 171 63 166 64 93 130 177 112 59 171 90 27 132 123 139 26 124 56 158 70 68 117 128 177 26 65 85 63 172 103 132 160 68 156 102 2 117 138 160 127 102 81 35 175
split_gain=57.8791 14.9261 14.4261 10.5049 17.1608 12.746 11.7868 11.5739 10.6379 10.5387 9.47778 9.32074 12.4047 8.88894 15.2657 14.4349 9.34657 10.9759 9.06892 9.0707 9.14723 10.5408 9.99781 8.86735 8.84558 14.4758 9.08292 8.65605 11.9114 8.38453 8.36879 9.83864 9.34617 9.68424 8.91537 8.83435 8.68706 8.36623 9.89215 9.30168 10.9397 8.22908 8.10954 8.08498 10.6061 7.9955 7.9459 8.50729 11.2493 8.391 7.96494 7.85039 7.73463 7.60676 7.57828 7.91574 8.98938 7.56555 7.53658 12.1251 8.40626 7.59173
threshold=23.633971291866033 8.430194805194807 8.5000000000000018 -0.37796447300922603 0.11600671073613721 -0.81584181200624262 1.0000000180025095e-35 -1.0202894437620953 1.5000000000000002 8.5000000000000018 -0.67479503767121174 1.2736185383244212 -0.27499999999999991 35.95000000000001 1.0000000180025095e-35 0.70241276261986074 2.5183057128214084 6.7507468334547127 -1.192739833820798 6.5188481882055749 0.5382275032363123 0.042956767638036818 0.43513924173591728 -1.0871858257111537 -0.52646208424249996 -0.52620245114784148 83.500000000000014 -1.7744998658534346 0.36094851507411413 121.65000000000002 1.5224505795307202 -0.47287308490814423 -0.48480386582029983 34.350000000000001 -0.96557391556665129 6.8509529456245284 -0.052589710338492017 1.1297335203366061 0.050423728813559332 0.1898357979408474 1.0980237795114569 2.1550941040538469 13.250000000000002 6.7621655221406591 0.62625000000000008 6.4359188168659545 -0.33448696865514987 -0.78361089273660045 0.60355255593048662 0.38996899210539554 0.074271079590228536 0.89146649774208586 -0.59951988835636671 56.750000000000007 0.88246478825161689 0.39368576987714221 -0.31627526522648003 -0.72067018118379977 1.7450302782438278 20.500000000000004 0.77500000000000013 -0.13953235871375794
decision_type=2 2 2 2 2 2 2 2 2 2 2 2 2 2 2 2 2 2 2 2 2 2 2 2 2 2 2 2 2 2 2 2 2 2 2 2 2 2 2 2 2 2 2 2 2 2 2 2 2 2 2 2 2 2 2 2 2 2 2 2 2 2
left_child=1 3 58 5 8 7 30 -1 -5 11 -9 12 29 18 15 57 17 -16 19 20 21 -10 -23 -2 26 -26 -8 28 -21 -6 31 35 36 34 -34 -7 -33 39 -39 -27 -41 -19 -36 44 -25 -4 50 48 49 -48 -17 -12 -18 -11 -13 -56 -57 -15 60 -60 -3 -61
right_child=23 2 45 4 9 6 24 10 13 53 51 54 -14 14 16 46 52 41 -20 27 -22 22 -24 43 25 37 -28 -29 -30 -31 -32 32 33 -35 42 -37 -38 38 -40 40 -42 -43 -44 -45 -46 -47 47 -49 -50 -51 -52 -53 -54 -55 55 56 -58 -59 59 61 -62 -63
leaf_value=-0.017636088220249906 0.0053558770853256669 -0.0061442173868578621 0.012069551382238107 0.040817349970572958 -0.018165615309911735 0.038252382302919198 -0.01400294313792912 -0.013281275778970359 -0.034692759263230011 -0.035940365350997511 0.042143784544711169 -0.017642401984256161 0.069823487950873397 0.030573294430853767 0.045694225623948426 0.059566603522825584 0.10919638884410809 0.0020905811324409859 0.0046788771556101659 -0.039744948164290916 -0.028805173745528174 0.082173654785676287 -0.0079229359264604213 -0.012504039627484387 -0.028591181477754177 0.034149531130782187 0.043244015439248704 -0.024198830988717852 0.086340741738883328 0.058201064379209223 -0.022571512591338886 0.04940362119245173 0.04357925188763305 0.0062687891464967994 0.023794756001357324 -0.033946390510699018 -0.0005594340159829561 0.061917424751724882 0.0027535593840515588 -0.02712653842242815 0.057357845107993535 -0.039782774370134139 -0.034535684235658261 -0.035936421493227309 0.11354554795399879 -0.034935481120312604 0.14795213139459304 0.0068801395687223144 -0.02242509937270348 0.015284086249705581 -0.022687026146360662 0.00904088896526852 0.021469691383356727 -0.00049080369308142379 -0.008427854311481903 -0.024921402656714178 0.1185953922110832 -0.027219849023992455 0.0061902520500806179 0.18289968955219055 0.060184987499458976 0.019565226482768192
leaf_weight=14.816340660676358 17.722934973426163 263.16501778364182 9.9264953732490522 16.886157056316733 15.169832795858389 4.030605260282754 7.8772861715406171 11.469660514965652 3.4049844369292321 59.665264807641506 69.814964072778821 68.135263884440064 8.0953965559601766 5.0607854835689059 12.104372145608066 2.3231454044580486 2.576650006696581 104.96114388480783 1424.9397895261645 2.4141455609351388 7.0952729582786551 9.0565562900155765 4.0628306362777939 21.482855484820906 22.932184904813766 63.061140194535255 35.759352074936032 70.302875803783536 3.3930194638669491 3.6187810078263274 40.147836914286017 19.782347425818443 4.2156903352588406 183.28830477781594 6.2176530770957461 28.580999718979001 14.589424535632132 6.4242778234183779 156.06429874151945 14.136057402938606 4.1243851333856574 12.180550940334795 37.378432281315327 136.66805342212319 0.80106150452047487 60.352691674605012 2.7939751967787769 23.754629842936993 2.0688497945666313 2.2435234189033508 25.304245926439762 25.397978262975812 11.83028896152973 20.582705961540341 5.7693995889276248 1.0829208511859181 2.466979531571269 118.97380281053483 12.674682177603243 0.86684109922498498 3.8588322373107067 1.7223894000053395
leaf_count=121 548 9178 408 136 144 39 93 82 31 1199 452 1548 65 61 131 22 26 1230 13180 29 62 76 40 2085 197 313 401 757 29 29 374 150 32 1394 45 274 119 57 1393 78 20 97 292 14310 77 2800 26 275 22 20 316 156 123 350 131 27 49 1800 456 17 120 49
internal_value=8.64601e-05 0.00164154 -0.00804037 0.00285516 0.000982407 0.00783174 0.00501933 0.0226412 0.00242435 -0.0135154 0.0283932 -0.00291773 0.0218819 0.00204952 -0.00542465 -0.0149943 0.00671936 0.00227228 0.00365428 -0.0108367 0.0156487 0.0355762 0.0553332 -0.0276834 0.0120407 0.0085303 0.0327156 -0.0192173 0.0350515 -0.00100649 -0.00142565 0.00147164 0.00469798 0.00100766 -0.0187739 -0.0240017 0.0286387 0.0121448 0.00548771 0.0251573 -0.00579764 -0.00252103 -0.0257575 -0.0314089 -0.00307611 -0.02815 0.00535534 0.0225165 0.0668713 0.102013 -0.0137566 0.0335513 0.0435531 -0.0270274 -0.0117585 0.0283166 0.0778607 -0.0245962 -0.00293447 0.0300886 -0.00494605 0.111363
internal_weight=3351.67 3174.99 352.567 2822.43 2052.32 770.109 648.61 121.499 1867.73 184.587 106.683 104.339 26.884 1850.85 326.176 182.523 143.653 129.246 1524.67 99.7297 23.6196 16.5244 13.1194 176.675 310.379 266.742 43.6366 76.11 5.80717 18.7886 338.231 298.083 265.472 231.1 47.8118 32.6116 34.3718 243.81 162.489 81.3216 18.2604 117.142 43.5961 158.952 22.2839 70.2792 58.4884 30.861 7.10635 5.0375 27.6274 95.2129 14.4069 80.248 77.4546 9.3193 3.5499 124.035 282.288 15.2639 267.024 2.58923
internal_count=58161 41141 13028 28113 22031 6082 5271 811 18489 3542 690 1993 238 18353 4149 2542 1607 1458 14204 1024 209 147 116 17020 2552 2058 494 815 58 173 2719 2345 2032 1763 369 313 269 1861 1450 411 98 1327 337 16472 2162 3208 681 343 68 46 338 608 149 1549 1755 207 76 1861 9820 522 9298 66
is_linear=0
shrinkage=0.05


Tree=54
num_leaves=63
num_cat=0
split_feature=70 70 38 174 59 60 169 57 103 71 124 171 60 159 67 127 124 163 3 126 94 167 102 120 91 103 119 104 3 44 160 119 8 163 96 162 51 153 60 60 67 120 59 103 161 151 151 67 160 162 164 164 164 164 177 168 121 169 136 92 166 172
split_gain=53.6634 13.4797 13.5918 9.47984 8.84948 7.72771 12.6374 9.10794 7.71162 7.8997 7.38258 7.25979 10.1904 9.95767 9.61106 9.15296 10.2681 8.55069 11.3614 10.3882 11.052 8.62891 8.60304 8.53474 10.7668 10.2786 9.29796 12.9985 8.28004 9.68459 10.2038 9.48868 9.07282 8.78841 8.77075 8.20913 9.95069 8.21733 10.3664 8.56235 8.14475 8.98009 8.39683 9.42187 8.84478 8.09837 10.2707 8.81766 10.1265 8.2405 8.07647 12.4328 7.99634 7.98509 7.95313 10.8624 7.81226 9.31955 8.44688 10.8557 12.0199 9.52196
threshold=23.633971291866033 8.430194805194807 8.5000000000000018 -1.3579510661267562 1.5000000000000002 0.16139050290522944 0.20579986020480776 0.07202596752763038 -0.8892239663833853 -1.6602994698614955 -1.4800191057515601 -0.80234459535144842 0.090967365967365973 1.3840450321175386 0.16530054644808745 -0.39296987266456679 0.57277979280689506 -0.55760537904627516 509.00000000000006 -0.18322387621406444 -0.14136511925543097 -0.51661390423215725 -0.5205843696897543 0.334945100427195 -1.3255288399149772 0.094985594290614386 0.12144432489699973 -0.58521884781736067 443.00000000000006 1.0000000180025095e-35 -0.59692940578452613 -0.94292809448822912 12.500000000000002 -0.10942061972365273 -0.44927764405728321 -0.52406962507905475 2.2500000000000004 0.96543238599379599 0.13344191096634098 0.12330302844155047 0.040956108470785575 -0.95651532913098458 116.50000000000001 -1.0551492317277156 -1.2471263058468449 0.39070676299484608 0.74181712824930723 0.088365434669443008 -0.31627526522648003 -0.67514442120403251 -0.68679537195996032 -0.7351349162655304 -0.72321127999054224 -0.41185629040238181 1.8819218764636589 0.63042332126192846 -0.83224914304854825 0.26928697009922414 -1.2418395730662917 -0.50395263067896767 1.1441270581937539 2.1684558412914519
decision_type=2 2 2 2 2 2 2 2 2 2 2 2 2 2 2 2 2 2 2 2 2 2 2 2 2 2 2 2 2 2 2 2 2 2 2 2 2 2 2 2 2 2 2 2 2 2 2 2 2 2 2 2 2 2 2 2 2 2 2 2 2 2
left_child=1 3 -3 -1 8 -4 -7 -8 -5 -10 -6 12 15 14 45 16 23 18 19 -17 21 -21 -23 24 -12 26 27 -25 29 30 33 -30 40 -13 -34 37 -37 38 39 50 42 -42 -33 -44 -45 52 47 48 -47 -48 51 -32 -14 -35 55 -24 57 -43 59 -58 -61 -60
right_child=-2 2 5 4 10 6 7 -9 9 -11 11 28 13 -15 -16 17 -18 -19 -20 20 -22 22 54 25 -26 -27 -28 -29 31 -31 35 32 34 53 -36 36 -38 -39 -40 -41 41 56 43 44 -46 46 49 -49 -50 -51 -52 -53 -54 -55 -56 -57 58 -59 61 60 -62 -63
leaf_value=0.057705900798096767 -0.027036614570796997 -0.0027516665297063823 -0.032007078976191365 0.087801677435741229 -0.038460688935165521 -0.035688211349941427 -0.018616415141573955 0.16113684969867009 0.08625389262680469 0.001164651102112465 0.048091301857198322 -0.033335729850158029 0.052195636999973663 -0.026424489466652497 0.080704935495788915 -0.027486958320103227 0.048789228433723297 -0.0311062450443165 -0.044086387203788331 -0.011725122128015056 -0.0090576130089432567 -0.00022487214234795849 0.094433003840712654 -0.019347756304954535 -0.02596864084083407 -0.03376654687540722 -0.0063571234540170003 0.12142372261680573 -0.0089611971866035266 -0.024068444235129893 0.0054254363730978396 -0.0048139461187141916 0.0044996763247292402 -0.016469352263732983 -0.011091884947587838 -0.028074508127698114 0.062259488770945226 0.042269806608687191 -0.028062953713239847 0.071812292511204565 0.02997950982023391 -0.023536782584227742 -0.045513431403712792 0.007970573221367178 0.053672387552282909 0.014257892307615231 0.033445482170709688 -0.0012973411023379806 0.11896366783470978 -0.015289511873789101 0.0027446554534985403 0.0955903281469654 -0.0074941004950057205 0.11560771357354925 0.011686869355291547 0 -0.037269738763253464 0.010208354969360017 0.005817078086855703 0.11037726792951182 -0.0093519815373004061 0.037350330233235841
leaf_weight=6.8273205589503041 171.86070611979812 281.26277729123831 64.024129413068295 4.1747523657977608 10.050375485792754 2.5932208606973282 0.71174261439591635 1.0944729838520286 2.3456897884607359 15.616234689950939 4.8138313628733114 31.648982871323824 5.2116039078682652 17.047053910791874 4.1302658151835194 34.950698550790548 11.551003526896237 50.987186655402184 18.532291812822223 14.433948889374731 77.806864464655519 12.989263158291577 11.193409014493229 1.8431059271097172 31.007769731804732 3.8944489341229191 3.9641644544899464 4.9654109682887784 117.37709285132587 48.701674560084939 10.676079843193291 15.88701895996928 1242.5925160832703 1.9841712173074486 96.14506465010345 30.291748745366931 2.4051185939460984 14.283822784200309 21.248343510553241 4.1406648475676766 43.903461702167988 42.233525326475501 2.5163489505648604 15.609920725226401 36.931871393695474 4.0447742696851483 16.435555897653099 4.1325311027467242 6.1109413616359225 16.249459860846404 165.23243487067521 5.1925960909575215 56.606185670942068 1.0585925485938776 9.8282693438231927 4.1149546485394231 2.0419564470648757 37.784900017082691 334.14723129197955 5.8617336619645339 2.7014923635870218 24.953036786988378
leaf_count=70 17020 9820 3034 28 122 117 24 33 10 145 45 352 56 150 33 327 153 1040 168 120 658 107 106 23 389 65 59 54 1276 649 93 146 12149 48 1090 540 42 127 162 37 327 387 25 95 422 44 121 39 58 210 1520 45 608 22 61 38 26 305 2816 59 30 216
internal_value=9.15879e-05 0.00157053 -0.00767219 0.00271935 0.00256385 -0.0274955 0.0310022 0.10713 0.0333792 0.0165031 0.0023061 0.0024688 -0.00351947 0.00809572 0.0135371 -0.00863133 0.00830045 -0.0131418 -0.00799138 -0.00367427 0.00283237 0.0203675 0.0326343 -0.00163328 -0.0148446 0.0292018 0.0533249 0.0850782 0.00355616 -0.00368454 -0.000150889 0.00476693 0.00562043 -0.0252029 0.00336875 0.00334382 -0.0196309 0.00684212 0.00417543 0.00803103 0.0109355 0.00860821 0.0267141 0.0358243 0.0405904 0.0102297 0.0256522 0.0596022 0.0827263 0.00933367 0.00615895 0.0391436 -0.00163151 0.0454743 0.0491644 0.0707271 0.0064489 -0.00761121 0.00951786 0.0516485 0.0750545 0.00811977
internal_weight=3344.96 3173.1 349.686 2823.41 2816.58 68.4236 4.39944 1.80622 22.1367 17.9619 2794.45 2784.4 426.845 129.968 112.921 296.877 62.0397 234.837 183.85 165.317 130.367 52.5598 38.1259 50.4887 35.8216 14.6671 10.7727 6.80852 2357.55 336.864 288.163 2020.69 1903.31 34.6917 1338.74 253.471 32.6969 220.774 206.49 185.242 564.572 493.627 70.9452 55.0581 52.5418 108.791 46.9733 14.2882 10.1557 32.685 181.101 15.8687 61.8178 3.04276 25.1366 15.3084 449.724 80.0184 369.705 10.6052 8.56323 359.1
internal_count=58161 41141 13028 28113 28043 3208 174 57 183 155 27860 27738 4732 1319 1169 3413 788 2625 1585 1417 1090 432 312 635 434 201 136 77 23006 3637 2988 19369 18093 422 13239 2566 582 1984 1857 1695 4854 4166 688 542 517 1136 472 141 102 331 1658 138 664 70 205 144 3839 692 3147 115 89 3032
is_linear=0
shrinkage=0.05


Tree=55
num_leaves=63
num_cat=0
split_feature=162 163 130 132 60 95 60 104 83 30 139 36 64 96 154 160 59 30 81 153 168 179 34 63 136 57 70 132 65 124 70 70 27 135 94 64 70 130 95 8 137 83 28 0 136 95 92 1 173 57 80 144 57 126 26 123 111 22 170 153 63 159
split_gain=51.9271 17.5325 12.5973 14.2038 12.9708 12.4859 12.4466 12.6097 12.4258 12.3813 18.1936 13.6581 11.7365 12.5308 11.4789 14.7689 14.5042 10.9939 11.1943 10.3218 11.7405 11.334 10.0298 9.80168 9.48033 9.45906 9.61987 9.31385 9.24081 13.6035 12.0538 9.9777 9.58502 9.22265 9.19209 10.7452 9.67744 9.17789 8.7988 8.81355 8.73632 16.0522 8.74612 8.71477 10.4269 10.215 10.5463 8.59474 8.46041 8.42618 9.73976 9.99084 9.81201 8.93014 8.73171 8.68237 8.50742 9.14696 8.8925 8.36711 10.1393 12.7134
threshold=0.30403907331007568 -1.4560928296580393 -0.6833989493133269 1.4644659488710106 0.11269640967190427 -0.68006662572515142 0.21073190789473686 -0.60666163003281792 0.38548951048951058 364.50000000000006 -0.27230567001251943 1.0000000180025095e-35 0.2116245862270397 0.97003557617970226 1.0000000180025095e-35 -0.52669496793631032 464.50000000000006 151.50000000000003 30.500000000000004 1.9772840244232499 2.4200226115318442 0.33846273440073604 1.5000000000000002 4.3926218708827411 1.0914053742223342 0.061157285337613214 22.011627906976752 1.3306490160371494 6.0030674846625773 0.41037007815328641 2.7523584905660381 1.752777777777778 105.55000000000001 -0.43992351715736833 -0.27141728707212903 0.051964124983926975 32.781746031746039 -2.1206049862436385 -1.1725554802410738 14.500000000000002 0.3936585974069447 0.42481203007518803 13.550000000000002 7.5000000000000009 -0.41442071117498924 -0.53314826822576944 0.50323627974019858 10.500000000000002 -1.4891526354458182 0.081491671088228176 -0.45857142857142852 0.14604299293093792 0.07257561386500673 1.2335645400872337 36.150000000000013 -0.43059356059052839 -0.30707780575667359 7.9500000000000011 -0.60927949516077429 0.32015609818435514 7.3714920267178918 -0.19625346680996367
decision_type=2 2 2 2 2 2 2 2 2 2 2 2 2 2 2 2 2 2 2 2 2 2 2 2 2 2 2 2 2 2 2 2 2 2 2 2 2 2 2 2 2 2 2 2 2 2 2 2 2 2 2 2 2 2 2 2 2 2 2 2 2 2
left_child=1 38 3 12 9 6 8 -8 19 10 23 40 13 17 33 -16 -17 18 43 20 21 48 28 -4 -2 -26 -27 59 29 30 -13 32 -30 -10 35 -15 -36 -5 39 -1 42 -42 -12 44 -3 46 -45 -22 -6 50 51 52 53 55 -51 -46 -57 58 -58 -11 -61 -62
right_child=24 2 4 37 5 -7 7 -9 14 27 11 22 -14 34 15 16 -18 -19 -20 -21 47 -23 -24 -25 25 26 -28 -29 31 -31 -32 -33 -34 -35 36 -37 -38 -39 -40 -41 41 -43 -44 45 49 -47 -48 -49 -50 54 -52 -53 -54 -55 -56 56 57 -59 -60 60 61 -63
leaf_value=0.056529431601133662 -0.031712872143384169 -0.0051957423574439535 0.051418685964270017 0.02007716374528563 0.08282563984145197 -0.005350044614305452 0.086702583129205257 -0.017307778733960708 0.0056004202894891957 -0.00014368704311781128 0.034112193097397804 0.022883530004766395 0.070465661965712814 -0.0052715391196241929 0.1153176110020826 -0.016853167670164322 0.10153696868221257 -0.014186922249816339 -0.02202321730929907 0.06263932966707135 0.095976951678733394 0.019636931396790819 -0.015704240165632832 -0.0024430885429340791 0.12040802502866435 0.052305340711248739 -0.031020297759101867 0.069202889522081965 0.064417370225152412 -0.036904248398579739 0.16330953863714623 -0.012203849297041661 -0.0011528468265618638 0.13000001594325492 -0.03110409235526844 0.15505009250001467 0.093285135731938473 -0.024286725667310799 0.006278979126775306 0.015728017235354386 -0.014023636238496871 0.097175409595128825 -0.034128904074298215 0.039216892668796438 -0.012545457804239317 0.081541860804441466 -0.010592110387928995 -0.01729593175116155 -0.010625449774563348 0.015932882554783177 -0.0088222532669090577 0.069983798289801419 -0.020389930587681331 -0.02215539146143556 0.058558234310258132 0.010641785741499255 0.12239117427564689 0.028696093157808435 0.030124250328677445 0.015485864938224462 -0.026239066266293312 0.14049642773545815
leaf_weight=14.74039628356695 140.55334552749991 82.501462369225919 7.5005139904096714 14.068157661706207 1.5061434935778368 141.71695542521775 2.1255892217159262 42.117557015269995 2.1837430205196142 60.887442004866898 4.037979486398398 3.8422650098800641 7.0303522208705536 1.2759749377146361 2.7535567823797527 13.507094303145999 2.145940985530614 48.817530368454754 23.149559626355767 9.1643870249390584 5.4571194984018794 82.751376325264573 93.15902869682759 1202.6308279037476 0.7277973024174561 4.1755972104147068 9.4433861635625345 6.153038263320922 9.3392692431807536 2.2415629103779793 2.2241750257089734 40.97116700746119 11.699664525687693 5.3216532133519676 3.5853013899177295 2.7703209081664681 1.3760683974251149 51.148715950548649 567.41863870993257 100.98410276696086 35.160243547521532 2.5630964394658795 123.17027444113046 28.311676803976297 10.575049871578811 7.8628300977870813 15.907786723226307 1.8011524528264997 69.188696246594191 32.294116708450019 47.719370790757239 7.6894462062045923 16.63277767598629 9.5355020016431791 19.743528167717159 22.165344234555953 6.3772054053843021 20.778580535203218 5.6390056200325542 16.677350535988811 1.1468206644058225 3.0266563836485139
leaf_count=65 13738 679 81 130 18 2637 23 449 24 1048 81 30 46 45 34 152 24 512 242 102 65 939 2028 20988 66 159 928 119 68 35 59 967 88 51 108 61 46 634 2852 515 790 46 3156 176 92 88 119 24 974 225 381 60 166 104 118 157 44 150 37 275 30 44
internal_value=0.000402696 0.00178561 -0.00015663 0.00704745 -0.00190865 0.00636985 0.0133038 -0.0103943 0.0187102 -0.0038575 -0.00490541 -0.0153262 0.010415 0.00921794 0.0504398 0.0261659 0.00419976 0.00781989 0.0108754 0.0135741 0.0103751 0.0071637 -0.00499643 -0.00206294 -0.0277695 0.0100865 -0.0033002 0.0142789 0.0091407 0.0556209 0.090901 0.00205012 0.0293294 0.099307 0.0646126 0.112477 0.0124183 -0.0144826 0.00887664 0.0214077 -0.025443 -0.00402478 -0.0316746 0.0132313 0.00966154 0.031896 0.0213497 0.068572 -0.00743727 0.0158366 0.00955034 0.018421 0.0133352 0.0210429 0.0329987 0.027642 0.03555 0.0514239 0.0851169 0.00929747 0.0358407 0.0974973
internal_weight=3333.17 3178.27 2495.13 486.956 2008.17 381.741 240.024 44.2431 195.781 1626.43 1538.54 328.409 421.739 414.708 25.912 18.4066 15.653 405.701 356.883 169.869 160.704 153.446 163.477 1210.13 154.9 14.3468 13.619 87.8913 70.3181 8.308 6.06644 62.0101 21.0389 7.5054 9.00767 4.0463 4.96137 65.2169 683.143 115.724 164.932 37.7233 127.208 333.734 281.651 52.0823 44.2195 7.25827 70.6948 199.15 147.112 99.3929 91.7035 75.0707 52.0376 65.5352 54.9601 32.7948 12.0162 81.7383 20.8508 4.17348
internal_count=58192 43301 39869 4420 35449 5516 2879 472 2407 29933 28417 7348 3656 3610 285 210 176 3350 2838 2122 2020 1931 3275 21069 14891 1153 1087 1516 1247 124 89 1123 156 75 260 106 154 764 3432 580 4073 836 3237 2596 2213 383 295 89 992 1534 1191 810 750 584 343 480 388 231 81 1397 349 74
is_linear=0
shrinkage=0.05


Tree=56
num_leaves=63
num_cat=0
split_feature=162 163 130 131 36 38 108 108 124 173 138 71 9 26 93 125 81 90 124 104 15 4 157 64 30 28 130 25 90 166 126 181 162 15 13 43 71 82 129 155 155 167 119 66 8 179 80 162 164 160 61 56 179 102 172 169 94 150 83 162 96 57
split_gain=48.125 15.6928 11.4469 12.5431 22.7441 12.238 13.7558 9.97019 11.8692 12.2895 10.7921 10.6112 10.6179 11.7027 9.9142 12.3545 10.9254 9.57599 9.9718 13.0371 16.5222 9.92649 9.51244 9.34128 9.28794 9.25194 9.17393 9.69727 9.03767 16.5819 11.2911 8.94816 8.77654 8.6426 10.2184 9.8572 8.61984 8.60961 8.83051 8.53518 16.6235 12.4281 11.1426 11.8644 15.2996 10.8584 10.6952 10.2612 9.45667 10.8448 9.08818 8.9702 10.7776 9.63611 10.0257 9.59656 9.36675 8.65916 10.9214 10.9604 9.57648 10.2527
threshold=0.30403907331007568 -1.4560928296580393 -0.6833989493133269 -0.21739049532010371 1.0000000180025095e-35 8.5000000000000018 1.0000000180025095e-35 -0.61042976516251224 -0.45295540052424788 -0.88348499287515536 1.0411074895298646 -0.36297580174878824 8.5000000000000018 37.150000000000013 -0.11722314804062547 0.29375121803715748 11.500000000000002 -1.644591320382754 1.5377828541407863 -0.61193868786846506 0.60006105006105026 3.5000000000000004 -1.6232401065051145 0.095665593129361251 121.50000000000001 38.050000000000004 -1.1547005383792504 36.955000000000005 0.87948217483294033 0.30195884604064444 0.68267553985062135 -0.38616513480362907 -0.69030103039142165 0.42616341991341994 0.58333333333333337 8.5192307692307718 1.262413639561611 0.17519181585677754 -0.28607424467586656 -0.32372455065350442 -0.39155454060183459 0.35842285650227673 -0.09508715867628155 45.500000000000007 9.5000000000000018 1.83165918907667 1.1225000000000003 -0.5046640736463095 -0.62278116326014865 -0.82636418632814668 0.10530716423164936 7.6857841400325997 -0.53909998003218573 -0.47287308490814423 -0.5725889225894667 -0.76847459193837231 0.19555616677313239 -0.39008502179323917 0.16397849462365593 -0.89072078438485558 -0.78202952509955093 0.066567191173810839
decision_type=2 2 2 2 2 2 2 2 2 2 2 2 2 2 2 2 2 2 2 2 2 2 2 2 2 2 2 2 2 2 2 2 2 2 2 2 2 2 2 2 2 2 2 2 2 2 2 2 2 2 2 2 2 2 2 2 2 2 2 2 2 2
left_child=1 -1 5 39 24 6 7 23 22 -10 11 37 -13 31 -8 -16 -17 21 19 20 33 25 -9 -3 -5 -6 27 -2 32 -30 -31 -14 -26 34 35 -19 -29 38 -11 40 47 48 46 44 -44 -45 -41 -4 -42 -50 -51 53 -53 54 -46 -54 -57 -48 -59 -60 -61 -62
right_child=26 2 3 4 17 -7 14 8 9 10 -12 12 13 -15 15 16 -18 18 -20 -21 -22 -23 -24 -25 28 -27 -28 36 29 30 -32 -33 -34 -35 -36 -37 -38 -39 -40 42 41 -43 43 45 51 -47 57 -49 49 50 -52 52 55 -55 -56 56 -58 58 59 60 61 -63
leaf_value=0.0084185092818927203 -0.021961462943259669 0.010086820334213429 0.0084742113839313335 -0.029132773460804506 0.096207717573001145 -0.024808902017272729 -0.02110246735414293 0.064114901925111642 0.059562081308911663 -0.033305190598944628 -0.00079596108571464521 0.020148509240466995 0.040656092771426879 0.018589561231903872 -0.0090885333895262457 0.011804586576552692 0.083401670575608183 0.12521165172453094 -0.024307288194457904 -0.00052160592004068846 0.1435004920783971 -0.035668236128814763 -0.0040837851695839644 -0.033375743037151365 0.028508845434037144 -0.017579494552124927 -0.031167588067454722 -0.010325067917674693 -0.01781643919871365 0.012510442505917577 0.18341265121877187 0.13254619987909586 -0.031489237478869676 -0.039971271529877443 -0.024894124208934981 -0.012755526761706793 0.10066014996848019 0.071110043264541331 0.017757728848931596 -0.0010895944302563678 -0.0060617283273656378 0.0010113696623414643 0.066162095728320811 -0.021444243808137559 0.079583251060213578 0.065729129882151321 -0.0069817551395003454 -0.014703329140243516 -0.016796153098008665 0.14678982854403663 0.048513975572332259 -0.011701447548103204 -0.036829750946604504 -0.038952667463008545 -0.011044539515292197 0.027001986393223706 0.11911593800228806 -0.030385507723878508 0.11051109498992973 -0.013144991180088845 -0.0126411195105439 0.046450578131893155
leaf_weight=684.77578988298774 9.0222960775718075 31.677107215858996 238.4681204026565 137.68029073253274 6.1894221147522313 27.904718117788434 55.212405123747885 4.4956678859889498 20.791145331226289 8.4253456518053991 48.609743166714907 20.962651018984616 5.8980450686067352 7.8018361814320079 42.487151919864118 17.938080154359344 6.9845725744962683 3.1498354244977218 38.357057576999068 161.17503840755671 2.5344221321865907 2.1987794432789078 72.169914362020791 18.854708315804601 7.6074570268392554 1.9194139745086429 135.87600761838257 2.6052485024556509 4.7854868266731483 1.9454452143982055 1.4978309562429784 7.6078745331615218 20.08233494497836 3.5554553968831897 2.7171053271740675 1.5437438022345302 3.1450385330244899 5.9257561825215808 83.519754629582167 952.40940074529499 3.1457350170239833 10.879515490494667 7.8961182842031112 152.28747970517725 3.0564161520451298 2.6827861210331312 27.955377697013319 58.579349932260811 1.8468101937323833 5.5565916849300248 6.3393906559795141 16.286368223838512 2.236884467303752 23.335847290232778 11.355707877315579 8.8713553175330144 3.8402895061299196 6.947489575482904 3.3127782009541979 11.792873950675128 8.3746072379872185 39.1801175493747
leaf_count=3432 295 326 2305 4122 107 444 607 28 153 64 408 271 47 66 454 167 54 64 945 3608 71 51 597 185 86 37 14447 70 121 39 26 70 550 106 53 32 79 32 447 15035 56 146 94 2903 58 40 442 1804 39 77 83 374 46 456 214 135 66 116 23 173 148 598
internal_value=0.000405784 0.0017208 -0.000121145 -0.00179525 -0.00974264 0.00674189 0.00871909 0.0139335 0.0175447 0.023679 0.019407 0.026406 0.0472038 0.0715003 -0.00555703 0.00722482 0.0345058 0.000801182 -0.00154894 0.00353003 0.0489451 0.0456561 0.000625039 -0.00636612 -0.0232631 0.0697516 -0.0271099 0.00950456 -0.000448884 0.0424657 0.112526 0.0983315 -0.014412 0.0165082 0.0457307 0.084685 0.0555555 0.0169864 0.0127168 0.000169976 0.00739947 0.0437142 -0.00166243 -0.0115588 0.00441213 -0.0194913 0.000526992 0.0038527 0.0693494 0.0861905 0.102629 -0.00342904 0.0160265 -0.0196549 0.0117673 0.045389 0.0618527 0.0162097 0.0255615 0.0322231 0.0260113 0.0358953
internal_weight=3326.27 3175.62 2490.84 2003.58 396.939 487.266 459.362 336.74 286.208 209.542 188.751 140.141 42.2704 21.3078 122.622 67.4098 24.9227 223.34 213.033 174.676 13.5006 10.3076 76.6656 50.5318 173.599 8.10884 150.649 14.7726 35.9186 8.22876 3.44328 13.5059 27.6898 10.9661 7.41068 4.69358 5.75029 97.8709 91.9451 1606.64 324.816 27.768 1281.82 231.849 76.879 154.97 1049.97 297.047 16.8885 13.7428 11.896 68.9829 31.2349 37.748 14.4121 14.9485 12.7116 97.5632 69.6079 62.6604 59.3476 47.5547
internal_count=58192 43301 39869 35449 10018 4420 3976 2694 2183 1558 1405 997 454 183 1282 675 221 5074 4879 3934 326 195 625 511 4944 144 14891 444 822 186 65 117 636 255 149 96 149 543 511 25431 4510 401 20921 4386 1443 2943 16535 4109 255 199 160 1349 621 728 272 247 201 1500 1058 942 919 746
is_linear=0
shrinkage=0.05


Tree=57
num_leaves=63
num_cat=0
split_feature=162 38 38 9 36 131 63 130 76 174 2 158 15 130 164 66 139 180 177 148 159 32 130 93 8 133 104 115 167 9 139 128 67 26 131 117 161 137 70 57 123 119 57 70 161 170 123 117 90 5 67 92 123 95 9 28 126 174 38 171 118 139
split_gain=44.662 11.8958 23.9775 21.8004 38.5268 20.5534 14.8002 13.3632 12.8226 12.423 12.2208 12.25 11.9939 11.8676 11.5898 11.0431 10.604 10.2098 9.68441 9.82938 9.6724 9.29173 11.6465 11.4097 13.1936 12.1395 10.5671 14.1562 9.82989 9.70741 9.51001 9.28194 9.2791 9.21627 9.17399 9.11361 12.0367 8.70465 8.6951 8.55729 8.89273 8.50952 9.51412 9.85459 8.48402 10.9422 8.44717 13.6345 8.51809 8.72626 10.3327 9.65346 8.43595 11.0544 10.307 10.9709 10.6237 8.40396 8.33366 8.29739 9.44018 9.19847
threshold=0.015775669597746216 9.5000000000000018 8.5000000000000018 8.5000000000000018 1.0000000180025095e-35 -0.888258001663907 6.8904976851851858 0.28867513459481181 0.84500000000000008 -0.48760571873683028 58.750000000000007 1.4249342503119375 0.71438492063492076 -0.64549722436790213 1.6592540833830498 99.500000000000014 0.86053698797840539 0.94204882237199972 1.3080110283211457 -0.43865793372199374 2.3023668232035406 1.0000000180025095e-35 -0.66915269302346703 -0.16651316774779032 15.500000000000002 0.14234887888242451 -0.34219683355469838 -0.78437937784772449 0.048564552452843919 8.5000000000000018 -0.54147921944897914 -0.64464676541355825 0.069796439134721347 13.65 1.0000000180025095e-35 0.043959129065606249 -1.1556215113528929 -1.7634169293290507 2.7523584905660381 0.05951050685068824 -0.29509323958628814 0.61709730869836077 0.06840240670943197 22.011627906976752 -0.32919495165342222 -0.88208414582827943 -0.33359113188906381 1.7962014166961995 1.2237207400507699 1175.0000000000002 0.055749805749805752 0.86103461568025075 -0.3892811697472715 -0.69981388594790572 7.5000000000000009 34.550000000000004 -0.14968884539008628 -0.87965014810838538 7.5000000000000009 -0.53935988997059336 0.49875145549837169 -0.60015739011675617
decision_type=2 2 2 2 2 2 2 2 2 2 2 2 2 2 2 2 2 2 2 2 2 2 2 2 2 2 2 2 2 2 2 2 2 2 2 2 2 2 2 2 2 2 2 2 2 2 2 2 2 2 2 2 2 2 2 2 2 2 2 2 2 2
left_child=1 2 7 8 16 15 -7 12 20 -10 11 52 21 14 41 -6 33 -12 -13 -20 31 28 23 25 -25 26 -23 -28 -1 -26 38 -4 -14 -5 -16 58 -37 -35 -30 40 -15 -2 -43 -44 -3 57 -24 48 59 50 -50 -52 53 54 55 -9 -57 -46 -31 -48 61 -61
right_child=13 44 3 4 5 6 -8 10 9 -11 17 18 32 39 34 -17 -18 -19 19 -21 -22 22 46 24 29 -27 27 -29 30 35 -32 -33 -34 37 -36 36 -38 -39 -40 -41 -42 42 43 -45 45 -47 47 -49 49 -51 51 -53 -54 -55 -56 56 -58 -59 -60 60 -62 -63
leaf_value=-0.013880759354674725 -0.019124514067164238 0.019766213416595235 0.023540564025931379 0.013526408171065899 0.025888420612052616 0.023139707445764421 -0.012823033411853178 -0.029707394902168706 0.12456666595859699 0.021451962602484879 0 -0.012400810761398148 0.030039205202257335 0.11607103518500783 0.15389521622370778 0.13068741595688158 0.021924722097974986 0.11683150801967333 -0.022217402340925382 0.090243499046276238 0.069273773558861301 -0.0060484499081854999 -0.013482681402706141 0.032298332819117585 -0.013019542086022641 -0.020698216281041806 -0.010774255259413053 0.047604155731753216 0.047651042060817349 0.059992053603621302 -0.0013902383554276608 -0.011564554049393105 0.00048224789313017192 0.030627293331987382 -0.019842155573471118 -0.066269179273886536 0.031368730694075572 -0.037688625606575411 -0.013118454686963241 -0.029568268573946982 -0.0089633936658475022 -0.036133956312866165 0.11178936912886582 -0.001718125761340049 0.13066867603100601 -0.02724744953407068 -0.0021060803350261381 0.11095664233221546 -0.032299021561799375 -0.010933996138541563 0.067720609606741131 -0.028756917141588456 -0.024033128240581653 -0.027598722477817764 -0.040867474300318236 0.02786881230923724 0.12752634711212738 -0.011211422936378229 0.011470580822796672 0.055523475230817479 -0.02689788040940477 0.0072576233878226043
leaf_weight=150.24432399310172 25.695431971456856 137.65618920885026 25.916033285669982 9.3345745969563705 8.0143877705559117 39.569743987172842 95.887128348462284 3.0159691162407425 3.3620100645348421 11.122140830382703 4.1274230964481822 7.6879633627831927 74.876217783428729 1.0730011272244153 1.1542260805144895 3.3324029156938186 8.3768382333219034 2.359103798866272 2.1130466312170029 6.1690597645938379 4.184337116777896 41.21068845782429 74.608468010090292 109.13280784338713 37.08247899543494 40.474131897091866 14.839884199202059 30.469194927252829 19.098529379814867 14.950392462313173 162.92560286540538 61.593680003657937 41.434742735698819 4.0054674362763754 0.78810843219980586 5.332508772611618 5.352880313061176 167.12019280903041 7.6475762221962205 165.38261055666953 3.9369059898890546 2.602884582243858 3.4705595886334777 3.1405595717951655 1.1594089437276127 19.31337103433907 326.35903429053724 1.9578094221651543 4.8498799661174443 153.56303344946355 10.48715112544596 2.648931340314447 115.56103365495801 13.982694706879554 3.3182438332587472 8.1189688146114332 3.8480193801224223 1.6296074166893983 21.976930355653167 9.0340725202113372 19.025133457966149 961.19352864101529
leaf_count=1970 1139 1122 370 149 121 509 1629 51 43 139 60 173 907 99 38 40 172 25 25 57 34 349 1267 739 316 371 75 203 116 78 1667 883 494 76 37 27 52 4013 147 16521 394 124 64 179 29 681 4228 29 64 1985 112 32 2103 312 72 110 59 66 132 118 287 10709
internal_value=0.000397205 0.0018979 0.00117455 -0.00955086 -0.0157931 0.00338925 -0.00218835 0.0030667 0.0100981 0.0522085 -0.010409 -0.0132158 0.00405328 -0.0220189 0.00351288 0.0651634 -0.0306713 0.0521056 0.02711 0.0617098 0.00290082 0.00322725 0.00460086 0.0132683 0.0208716 0.00155204 0.0121355 0.028556 -0.00436474 0.00588447 0.00318022 -0.000963164 0.0196463 -0.0332476 0.0989164 0.0206754 -0.0184306 -0.0358919 0.0302483 -0.0275583 0.0318414 -0.00426285 0.0345076 0.0640703 0.0151464 -0.0130204 0.00281207 0.00364033 0.00342123 -0.00701802 0.0249679 0.0472539 -0.0177582 0.00459989 0.029615 0.0471178 0.067663 0.0653693 0.0323106 0.00479054 0.00707065 0.00776889
internal_weight=3319.9 3112.65 2952.9 441.819 335.641 146.804 135.457 2511.08 106.178 14.4842 170.302 163.815 2340.78 207.244 36.8518 11.3468 188.837 6.48653 15.9701 8.28211 91.6941 2224.46 1884.55 320.822 193.828 126.994 86.5198 45.3091 339.916 84.6952 189.672 87.5097 116.311 180.46 1.94233 47.6127 10.6854 171.126 26.7461 170.393 5.00991 34.9094 9.214 6.61112 159.759 22.1024 1563.73 1489.12 1487.16 171.549 17.986 13.1361 147.845 32.2839 18.3012 14.983 11.967 2.78902 36.9273 1315.61 989.253 970.228
internal_count=58192 39597 37699 8178 6709 2299 2138 29521 1469 182 3047 2962 26474 18595 1581 161 4410 85 255 82 1287 25073 21173 2342 1344 998 627 278 3900 605 1930 1253 1401 4238 75 289 79 4089 263 17014 493 1506 367 243 1898 776 18831 17564 17535 2193 208 144 2707 604 292 220 169 95 210 15342 11114 10827
is_linear=0
shrinkage=0.05


Tree=58
num_leaves=63
num_cat=0
split_feature=162 163 60 171 90 158 105 150 165 178 62 68 102 165 136 160 126 37 65 64 96 57 59 167 156 23 168 90 93 175 136 144 66 94 164 56 157 169 157 4 66 174 76 155 156 64 93 68 62 136 20 3 117 105 95 150 93 76 178 171 125 57
split_gain=41.6663 13.658 9.62794 10.7423 12.0776 10.5677 13.4344 14.069 13.4296 11.6414 9.98128 9.39167 9.36983 10.806 9.30734 9.01155 9.70169 10.1441 10.6169 10.0153 8.87603 8.86056 9.15414 10.3189 9.70823 11.1614 9.21015 8.73048 16.5442 10.8802 10.8991 10.6179 9.86666 9.76252 8.86262 9.63282 8.64965 12.3418 10.6779 10.4299 9.06093 8.58397 11.7998 9.97555 9.57684 10.851 9.6329 9.55009 11.1449 9.23483 8.9192 8.52279 13.5208 10.674 10.647 11.4688 9.81651 11.7886 11.1294 8.71565 9.58205 8.42938
threshold=0.30403907331007568 -1.4560928296580393 0.11269640967190427 -1.7744998658534346 0.34936969322746431 -1.4603452769341447 0.741299017442696 -0.66546741473802884 -0.50316701416332987 -1.0000000180025095e-35 0.17089216944801031 0.03337041156840935 0.68913313868723602 -0.44815115431951486 1.0914053742223342 -0.63598668263572167 -0.55204908834804989 0.18333333333333338 7.2762497750179991 0.046543485186365093 -0.3088695552973007 0.084203783730140841 253.50000000000003 -0.68889307071587325 0.13643400693241403 0.41519001831501839 -0.54045688404780234 -1.0819160936074825 0.8246912607341309 0.55231256345557422 -0.54770407022808321 1.3074045168740056 51.500000000000007 -1.3659554768563844 -0.55589233923736148 7.9990925589836666 -1.14633622674788 -0.61189284837984947 -1.4363263277819187 -8.4999999999999982 206.50000000000003 -0.81502987288330997 -0.41499999999999987 -0.52878376104939973 2.022686598420163 0.15811403508771932 0.10480584677804448 0.35463454471212746 0.08281231683013561 -1.7125987961610407 0.23611111111111113 461.00000000000006 -0.96522226460845284 1.0000000180025095e-35 -0.71949648814961276 0.28910062869679737 0.23006567224439678 -0.29999999999999993 -0.29509323958628814 -1.2832661595270105 -0.64579648137441226 0.061157285337613214
decision_type=2 2 2 2 2 2 2 2 2 2 2 2 2 2 2 2 2 2 2 2 2 2 2 2 2 2 2 2 2 2 2 2 2 2 2 2 2 2 2 2 2 2 2 2 2 2 2 2 2 2 2 2 2 2 2 2 2 2 2 2 2 2
left_child=1 -1 3 4 -3 6 7 8 -5 -8 11 -4 27 15 -2 -14 -17 18 36 -20 21 22 23 24 25 -21 -27 28 29 33 -31 -30 34 -7 -32 -36 37 -18 -39 -38 -41 42 -13 -44 45 46 47 49 -49 -43 -47 53 54 -29 55 -53 58 -58 -56 60 -54 -16
right_child=14 2 10 5 -6 12 9 -9 -10 -11 -12 41 13 -15 61 16 17 -19 19 20 -22 -23 -24 -25 -26 26 -28 51 31 30 32 -33 -34 -35 35 -37 39 38 -40 40 -42 44 43 -45 -46 50 -48 48 -50 -51 -52 52 59 -55 56 -57 57 -59 -60 -61 -62 -63
leaf_value=0.0078250153864791172 -0.030057445384791999 -0.0077653511649567854 -0.04296014302758297 -0.0012472151139068606 0.090585035972607392 0.055198757874239328 0 -0.015113643487481994 0.11206812161941082 0.11736736380680467 -0.0049346780394781886 0.0098322229439615251 -0.02341260915132979 -0.01725863014818509 0.11363993262389099 -0.023148277452129842 -0.0098419555087452208 0.072075883533545659 -0.0080068039301594372 -0.00078858003237543609 -0.038335995711774908 -0.038228437002870271 -0.021523923993574157 0.038326703993937311 0.019182057280224058 0.22939725688450507 0.040301214389696687 -0.0033177367127353733 -0.018427664279145672 -0.029081243095595583 0.00042649263816826817 0.059757085694990657 0.021204450719689651 0.0053358363459690391 0.12013976367199097 0.020277590857654008 0.057521365487845658 -0.0066815309984663666 0.12731287845411332 -0.037352332654006545 0.043576382080989046 0.072191191360722176 0.1428549229154743 0.016877432087709445 -0.027856591733755012 0.10310589065228513 0.020081496968151522 0.098859657735062056 0.01287833538245632 -0.0072886657973261068 -0.010248080806140949 0.02099131185960991 0.077288590778311267 -0.020950968491360279 -0.014846649698099082 -0.029522220510802208 -0.012765584022347752 0.063923522999468949 0.091956089389178819 -0.00039017697463444417 -0.02968856584584122 -0.0014034550991237191
leaf_weight=686.0138776153326 129.37353774346411 5.4388370225206 6.8493456095457068 5.0514975432306528 5.6619478967040777 9.5895951157435757 3.3204198302701116 21.462921448051929 4.1913127144798654 5.041386620141564 136.66442771162838 10.181856141425671 33.151820913422853 204.48516864329576 0.79849576577544112 23.955073125194758 10.428711807355283 5.4880782738327971 18.478324297815561 1.0087978970259417 2.9007753641344598 2.3831627517938605 3.528684706427156 24.161877879872922 2.7333600232377648 2.149529442191124 1.5407269038259985 316.09939642716199 65.21311557944864 4.6138911023735991 3.3322867751121548 3.6555877691134802 19.580095209181309 146.85222411155701 8.7726971535012108 4.0038016419857732 2.8619098300114265 2.1196452407166362 2.96036098524928 32.036092651076615 2.9683527415618292 2.7717691510915747 3.4263700749725103 3.0603625476360312 14.561054928228257 4.7533300118520847 138.37353241909295 3.6456041019409922 23.502321690320969 112.81083272863179 2.1358669688925147 33.12445227894932 1.2455708272755135 117.56391791068017 2.6333490358665577 15.732132403180001 12.52103150077164 7.0033062230795649 11.264974272809921 771.59758838778362 37.84041706752032 13.016083063557742
leaf_count=3432 13738 113 111 84 87 157 45 387 69 61 1748 158 769 3337 66 493 153 82 395 16 150 50 63 349 32 33 27 5891 951 86 61 44 261 2497 110 58 44 38 36 564 50 43 34 39 174 48 1785 34 261 1749 29 388 23 1848 52 212 262 102 188 12233 705 1087
internal_value=0.000388657 0.00158514 -0.000138255 -0.0016299 0.0453254 -0.00191403 0.0234983 0.0070882 0.0555739 0.0760304 0.00635759 0.0111064 -0.00243178 -0.00948375 -0.0258966 -0.000316514 0.00517803 0.0111293 0.00749561 0.0219918 0.0356931 0.0423953 0.0489111 0.0573502 0.106721 0.144463 0.176939 -0.000743654 0.00750912 0.0148878 0.0377828 -0.0134101 0.0471203 0.00875528 0.075248 0.0929521 -0.00851541 0.02186 0.0786777 -0.0213271 -0.0293311 0.0124126 0.0464553 0.0942811 0.0103737 0.0124137 0.010728 0.00154853 0.0277041 -0.0047369 0.0704844 -0.00240418 0.000385061 -0.00814672 0.0195756 0.00435945 0.0409001 0.0162732 0.0717461 -0.00157821 -0.0243117 0.0121306
internal_weight=3313.69 3170.5 2484.48 2021.75 11.1008 2010.65 39.0675 30.7057 9.24281 8.36181 462.737 326.072 1971.58 379.34 143.188 174.855 141.703 117.748 112.26 58.8852 40.4069 37.5061 35.123 31.5943 7.43241 4.69905 3.69026 1592.24 265.613 196.745 40.3028 68.8687 35.6889 156.442 16.1088 12.7765 53.3751 15.5087 5.08001 37.8664 35.0044 319.223 16.6686 6.48673 302.554 287.993 281.104 142.731 27.1479 115.583 6.8892 1326.63 892.963 433.663 82.2792 48.8566 33.4227 19.5243 13.8983 810.684 39.086 13.8146
internal_count=58192 43301 39869 33656 200 33456 646 540 153 106 6213 4465 32810 6681 14891 3344 2575 2082 2000 1115 720 570 520 457 108 76 60 26129 4225 3230 576 995 490 2654 229 168 885 227 74 658 614 4354 231 73 4123 3949 3872 2087 295 1792 77 21904 14165 7739 1204 600 604 364 240 12961 728 1153
is_linear=0
shrinkage=0.05


Tree=59
num_leaves=63
num_cat=0
split_feature=162 163 175 130 131 66 46 61 176 130 120 28 14 126 117 117 140 167 164 69 135 38 39 113 136 94 156 27 57 179 171 162 151 30 126 103 95 8 57 30 60 61 76 181 66 175 162 178 172 153 94 64 181 157 167 172 61 59 153 96 154 64
split_gain=38.5348 12.2242 9.26593 8.96239 12.7859 12.3032 12.3185 14.6402 10.5189 10.2463 9.81626 11.1252 9.68636 10.4083 10.1287 10.257 9.77826 27.9884 14.0527 9.89302 9.54574 9.52449 9.93215 8.94069 8.90944 8.79469 8.76983 8.37746 8.21856 10.2598 9.6817 9.50683 8.14844 10.2285 11.3264 8.09387 7.95192 7.90724 7.8119 7.76954 7.70108 11.3288 9.62382 10.9132 13.9272 11.0056 8.42618 8.16927 9.62221 9.78223 10.4636 8.80133 11.3915 12.7592 13.243 10.334 9.18916 7.984 10.056 7.88168 7.85037 7.52509
threshold=0.30403907331007568 -1.4560928296580393 -1.3281705322562041 -0.6833989493133269 0.66371138120511075 63.500000000000007 1.0000000180025095e-35 0.088066608009906483 -0.40882320504459618 1.4850148987462741 1.7519020308739783 39.95000000000001 7.166666666666667 -1.450347540597184 -1.3301942250789682 -1.2916766043795507 0.70930962736221648 1.3311828962524543 -0.75931332029466969 2.5000000000000004 -1.2417268120582252 5.5000000000000009 1.5000000000000002 -0.98407974863117664 1.0914053742223342 -0.054324185734534527 -0.60842033544155993 125.15000000000002 0.07202596752763038 -0.68515716100012469 -0.64535784119493667 -0.55139805130555142 -0.21820198861889725 60.500000000000007 -0.38451197948255306 0.23720527061945368 -1.1725554802410738 14.500000000000002 0.069958548844764976 2.5000000000000004 0.11220317153666588 0.25198412698412703 0.89000000000000012 -0.32478054967508557 75.500000000000014 0.3659608366993567 -0.49257199051502637 -0.23911894271592435 -0.30480170002566409 -0.11285258260435045 -0.15692517869016465 0.10009107468123864 -0.55589389638375686 -1.3334601275485281 -0.76279575648494269 -0.62530716933467334 0.20119047619047623 16.500000000000004 1.2296414607912387 -0.57079612968924109 -0.2474719709796521 0.07987138395792244
decision_type=2 2 2 2 2 2 2 2 2 2 2 2 2 2 2 2 2 2 2 2 2 2 2 2 2 2 2 2 2 2 2 2 2 2 2 2 2 2 2 2 2 2 2 2 2 2 2 2 2 2 2 2 2 2 2 2 2 2 2 2 2 2
left_child=1 36 61 5 12 6 32 -8 -9 10 -6 -12 14 39 -5 -16 40 18 -18 -19 -20 22 23 -15 -2 28 -22 -7 30 -30 31 -10 33 34 -4 -26 37 -1 -29 -14 -17 42 46 44 -44 60 47 48 49 -42 59 -49 -53 -54 -55 -56 -57 -52 -59 -51 -45 -3
right_child=24 2 3 4 9 27 7 8 25 -11 11 -13 13 21 15 16 17 19 20 -21 26 -23 -24 -25 35 -27 -28 38 29 -31 -32 -33 -34 -35 -36 -37 -38 -39 -40 -41 41 -43 43 45 -46 -47 -48 51 -50 50 57 52 53 54 55 56 -58 58 -60 -61 -62 -63
leaf_value=0.052432454657143447 -0.029427079753395181 0.032432751206733661 0.051380797472392492 -0.021250058089910626 -0.020913562811984268 -0.0085001226778063516 0.029999868121469344 0.051247457721057134 -0.022415337959048473 0.066130612048529255 0.11271154481263604 -0.031142082915507796 0.09454325327947527 -0.028016020552488294 0.06665085772957613 -0.0015156190067574602 0.10278699396523422 0.024402744351288641 0.051876919099694468 0.1670774426976179 0.040371414870050013 -0.016011308937453932 -0.013230149694657118 0.10047303287379933 -0.0213663536226948 -0.031011226062028743 -0.042457149787305255 -0.0095187184334860342 0.072510985035023734 -0.0030936518479817605 -0.03201282694107057 0.086527288192297366 0.025110573169019136 -0.051094910788082731 -0.020303060568995755 0.050302987532485521 0.0049567522577844509 0.013936021579058076 0.049412354662494266 0 -0.013418523129276681 -0.020452330194906387 0.0057740435196147345 0.048196249004826414 0.11325991266292473 0.075439277654220385 -0.012958220430853307 -0.0066910025783768548 0.0034880492519313074 -0.0090788722306495446 -0.010465425049059592 -0.02903543322537426 -0.013887539084337423 -0.026876606503984379 -0.008201864126694873 0.08795463159885647 -0.005095037878039943 0.098846675303241857 0.005257544537665854 0.063695347928202292 -0.031898984685253144 -0.0038497551096439361
leaf_weight=14.829875215888022 125.65447723725811 37.793995078653097 9.5309370681643522 51.336373056285083 136.00773805938661 162.35797858983278 28.986336342990398 5.4991952599957576 3.2131171636283398 2.6805086666718116 2.0089436061680312 1.7352270260453222 2.9421593099832526 1.2442064192146061 4.9494278253987423 1200.3223082586192 2.1226710472256007 2.3893554434180251 3.9253561617806616 3.2222935240715742 3.1084380913525917 191.54256376158446 6.5553741343319416 4.3889691308140737 7.6296936543658358 41.451488569378853 14.670940783806133 9.2385621396824735 6.3650098163634565 10.985556611791251 21.346226894296706 3.0506869461387423 145.16294727101922 7.3580344803631297 10.606853181496263 6.260259211063385 571.01047664135695 101.74591403827071 11.951286244206129 4.7327020009979606 6.7410425990819922 31.711839840747416 5.1926196068525332 3.1499632392078665 6.9673584289848804 3.8586991289630523 41.543424974195659 78.217552959918976 32.430647464469075 10.288770569488404 2.3090922012925175 8.7230447679758054 10.784357031807298 4.349739981815218 4.0931936800479916 18.090090947225701 2.8421675004065028 15.295062484219672 3.7645215895026913 4.5837846025824538 10.6671333797276 21.956076067872345
leaf_count=65 13738 750 53 772 4034 1626 266 56 31 52 57 66 62 26 68 19189 33 17 51 40 50 5427 159 80 670 439 257 82 52 89 224 32 1098 68 83 483 2852 515 93 149 66 330 68 37 64 47 1254 751 329 110 20 77 95 49 40 164 23 141 44 37 150 342
internal_value=0.000385521 0.00152242 -0.00011061 -0.000596017 -0.00210424 0.00553516 0.0118736 -0.000337691 -0.0101791 -0.0164744 -0.0185529 0.0524775 -0.000957799 -0.0109878 0.000377327 0.0011147 0.000856936 0.0289155 0.00330289 0.119964 -0.0103048 -0.0132332 0.0279495 0.0713945 -0.0252322 -0.014687 -0.026331 -0.00458454 0.000601724 0.0268093 -0.0160541 0.0345627 0.0204056 -0.00426798 0.0142131 0.0118085 0.00741691 0.0192801 0.0242226 0.0426947 0.000286281 0.00736178 0.010663 0.0370517 0.0716672 0.0104081 0.00727859 0.0114978 0.0244335 0.0396848 0.0497917 0.00365274 0.0201064 0.0313481 0.0480303 0.0617746 0.0754362 0.0715792 0.0817944 0.0156353 -0.0112814 0.019174
internal_weight=3309.47 3169.93 2482.34 2422.59 1945.49 477.104 293.556 120.898 91.9113 142.432 139.752 3.74417 1803.06 211.406 1591.65 1540.31 1535.37 29.4391 23.8274 5.61165 21.7047 203.731 12.1885 5.63318 139.544 86.4121 17.7794 183.548 44.9606 17.3506 27.61 6.2638 172.659 27.4958 20.1378 13.89 687.586 116.576 21.1898 7.67486 1505.93 305.604 273.892 29.8358 12.16 17.6758 244.056 202.513 75.4129 42.9823 36.2412 127.1 48.8826 40.1595 29.3752 25.0255 20.9323 21.3687 19.0596 14.8726 13.8171 59.7501
internal_count=58192 43301 39869 38777 34485 4292 2491 1189 923 4209 4157 123 30276 5903 24373 23601 23533 448 391 57 358 5692 265 106 14891 867 307 1801 428 141 287 63 1302 204 136 1153 3432 580 175 211 23085 3896 3566 366 132 234 3200 1946 747 418 352 1199 448 371 276 227 187 205 185 147 187 1092
is_linear=0
shrinkage=0.05


Tree=60
num_leaves=63
num_cat=0
split_feature=162 45 81 38 9 131 85 94 168 58 30 119 130 105 66 140 130 94 57 0 61 83 61 179 103 127 137 111 172 51 66 91 90 151 140 13 80 128 179 65 122 131 126 102 95 177 64 65 159 156 65 126 18 110 167 95 81 8 154 36 80 80
split_gain=42.1162 12.6365 15.6617 12.1648 21.2272 15.0325 13.5874 12.5907 11.5202 10.8067 10.7613 10.8991 12.6164 15.0377 14.717 10.6409 10.0901 9.91222 9.87292 9.60109 14.0142 12.4473 11.7283 10.2239 9.46774 9.40108 11.4812 9.85237 10.1088 9.22021 9.11379 9.11048 9.21066 9.10912 9.10051 9.07935 9.48856 11.1778 9.08386 8.99162 8.96554 13.1573 8.82401 8.50908 8.47569 10.6966 10.6998 8.43698 9.95235 13.7593 9.24866 8.53883 8.21955 8.2041 8.19533 10.6306 10.2947 8.69676 10.8405 9.60831 9.32825 10.4034
threshold=0.30403907331007568 -1.4999999999999998 1.0000000180025095e-35 7.5000000000000009 7.5000000000000009 0.20775302465684489 0.015250000000000001 -2.133671001561888 -0.44025296107095563 8.5376386913229023 151.50000000000003 -0.7178466704449904 -0.99369917817337472 -0.16782250156309772 62.500000000000007 -0.64549722436790369 1.0954451150103324 -0.12280462681484794 0.077233280623637504 1.5000000000000002 0.05526250034703907 0.23861283643892342 0.12150463566295568 1.4052546017535308 0.54185365102610761 0.14665704647608777 0.50398437972657761 -0.53830797011707687 -0.44704209270985662 3.4250000000000003 47.500000000000007 1.1366325290365016 1.0000000180025095e-35 -0.21820198861889725 -0.69838101986055534 0.41666666666666669 -1.0000000180025095e-35 1.3048439214250906 1.291915929896404 6.7436769579626725 -0.1521002895254909 -0.92495594047574403 -0.52596233417121752 -0.53971080741895749 -0.71737036348730865 -0.39650766195490023 0.14302481556002686 7.0366819571865458 0.36084399603477862 0.38868184568425768 7.355680399500625 -1.0252657158729417 5.1000000000000005 -0.36077839883981361 1.9026387113169656 -1.2556562238868911 34.500000000000007 14.500000000000002 -0.8926863552911718 1.5000000000000002 1.1900000000000004 0.89500000000000002
decision_type=2 2 2 2 2 2 2 2 2 2 2 2 2 2 2 2 2 2 2 2 2 2 2 2 2 2 2 2 2 2 2 2 2 2 2 2 2 2 2 2 2 2 2 2 2 2 2 2 2 2 2 2 2 2 2 2 2 2 2 2 2 2
left_child=3 2 33 4 19 6 7 8 18 29 11 -6 43 31 34 17 25 -7 -5 20 -1 -22 30 -21 -25 26 35 -28 -29 40 -23 32 -14 -2 -15 38 37 -37 -17 -18 41 53 -12 -13 45 46 -8 51 49 50 -49 -31 -40 -9 57 -56 -57 58 -47 -60 61 -59
right_child=1 -3 -4 5 10 15 44 9 -10 -11 42 12 13 14 -16 16 39 -19 -20 23 21 22 -24 24 -26 -27 27 28 -30 47 -32 -33 -34 -35 -36 36 -38 -39 52 -41 -42 -43 -44 -45 -46 54 -48 48 -50 -51 -52 -53 -54 -55 55 56 -58 60 59 -61 -62 -63
leaf_value=0.11591844823383526 -0.001929099437361954 -0.030154923576517674 -0.035779624865831514 0.14544002138139495 -0.0040829325291542188 -0.018168240063295493 0.032234266471682094 -0.015697951594779252 -0.0030832445375557271 0.069885281125299265 0.025973796339494506 0.036825201247767218 0.052275338566017571 0.071254211886527502 0.089338127481075752 -0.025325489071855424 0.10162727236220488 0.070178175542518248 -0.020973093127354268 -0.0045183152354271441 -0.011146520296671089 0.098177824555022511 -0.03822543827753578 0.013260160699782598 0.094640563326114716 -0.034567320579255961 -0.013874661241231429 -0.0035038913436154159 0.06182624108053645 0.082952334276049242 0.021061001681046278 -0.015275753938056628 0.13853654273359145 0.16570583699927829 -0.016218092829807393 -0.004697421155887279 -0.040593482495977065 0.045724369602061048 0.088795911951616679 0.0028687637585698283 -0.019917277544822812 -0.0059511689900152874 -0.035930465927884937 0.011294502253050735 -0.0023964813571222873 -0.019179720009980177 -0.038316934034656566 0.08760805390378755 -0.017176369060738862 0.14132872700466567 0.0024240359220703764 -0.023624261921862302 -0.010915160609158365 0.05188861255406594 0.062747093250569638 0.017098415316875424 -0.040228485651177509 -1.5942253462435736e-05 0.0095379202540625246 0.054464415179366212 -0.022304343861102582 0.047416513024205152
leaf_weight=2.689775430597364 1.0781431249342861 130.33890200220048 2.6787593350745738 2.7480387035757308 32.502633344382048 4.7022867389023304 57.992637468501925 5.5367819070816067 4.144194562919437 3.7611904684454194 8.2004122380167264 49.345271220430732 8.7941454090178031 2.6469193138182225 5.2135764081031075 128.88003370119259 2.4497520243749005 6.7061050431802851 0.80571678653359402 340.51517493044958 22.983474470674992 7.0566125372424784 3.0077360626310101 21.17006199806929 3.484978503547608 46.676692455075681 17.340661776252091 9.7456572134979087 13.196395339444278 1.1529752640053619 9.0666860993951541 1.6672458499670018 7.0074796285480252 1.5064487308263768 15.102060270495711 38.166511591523886 10.462342302314935 14.276004615239797 2.430918405763804 7.4659303687512875 111.57162989210337 535.62337050167844 14.451691149733959 99.555440783500671 389.43255756655708 31.195113755762577 5.012744488194584 3.7358199320733609 5.7490540212020269 2.8045345460996023 10.317429873161016 13.803144724108277 4.5484305433928967 15.196365335956214 10.892961651086805 90.366658246144652 7.57536931708455 459.74091583583504 381.12674026098102 11.40498382039368 45.493681153282523 10.852856891229747
leaf_count=31 56 14538 207 70 266 80 696 127 120 64 76 285 125 19 51 3339 40 84 21 4927 358 67 27 271 62 917 191 194 223 19 110 30 89 85 197 585 179 161 37 140 3131 12501 138 600 3554 234 59 76 125 57 270 280 111 404 55 572 50 3542 2725 90 368 77
internal_value=0.000201502 -0.0269821 0.04306 0.00137053 0.00744001 -0.000202928 0.00123196 -0.00442338 0.0553444 -0.00515613 0.0190686 0.0224261 0.0270007 0.0516371 0.023112 -0.0105548 -0.0124345 0.0348313 0.110292 0.000463641 0.0220542 0.0133938 0.0422133 -0.00222474 0.0281987 -0.0142069 -0.010083 0.0139426 0.0348783 -0.00566162 0.0588669 0.0855806 0.0967954 0.113353 0 -0.0150226 0.000613532 0.00953368 -0.0222505 0.0348009 -0.00703045 -0.00440606 -0.0131581 0.0199779 0.00393754 0.00616111 0.0260321 0.0180997 0.0368154 0.0554391 0.0297165 -0.010411 0.0299635 0.0337178 0.00493879 0.0178768 0.0122521 0.00341778 0.00871815 0.010991 -0.000932792 0.00116557
internal_weight=3315.15 135.602 5.26335 3179.55 654.461 2525.09 2218.04 716.95 7.69795 709.252 244.487 221.835 189.332 40.4314 22.9626 307.048 295.639 11.4084 3.55376 409.975 44.8043 42.1145 19.131 365.17 24.655 285.724 239.047 40.2827 22.9421 705.491 16.1233 17.4689 15.8016 2.58459 17.749 198.764 62.9049 52.4425 135.859 9.91568 667.928 556.357 22.6521 148.901 1501.09 1111.65 63.0054 37.563 22.6068 16.8578 14.0532 14.9561 6.97935 20.7331 1048.65 108.835 97.942 939.814 423.727 392.532 516.087 470.594
internal_count=58183 14886 348 43297 7729 35568 29287 17265 211 17054 1876 1662 1396 511 267 6281 6117 164 91 5853 593 562 204 5260 333 5937 5020 608 417 16990 177 244 214 141 216 4412 925 746 3487 180 16163 13032 214 885 12022 8468 755 827 528 403 346 299 148 531 7713 677 622 7036 3049 2815 3987 3619
is_linear=0
shrinkage=0.05


Tree=61
num_leaves=63
num_cat=0
split_feature=70 65 94 96 3 175 70 171 64 54 71 94 57 103 3 83 173 38 119 93 123 153 128 103 119 116 136 123 61 25 117 155 59 96 37 111 76 159 162 70 57 63 154 103 76 152 30 153 148 139 93 102 93 167 169 159 94 171 68 169 70 96
split_gain=40.6856 13.3235 10.7968 12.7962 10.4007 10.3649 10.1118 9.23894 8.86931 8.25514 8.86519 12.1748 11.2779 9.628 9.19358 9.173 8.98727 8.65373 11.3905 12.0885 14.0285 14.2094 12.0792 12.7593 11.2468 10.9782 10.5722 18.7945 11.0303 15.507 13.0626 10.6929 10.3679 9.74448 8.19834 8.1588 8.02404 8.54054 8.00989 12.4181 7.95991 7.94208 10.4035 9.35291 11.812 8.50752 8.66965 15.3982 12.9494 11.6385 10.9025 12.6825 21.0819 11.5057 13.0108 21.0361 13.8473 10.2753 10.2115 9.79634 8.86591 9.28043
threshold=25.464102564102571 6.7621655221406591 -1.5169673932066108 1.7763442946881129 441.00000000000006 -0.73080316079028129 43.794736842105273 0.64544387308029416 0.092628342628342644 -21.208333333333325 -0.76997484311519659 -2.133671001561888 0.077233280623637504 0.7629748253988724 503.00000000000006 0.76388888888888895 -1.512477680849649 7.5000000000000009 -0.72808314229947568 -0.38753259639693277 -0.51540028240251667 -0.77022835422076941 0.40255565764130607 -0.066383004622492719 -0.4250508796044023 -1.3052027325205293 -0.69625587811730127 -0.25409944487358049 0.11240898316934674 35.143650793650799 0.90867532538059326 -0.34432061087919708 221.50000000000003 -0.60607493789317968 0.70833333333333337 -1.1411166774161259 1.0000000180025095e-35 -0.32291367131953003 -0.3893874148299637 4.8702664796633952 0.07257561386500673 5.9663176265270517 -0.51247032042938645 -0.19737712373654889 0.17000000000000007 0.40292148132234862 368.50000000000006 0.33024683270721716 0.88284570541980856 -0.25409944487358049 -0.087939842374078148 -0.8008317033090272 -0.24600419652940694 -0.56293014995111024 -0.61375630229640832 -0.12329931352199368 0.2993994275785638 -1.0514582473072827 0.14483218916857363 2.5024715115887095 9.8509259259259263 -0.54641626162994406
decision_type=2 2 2 2 2 2 2 2 2 2 2 2 2 2 2 2 2 2 2 2 2 2 2 2 2 2 2 2 2 2 2 2 2 2 2 2 2 2 2 2 2 2 2 2 2 2 2 2 2 2 2 2 2 2 2 2 2 2 2 2 2 2
left_child=4 2 -2 7 5 -1 -5 -4 -9 -6 15 12 13 14 36 -11 -17 18 25 24 -21 32 23 -23 38 -13 -25 31 29 -29 -31 -28 -22 40 -18 -24 37 -12 39 -20 -33 42 43 -19 -45 46 49 48 -48 50 51 52 -43 54 -52 56 58 -53 60 -59 61 -56
right_child=1 -3 3 6 9 -7 -8 8 -10 10 11 17 -14 -15 -16 16 34 41 19 20 21 22 35 26 -26 -27 27 28 -30 30 -32 33 -34 -35 -36 -37 -38 -39 -40 -41 -42 45 -44 44 -46 -47 47 -49 -50 -51 53 57 -54 -55 55 -57 -58 59 -60 -61 -62 -63
leaf_value=-0.02611313810468446 0.10894184058705009 -0.032810554045488417 -0.045661326140583713 -0.019605936081714195 0.053524205559529137 -0.0028632233633785285 0.16906213805754802 0.10145544656690671 -0.0095970210128216594 0.0040669000793354757 0.013996618825674307 0.069414007245982914 -0.029476437775815569 -0.027919965714448648 -0.0086952863230947888 -0.020305718299275393 0.059488886902383936 -0.016610109799646774 0.0025190749366184161 -0.022608715333812233 0.041943084441743633 0.0067654182100799478 0.066163849586349285 -0.0025923315911932678 -0.01835415431199126 -0.024183906371945341 0.078667498279231279 0.030551167728688846 0.0065756253705194327 0.16326918459199891 0.0088442945404557573 0.070207147836113384 0.14749260108224974 -0.036016742679742121 -0.014041303797688646 -0.017047910945482306 0 0.18340825760972301 -0.027266764544785396 0.11691045361441788 -0.034385622208324786 0.011487703654946708 0.00054379576898338914 0.026134709893855381 0.12838469785707726 -0.020878598364744285 -0.021021658130266505 0.10776639207106853 0.068570711791354974 -0.018739291418525768 -0.0064672694963917162 -0.031859182126100644 0.14986632233455136 -0.013317147062289604 0.135050080206049 -0.03028214529226186 0.11981731234450987 0.0073989168525173347 -0.010576360632089334 0.095262339200692409 -0.027033594970336763 0
leaf_weight=54.180963857565075 1.4686728673987115 116.85328011540696 10.199433390516793 0.79743407014757284 6.9143142392858854 374.30212221527472 0.79741028696298599 1.5876466394402076 5.2021738504990935 1676.179220196791 1.2019274896010737 2.4033388532698146 2.7539040353149167 1.3204148821532724 1.3879781030118463 5.7796585820615318 18.730997795239094 4.3469388345256474 5.2088906876742822 18.344690231606364 13.041341387201099 46.917759000789374 2.255254164338111 9.7728836350142938 51.317053854465485 40.816652745939791 4.4243232822045675 5.722341672517369 3.7093372074887148 8.4945708028972131 1.8204576307907689 4.7672678474336836 2.4362213741987935 8.6812007413245738 4.1490081176161757 29.86174218216911 1.0213576182723043 3.1474398649297655 3.1968195545487097 3.5790703538805246 1.8625479601323602 9.0204576076939684 67.721585868857801 9.1291199992410821 3.7637120569124809 88.178344286046922 13.103033566381788 3.6090075168758622 4.6424726620316497 126.64965774305165 47.805376613046974 15.765729503706096 3.1480828663334242 208.5501453881152 3.4744619484990831 7.859612417407333 6.1667882800102225 117.49831773154438 7.2199281509965658 2.2863311572000375 1.3277107072062788 1.7716316524893101
leaf_count=934 139 14033 1108 97 128 5701 86 157 542 12232 35 33 64 37 27 42 117 72 60 364 198 740 37 167 1044 837 86 93 62 116 33 80 44 214 30 594 27 54 106 59 37 245 1203 156 44 2098 354 79 98 3267 1228 427 77 4769 59 195 150 2743 183 45 70 27
internal_value=0.000207266 -0.0263776 0.0106496 -0.00202914 0.00136395 -0.00586873 0.101599 -0.017142 0.0254189 0.00249679 0.00234657 -0.00130527 0.0491078 0.0767416 0.0987964 0.00456065 0.0321585 -0.0018922 0.00578982 0.0103182 0.0175332 0.0228106 0.0169888 0.0258017 -0.00806644 -0.0174141 0.0433398 0.0546159 0.088036 0.105092 0.139648 0.0183024 0.0668032 -0.00258797 0.0459161 -0.00923236 0.124365 0.148895 0.03362 0.0568026 0.0395125 -0.0046433 0.00965395 0.0431747 0.0634363 -0.00648071 -0.00425061 0.0262647 0.00455785 -0.00547108 -0.00153443 0.00943021 0.0563289 -0.00726463 0.00931692 0.0358968 0.0623954 0.00480175 0.0300218 0.00989217 0.0707796 0.0967
internal_weight=3309.65 136.906 20.0528 18.5841 3172.74 428.483 1.59484 16.9893 6.78982 2744.26 2737.34 1032.51 10.833 8.07912 6.7587 1704.84 28.6597 1021.67 268.634 225.414 162.112 143.767 128.29 96.1727 63.3018 43.22 49.2549 39.482 19.7467 16.0374 10.315 19.7353 15.4776 15.311 22.88 32.117 5.37072 4.34937 11.9848 8.78796 6.62982 753.038 84.9614 17.2398 12.8928 668.077 579.899 21.3545 17.7455 558.544 431.895 147.719 12.1685 284.176 75.6255 27.8201 19.9605 135.55 13.7937 119.785 6.5738 5.24609
internal_count=58183 16162 2129 1990 42021 6635 183 1807 699 35386 35258 22837 244 180 143 12421 189 22593 5004 4134 2865 2501 2259 1628 1269 870 888 721 304 242 149 417 242 331 147 631 116 89 225 119 117 17589 1475 272 200 16114 14016 531 452 13485 10218 3537 322 6681 1912 684 489 3215 339 2788 156 86
is_linear=0
shrinkage=0.05


Tree=62
num_leaves=63
num_cat=0
split_feature=70 65 38 9 70 30 122 137 119 39 171 91 61 25 13 83 68 94 96 135 130 171 94 92 70 38 158 102 102 178 169 67 92 122 129 67 165 148 61 130 102 162 125 119 8 30 116 151 135 158 32 67 148 4 96 91 159 113 90 144 119 64
split_gain=37.5476 12.946 9.80973 20.5087 14.9612 11.1493 10.7088 10.7086 12.2194 11.312 10.4312 10.406 11.1011 10.335 11.3394 9.67648 11.4378 9.38244 11.6396 9.07049 12.6936 8.82073 8.80808 8.75171 8.71855 8.66447 9.79509 10.9082 12.1887 12.9285 12.0541 13.027 11.1826 9.19678 10.8147 10.1694 9.18801 8.40093 8.39097 11.891 9.14587 8.38638 8.3535 8.13985 8.1246 10.8652 9.8351 11.1466 9.87102 9.68993 8.98606 8.74107 10.3648 8.36006 11.5654 8.31197 8.2425 8.08289 8.05023 8.03892 8.33123 7.98038
threshold=25.464102564102571 6.7621655221406591 7.5000000000000009 7.5000000000000009 4.7071078431372557 151.50000000000003 -1.2326487457298698 -1.554439233960508 -0.80564490310487258 6.5000000000000009 -1.9031583835052726 -1.3389734980309977 0.054135460761966799 36.955000000000005 0.58333333333333337 0.23861283643892342 0.27100988700564976 -1.5169673932066108 1.7763442946881129 -0.5132871145036596 -1.4979334333977226 0.64544387308029416 -2.2596949143202245 1.1442737237314486 43.794736842105273 9.5000000000000018 -0.1816714669191819 -0.78881063774661531 0.42817441928883776 -1.0000000180025095e-35 -0.70506994246015131 0.10547710740265299 -0.27700862939740151 -0.23190272811859278 0.91296076983446561 0.066465863453815277 0.31267309382808256 -0.32550569044586058 0.1047815054267721 -1.1547005383792504 -0.54873778889724423 -0.71378099223238844 -0.76239293593950985 -0.55671960590083736 14.500000000000002 31.500000000000004 -0.094398137847406124 0.23558922458618856 -1.3130568736562911 -1.1407052184007034 1.5000000000000002 0.15717153002933459 -1.4692573314552473 -1.0000000180025095e-35 -0.43139395648450701 1.5164911312540992 -1.0762555309521986 -0.66664784933588994 1.1636136261375245 -1.0000000180025095e-35 0.44518702807701299 0.078992584554168938
decision_type=2 2 2 2 2 2 2 2 2 2 2 2 2 2 2 2 2 2 2 2 2 2 2 2 2 2 2 2 2 2 2 2 2 2 2 2 2 2 2 2 2 2 2 2 2 2 2 2 2 2 2 2 2 2 2 2 2 2 2 2 2 2
left_child=2 17 3 11 6 7 -4 13 19 38 -6 12 -1 -5 -15 -14 57 -2 21 20 -9 -19 -12 44 -20 33 58 -28 29 -29 -31 32 -32 -24 42 -36 -34 41 40 -40 -10 -25 -35 -18 45 49 47 59 -48 53 55 52 -46 54 -8 -51 -50 -17 -27 -47 -61 -23
right_child=1 -3 4 5 10 -7 23 8 9 -11 22 -13 15 14 -16 16 43 18 24 -21 -22 61 25 37 -26 26 27 28 -30 30 31 -33 36 34 35 -37 -38 -39 39 -41 -42 -43 -44 -45 51 46 48 -49 56 50 -52 -53 -54 -55 -56 -57 -58 -59 -60 60 -62 -63
leaf_value=0.097273929413915036 0.099205922160867335 -0.03221540087444022 -0.03632992366560877 -0.018567487959171503 0.081119761735018905 -0.014857452234644051 0.077838635755281549 0.079575305862088053 0.047312541777789444 -0.019056428490335568 0.058772067350396251 -0.002964706420099765 -0.006611816930951385 0.062805786238513669 -0.031010853021748816 -0.016967272588880974 0.060727070107979425 -0.045431325916449626 -0.019338771363209786 -0.037095005413342229 -0.02865052716966476 0.1054604044176638 -0.0064231503371530874 0.032072954076904074 0.15328186873419958 -0.03719783565515191 -0.03828885731833051 0.0028486241156156287 -0.0048286011525625703 -0.0063988154676264597 0.0027894916441635045 0.0071772243511785544 0.26819943417987474 0.066103919964235272 0.1202511870011661 -0.028629809719872119 0.041695873554914886 -0.021446755984194522 0.036185698635600339 0.11017026065856313 0.018318106946636752 -0.01521880644522495 -0.027217142319980681 -0.031522546050741167 -0.026000824544100295 0.085113659494090693 -0.025081443942804663 -0.0087235172873537156 -0.037625448743311751 0.0051289089764071814 -0.017869179650341491 0.011332497698569087 -0.0010266378158633731 0.0104771500522782 -0.01901487132912311 -0.020773549913629005 0.020235446098666048 0.088104252519489334 0.061868439827023586 -0.019501313908217362 0.079236372477324263 -0.0051780348636513629
leaf_weight=3.4304260108619919 1.6260530631989265 113.17408906295896 17.09884075820446 28.06990522146225 2.309485529549419 22.466733471490443 11.572717119008301 4.4109992869198322 42.114761864766479 9.7997206700965744 3.9099203199148169 368.61738343071193 25.849068547133356 9.017700554803012 3.9339491836726657 1.7837583245709527 2.4647333007305861 9.7548305382952147 0.78222963400184997 11.632236793637274 4.5658054789528268 1.1974867088720191 406.29515534872189 17.364219471812248 0.93478480260819197 9.4354422437027115 3.0031438814476159 3.4835488023236412 5.3587765498086801 1.3523802636191264 0.77031992003321814 1.4152361545711754 2.1049754773266551 1.4977391771972168 1.5762020461261266 1.4286447782069442 1.0872334521263836 70.788615277037024 20.842408182099465 7.5663709137588731 82.957289826124907 18.119919953867793 108.67075685271993 6.6935359071940166 43.25821116566658 13.148473234847192 14.681811582297085 6.844958694651722 5.5511710941791526 672.41209805198014 49.591278912499547 133.30067584849894 690.52489064633846 33.082605300471187 3.5326303094625464 31.4254902433604 111.71879941597581 9.2473490247502941 1.5754008111543942 5.0335404202342042 2.3326003719121218 5.7018034388311207
leaf_count=49 139 14033 196 198 64 218 89 24 306 92 116 5496 430 60 30 31 16 1108 97 112 48 99 12353 125 86 335 89 124 169 55 30 32 57 43 45 44 30 647 110 62 625 202 3755 66 393 119 128 62 53 5093 566 943 6294 271 29 247 1026 112 44 50 18 600
internal_value=0.000214731 -0.0256918 0.00131166 0.00670336 -0.000119824 0.018083 0.00193928 0.0214468 0.0265762 0.0311427 -0.00735552 -4.50449e-05 0.0212394 -0.00151331 0.0337712 0.0135201 0.0386272 0.0107662 -0.00152078 -0.0091385 0.0266737 -0.0165152 -0.00787984 0.00229875 0.0946264 -0.00846955 0.0173918 0.0388644 0.0554576 0.0851436 0.121214 0.150061 0.188356 -0.00998268 -0.0225495 0.0587437 0.220595 -0.0115744 0.0344829 0.0591368 0.0284187 0.00803123 -0.0253203 -0.00266943 0.0031139 0.00627811 0.0181727 0.0450357 0.0122684 0.00388828 0.00247373 -0.000390208 -0.00253911 0.0254035 0.0551032 0.00393747 0.0171593 0.0707002 -0.0186365 0.0627773 0.0169016 0.0243118
internal_weight=3305.29 133.171 3172.12 665.464 2506.66 247.378 1951.38 224.911 183.89 163.281 555.274 418.086 49.4689 41.0216 12.9516 46.0384 20.1894 19.9972 18.3711 20.609 8.9768 16.6541 552.965 1934.28 1.71701 549.055 29.5865 18.5756 15.5725 10.2137 6.73015 5.37777 3.96253 519.468 113.173 3.00485 3.19221 106.273 153.481 28.4088 125.072 35.4841 110.168 9.15827 1828.01 960.928 159.311 27.3596 131.952 801.617 753.429 867.084 733.783 48.188 15.1053 703.838 117.27 11.0311 11.0108 20.5146 7.36614 6.89929
internal_count=58183 16162 42021 8085 33936 1885 16551 1667 1379 1195 17385 6200 704 288 90 655 225 2129 1990 184 72 1807 17321 16355 183 17205 965 586 497 328 204 149 117 16240 3887 89 87 974 1103 172 931 327 3798 82 15381 7751 1456 249 1207 6295 5906 7630 6687 389 118 5340 1079 143 379 187 68 699
is_linear=0
shrinkage=0.05


Tree=63
num_leaves=63
num_cat=0
split_feature=162 45 3 175 8 93 139 181 163 80 95 162 25 124 121 80 63 96 171 96 68 170 32 57 93 177 66 71 64 68 173 59 138 159 91 175 151 123 67 181 111 65 61 158 128 179 121 167 67 82 159 170 59 67 130 66 130 138 156 102 65 175
split_gain=34.6587 11.9446 10.2674 8.88246 8.51296 9.22342 9.64838 9.33861 8.57395 10.2879 9.72195 12.5294 11.23 8.49979 8.4368 8.34057 8.00426 10.5869 8.66275 7.88896 9.27717 8.55653 8.16996 9.34063 11.5018 11.8819 14.176 12.0538 11.4102 7.86465 7.85716 12.1573 15.8682 17.2662 17.1057 17.0808 11.7752 11.7463 11.8526 13.6906 10.9267 9.51902 8.81237 15.8545 8.56735 8.25305 10.3983 8.23005 10.901 8.17529 8.70811 8.52478 7.92474 7.82897 11.7026 7.79388 7.69014 7.65804 7.6243 9.42452 9.10282 7.54632
threshold=0.30403907331007568 -1.4999999999999998 441.00000000000006 -0.73080316079028129 10.500000000000002 1.1420042235149859 1.4564938920208721 0.94204882237199949 -1.2880715408051773 1.2633333333333336 -1.2919159298964036 -0.94943932890334659 38.151666666666678 -1.0000000180025095e-35 -0.071111992992112086 0.094999999999999987 5.1795522388059707 -0.5035944552095829 1.3931777970761143 -0.53909998003218573 0.50581395348837221 0.27836139356538575 1.0000000180025095e-35 0.067989163479961992 -0.23643079673074333 -0.55880671272011073 85.500000000000014 0.077292681012076217 0.12872769312859431 0.16988589753150871 -0.072949226426016797 157.50000000000003 -0.12311368006559674 0.36084399603477862 1.0238629540929245 -0.11085931041325583 0.96000171981608096 -0.3892811697472715 0.020101010101010106 -1.0000000180025095e-35 0.2359258000069365 6.3685170956588566 0.089897948665086089 0.061996972049409509 0.96423020715413765 0.44834008523772628 -0.46293471342994874 0.4288957000418398 0.15023148148148149 0.1731634182908546 -0.067795009372685067 2.991098856915376 15.500000000000002 0.1082709215239336 -1.0000000180025095e-35 150.50000000000003 -1.2928374110570007 -0.44934506467329577 0.62530247078576928 -0.79194912153200592 7.4006802721088443 -1.1133357972790339
decision_type=2 2 2 2 2 2 2 2 2 2 2 2 2 2 2 2 2 2 2 2 2 2 2 2 2 2 2 2 2 2 2 2 2 2 2 2 2 2 2 2 2 2 2 2 2 2 2 2 2 2 2 2 2 2 2 2 2 2 2 2 2 2
left_child=2 14 3 56 5 6 7 -4 9 10 12 -12 -6 -7 -2 -15 17 18 29 20 22 -22 57 -24 25 26 27 28 -25 -5 31 45 34 36 40 -36 37 -34 -39 44 -33 -37 43 -42 -40 46 58 48 -35 51 -51 61 -48 54 -52 -38 -1 -18 59 -10 -61 -32
right_child=1 -3 4 16 8 13 -8 -9 30 -11 11 -13 -14 15 -16 -17 19 -19 -20 -21 21 -23 23 24 -26 -27 -28 -29 -30 -31 49 32 33 47 35 41 55 38 39 -41 42 -43 -44 -45 -46 -47 52 -49 -50 50 53 -53 -54 -55 -56 -57 -58 -59 -60 60 -62 -63
leaf_value=0.024100890511576916 0.10767198758722252 -0.028640057587101028 0.014256351974150852 0.045079832978187136 0.036425619126753211 -0.019349038522765805 0.050753269844343508 -0.01364971945835624 -0.027819180681277651 -0.013349970305903716 -0.012523011443275134 0.0080818718038794899 -0.043833265166921785 0.036761818920715117 -0.0061361718643196429 -0.044805290358394458 0.0071994526595986321 0.067048450685221472 0.065162607671220493 -0.017308891845575436 0.081800386910818895 -0.0032657627128723811 -0.013737110654631563 0.14284989971956358 0.054289600213917627 -0.00055257813296024705 -0.028604603530737745 -0.018037429761580407 -0.0084671800088594283 -0.042563591332678237 0.026355346629878974 -0.019897024046167326 0.018209913985346635 -0.024483666989646099 -0.0089181718872787304 -0.011527068320172119 -0.03244521527052225 0.0021252828406442595 0.18785091773063778 0.026400438430359649 -0.0027144573951564219 0.11753765347153258 -0.010585819432203774 0.15826414027939717 0.02662353122871346 0.0081314524677657835 0.017527167259417286 -0.0473943346227748 0.11114259957504713 -0.0085950269781154033 0.1050199410954408 0.060524830377453445 -0.020084542416517259 0.0086709976703883973 0.017251902039778392 0.069303533948679538 -0.031617335205583297 -0.035082742865579379 -0.018121093673543653 0.049604697107271188 0.0037488309040521156 -0.0051497720891243324
leaf_weight=6.24842670187354 1.7833951613865791 121.39429087890312 250.4281146354042 2.4771649967879084 43.352565757930279 44.760508645325899 15.298660010099409 33.055117485579103 8.2688173339702171 65.691155377775431 82.737388674169779 615.29328819178045 3.9354998357594004 14.442661515437068 3.5027200793847433 2.9826742978766552 15.337025585584341 8.1680425736121816 2.7500206725671879 94.679840376134962 5.4238779190927726 5.1388147063553333 64.224366775713861 4.9601297369226796 11.863198266364632 113.70490081328899 3.4011164950206867 1.9060074454173443 1.3623076835647223 9.1318223243579251 18.342964362353086 40.953741920180619 5.0019977288320687 2.6435852311551553 6.4875089433044186 1.4631960354745368 3.9382325019687405 2.15395693574101 6.2964088767766961 2.8950243229046437 2.9228118290193361 6.7181712239980698 4.8442559745162725 2.0089496881701052 1.4275855114683507 177.97874671127647 15.117001774720846 5.1715918434783816 1.6340672522783277 24.456053074914962 5.9494006549939504 4.0496327979490152 109.32566433772445 21.829848402179778 9.8387559000402671 2.0352738136425614 47.615002096164972 31.201749144122005 18.577457529492676 22.028402813244611 21.230034831445664 1016.1168627631851
leaf_count=43 83 14538 2414 23 227 406 143 448 145 368 434 3415 26 137 265 31 297 95 23 2200 40 38 882 82 134 1462 85 60 22 96 398 679 100 52 103 22 92 39 105 48 59 101 98 37 26 2964 223 82 20 440 56 56 2323 292 164 29 990 578 275 306 393 18371
internal_value=0.000216478 -0.0253235 0.00124529 -0.00593031 0.00237239 0.00951922 0.0131656 0.0109483 0.00128405 0.00545691 0.00713688 0.00561801 0.0288732 -0.00785249 0.0424848 0.0208547 -0.00316187 0.0250591 -0.001311 -0.00504157 -0.000480216 0.0432795 -0.00253074 0.00183801 0.00921179 0.00450953 0.0505237 0.0833277 0.112859 -0.0213734 -0.000868094 0.00452482 0.0200432 0.0476722 0.00543606 0.0511847 0.0696702 0.0891664 0.113251 0.133238 -0.00842958 0.0951691 0.0365343 0.0776431 0.165093 0.000361527 -0.00672634 -0.00851255 0.0376207 -0.00318317 0.0142844 -0.00424479 -0.0153724 0.0291256 0.0549086 0.00647209 -0.0247411 -0.021185 0.0085513 0.0184248 0.0278061 -0.00456138
internal_weight=3299.96 126.68 3173.28 429.594 2743.68 360.968 298.782 283.483 2382.72 811.01 745.319 698.031 47.2881 62.1858 5.28612 17.4253 375.73 22.5271 14.359 353.203 258.523 10.5627 247.961 201.422 137.198 125.334 11.6296 8.22844 6.32244 11.609 1571.71 471.122 98.5964 33.1977 65.3986 14.6689 23.7485 17.775 12.773 10.619 50.7298 8.18137 9.77602 4.93176 7.72399 372.526 194.547 9.44924 4.27765 1100.58 62.0741 1038.51 124.443 37.618 15.7882 5.97351 53.8634 46.5388 70.1047 51.5273 43.2584 1034.46
internal_count=58183 14886 43297 7150 36147 3579 3005 2862 32568 4470 4102 3849 253 574 348 168 6117 237 142 5880 3680 78 3602 2727 1845 1711 249 164 104 119 28098 8321 1692 593 1099 226 439 318 218 179 873 123 194 96 131 6629 3665 154 72 19777 952 18825 2546 512 220 121 1033 875 1119 844 699 18769
is_linear=0
shrinkage=0.05


Tree=64
num_leaves=63
num_cat=0
split_feature=70 65 38 9 131 140 81 117 117 30 15 59 93 140 107 164 0 61 150 103 38 38 171 171 70 95 30 30 130 121 94 113 130 180 94 130 173 171 85 94 111 90 102 103 126 180 179 155 128 178 110 59 92 116 155 150 167 174 131 103 61 151
split_gain=32.5534 12.697 8.63941 18.3545 12.9796 13.5855 10.743 10.5518 10.3785 9.97436 9.96044 17.5505 13.4961 12.0938 10.3376 10.5942 9.37569 11.4818 9.82963 9.34755 9.32014 9.26686 9.94482 9.13785 8.9814 9.85145 9.7287 15.8766 13.1195 9.63777 9.21308 8.74801 9.69422 8.4229 8.3519 11.1508 9.52026 9.5256 8.93794 8.33653 8.12503 8.0903 8.04473 8.03448 8.03282 8.02978 7.79326 9.20831 7.76723 7.43269 12.0261 7.41642 8.36769 7.37236 7.88384 7.52653 7.43212 7.33827 7.32985 7.29904 7.24377 9.61069
threshold=25.464102564102571 6.7621655221406591 7.5000000000000009 7.5000000000000009 0.66371138120511075 -0.64549722436790369 24.500000000000004 -0.27841477123140629 -0.43571940104855394 151.50000000000003 0.44765211640211644 300.50000000000006 -0.14610383290046836 -1.0076402740469654 -0.04228733935127036 -0.66661189165465706 1.5000000000000002 0.11770383829207361 0.91709920006078849 0.7798074152389437 5.5000000000000009 9.5000000000000018 -1.9031583835052726 1.0628160223795553 4.252659574468086 -0.78202952509955093 210.50000000000003 34.500000000000007 -0.50310183242102102 -0.31291041419001137 -2.2596949143202245 -0.12458598415357995 0.37893237337253677 1.2114509846747603 -1.6322984700370873 -0.19397516874051687 0.95959728195356353 0.42687583689319603 0.62625000000000008 -0.12280462681484794 -1.5239996502778295 -0.48913238520290087 -0.75955452531274981 -1.0000000180025095e-35 -0.89707106938628922 -0.6152542018140813 1.4052546017535308 0.06981632966652275 -0.71821392630119318 -1.0000000180025095e-35 -1.2487921186158157 126.50000000000001 -0.091419817791342423 -0.85194856586274892 -1.5930665990855271 -0.2666613756583443 -0.46719475130107363 -0.72419170924313025 -0.3599325616407561 -1.2433970407020849 0.057205789804908751 -0.40433367432665501
decision_type=2 2 2 2 2 2 2 2 2 2 2 2 2 2 2 2 2 2 2 2 2 2 2 2 2 2 2 2 2 2 2 2 2 2 2 2 2 2 2 2 2 2 2 2 2 2 2 2 2 2 2 2 2 2 2 2 2 2 2 2 2 2
left_child=2 34 3 16 19 39 -7 8 -8 10 12 14 -5 -14 -12 -16 17 18 31 21 -17 22 41 57 25 26 27 -24 -29 45 51 -1 43 -31 35 -2 38 -38 -36 -6 -21 -4 -22 -33 -32 -28 -18 -48 -25 -47 -51 -26 -53 -27 55 -55 -56 -23 -50 -58 61 -46
right_child=1 -3 4 9 5 6 7 -9 -10 -11 11 -13 13 -15 15 20 46 -19 -20 40 42 23 24 48 30 53 29 28 -30 33 44 32 -34 -35 36 -37 37 -39 -40 -41 -42 -43 -44 -45 60 49 47 -49 58 50 -52 52 -54 54 56 -57 59 -59 -60 -61 -62 -63
leaf_value=0.010909084160767473 0.1882417751265445 -0.031221020279875958 -0.020886178861056977 -0.010368777501997002 -0.015791881267100794 -0.019595938464581984 0.020752048335434564 -0.015581890024167242 0.13405841516087094 -0.014294935905667387 0.050810873071184273 0.086872610263920333 0.073759800223238178 0.015126668070728311 0.055073837865079814 -0.019632187355963442 -0.0048227443222694441 -0.035675413460995134 -0.0070512482775349139 0.053154528927308958 0.070012911164913802 0.037192219441944431 0.0062849191833444611 -0.01337299912965309 -0.025857315162630647 0.022482566987084261 -0.026222732230003223 0.0034481900372518993 -0.040663297998422325 0.076047877789813867 -0.029780534772010921 0.04378276771280297 -0.021575037831728906 -0.0098589707939171316 -0.0257539998989408 -0.019621656626949785 -0.024034927678438199 0.13304817048427631 0.095612517468908739 0.081768277309601248 -0.015756105480362992 0.088606841894160848 0.0079147148292217761 0.12568705643736511 -0.0035381308718959491 -0.0082812429700444695 0.0044956608643295448 0.070951561112477718 0.055329162025002689 -0.019147071159247485 0.081310882155670436 -0.01932843981793729 0.14236185740501736 -0.014731082838830354 -0.01531656332516877 0.061378667150411174 0.025077067281456422 0.0013871551614940329 -0.012009450513155941 -0.003111334591369439 -0.0064497311917745123 0.045247777090426378
leaf_weight=11.644480524584649 0.43754987604916096 107.45366007182747 1.8459864063188431 47.362634872086346 2.8743776138871908 167.29477335838601 9.5900791231542808 12.355793926864861 1.8181629981845642 22.2651282036677 24.435058454051614 11.814160848036407 9.4205357097089273 66.034929241985083 11.228574759326873 23.801108816638589 345.3515667100437 6.7611110648140302 11.683440450578926 3.4613005379214874 5.6984947966411701 15.74311113450676 834.07199168950319 6.2157440874725571 1.1104413149878376 27.048075964674354 9.2801412791013735 32.539051964879036 33.240366403013468 12.43161531165242 32.623205529525876 9.0476616453379393 2.1269154259935013 3.2282779514789572 15.207656786311418 0.79638082161545998 1.0974589115940028 1.4093719311058519 0.67922964133322317 5.0501004029065362 108.09223641408607 4.6571010667830697 26.28279917314649 5.7878609644249126 25.411791842896491 8.2540830411016959 19.101980284787718 6.3496122369542709 25.627767660655081 3.7693002037703982 8.456959515810011 0.74886508658528383 1.7992840139195319 4.4802588932216167 125.83319108001888 7.8305413052439672 23.247046157717705 101.54751276317984 4.251142066903415 427.34367288090289 393.6691954927519 15.429893528576939
leaf_count=207 19 14033 23 371 55 3492 127 253 32 218 178 81 56 446 75 162 5197 100 164 45 48 199 6189 65 26 230 74 183 439 99 1092 78 39 34 1713 81 133 121 62 61 1996 61 250 67 746 67 268 80 224 31 62 29 41 38 1150 53 164 1268 50 3462 11358 418
internal_value=0.000215843 -0.0244952 0.00121595 0.00627154 -0.000130007 -0.0123506 -0.0151174 0.0157267 0.0485616 0.0170073 0.0201615 0.0315755 0.0103472 0.0233813 0.023515 0.0128875 -0.000122488 0.0206492 0.0308572 0.000928475 0.00348729 0.00165146 0.000753921 0.0134643 0.000538994 0.00236702 0.00557226 0.00440881 -0.019043 0.0279228 -0.00550395 0.0462236 0.0682311 0.0585093 0.0118119 0.103118 0.000427646 0.0756097 -0.0149143 0.0480165 -0.0131202 0.0582182 0.0209184 0.0819714 -0.00619878 0.0102868 -0.00282011 0.0233195 0.0351461 0.0275135 0.0508561 0.0644268 0.101379 -0.0025462 -0.00374075 0.0342787 -0.00461935 0.00650908 0.0455077 -0.00159365 -0.00435246 0.0154145
internal_weight=3295.55 127.081 3168.47 666.198 2502.27 198.983 191.059 23.764 11.4082 248.343 226.078 103.26 122.818 75.4555 91.446 67.011 417.855 47.0515 40.2904 2303.29 55.7824 2191.74 2038.35 153.385 2031.85 1561.05 945.272 899.851 65.7794 45.4204 470.793 28.6069 16.9624 15.6599 19.6276 1.23393 18.3937 2.50683 15.8869 7.92448 111.554 6.50309 31.9813 14.8355 467.134 29.7605 370.803 25.4516 36.0947 20.4803 12.2263 3.65859 2.54815 615.783 588.735 12.3108 576.424 117.291 29.8789 450.591 434.511 40.8417
internal_count=58183 16162 42021 8085 33936 4020 3904 412 159 1885 1667 794 873 502 713 535 6200 655 555 29916 460 27875 26069 1806 25985 12275 7178 6811 622 367 13710 391 184 133 2129 100 2029 254 1775 116 2041 84 298 145 13614 234 5545 348 339 160 93 96 70 5097 4867 91 4776 1467 274 3626 12522 1164
is_linear=0
shrinkage=0.05


Tree=65
num_leaves=63
num_cat=0
split_feature=70 130 103 38 130 103 137 30 30 170 25 175 19 3 121 158 1 30 102 168 77 80 164 177 85 71 159 94 168 85 172 130 136 173 56 177 18 160 126 116 30 25 67 93 169 96 56 177 80 139 121 68 171 177 162 5 68 169 137 51 64 155
split_gain=24.5321 12.6457 15.6294 12.5332 17.7117 23.8138 19.3516 16.7516 15.6493 11.5051 10.8431 10.3689 10.2836 12.5095 10.0633 10.6821 10.0047 11.0756 9.39133 9.36511 12.5816 13.0048 9.4207 13.8037 16.7664 10.3291 10.0941 9.24368 9.22306 9.55948 8.75427 8.72956 11.5289 10.1649 10.0928 10.655 10.1855 9.00331 8.70523 11.8367 9.54212 8.69385 8.63337 9.46388 8.36902 8.16538 8.06017 7.95691 9.12665 14.1024 12.607 9.44641 8.97939 8.92374 13.3182 11.0148 10.978 16.2017 9.35668 9.40074 8.3271 8.26908
threshold=69.31174089068827 -1.9378267243985203 -0.8323451847507285 9.5000000000000018 0.059241477594276802 -0.053710317301690028 -1.4626818324534843 242.50000000000003 3.5000000000000004 1.3924950386397137 35.975961538461554 -0.5033907252368186 0.42779708853238269 499.00000000000006 -1.404859232326171 -0.29859964382317322 9.5000000000000018 184.50000000000003 0.52358132380745459 0.096044185671145144 2.5000000000000004 1.635 1.52330107745554 -0.54111993935257929 0.22275000000000003 -0.4583996986268169 0.79490504639286985 0.53813965690518983 2.5073793926036863 0.00075000000000000012 3.5812413652138795 0.4880711008692506 0.29564587459459851 1.3848722888052318 7.6177029522385364 2.1967615120426731 4.366666666666668 -0.62023419702432647 0.10171954778867447 -0.076313899942408045 363.50000000000006 39.88750000000001 0.088365434669443008 -0.37857268388201715 0.58501988753486123 -0.70184099588405757 7.0539087474571351 -0.51194376043261913 -0.26333333333333325 -0.57471391136849037 -0.87961523493986882 0.17675204052913035 -1.5052723235445418 -0.50323476935866285 -0.46125998742714941 1750.0000000000002 0.14169947506561684 -0.69903771663786862 0.14771499431485172 1.7500000000000002 0.045501599849425943 -1.1192124197330022
decision_type=2 2 2 2 2 2 2 2 2 2 2 2 2 2 2 2 2 2 2 2 2 2 2 2 2 2 2 2 2 2 2 2 2 2 2 2 2 2 2 2 2 2 2 2 2 2 2 2 2 2 2 2 2 2 2 2 2 2 2 2 2 2
left_child=1 2 -1 4 11 31 12 8 -8 28 27 41 13 -7 15 -9 17 -4 -12 20 21 22 47 25 -25 -24 44 -11 29 -5 -23 33 38 -6 46 36 37 -36 39 -33 -40 -3 43 -43 -26 -46 -34 52 49 50 -49 53 60 54 -51 -55 -57 -58 59 -56 -13 -50
right_child=-2 3 16 9 5 6 7 14 -10 10 18 19 -14 -15 -16 -17 -18 -19 -20 -21 -22 30 23 24 26 -27 -28 -29 -30 -31 -32 32 34 -35 35 -37 -38 -39 40 -41 -42 42 -44 -45 45 -47 -48 48 61 51 -52 -53 -54 55 58 56 57 -59 -60 -61 -62 -63
leaf_value=-0.015434856291524546 -0.036549806363750888 -0.0072726824086586459 0.035737231291846104 -0.027395222814390538 -0.014124902026421622 0.12747875905899123 -0.0092454714172612376 -0.032652331155972519 -0.039011000578981062 -0.022799091279370687 0.094767102795281014 -0.031823663433295617 -0.016351209170558913 -0.029815973010749581 -0.0038558107087467521 0.11590480538987075 0.0026117946826992194 -0.025009701854888596 0.0010327630570963109 -0.0025198919500941355 -0.021113167964460087 0.027321215436515181 0.15149201671423057 -0.036817618428624334 -0.0032569769193957232 0.021657196500672556 0.0055905770540470683 0.055135529345936823 0.062611152990171379 0.010132060271128604 -0.040372744257400756 0.006630400581169771 0.037186077722875702 0.046162443468489328 -0.011929382231589243 -0.023165180731322555 0.019657001942228001 0.11173363023972593 0.0088851834753507653 -0.030988555030424421 0.089684284793207364 -0.02750110653939767 -0.023434050968374587 0.11624282187628053 0.023573616191316323 0.10830242892752012 -0.025203163691810321 -0.01293833344107388 -0.047723857052179665 0.0039203920441430538 0.062472991159318994 0.0041177962755650577 -0.0044731978447392724 0.0048547797527141064 0.20074983539559282 0.011455702898254131 -0.00060995529885445466 0.086527197723256469 -0.016221922563316914 -0.01231065936856638 0.07772503226854259 -0.00081896675538505363
leaf_weight=35.096135010942817 42.754512197338045 369.2599706761539 87.44593499135226 18.935572274494916 90.773397110402584 3.8538772389292699 69.067237741313875 1.2020413256250324 128.0019712112844 8.2967200828716177 10.28767183749005 1.6971727134659875 3.0535774757154286 1.205154290422797 49.640680348500609 2.6593358512036493 48.112216197885573 7.4033445501700035 3.672400558833032 577.1147902617231 43.620678268838674 88.573369295801967 2.5518256239593029 11.084995857905595 4.0670934710651663 3.5800843173637977 19.739910122007132 5.4371881550177923 6.247050371952354 112.28523166989908 4.1245956174097946 67.492137444205582 8.6966360560618359 6.5670555471442631 1.4094993090257038 3.2718242909759274 7.9849725998938075 9.895218393299734 13.390625792555513 29.062656389549375 4.2634128164499989 1.0429125265218315 2.3584625525400043 3.3225488448515526 5.6250368151813728 7.377699161414057 10.078167075756935 6.9365077852271524 8.8584792790934426 4.0590023193508387 20.377182816155255 532.80068395100534 312.77230973774567 92.903164848219603 1.9499765071086583 27.408440237864852 7.7055186405777958 15.453353752847759 0.60043762810528267 0.44199005281552661 5.1948591843247414 207.69186353031546
leaf_count=216 6423 6855 508 859 1929 71 1811 18 4599 88 142 66 107 18 1334 36 315 71 43 7593 342 1330 27 231 35 107 114 44 80 1156 62 1058 132 103 24 37 190 126 268 486 58 33 43 105 39 52 194 62 101 68 220 5433 8418 1302 102 372 113 158 38 28 98 2203
internal_value=0.000636437 0.00113902 0.0140557 0.000383171 -0.000379738 -0.00881534 -0.0194529 -0.0219951 -0.0287036 0.0137391 0.0426043 0.00142649 0.0523161 0.0904464 0.00269663 0.0714268 0.0213871 0.0307321 0.0721604 0.00285135 0.00501193 0.00584782 0.00454333 0.0248111 0.0146847 0.0900551 0.0308901 0.0093635 0.00762213 0.0045127 0.0238571 0.00208014 0.0094228 -0.00957873 0.031714 0.0535313 0.0672872 0.0961922 0.00110617 -0.0048431 0.0324278 -0.00618117 0.0462952 0.0822451 0.0579418 0.0763066 0.00386224 0.00364193 0.00598748 0.00872481 0.0433646 0.00727154 -0.00314317 0.018301 0.0699662 0.0152604 0.0338158 0.0585024 0.134879 0.167884 0.0495008 -0.00297125
internal_weight=3287.84 3245.08 178.058 3067.03 2901.86 511.569 258.684 250.571 197.069 165.162 27.694 2390.29 8.11261 5.05903 53.5021 3.86138 142.961 94.8493 13.9601 2014.31 1437.2 1393.58 1300.88 54.0266 47.8947 6.13191 36.8097 13.7339 137.468 131.221 92.698 252.886 155.545 97.3405 41.3363 22.5615 19.2897 11.3047 114.209 96.5548 17.654 375.984 6.72392 4.36546 17.0698 13.0027 18.7748 1246.85 927.187 710.636 27.3137 683.323 319.664 150.522 7.05141 143.47 50.5673 23.1589 2.9924 2.39197 6.89203 216.55
internal_count=58294 51871 1110 50761 48349 12599 7994 7798 6410 2412 317 35750 196 89 1388 54 894 579 185 28714 21121 20779 19387 605 471 134 240 132 2095 2015 1392 4605 2573 2032 703 377 340 150 1870 1544 326 7036 181 138 126 91 326 18782 10200 7896 282 7614 8582 2181 236 1945 643 271 168 130 164 2304
is_linear=0
shrinkage=0.05


Tree=66
num_leaves=63
num_cat=0
split_feature=162 45 130 103 1 30 94 71 161 126 48 105 66 155 71 4 173 102 90 59 96 139 130 23 171 125 166 138 30 120 102 168 59 112 14 64 122 24 65 148 3 66 124 117 124 62 177 127 173 94 168 121 122 176 67 165 171 57 103 117 148 177
split_gain=23.0446 9.88888 9.25603 14.1752 8.65729 8.25268 7.86644 7.44292 8.30309 7.70212 7.6511 7.94085 7.95703 7.42159 7.01614 6.93056 6.98 8.78162 6.78812 6.83418 7.43462 7.7766 10.4601 13.369 12.6476 9.17676 8.51867 8.34757 8.18354 9.34483 8.63228 8.49305 8.0475 7.73376 7.60823 7.56061 9.62693 7.88305 7.62728 7.58125 16.4259 8.49245 7.50678 12.3165 12.4206 8.92658 7.34822 7.47302 7.33149 7.80693 7.31322 7.22411 7.53867 6.83632 7.90521 9.53627 10.784 7.42857 6.78828 6.74258 6.5947 6.54679
threshold=0.11133156664455143 -1.4999999999999998 -1.9378267243985203 -0.8323451847507285 9.5000000000000018 184.50000000000003 -1.2172982323717607 -0.76997484311519659 -1.3119797487954601 1.1293405043891072 7.5000000000000009 -0.12972005806434725 48.500000000000007 -1.0847605717678916 -1.2667470653529376 -1.0000000180025095e-35 0.030657627595761048 -0.58322473656233864 1.3107649421624294 975.00000000000011 -0.84859330327076699 -0.27230567001251943 -0.53988670214453627 0.53334385521885541 -0.086162196545375089 1.3335525955220173 -0.12107879903223075 -0.31726265053861064 392.50000000000006 0.86672135179596765 2.0540849773483782 2.5073793926036863 62.500000000000007 0.32870266540859527 9.8333333333333339 0.047080136402387049 -0.94224363427157176 104.95000000000002 7.2456273995977822 -1.4692573314552473 455.00000000000006 60.500000000000007 -1.1123870777497191 0.64326742367879652 -1.4424413480556226 0.098223056413135015 -0.80947789000505666 -0.31842514667585042 -1.6841525319626103 -1.0000000180025095e-35 -0.49615887024507543 -1.291269069988122 -0.38427914967343751 -0.2622528062885911 0.083130081300813022 0.34640241093050689 -0.67464950621766973 0.077233280623637504 -1.0000000180025095e-35 -0.20236895071663799 -0.2011923989774356 -0.67124574499614054
decision_type=2 2 2 2 2 2 2 2 2 2 2 2 2 2 2 2 2 2 2 2 2 2 2 2 2 2 2 2 2 2 2 2 2 2 2 2 2 2 2 2 2 2 2 2 2 2 2 2 2 2 2 2 2 2 2 2 2 2 2 2 2 2
left_child=2 15 3 6 5 -5 -1 9 13 -4 14 12 60 -9 -11 -2 17 -17 19 20 48 35 23 25 50 33 -27 -26 30 31 -24 -30 -31 -23 -29 36 37 -22 53 40 41 -40 43 44 -37 -46 47 -44 49 -10 59 52 -50 54 55 56 -38 -58 -32 -25 -12 -3
right_child=1 61 7 4 -6 -7 -8 8 18 10 11 -13 -14 -15 -16 16 -18 -19 -20 -21 21 22 28 24 27 26 -28 34 29 32 58 -33 -34 -35 -36 42 38 -39 39 -41 -42 -43 46 -45 45 -47 -48 -49 51 -51 -52 -53 -54 -55 -56 -57 57 -59 -60 -61 -62 -63
leaf_value=0.048525845487388856 -0.023765935202601774 0.0076252761481385408 0.0035841710432644928 0.032985374273020243 0.0021706127317544627 -0.021892440737662597 -0.023782493058041618 0.048755590219611872 -0.026764334957182574 0.08153963771636269 0.098121769289650732 -0.023776964167788954 -0.010735970889055075 -0.039871701866467046 -0.020708572113732324 -0.0218613081950777 -0.024798429263830257 0.12797578968978959 -0.013907100837297718 0.062943535134778322 0.10392629237763154 -0.002906322039088837 -0.020683493127744108 0.085984389018045934 0.10945891914089652 0.091283462959473774 -0.014259427750746668 0.059422691968774435 -0.019146082952874673 -0.020296871284653857 -0.028492135473201969 0.092559868832829573 0.13805802224227484 -0.043460764725037321 -0.019432204738608194 -0.032826248718485981 -0.028456376451216781 -0.018028704873066882 0.17616026473783414 -0.020142364872400603 -0.024862993917748367 0 -0.027943001047027013 -0.029668917446999572 0.11658160631406322 -0.0099993665979554967 0.0044922873246372903 0.09029131912166477 0.093655355725966949 0.11111789042421182 -0.021055828570815591 -0.0200104981758168 -0.02009396921694279 -0.027667978915163656 -0.020805681884881414 -0.032197459674499843 0.13114007609171177 0.0034231190108243853 0.08456302832342398 -0.004510602394907014 0.0023957959476098322 -0.025015373747346609
leaf_weight=3.2812903970479956 2.6588675756938756 16.705815651454031 1744.4367390628904 84.985575262457132 46.64533244073391 6.6533925384283057 31.086720196530223 1.7412869520485426 1.1714428905397656 3.093067429959774 2.9157906882464886 63.940887745469809 12.922925354912875 21.484755936078727 2.1750195361673823 0.89535729400813613 1.122674041893333 2.8179195919074109 101.80402517691255 3.2375301383435717 2.4185975436121216 44.574732368811965 136.50232185702771 2.9530130513012409 5.1045622024685171 3.2757881982252002 2.9063826519995919 7.304278150200842 9.5076072439551336 0.75951123004779164 1.3895155973732474 1.0294349323958147 1.5913842595182357 15.202727534808217 4.0974736227653921 1.8255129409953941 1.3640535268932579 1.6462619318626819 1.1555949375033372 90.037931833881885 4.2878807242959738 0.97399753378704179 1.2401100974529979 3.6793447830714276 6.503853036556392 1.4397955471649764 512.02937232330441 3.7497260114178053 1.994913258589804 1.3767559193074692 12.212553329300134 86.173494810238481 2.1652043918147674 4.942942287772893 3.6944203516468397 1.7092413902282713 4.887670745141806 1.5803596526384351 2.609738766681402 3.8948761820793179 3.6287883073091534 129.02172431349754
leaf_count=18 160 1462 12735 459 277 52 182 19 32 17 26 730 171 324 29 55 76 136 2575 72 65 653 4259 33 66 37 47 101 252 20 38 20 37 251 58 41 35 46 25 2444 104 29 24 108 141 35 11134 62 43 31 190 2369 50 110 65 37 107 35 82 63 35 15305
internal_value=0.000613878 -0.0182526 0.00154428 0.0127657 0.0199027 0.0287537 -0.0155606 0.000883607 -0.00231372 0.00284916 -0.0114329 -0.0153215 0.0120111 -0.0312826 0.0419581 0.0344411 0.0658894 0.0938129 -0.00167083 -0.000407734 -0.000681336 0.000703322 -0.00667389 0.00570772 0.030006 -0.0075722 0.0458922 0.0606985 -0.0148854 0.0218689 -0.0184228 -0.000722481 0.0946161 -0.0138479 0.0313994 0.00361372 -0.00772983 0.0597398 -0.0106614 -0.0162861 0.0325656 0.120791 0.00617116 0.0417921 0.0694264 0.0945268 0.00515606 0.0603128 -0.0140764 0.0566436 0.0014764 -0.0167244 0.0410627 0.018215 0.0364413 0.0589527 0.0808043 0.105241 0.0464405 0.0398602 0.0530598 -0.021213
internal_weight=3284.22 153.222 3131 172.652 138.284 91.639 34.368 2958.35 1125.23 1833.11 88.6765 83.4084 19.4675 23.226 5.26809 7.49482 4.83595 3.71328 1102.01 1000.2 996.964 904.083 254.916 101.526 35.5668 65.9596 6.18217 16.5063 153.39 12.8879 140.502 10.537 2.3509 59.7775 11.4018 649.167 118.699 4.06486 114.634 96.4554 6.41747 2.12959 530.468 13.4485 9.76916 7.94365 517.019 4.98984 92.8818 2.5482 19.0604 90.3336 4.16012 18.1787 13.2357 9.54133 7.83208 6.46803 3.99925 6.84789 6.54458 145.728
internal_count=58294 17194 41100 988 788 511 200 40112 26369 13743 1008 962 232 343 46 427 267 191 26026 23451 23379 20854 6207 1499 511 988 84 225 4708 329 4379 272 57 904 159 14647 3102 111 2991 2602 158 54 11545 325 217 176 11220 86 2525 63 286 2462 93 389 279 214 177 142 120 96 61 16767
is_linear=0
shrinkage=0.05


Tree=67
num_leaves=63
num_cat=0
split_feature=70 130 103 38 130 103 137 36 170 9 175 62 25 19 169 131 32 10 61 164 168 171 170 11 163 159 176 128 164 94 112 96 66 68 18 66 161 61 154 60 83 109 174 94 154 179 107 165 131 85 130 131 174 108 109 114 128 126 181 103 159 63
split_gain=22.1404 10.3295 12.684 11.2529 15.8367 21.8649 17.5293 13.3138 10.0923 9.90233 9.19073 9.16403 9.09611 8.73223 8.42503 9.00827 11.1684 15.7312 9.44417 13.1536 9.93793 9.24394 8.60023 8.89268 9.63002 10.9649 10.3608 8.83033 8.41665 8.38848 8.30415 8.27313 8.16937 8.10895 13.7493 11.2981 8.69641 8.10499 10.3383 9.68937 8.61368 7.99334 8.91077 7.92435 12.2281 7.85367 8.16129 8.95506 7.85354 7.84645 7.82572 9.14412 10.7883 18.3751 9.04606 9.03854 8.37204 9.93832 17.3602 9.48531 7.91595 7.84605
threshold=69.31174089068827 -1.9378267243985203 -0.8323451847507285 9.5000000000000018 0.059241477594276802 -0.053710317301690028 -1.4626818324534843 1.0000000180025095e-35 1.3924950386397137 8.5000000000000018 -0.5033907252368186 0.40588235294117653 35.975961538461554 0.42779708853238269 1.8430868186729656 0.85562982141328059 3.5000000000000004 1.0000000180025095e-35 0.067600208904556744 1.55732294242846 0.30861796993017571 1.859947708250935 0.94918065899166504 4.5000000000000009 -0.74189505277326562 0.48285199280726526 -0.33986783368787993 0.5678535944949904 -0.6020629738059261 0.53813965690518983 -0.45208423950040871 -0.68006662572515142 32.500000000000007 0.1924501424501425 3.2250000000000005 36.500000000000007 -0.53749387367777046 0.048846765641569471 0.77173482381646641 0.061272622256449756 0.31503759398496245 1.7911164868947218 -0.70196321604885925 -0.20110463006279056 -0.83589522407951244 0.47869377028245236 1.0000000180025095e-35 -0.73238996600707884 -0.66131962709025383 0.00075000000000000012 0.4880711008692506 -0.13677491748159112 0.15053549921997078 -0.43863201443425309 -0.12607503620348445 -0.19691222432943281 -0.37844842319088184 -0.29808451650914697 0.65608194551728494 -1.3279036518772986 0.65161166695455497 6.2144599303135903
decision_type=2 2 2 2 2 2 2 2 2 2 2 2 2 2 2 2 2 2 2 2 2 2 2 2 2 2 2 2 2 2 2 2 2 2 2 2 2 2 2 2 2 2 2 2 2 2 2 2 2 2 2 2 2 2 2 2 2 2 2 2 2 2
left_child=1 2 -1 4 10 50 13 9 30 33 -3 14 29 -7 15 16 18 -18 19 20 21 37 23 24 25 -16 -27 -24 32 -10 -5 -23 -17 34 35 -8 -37 45 39 -39 43 -9 -43 44 -41 46 -12 -48 -44 -32 -6 56 53 -53 55 -55 57 -52 60 -58 -59 -56
right_child=-2 3 -4 8 5 6 7 41 12 -11 11 -13 -14 -15 22 28 17 -19 -20 -21 -22 31 27 -25 -26 26 -28 -29 -30 -31 49 -33 -34 -35 -36 36 -38 38 -40 40 -42 42 48 -45 -46 -47 47 -49 -50 -51 51 52 -54 54 61 -57 59 58 -60 -61 -62 -63
leaf_value=-0.014015927767553275 -0.035740292706749423 -0.0058387470378638111 0.019259816251695233 -0.022346138450428876 -0.0091041563358205593 0.081873781269021867 -0.026714654628704801 -0.01232857343491537 -0.022107919692241778 -0.041190279127734999 -0.021130975430435378 0.053145770256340513 0.065970415215566153 -0.015827753933464975 0.033678486131017836 0.049760990683202763 -0.0050530180906401129 0.084470054715833076 0.002791260301993146 0.062384805406828017 -0.016514563413371323 0.11823595787774384 -0.029539955299748812 -0.029747900662778572 -0.026211325607688074 0.062384558535533756 -0.006209270608534624 0.028129237892886457 -0.015450006132049571 0.051967321222455704 -0.023170644123803496 0.0071274818092451819 -0.0022694067833559386 -0.026023223253701985 -0.011803116806900606 0.0097011762057802962 0.18182600148421796 0.0086575346087725182 -0.040580763679400167 -0.0032559513294278409 0.00028040142070286973 0.09407241237817171 0.05463101147725466 0.03927139241443342 0.13631369403472068 0.018509650823546695 0.084528637049761032 -0.017800804736679065 -0.028407133799296838 0.016784395011509811 0.0067278773730332772 -0.020385193242286419 -0.011144983911508591 0.20075102504649001 -0.032958866062244872 0.024849046296141042 0.04189314849081225 -0.026037769056411333 0.15874408847077015 -0.015362266177195424 0.069177315341341958 0.064692170310336555
leaf_weight=34.743476839736104 40.387039382942021 373.59030899591744 143.84568221122026 19.296904080547392 96.376520245801657 5.400208802893756 1.215593568515035 83.314799790270627 8.1967554967850464 88.561830136459321 36.05553346965462 7.9702332536689928 14.572031433228402 3.0041091991588473 34.09084759093821 9.4056365317665023 8.9399862280115485 9.3503666915930808 1457.1413101400249 12.559191107284276 26.734951664693654 3.1257364824414253 53.882265266496688 21.034469525329769 20.002812246326357 5.0015570111572734 65.399463403970003 6.6624013422988346 107.07076916890219 5.5337783400900653 12.911226858384905 3.2229873593896619 26.558286858256906 42.931508747395128 13.394530182704328 1.2901209332048891 1.5389978154562416 21.055707836989313 4.0833732769824556 1.8621822060085831 6.0027256975881746 2.7882451135665169 3.603284273762255 13.139249719213694 6.1650729486718809 42.451406871434301 3.2765812198631465 3.5811247951351097 6.4430920025333753 105.5328840170987 44.73590539349243 6.2650853074155775 9.7135447273030859 1.7082128454931083 1.7346074627712358 1.5392820569686616 7.1649632779881349 4.2554175998084229 2.2002759343013167 62.179195949342102 2.7527234619483352 11.972652777098117
leaf_count=216 6423 7036 894 359 2032 89 37 2445 88 3305 530 78 185 107 213 174 139 151 20744 170 439 31 458 274 510 36 398 58 2166 44 641 52 578 1238 566 19 58 321 63 29 75 22 34 191 95 588 61 92 74 1095 732 163 171 29 32 58 72 94 30 949 29 214
internal_value=0.000595717 0.00106106 0.0127164 0.000375609 -0.00035056 -0.00837759 -0.0187239 -0.0212352 0.0129949 -0.030564 0.00135029 0.00268734 0.0397069 0.0484494 0.0024582 0.00355612 0.0045973 0.04246 0.00414649 0.0148182 0.0109477 0.0161588 -0.00708807 -0.000423615 0.0046887 0.0108437 -0.000460606 -0.0227588 -0.00843158 0.00890815 0.00722353 0.0711565 0.0121809 -0.0144769 0.0135463 0.084184 0.127672 0.0130917 0.0284059 0.0350546 0.0543007 -0.00656789 0.0286538 0.0686913 0.106608 0.00342961 -0.0114561 0.0349906 0.00317255 0.0122296 0.00201821 0.0089259 0.0319264 0.0498672 0.0757947 0.144032 0.00253422 0.0171718 0.0617911 -0.00886384 0.0147055 0.050594
internal_weight=3280.52 3240.13 178.589 3061.54 2895.5 506.085 253.486 245.082 166.044 148.933 2389.42 2015.83 28.3026 8.40432 2007.86 1801.78 1658.75 18.2904 1640.46 183.316 170.757 144.022 206.074 145.529 124.495 104.492 70.401 60.5447 143.035 13.7305 137.741 6.34872 35.9639 60.3708 17.4392 4.04471 2.82912 137.673 52.3083 48.2249 27.1692 96.1494 12.8346 21.1665 8.02726 85.3646 42.9132 6.85771 10.0464 118.444 252.598 156.222 32.9334 23.2198 16.9548 3.24749 123.288 53.9443 9.20842 69.3442 7.00814 13.7073
internal_count=58294 51871 1110 50761 48349 12599 7994 7798 2412 5223 35750 28714 317 196 28636 26689 23771 290 23481 2737 2567 2128 1947 1431 1157 647 434 516 2918 132 2095 83 752 1918 680 114 77 2045 774 711 390 2575 130 315 124 1271 683 153 108 1736 4605 2573 667 496 333 87 1906 885 153 1021 123 246
is_linear=0
shrinkage=0.05


Tree=68
num_leaves=63
num_cat=0
split_feature=70 130 103 38 130 103 137 103 22 67 120 176 172 163 175 167 164 112 129 151 177 57 168 96 164 177 85 38 66 148 105 120 122 163 144 159 109 144 70 26 91 158 1 94 96 162 95 59 83 164 35 161 90 155 128 66 102 169 25 176 79 138
split_gain=20.7528 9.26553 11.422 10.0849 14.2766 20.2754 15.9128 12.2929 12.3772 10.8894 9.42929 11.0086 9.03878 9.76398 8.33129 8.69113 10.9612 9.55545 9.11732 10.8806 10.3519 8.67606 8.31966 10.2826 10.4056 8.62846 8.79738 8.15064 12.019 10.6523 9.18475 10.8156 9.12969 9.03112 8.95525 8.79133 8.23422 8.1049 13.2005 12.291 9.48178 8.0955 8.00644 7.981 9.20069 7.85257 8.95455 8.43685 7.84494 10.2031 7.90517 8.06349 8.31387 10.0034 8.60809 8.3992 7.82949 7.74511 10.5703 9.53515 13.9568 10.9994
threshold=69.31174089068827 -1.9378267243985203 -0.8323451847507285 9.5000000000000018 0.059241477594276802 -0.053710317301690028 -1.4626818324534843 1.0000000180025095e-35 3.5277777777777781 0.04909996785599486 -0.032461039153718695 1.7452796250916158 -0.63038065335909443 -0.047432790333273404 -0.5033907252368186 0.93896068731093663 2.3688963294480949 0.91663296370696179 2.1096974425223838 -0.72856330432103389 2.07042251415209 0.0682145022798928 -0.44900532504421348 -0.75477726265637479 -0.38204840831617914 1.4515257895884013 0.99775000000000014 7.5000000000000009 102.50000000000001 -1.5510554548921081 -0.37030878043621035 -0.55823652078624597 -0.48832801478391114 -0.82713849969064357 -0.44733782353816071 -1.0224251713021617 1.3602276995852602 0.4880711008692506 7.4791304347826095 35.45000000000001 0.73272189372746344 1.1644863042466991 9.5000000000000018 0.63586837918050587 -0.81042652181305719 -0.44165971525015496 -0.58470712594513086 127.50000000000001 0.13921188630490958 1.216300920935421 0.43650793650793657 -1.5764213866000756 0.97424370363361301 -0.38531866747574633 1.0071490459021406 82.500000000000014 -0.44934506467329577 1.0107573468845203 38.405000000000008 -0.40487653639207716 0.21111111111111114 -0.59694954933357025
decision_type=2 2 2 2 2 2 2 2 2 2 2 2 2 2 2 2 2 2 2 2 2 2 2 2 2 2 2 2 2 2 2 2 2 2 2 2 2 2 2 2 2 2 2 2 2 2 2 2 2 2 2 2 2 2 2 2 2 2 2 2 2 2
left_child=1 2 -1 4 14 -6 -7 8 9 10 11 -8 -5 45 41 16 17 27 19 20 -19 -18 23 25 -25 -17 -27 28 29 43 -31 33 35 -32 -34 -29 -33 -9 -39 40 -40 57 -4 44 -16 47 -47 -14 49 -24 51 -50 -53 55 -55 56 -54 58 59 60 61 -3
right_child=-2 3 42 12 5 6 7 37 -10 -11 -12 -13 13 -15 15 22 21 18 -20 -21 -22 -23 48 24 -26 26 -28 32 -30 30 31 36 34 -35 -36 -37 -38 38 39 -41 -42 -43 -44 -45 -46 46 -48 -49 50 -51 -52 52 53 54 -56 -57 -58 -59 -60 -61 -62 -63
leaf_value=-0.013391972701261592 -0.035216434079901771 0.092252932410641642 0.026504107468985467 -0.015800967462360465 0.0019911089627306128 0.044938563542480693 0.097754058055028986 -0.012243972953634765 -0.039773052094117002 -0.021804809026949298 -0.038188322923735439 -0.011553289592277615 0.025232253641665137 -0.024166731900454236 -0.027471915382918863 -0.0025066080085127929 0 -0.0056416811502098705 0.049564715728884601 -0.022317093399991762 0.08722763544900522 0.066438904810940419 -0.012798116640699712 -0.011570678322493283 0.04202241000145366 0.12116324367854384 0.031516557250266912 0.02993086023576871 -0.0063570259404997238 0.029247386764847429 0.00212857945416436 -0.01553411781957522 0.037661688872688046 0.062867647444782598 0.0042534579487694879 -0.013506988957854607 0.03449730260813158 -0.0032053782812037413 0.19224024777673471 -0.023297807833188765 -0.013589497369658499 0.011846599255211435 0.0014637826492728263 -0.013915640436464045 0.11247389133741455 0.14084627011343451 -0.0079591865882333319 -0.0058400736239856274 0.022119625283736195 0.072892277317148299 0.020140746921693008 -0.013429833168845651 0.048140220563375136 -0.00868575343642752 0.061084411911518789 0.065860769037235908 -0.048176522431013842 0.0078923224290291943 0.022257383469137235 -0.018042816765604309 0.1073505077233184 -0.01912813002395998
leaf_weight=34.5946060186252 38.988973669242114 1.6227942951954908 96.101033600047231 23.588898713700473 252.50343535887077 8.6851990320719761 5.1247515371069294 85.149440772365779 97.838060763664544 34.249669317621738 2.6443433780223122 3.2636601887643337 101.01661276631057 12.203725533559917 0.9282841682434072 6.9112854506820467 7.95574000803754 7.8833125531673414 4.7601084425114086 75.898678853642195 3.655190241523087 11.67571185575798 6.0441667530685645 38.924762158188969 10.711575233843176 3.8323219344019863 9.3717946968972683 11.936637113336472 54.688455557916313 77.978127752430737 12.625936046242716 46.978042518720031 19.535284482873976 11.351233434863387 1006.1329493224621 115.55330137303099 8.9128854284062964 9.0501982774585468 1.6432173042558131 1.0190890962257979 0.49594130273908366 55.568676483351737 48.387483801692724 1.8439615173265336 6.2155460626818231 1.800485583022237 1.3287069238722313 27.066909497603774 19.96980713121593 6.2232898436486721 25.260306766722351 316.91847388911992 2.823949737008661 67.912592086475343 3.7181973038241258 9.5760612026788277 3.6938781728968051 56.810133574530482 19.420691066421568 222.77724194899201 2.6260260455310336 13.264353360049427
leaf_count=216 6423 32 579 391 4605 196 93 2733 3966 598 64 35 904 846 10 99 119 110 60 1048 34 147 82 504 114 26 48 242 899 1196 89 670 365 206 15690 2130 69 134 74 67 34 885 315 27 83 30 22 219 99 69 220 3368 22 686 35 101 47 754 502 4501 41 321
internal_value=0.0005796 0.00102287 0.0120455 0.000372251 -0.00031776 -0.00797881 -0.0180699 -0.0205429 -0.0298321 -0.00785014 0.0332666 0.0579928 0.0122822 0.0170134 0.00129056 0.00255999 0.00452315 0.00400747 -0.0114779 -0.0153805 0.0279893 0.0407513 -0.00291538 0.013042 0.000497509 0.0422702 0.0645857 0.00505727 0.0138281 0.0204731 0.0171365 0.00503497 0.00335752 0.0324495 0.0049307 -0.00919978 -0.00700162 -0.00667219 0.0297952 0.103593 0.1538 -0.00557049 0.0182205 0.0709878 0.0925347 0.021035 0.0898247 0.0186329 -0.00535761 0.0325134 -0.00647121 -0.00810971 -0.00966476 0.00387884 -0.00420413 0.0382885 -0.00492814 -0.00867167 -0.0123305 -0.0152273 0.0193573 -0.00162962
internal_weight=3277.24 3238.25 179.083 3059.16 2892.16 501.667 249.164 240.478 143.12 45.2824 11.0328 8.38841 167.005 143.416 2390.49 2018.4 1486.51 1466.88 92.1973 87.4372 11.5385 19.6315 531.892 69.7517 49.6363 20.1154 13.2041 1374.68 221.522 166.834 157.846 79.8681 1153.16 23.9772 1025.67 127.49 55.8909 97.3579 12.2084 3.15825 2.13916 372.09 144.489 8.98779 7.14383 131.213 3.12919 128.084 462.141 12.2675 449.873 424.613 404.643 87.7247 71.6308 16.0939 6.51783 316.521 259.711 240.29 17.5132 14.8871
internal_count=58294 51871 1110 50761 48349 12599 7994 7798 4756 790 192 128 2412 2021 35750 28714 23194 22928 1252 1192 144 266 5520 791 618 173 74 21676 3249 2350 2230 1034 18427 295 16055 2372 739 3042 309 175 108 7036 894 120 93 1175 52 1123 4729 151 4578 4358 4259 891 721 170 69 6151 5397 4895 394 353
is_linear=0
shrinkage=0.05


Tree=69
num_leaves=63
num_cat=0
split_feature=163 130 38 130 30 81 23 156 103 176 164 152 150 79 67 62 159 66 118 38 132 3 114 115 110 9 94 79 105 130 119 92 158 181 67 169 11 30 120 60 180 94 128 104 181 120 169 103 155 150 103 103 166 180 174 173 69 70 164 160 158 174
split_gain=19.447 8.54766 7.76577 12.7443 19.0808 32.2826 10.5255 11.8505 9.54036 9.29857 13.8952 11.0994 9.1826 8.92922 8.8798 8.78908 9.51149 8.63607 8.69078 8.80416 14.6787 10.7762 11.9994 14.5961 11.5217 10.1301 9.96688 9.93712 9.81297 13.2341 18.2807 9.50835 9.1521 8.96934 8.91452 13.3495 10.3812 8.83553 8.72659 8.62639 8.47231 8.43682 8.3982 8.28546 9.60294 8.94341 8.14243 8.76547 11.1402 10.8981 10.3563 12.7627 9.55524 9.26528 8.73662 10.6715 8.86165 9.88521 8.39449 13.1163 9.91501 11.586
threshold=0.87473873760374454 -1.2139253079861538 9.5000000000000018 0.059241477594276802 210.50000000000003 1.0000000180025095e-35 0.33180652680652684 -1.6449479080837952 -0.33121757379486871 -0.3101103926453454 -0.61034420757646712 -0.71116497463490547 -0.61623524441886091 0.58571428571428574 0.24780701754385967 0.094251566389151151 -0.35885456946724514 324.50000000000006 -2.1930868000498998 7.5000000000000009 1.4644659488710106 479.00000000000006 -0.91292989384865098 -1.0193522378788498 -0.3300122323305042 7.5000000000000009 0.42478911256614377 1.0000000180025095e-35 -0.10011225158425031 -1.1156496436927956 -0.7178466704449904 1.3723466073582482 -0.13238069271791744 -0.62364164724663407 0.15412895927601813 -0.97040837480750886 3.5000000000000004 31.500000000000004 0.62253756916730263 0.055617421430339035 1.2556562238868916 0.058843912958509957 0.099200716556734 1.7638792019991978 -0.76707559727711649 -0.60116826398143286 0.50359445520958313 0.15396736201748479 0.20093224122618608 -0.32550569044586058 -0.28675474691083874 -1.1687478157029003 1.5458388792003142 -0.60607493789317968 1.099467081539357 1.4092056046018298 9.5000000000000018 6.2679487179487188 -0.4812334028908733 0.94949446396919657 0.10831873757834802 0.49691321027686602
decision_type=2 2 2 2 2 2 2 2 2 2 2 2 2 2 2 2 2 2 2 2 2 2 2 2 2 2 2 2 2 2 2 2 2 2 2 2 2 2 2 2 2 2 2 2 2 2 2 2 2 2 2 2 2 2 2 2 2 2 2 2 2 2
left_child=2 -2 3 17 5 -5 14 -8 -9 12 -11 -12 15 -4 43 16 -6 18 -1 25 21 22 23 26 -24 34 40 31 29 -27 -31 -23 -32 -28 36 -36 -20 42 -37 -29 -21 -15 -25 44 -7 -45 47 50 52 -50 51 53 -49 -41 56 -56 57 58 60 -60 61 -52
right_child=1 -3 13 4 9 6 7 8 -10 10 11 -13 -14 41 -16 -17 -18 -19 19 20 -22 27 24 37 -26 28 33 39 -30 30 32 -33 -34 -35 35 38 -38 -39 -40 46 -42 -43 -44 45 -46 -47 -48 48 49 -51 54 -53 -54 -55 55 -57 -58 -59 59 -61 -62 -63
leaf_value=-0.052120051633493009 0.021458810686955584 -0.026640352641667267 0.0086052290641494954 -0.037817324293891362 0.11164262883081587 0.062306020870783331 0.097348878732055555 0.0017046453017331518 -0.028647485167281807 -0.017866087779074363 -0.012130706572565361 0.036388603055737913 -0.028604165888997071 0 -0.035645463662201025 -0.028017035509813795 0.0055737257755648821 -0.017545105774286741 -0.024576757681579239 0.010303623089817483 -0.023690432220231216 -0.026601734865570999 -0.012157129455124663 0.0057065698728860463 0.0050279868697051429 0.015227670685299448 0.064210710770205667 0.018891128358094839 0.0067542313713277865 -0.023735983812773497 0.11814509848890893 0.060766461467052751 0.048016073025716886 -0.032427617862702401 0.12378746288920819 0.023949729436844123 0.0026554831649800627 0.098011902906133971 -0.027855470678989594 0.076003900446246539 0.058953946523149392 0.091512679888499968 0.077253403386941866 -0.043990333210122884 0.010811085748039989 0.0065154390336745558 -0.010945372168050579 -0.029824466757663589 -0.027518861194248141 0.088325411590849834 -0.016512378753514894 -0.013394018385978663 0.049595651110920097 0.0038677149747230613 -0.025353173111573476 0.069729080529831067 0.0693291571605128 -0.014418564788340424 0.040275148038696307 -0.007991526553250191 0.029332720442115368 0.067778746962742664
leaf_weight=6.2511715698055914 9.4760678838938457 85.457302774768323 156.33421816676855 93.896577192936093 2.8193486225791267 9.2558976886793953 1.2995850648730982 40.417181475088 69.065274059772491 20.902873382437974 13.824971494264899 61.610063573345542 25.297176541294903 4.1782439779490215 11.259112603031097 4.7355650449171653 5.2254624781198791 53.805174924433231 40.798110418021679 44.010551802814007 57.054396502673626 58.130070196930319 107.70330781349912 12.112986271735286 941.13729239208624 77.387609919533134 1.7919210642576242 48.447710217908025 138.805033728946 5.6965688746422556 7.0762932114303139 2.3262600833550087 19.222485149279237 17.306196162011474 1.9936499227769662 41.422292728442699 213.30563459871337 7.211538008414208 9.0887533728964609 6.1048344206064966 10.583802375942467 5.5374071286059916 5.4871233589947215 12.470933950506149 89.581133822910488 24.134483662899584 203.15580457821488 49.323430105112493 2.8129589040763676 3.7395297777838996 42.106129307299852 108.43562185578048 3.1573625430464736 12.659521284513174 24.711590135935698 2.3430237770080558 6.3599673076532772 27.114471446722746 59.842349257320166 17.716238103806973 26.23872140981257 3.5004458203911772
leaf_count=116 322 12732 2054 3098 51 97 47 888 2555 351 227 920 529 42 105 86 97 625 391 405 857 899 1505 119 13659 448 18 542 1007 76 75 33 196 166 21 382 3127 78 89 56 105 42 54 150 1409 324 2027 891 53 70 354 1224 46 108 294 24 392 805 476 121 206 28
internal_value=0.000563839 -0.0216134 0.0012342 0.000650482 -0.00675572 -0.0128809 -0.00365693 -0.0152326 -0.0174832 0.00919641 0.0174355 0.0273887 -0.0114337 0.0117296 0.00509456 0.0217997 0.0515324 0.00207808 0.00251385 0.00267535 0.00106204 0.00183816 0.00483189 0.0214377 0.00324862 0.00821621 0.00987151 -0.00300468 0.0157077 0.02686 0.0535296 -0.0222245 0.0707057 -0.0203678 0.00210454 0.0206627 -0.00177644 0.0538831 0.0141712 -0.00117169 0.0207158 0.056043 0.0312354 0.00875428 0.0162593 -0.0112704 -0.00283062 0.00133515 -0.0162575 0.040873 0.00446945 -0.00673133 -0.0241149 0.0302477 0.0112795 -0.0147485 0.0152165 0.0128591 0.0179058 0.0292249 0.0053845 -0.00862003
internal_weight=3274.26 94.9334 3179.32 3013.27 485.796 351.38 257.484 110.782 109.482 134.415 96.3379 75.435 38.0776 166.05 146.702 12.7804 8.04481 2527.48 2473.67 2467.42 1912.63 1855.57 1147.34 98.5041 1048.84 554.796 73.6925 708.226 248.188 109.383 31.9953 60.4563 26.2988 19.0981 306.608 52.5047 254.104 24.8116 50.511 647.77 54.5944 9.71565 17.6001 135.442 98.837 36.6054 599.322 396.166 59.0333 6.55249 337.133 127.2 52.4808 18.7644 209.933 27.0546 182.878 176.518 149.404 77.5586 71.8453 45.6066
internal_count=58294 13054 45240 43102 10934 8673 5575 3490 3443 2261 1498 1147 763 2138 2085 234 148 32168 31543 31427 25615 24758 16109 945 15164 5812 694 8649 1802 795 347 932 271 184 4010 492 3518 251 471 7717 510 84 173 1980 1506 474 7175 5148 1060 123 4088 1388 937 164 2700 318 2382 1990 1185 597 588 382
is_linear=0
shrinkage=0.05


Tree=70
num_leaves=63
num_cat=0
split_feature=70 109 38 156 157 76 0 92 38 36 9 30 131 120 155 108 23 81 117 138 148 65 164 63 67 71 121 148 67 129 71 138 169 73 167 179 60 167 93 63 156 68 171 92 68 66 172 27 83 148 172 169 167 172 75 120 102 171 92 139 112 138
split_gain=17.3348 10.9907 8.64947 9.3809 10.6842 10.9557 10.0163 9.97691 8.9163 30.7541 29.9007 12.1089 11.5018 11.4814 15.4201 10.8983 10.8296 10.6273 9.9417 10.1384 9.7238 12.5536 10.5172 8.71357 8.708 8.67863 8.57929 8.55436 9.55098 8.33554 8.20541 8.43434 7.98491 8.01992 7.98284 10.2299 8.82461 9.6208 13.2481 11.2747 8.76877 8.6179 7.85985 9.49117 9.437 7.82864 9.29045 7.76012 9.41374 8.29964 11.1437 9.16304 7.74762 7.62189 7.61714 7.77232 7.76102 7.51251 9.65372 7.46666 7.43851 7.35866
threshold=69.31174089068827 1.1070889395303751 9.5000000000000018 -0.99927762918747165 0.69849492648512734 -0.010000000000000063 5.5000000000000009 0.93834699072732375 8.5000000000000018 1.0000000180025095e-35 8.5000000000000018 30.500000000000004 -0.60142433619756663 1.8287274701806575 0.20093224122618608 -0.59164167047911587 0.53126491563991574 10.500000000000002 -0.14032408928915349 -0.46735824427401812 -0.76118124256479358 8.0732520325203279 -0.55589233923736148 6.3338641188959661 0.060522810522810534 0.067149507184906879 -1.3416906746041517 -0.65272423539491042 0.045385882999176057 -0.50398437972657739 -1.7265555309546394 -0.78969002639435504 2.2144623430284205 0.45000000000000007 0.27333613679526708 1.1052924312977368 0.12508992805755398 0.66273349566361117 1.3004668225258356 7.4256812044840856 2.0973147008207569 0.27017163148550016 -1.7744998658534346 -0.23536557698185773 0.21771820856489052 238.00000000000003 -0.30060736039647667 91.250000000000014 0.37354651162790703 -0.51502671716235449 -0.26836850201988477 -0.67646675440249648 0.50773061419869403 -0.32443467650168339 0.29285714285714287 -0.28557396910256644 0.32334519205990081 2.2343142644591989 0.88428213100686892 -1.0000000180025095e-35 -0.55870772002779856 0.19758015051660824
decision_type=2 2 2 2 2 2 2 2 2 2 2 2 2 2 2 2 2 2 2 2 2 2 2 2 2 2 2 2 2 2 2 2 2 2 2 2 2 2 2 2 2 2 2 2 2 2 2 2 2 2 2 2 2 2 2 2 2 2 2 2 2 2
left_child=2 -2 8 -4 7 -6 -7 25 13 10 17 -12 29 30 15 24 -16 54 19 -14 21 23 -23 -13 -15 45 -21 -19 -29 -11 34 -32 33 42 40 36 37 52 39 -39 61 -37 43 -33 -45 -5 -47 48 -28 51 -51 -49 -36 -53 56 -56 -10 -44 -59 -50 -30 -1
right_child=1 -3 3 4 5 6 -8 -9 9 12 11 20 18 14 16 -17 -18 27 -20 26 -22 22 -24 -25 -26 -27 47 28 60 -31 31 32 -34 -35 35 41 -38 38 -40 -41 -42 -43 57 44 -46 46 -48 49 59 50 -52 53 -54 -55 55 -57 -58 58 -60 -61 -62 -63
leaf_value=0.025993033218753576 -0.038120982926987845 0.093410279404442131 -0.030715711518949015 0.013936918547872447 0.021687122501234845 0.1547649137649493 1.1933560876309849e-05 -0.028393072457084861 -0.040450703129574841 -0.042780067803933633 -0.051020005648154731 0.043045828237936942 -0.023673327014601675 -0.0156726321985831 0.12809805728915466 -0.01053460921786486 0.012364529910349802 -0.020433854997739268 -0.014580959812477251 -0.020686341966930376 -0.027634211906808009 0.12889169260589273 0.0094536380841718538 -0.029383178697405476 0.11220685845809071 -0.037105132061878071 -0.013133235110699521 -0.014681544784453909 -0.0032506301260622687 0.029652164962197837 -0.012827320209097343 -0.02984866640312064 -0.013141405679771831 0.056410915712076029 -0.0011873132183674705 0.057122178876350363 -0.027350808646933879 0.0088709325233095951 -0.028905124918530062 0.062736965380239235 -0.029953092082113005 0.009208689341136651 0.00041883868103698304 0.1012426002912783 5.1578228783924526e-06 0.093494335363784195 -0.002405174098597941 0.14161882562736419 -0.022074971605939766 -0.0077470410823664961 0.062580819163874521 0.079831931420998259 -0.054795946932377451 -0.0050090341047596765 -0.014459229776378871 0.046862592616413921 0.026476772831495955 0.032082366830148944 -0.0334334755878554 0.083548605595543224 0.1335765529939579 -0.0074761446690884987
leaf_weight=106.87390569597483 36.270569814834744 0.70584638928994436 11.087436839006839 114.03368282318115 10.847880938090382 2.9038989818654946 1.5169602660462258 13.830804670229552 12.4696814538911 3.3331691855564705 44.036645376123488 4.3075770423747661 15.947483228519557 1.618007412180307 4.761531519237904 17.465987732633952 3.6338301114737988 2.0324557404965162 66.36339326761663 10.379509740509091 106.49406191240996 2.1906745978631079 5.0265745180658987 18.304648783057928 2.7916129343211651 6.6148692853748789 18.413905464578423 1.6043122690170983 1.063830994069576 59.413677555974573 122.42801546538249 2.9495103871449819 99.381365189794451 5.5851135877892366 15.630367375910284 12.484281733632086 29.716876119375229 104.1612904779613 20.230947032570839 9.843658968806265 8.122008875012396 33.729017972946167 1959.0781404352747 5.2908080555498582 3.7869024071842432 5.9437276916578412 3.7355275852605683 2.8882338223047546 1.8120525870472191 12.968889250420029 8.5742121376097291 4.6214937712065867 11.180954482406376 4.5979948253370777 7.5359827913343933 12.662873114924876 5.4694635090418151 34.470547639764845 5.7665007277391842 4.4629983687773338 4.6283388594165444 18.655577816069126
leaf_count=486 6320 98 279 1100 228 32 25 185 320 65 1739 62 299 44 76 403 74 45 1523 89 3008 58 166 534 48 521 351 48 21 955 2213 71 1142 59 73 55 133 486 92 43 38 155 32622 111 65 41 38 47 19 252 139 73 56 56 118 203 132 401 70 56 58 99
internal_value=0.000497344 -0.0330849 0.000890806 0.0118198 0.0149821 0.0535483 0.112384 0.0105222 0.000280739 -0.00628491 -0.0190346 -0.0283073 0.00730481 0.00138301 0.0315058 0.00786348 0.0851842 0.015953 -0.000178375 0.0110907 -0.0206159 0.00436146 0.0575892 -0.0141352 0.0701369 0.0148748 0.0194538 0.0609845 0.0839958 0.0251153 0.00101971 -0.000120187 0.000618267 0.00130491 0.00790035 0.00234144 -0.00277867 0.00186539 0.00739074 0.0140705 0.0176291 0.0231939 0.00112145 0.0398423 0.0636973 0.0179695 0.059256 0.0269079 0.0050365 0.0422018 0.0215562 0.0741076 -0.0248896 0.0406805 0.0035333 0.0241454 -0.0194606 0.000866218 0.0219888 0.0535185 0.110593 0.0209597
internal_weight=3288.73 36.9764 3251.76 170.515 159.427 15.2687 4.42086 144.159 3081.24 441.604 227.827 180.36 213.777 2639.64 30.271 21.8756 8.39536 47.4669 151.03 84.6668 136.324 29.8295 7.21725 22.6122 4.40962 130.328 68.7193 9.32894 7.29648 62.7468 2609.37 2238.74 2116.31 2016.93 370.629 236.977 190.764 161.047 134.236 114.005 133.651 46.2133 2011.34 12.0272 9.07771 123.713 9.67926 58.3398 24.689 33.6508 21.5431 12.1077 26.8113 9.21949 38.138 20.1989 17.9391 1999.32 40.237 6.27505 5.69217 125.529
internal_count=58418 6418 52000 2449 2170 285 57 1885 49551 10436 6512 5567 3924 39115 645 495 150 945 2904 1381 3828 820 224 596 92 1700 1082 172 127 1020 38470 36754 34541 33399 1716 1093 883 750 621 529 623 210 33340 247 176 1179 79 993 426 567 391 176 129 129 773 321 452 33093 471 75 79 585
is_linear=0
shrinkage=0.05


Tree=71
num_leaves=63
num_cat=0
split_feature=70 109 130 34 139 30 66 32 108 38 179 30 173 137 118 175 130 29 134 94 102 30 94 28 139 94 168 128 128 68 65 109 120 159 156 157 94 92 171 94 56 173 3 93 165 93 94 59 111 95 59 63 77 85 128 62 128 66 165 96 93 175
split_gain=16.1317 10.3731 8.25709 10.6843 10.5511 16.234 13.0894 11.4237 18.3428 9.46708 9.65928 13.7083 14.0723 13.4145 11.3929 9.93537 14.7045 13.5196 10.1753 9.67268 9.59902 9.42784 11.4697 10.9157 9.2881 9.23205 8.86493 8.64892 9.90915 11.1077 12.1406 12.6099 15.9636 11.7422 8.58625 9.53374 15.4566 9.08427 8.29541 9.83641 9.35242 8.37243 8.20388 9.77119 12.0288 16.3525 11.4294 12.8266 11.1371 10.6102 9.77532 8.17536 8.13591 11.3115 10.4123 10.7896 8.07605 8.0644 9.43517 8.34061 8.19499 8.95438
threshold=69.31174089068827 1.1070889395303751 -1.1776040564033419 1.0000000180025095e-35 1.0000000180025095e-35 26.500000000000004 59.500000000000007 1.0000000180025095e-35 -0.30176539909802008 9.5000000000000018 -0.57079612968924121 151.50000000000003 0.68328035901905138 -0.79242928644678223 -0.31835615081600094 -0.13217684156064638 -0.50310183242102102 8.5000000000000018 -0.53992237574761992 1.9296931550413323 2.0540849773483782 2.5000000000000004 -0.69107874666353875 32.650000000000013 -0.27230567001251943 0.37406419614590969 -0.47968672130001727 -0.30151134457776341 0.94908517420680494 0.28966437833714725 7.7149692297288164 -0.82943869894678846 0.14459505933782182 -0.57712386551563644 -0.99927762918747165 0.69849492648512734 0.63586837918050587 0.93834699072732375 -0.62793841729313049 -1.6322984700370873 6.976213282247766 -0.87065407883995438 495.00000000000006 0.64891439566944042 -0.71903306146250412 -0.90433650062980275 -0.76293215931750191 366.50000000000006 -0.02924991767526226 -0.58470712594513086 790.50000000000011 7.0005896226415105 2.5000000000000004 0.97275000000000011 1.0450418525338587 0.048846765641569471 2.1695910842699022 208.50000000000003 1.2547461636358526 -0.41892383224409441 0.31426211427523593 -1.1225926096924819
decision_type=2 2 2 2 2 2 2 2 2 2 2 2 2 2 2 2 2 2 2 2 2 2 2 2 2 2 2 2 2 2 2 2 2 2 2 2 2 2 2 2 2 2 2 2 2 2 2 2 2 2 2 2 2 2 2 2 2 2 2 2 2 2
left_child=2 -2 3 -1 5 -5 -6 8 -7 10 11 12 15 14 -14 20 17 -17 51 42 27 22 -18 25 -21 -23 -10 -4 29 30 31 -29 33 -33 -11 37 -37 -36 39 40 -12 -41 43 44 45 -13 -45 -48 -47 -50 -46 -19 -40 -54 55 -55 -8 58 60 -60 -43 -62
right_child=1 -3 9 4 6 7 56 -9 26 34 38 19 13 -15 -16 16 21 18 -20 24 -22 23 -24 -25 -26 -27 -28 28 -30 -31 -32 32 -34 -35 35 36 -38 -39 52 41 -42 57 -44 46 50 48 47 -49 49 -51 -52 -53 53 54 -56 -57 -58 -59 59 -61 61 -63
leaf_value=-0.023323321849373413 -0.037653449433236237 0.087904505100291921 -0.01902505509210739 -0.01907224345864519 0.015790363664658826 0.032567622355043631 -0.016585086970364201 0.030377876129314241 -0.037746026498256563 -0.029913895421997273 0.10972604397921551 -0.042453022536006309 -0.0034149059870807797 -0.00024028865780238988 0.087534504573009778 -0.01430777015424726 0.029753746614165882 0.066499719502794916 -0.004021330757362134 0.1073710605823959 0.072747432123361974 0.067380427965435891 -0.019615893383249833 -0.034939909439250169 -0.028630223189752599 -0.037840535732620022 0.0028337244518630202 -0.027383317129113485 -0.024466906651373802 -0.01658537684353991 -0.0012858280035935915 0.0095809803445302821 -0.0012047160954597623 0.13015813834230092 0.01405672930366573 0.079702876356169405 -0.02390085710344405 -0.027495952591008729 0.0038736766773682092 -0.023910384025880048 0.011306834702078591 0.0022719917706080571 -0.0164823557307936 -0.036530054045789538 -0.0076354936501939752 0.022360913916668626 0.032258435868791173 0.16293254398838131 0.13917074620124162 0.0067267005872859685 0.091439157830349657 -0.026226928697362473 -0.023188032513208896 0.061635723436818862 0.069782360250453923 -0.00579754454051736 0.051751935337043045 -0.026932861479379396 0.0089524780247527032 0.063145904046904039 0.027198765311036661 -0.020066094059186176
leaf_weight=25.819732446223497 34.931406034622341 0.77341848751529951 50.01955666905269 29.08986129052937 66.051288326270878 42.259331402368844 86.73372323717922 121.95867852494121 18.543208640068769 10.848352623637764 2.3283196967095128 4.316560891922566 5.4365787697024643 101.88801049301401 7.6333599481731635 67.597028910648078 13.725482442416249 13.358717559371145 15.019415221642701 3.4166842494159937 3.2579637919552615 4.1656188080087295 57.479020513128489 146.72625022474676 1.1883398713544 2.5956121259368956 42.216941345483065 2.9298335728235498 15.749751809053121 13.626308254897593 13.160794864874331 2.8487441465258572 4.742579821497201 9.0946683003567266 131.17138156248257 11.191402482800184 4.47227135952562 13.606390945613382 1371.2795383487828 59.107253412250429 10.394325561821459 158.67747257789597 31.746384781319648 2.0621270034462205 66.67686432832852 11.097627494949851 6.6307883476838452 2.1838305392302573 4.8006301615387201 2.2988302158191773 1.5821493035182346 2.2036977163515976 68.606655968353152 5.4164639972150317 4.5945888347923747 77.317140081897378 3.5577346049249163 32.718281563837081 43.270887775812298 7.7020578030496827 10.177355684339998 99.408297986257821
leaf_count=221 6320 98 1363 189 477 256 666 708 136 279 59 151 94 2158 126 809 264 174 244 61 81 114 1004 4651 32 74 277 81 478 235 491 82 145 183 1700 208 77 185 20998 1138 236 3524 639 48 1472 214 133 39 66 146 17 50 1021 26 25 424 24 528 460 176 226 1837
internal_value=0.000481833 -0.0324767 0.00085536 0.00724794 0.00923541 0.0155056 -0.000956101 0.0200633 0.00762972 -0.000136234 -0.000878153 -0.0059534 -0.00947178 0.00602817 0.0517939 -0.013553 -0.0180429 -0.00181553 0.0252173 0.00808285 -0.000903991 -0.0250719 -0.00974981 -0.0320385 0.072537 0.0266712 -0.00988038 -0.00371123 0.00864005 0.0202615 0.0357656 0.0597234 0.0759844 0.104747 0.011218 0.0141982 0.0501629 0.00995543 0.000919628 -0.00525785 0.036366 -0.0066434 0.00529742 0.0122425 0.00652309 0.0373944 0.0549854 0.0784449 0.0578203 0.103028 -0.0039798 0.0522766 0.0026394 -0.00813842 0.0037569 -0.000639692 -0.0133003 -0.00366989 -0.00119341 0.0182948 -0.00496914 -0.0154251
internal_weight=3285.48 35.7048 3249.78 436.23 410.411 254.068 156.343 224.978 103.019 2813.55 2642.26 691.26 553.259 114.958 13.0699 438.301 322.871 98.1789 30.5818 138.001 115.43 224.692 71.2045 153.487 4.60502 6.76123 60.7601 112.172 62.1527 46.4029 32.7766 19.6158 16.686 11.9434 171.29 160.441 15.6637 144.778 1951 423.784 12.7226 411.062 133.396 101.649 90.7727 22.5136 10.8767 8.81462 18.1971 7.09946 68.259 15.5624 1527.21 155.935 87.3282 82.7336 90.2915 351.954 319.236 50.9729 268.263 109.586
internal_count=58418 6418 52000 2954 2733 1566 1167 1377 669 49046 46597 15919 12901 2378 220 10523 7384 1277 468 3018 3139 6107 1268 4839 93 188 413 3058 1695 1217 982 491 410 265 2449 2170 285 1885 30678 8184 295 7889 2925 2286 2066 577 220 172 426 212 1489 224 22494 1496 475 450 690 6751 6223 636 5587 2063
is_linear=0
shrinkage=0.05


Tree=72
num_leaves=63
num_cat=0
split_feature=162 168 148 57 119 91 38 120 104 155 126 117 130 117 40 33 66 23 36 38 93 120 137 38 128 121 164 67 131 27 38 177 57 116 92 134 166 131 171 44 15 3 153 61 124 65 176 30 136 158 104 56 59 63 102 91 64 15 130 59 71 3
split_gain=15.9216 9.71167 12.1544 9.98082 7.91018 7.95838 7.79021 7.44977 11.8407 17.7206 13.4895 7.65026 8.26037 11.5337 10.0968 10.2355 8.21649 14.4912 7.91978 12.9783 7.93673 7.88202 7.85575 7.89719 12.6429 9.8456 13.0974 7.96912 7.69201 13.4253 13.1692 10.052 8.85281 7.63564 8.26024 9.30641 10.7289 8.56164 7.95027 7.66519 7.51192 8.54904 7.57137 7.51132 7.49069 7.3696 7.35864 7.64875 8.74953 7.49876 7.32528 7.98996 10.5144 11.4227 14.9126 9.885 9.80267 8.35815 7.28864 7.2631 7.15726 8.64064
threshold=0.5172487391340177 0.42810595715397654 -1.0264402166027369 0.068515746081845325 -0.47810556338382243 -1.3757398210473266 5.5000000000000009 1.8287274701806575 -0.64832279500819334 0.03384325864000156 -0.077811778048213209 -0.023099230515970747 -0.66584665722443714 -0.119794704172674 1.5000000000000002 0.87500000000000011 57.500000000000007 0.77466422466422469 1.0000000180025095e-35 7.5000000000000009 1.9130092688710052 -1.6374580938302943 -2.2516173396427308 7.5000000000000009 0.28976748814746073 -0.90587578838919847 -0.39874227039548454 0.092551802904225822 -0.57735026918962529 106.05000000000001 6.5000000000000009 2.1967615120426731 0.061157285337613214 -1.334196657895762 0.090665874669198857 1.2079111546921084 1.1441270581937539 -0.99492783268044449 0.062660686790840983 15.000000000000002 0.80018315018315034 445.00000000000006 0.61659977643898978 0.12576733325801229 -0.74762496576217552 8.3211749087288442 -0.51247750407329051 334.50000000000006 -1.2146333011609722 0.10831873757834802 -0.62363642867189295 7.5177161423826044 139.50000000000003 6.7727943148297136 0.72976561815484386 0.73272189372746344 0.064126753749395263 0.2308608058608059 1.907405678724168 126.50000000000001 -1.7265555309546394 489.00000000000006
decision_type=2 2 2 2 2 2 2 2 2 2 2 2 2 2 2 2 2 2 2 2 2 2 2 2 2 2 2 2 2 2 2 2 2 2 2 2 2 2 2 2 2 2 2 2 2 2 2 2 2 2 2 2 2 2 2 2 2 2 2 2 2 2
left_child=7 -2 3 -3 -5 -6 -4 11 -9 -10 -11 12 13 14 15 16 22 33 19 20 50 -14 -1 24 43 -25 -27 -28 29 30 -20 40 -31 -18 45 37 38 -36 -37 -39 41 -32 -43 44 -24 -35 -30 -48 49 -49 -13 52 55 -54 -55 57 -53 -52 -21 -60 -23 -62
right_child=1 2 6 4 5 -7 -8 8 9 10 -12 18 21 -15 -16 -17 17 -19 28 58 -22 60 23 25 -26 26 27 -29 46 32 31 -33 -34 34 35 36 -38 39 -40 -41 -42 42 -44 -45 -46 -47 47 48 -50 -51 51 56 53 54 -56 -57 -58 -59 59 -61 61 -63
leaf_value=-0.022009882671416344 -0.027807692484862923 -0.020422741297413505 0.069818434889457812 -0.011158386146467431 -0.0074876568642744451 0.23785454819261487 -0.022345470115054701 0.084201779682346711 -0.013215904560557493 0.01628464381511488 0.13139756081250983 -0.027532147793482654 -0.024213173362057624 0.038389695790303664 -0.031628620746577289 0.0484283501801476 0.028187613220035497 0.051547113297273454 -0.024403333898415727 -0.017460292138713113 0.062825714668787377 0.0081345010204296724 0.0099350335539932361 0.034384585183960537 -0.00033205719383302409 -0.048583911945623115 0.045957715581209244 -0.017801497027773689 0.06544632625848458 0.054798434527939158 -0.0011461554908123543 -0.036291544061876575 -0.012738567705390306 -0.023523072344214125 0.045201018854079331 -0.02976354602245675 0.075603666663116492 -0.012903401543986604 0.031697993587876172 0.055150889324776735 -0.024548912052614977 0.074960526586684201 -0.0059170811701474632 -0.0075383030264141102 0.068761101144035622 0.029409264304975133 -0.0073858344358235239 0.1332145215651146 0.007633035051760946 0 -0.036472146321798724 0.019464795096643117 -0.013782929524976485 0.12953933130564529 -0.012455960775890115 -0.031694137181315141 -0.014367960727370996 0.042208324241599156 0.086263767252163726 -0.0024326545902238991 0.0020659778971041294 -0.0060577206759228905
leaf_weight=10.838949664495884 73.639066701754928 0.84545809961855356 1.7968338010832656 0.40639622183516633 0.2883407031185925 0.71568901278078512 11.6341743953526 5.5117519353516391 24.639177335426211 7.2555704568512738 3.3481827555224282 19.158343396615237 29.936624012421817 29.322914814110845 15.805690204724668 14.061948472633956 17.330806660465896 12.104778792243449 7.7924798969179383 232.7944727903232 4.3021218040958038 313.76450220867991 7.4144938038662032 17.705979257822037 18.783050548285246 12.602679258212449 9.2527650026604551 8.4679338852874917 2.8761308295652261 4.4653649241663507 5.2396954600699237 2.8586515793576828 41.817079541273415 67.539397227577865 6.7707984875887623 7.7747101187706056 7.300848349928855 81.944793559610844 12.107762349769471 3.3538103736937037 2.4506328008137634 26.700378363952044 2.9483527122065416 4.7676307968795291 27.243842496536676 6.3421392631717017 202.43254319066182 1.8655971977859764 23.997323497198522 1.6731846444308756 3.3316176626831355 30.953206371981651 3.1660122247412783 5.6538977730087936 2.2489671595394611 9.9954660418443364 63.710403836332262 15.880064306315033 2.3420677585527283 6.9635476097464561 1237.6914575365372 443.86313821049407
leaf_count=74 10765 120 106 41 28 75 1729 80 571 132 59 289 585 236 161 89 116 82 99 5224 41 1498 60 110 147 148 93 58 43 61 93 28 625 522 39 60 37 685 82 23 66 349 41 38 170 61 3612 31 416 31 31 415 45 64 27 113 805 155 30 105 20177 6522
internal_value=0.000466301 -0.0202326 0.0145629 0.101372 0.154639 0.196323 -0.0056854 0.00105318 0.0220391 0.0101243 0.0612543 0.000773323 0.00212425 0.00869323 0.00622591 0.00801596 0.00619089 0.000509359 -0.00371724 -0.00842546 0.00266857 0.000824492 0.0168536 0.0210336 0.0332826 0.00571038 -0.0114362 0.0158995 0.00204005 0.0140195 0.0322842 0.0437203 -0.00509565 -0.00263228 -0.0055546 0.00256121 0.0277433 -0.00503823 0.00715065 -0.00956161 0.0507631 0.0567292 0.066824 0.0490328 0.0569481 -0.0185804 -0.00282793 -0.00398312 0.020239 0.0841057 0.000562614 0.0047614 0.0231383 0.0624791 0.091709 0.00648866 -0.00316519 0.027187 -0.0156857 0.02561 0.00121459 -7.77077e-05
internal_weight=3281.79 89.326 15.6869 2.25588 1.41043 1.00403 13.431 3192.47 40.7547 35.2429 10.6038 3151.71 2424.09 398.838 369.515 353.709 339.647 222.57 727.618 400.5 158.4 2025.26 117.077 106.238 58.209 48.0294 30.3234 17.7207 327.117 94.2726 47.9902 40.1977 46.2824 210.465 193.134 119.253 27.1833 92.0694 19.8825 85.2986 37.3391 34.8884 29.6487 39.426 34.6583 73.8815 232.845 229.969 27.5361 3.53878 154.098 134.94 40.276 11.0689 7.90286 29.2071 94.6636 19.2117 242.1 9.30562 1995.32 1681.55
internal_count=58418 12864 2099 264 144 103 1835 45554 842 762 191 44712 31873 3091 2855 2694 2605 1707 12839 7344 1985 28782 898 824 415 409 299 151 5495 1362 676 577 686 1625 1509 926 179 747 142 708 549 483 390 268 230 583 4133 4090 478 62 1944 1655 435 136 91 299 1220 186 5359 135 28197 26699
is_linear=0
shrinkage=0.05


Tree=73
num_leaves=63
num_cat=0
split_feature=162 76 159 120 75 70 130 69 174 177 120 104 155 126 117 138 116 39 180 135 172 38 71 168 1 180 64 160 92 65 176 3 63 93 151 167 130 138 81 176 150 179 172 168 11 162 102 180 61 164 180 175 162 92 85 170 131 168 95 127 153 168
split_gain=14.5584 10.1797 13.1209 13.4456 15.8707 10.1055 7.35353 7.02589 6.99702 6.89725 6.79083 10.2396 15.7789 11.3368 6.92056 8.04504 10.506 8.3119 10.1213 9.38248 9.03774 11.9808 8.55356 9.54121 8.13434 8.66057 8.86385 8.53243 8.08206 8.22565 8.01265 10.7813 8.91039 11.7091 9.82487 9.33367 8.78944 11.5213 8.7716 10.6473 8.30291 8.21605 9.41149 11.3781 10.3866 8.84844 8.36779 13.0953 10.5852 10.0041 8.48911 8.16431 8.9203 8.30953 11.9729 8.10088 7.97528 7.97057 7.74605 9.40229 10.8287 7.99157
threshold=0.5172487391340177 0.48375000000000007 -0.31722294710730875 0.12878990222014905 0.29285714285714287 85.085714285714303 -2.3365636421261979 1.0000000180025095e-35 -0.94302040503877638 0.96893123597924002 1.8287274701806575 -0.64832279500819334 0.03384325864000156 -0.10923930246647394 -0.023099230515970747 -0.7933288280219174 -1.0274985274819506 1.5000000000000002 -0.89659764705419265 -1.3003635677279008 -0.46195936738050247 8.5000000000000018 -1.0923594802434768 -0.10071839754615973 8.5000000000000018 -1.1227701558630676 0.11610023041474656 0.32830369588331332 -0.70710678118654691 6.8697141155449684 -0.26938159034513348 459.00000000000006 6.4199644128113889 -1.4830282447709109 -1.2545165021687497 -0.13555386078622392 -0.30151134457776491 -0.50398437972657739 9.5000000000000018 -0.30746108031221225 1.0062339013424457 1.7515326515022356 0.24767990668669401 1.714496182219637 5.5000000000000009 -0.60512312113153632 -0.54147921944897914 -0.27230567001251943 0.12576733325801229 -0.33358190418982658 -0.62364164724663407 0.42864706486323884 -0.94943932890334659 -0.29423787910019111 0.088750000000000009 0.047942630110846429 -0.60142433619756663 -0.7360742329167953 -1.3234562440958517 -0.26556312718037661 0.06066604148985321 -0.41936235534838084
decision_type=2 2 2 2 2 2 2 2 2 2 2 2 2 2 2 2 2 2 2 2 2 2 2 2 2 2 2 2 2 2 2 2 2 2 2 2 2 2 2 2 2 2 2 2 2 2 2 2 2 2 2 2 2 2 2 2 2 2 2 2 2 2
left_child=7 6 3 -3 5 -5 -2 -1 -4 -8 14 -12 -13 -14 15 56 17 20 19 -19 22 -22 -17 -24 25 27 30 -18 29 -28 32 36 33 35 -35 -27 37 -32 -36 -40 -38 42 43 44 46 -45 48 51 50 -49 -33 52 -48 -53 -55 -54 57 -9 59 60 61 -26
right_child=1 2 8 4 -6 -7 9 10 -10 -11 11 12 13 -15 -16 16 24 18 -20 -21 21 -23 23 -25 58 26 28 -29 -30 -31 31 41 -34 34 38 -37 40 -39 39 -41 -42 -43 -44 45 -46 -47 47 49 -50 -51 -52 53 55 54 -56 -57 -58 -59 -60 -61 -62 -63
leaf_value=-0.045137907202748073 0.056058760838818493 0 0.082427392614351794 0.26731031210647055 -0.018489002327046724 -0.0077053553529728928 -0.032340656615426913 0.050491337152138029 -0.037150169724679098 0.037198617339278255 0.077581643176346318 -0.012633042943914444 0.013114186441826412 0.11510563107324046 -0.0034219265243511385 0.023588870734989765 0.090425135992113229 -0.017937743024509359 0.0038431668181914923 0.096784644324560687 0.050421332249155286 -0.018646521164467595 0.15351271328972316 0.0080626633653995677 0.12255703001874396 0.13385842061555758 -0.029692104511313652 -0.0037653515472947235 0.0003040082838686252 0.02212222802776723 0.074081378247562751 -0.02944677752325732 -0.0023057666631269703 0.077813537736475147 -0.0024821094844208504 0.013820544495981472 -9.271536163896054e-05 0.0074481837519621676 0.065397972371802907 -0.01450954008396144 -0.033525242312405695 -0.0375781288084511 0.00090109716207474036 0.070184594596635314 -0.027283896958405558 -0.0012905850230835421 -0.026714172376388436 0.022683885742683752 0.047844513987413295 -0.019437039880616638 0.0092596669455168885 0.004864949218179363 0.046383449176414612 0.17670864192318156 0.053743211289103622 0.0045192056474886557 -0.03258320865360094 -0.0071723874621993844 -0.0027264340156381915 -0.01506694866564386 -0.024483441170753469 0.035302625169998318
leaf_weight=7.2210795599967232 1.6878608418628562 2.8600880554877222 0.46621932461857785 0.86738885380327679 0.72662817407399405 0.29820537706837058 70.726722273975611 5.504706264473497 6.8535098182037455 2.8779789423570028 5.7813684926368287 24.360221134498715 6.9833215712569654 3.9715847996994835 723.33716206625104 5.8565458655357361 4.7480691866949183 2.089207336306572 89.523202809505165 4.7460983581840983 12.189265451394023 11.086935805622486 3.4678429779596627 1.7635742602869848 3.4821703378111151 2.5975562683306634 44.236396081745625 3.8326266873627901 244.69530079886317 8.3454486657865328 7.2741597034037104 16.526488827075809 358.21800836734474 4.0131143834441891 68.064323394559324 3.6111012790352097 132.52163501875475 32.455931658856571 10.520198806189002 5.9076319835148743 20.65661868872121 6.2647410314530125 79.341691554058343 17.508496576920155 11.520278172567485 5.4280749517492941 5.2561132907867423 43.635854640044272 13.569699575193225 19.597533104475588 72.604817185085267 3.7661181087605664 49.743426096159965 2.4391610696911785 9.0035537313669902 15.616357671096919 29.93184335809201 74.220089244190603 827.83735277922824 9.3671294786035997 3.7791691217571488 10.351138150319459
leaf_count=243 57 401 55 78 80 55 10890 87 932 316 79 569 129 62 12779 30 61 18 1052 51 87 105 37 23 30 35 462 38 2463 94 57 170 6316 39 910 46 1770 304 123 80 280 48 808 123 186 115 27 484 121 205 747 36 539 40 52 168 567 877 11611 72 28 71
internal_value=0.00045645 -0.0195606 0.0215183 0.0786104 0.154637 0.223573 -0.0264083 0.00101212 -0.0199409 -0.0290925 0.00113252 0.0210869 0.00981892 0.0570437 0.000863314 0.0021478 0.00277958 0.0164979 0.00871641 0.0632676 0.0373127 0.017904 0.0727906 0.114445 0.00194686 0.00440219 0.00404974 0.0518306 -0.00352601 -0.0211158 0.00626895 0.0102383 0.00129723 0.0148581 0.00968473 0.0763375 0.00061227 0.0212901 0.005518 0.0371917 -0.00482184 0.0152039 0.0162222 0.020434 0.0173235 0.0537134 0.0194844 0.0270383 0.00831754 0.0094524 0.00178026 0.0396795 0.0315799 0.0727097 0.0924519 0.036675 -0.0110155 -0.00255283 -0.00184962 0.0240116 0.0447569 0.0643853
internal_weight=3277.74 87.3646 12.072 4.75231 1.89222 1.16559 75.2926 3190.37 7.31973 73.6047 3183.15 41.0965 35.3151 10.9549 3142.05 2418.72 2309.06 130.723 96.3585 6.83531 34.3642 23.2762 11.088 5.23142 2178.34 1323.52 1314.94 8.5807 297.277 52.5818 1017.66 564.731 452.932 94.7139 88.5053 6.20866 192.908 39.7301 84.4922 16.4278 153.178 371.822 365.558 286.216 263.279 22.9366 251.759 149.058 102.701 63.2334 89.1313 85.8247 70.6159 15.2088 11.4427 65.3598 109.657 79.7248 854.817 26.9796 17.6125 13.8333
internal_count=58418 12864 1601 614 213 133 11263 45554 987 11206 45311 839 760 191 44472 31693 30162 1403 1121 69 282 192 90 60 28759 16947 16848 99 3019 556 13829 6280 7549 1233 1152 81 2411 361 1113 203 2050 3869 3821 3013 2775 238 2589 1551 1038 689 917 862 734 128 92 707 1531 964 11812 201 129 101
is_linear=0
shrinkage=0.05


Tree=74
num_leaves=63
num_cat=0
split_feature=70 109 131 140 130 38 129 32 112 38 119 120 103 96 139 1 152 68 127 3 137 176 174 135 71 132 23 130 59 103 158 179 45 123 118 28 159 166 174 26 119 90 116 158 28 82 119 60 115 168 3 120 155 109 174 8 24 66 3 181 135 171
split_gain=13.6357 9.63975 7.45244 12.0708 8.69065 12.3595 10.9554 10.8177 12.3133 7.73176 7.70186 7.51037 7.55557 12.2523 7.29519 9.58256 10.7234 11.7025 9.10317 11.6175 8.10745 7.8962 7.04673 7.04618 6.97686 6.86114 6.87129 13.7638 11.6844 9.97117 11.8044 8.554 9.30433 9.91126 8.33825 8.31814 8.55436 8.24234 7.74736 10.8998 10.3937 8.91628 9.81774 7.57076 14.8316 9.53236 9.44279 8.47563 7.50186 7.30477 7.10325 7.15702 6.84942 7.07537 6.79806 6.75025 8.6137 8.92615 9.09692 8.89624 8.91862 7.66354
threshold=69.31174089068827 1.1070889395303751 1.0955099457565505 -1.4623138155336635 -1.1776040564033419 5.5000000000000009 -1.0000000180025095e-35 1.0000000180025095e-35 -0.44705453851071758 9.5000000000000018 0.39435869291460129 -1.6374580938302943 -1.3662233579141088 -0.75477726265637479 1.55732294242846 12.500000000000002 0.339986516742175 0.33421985815602845 -0.39338326252952566 485.00000000000006 1.3990888850041805 -0.27747477151393812 1.8617209598007414 -0.87759838573543092 0.3985250157192019 2.6688470314827253 0.46879960317460329 -0.22314276117256107 975.00000000000011 0.10783568881368595 0.88850241123757689 -1.1607185375835607 -1.4999999999999998 -0.27230567001251943 1.8265350768607937 35.150000000000013 -0.21758151850710941 -0.7286529237293734 0.078461015943795065 38.45000000000001 0.24122831226304201 0.47137047900297663 0.20920697163716395 -0.65002482294539976 37.45000000000001 0.059411764705882358 -0.67537975921348858 0.051974025974025985 1.1032887296528173 2.1944583345036595 473.00000000000006 -1.1491195107456484 -0.049881452033887413 -0.53723284033259289 0.71240384136631152 12.500000000000002 107.25000000000001 189.50000000000003 449.00000000000006 -0.28301261635371361 0.65212266927121565 -0.98487855022878734
decision_type=2 2 2 2 2 2 2 2 2 2 2 2 2 2 2 2 2 2 2 2 2 2 2 2 2 2 2 2 2 2 2 2 2 2 2 2 2 2 2 2 2 2 2 2 2 2 2 2 2 2 2 2 2 2 2 2 2 2 2 2 2 2
left_child=2 -2 4 -4 5 6 -1 8 -7 11 23 -6 13 -13 25 16 18 20 19 -16 -18 -20 -8 -9 -25 26 34 28 29 30 31 52 33 -33 -14 36 -31 -36 39 -34 -41 -40 -43 44 45 47 -47 -29 54 -37 51 -38 53 -28 -48 -11 57 59 -59 -57 -61 -58
right_child=1 -3 3 -5 9 7 22 10 -10 55 -12 12 14 -15 15 -17 17 -19 21 -21 -22 -23 -24 24 -26 -27 27 43 -30 35 -32 32 38 -35 37 49 50 -39 41 40 -42 42 -44 -45 -46 46 48 -49 -50 -51 -52 -53 -54 -55 -56 56 61 58 -60 60 -62 -63
leaf_value=-0.033039000340288553 -0.036570960416159988 0.082327622814016732 0.077343686651497767 -0.0098526122198695689 -0.025887971165003694 0.047479157045438473 0.00033402992128824422 -0.0015564226169036233 -0.0047536321548400373 0.024734540222863019 0.049335667099087765 0.064729142579094609 0.00018605939588065969 0.0066006705670389023 0.085025767424376758 -0.02982395294228804 0.13916191680864162 -0.032190188355384744 -0.035292656754903305 -0.035780262293912284 0.016409859566081899 0.018069516636313714 0.05332617052941211 0.02213058211986112 0.082564931424627105 -0.04409222100932924 0.1059868769236042 0.084165955477303017 0.11660005305141111 -0.038596512698546082 -0.023061762423433965 0.11818181027689872 -0.014235787301129947 -0.015390411537502242 0.10118861678476021 -0.035553043756171049 -0.0062680906845858538 0.0099182660529272808 0.0031579808952222031 0.090944127782144377 -0.0077159295988360917 0.097148423989201316 -0.03019435162250533 -0.022406668262300013 -0.03394824761566264 -0.030312739924757165 0.16257223727814413 -0.0091503700668259299 -0.0079799623126384795 0.041060411872262448 -0.00022920606155947253 0.13606978130669983 -0.014015623077858806 0.020608672556034609 0.031509335468727646 0.019973814411865892 0.066159533043031238 -0.016878840324736088 0.068582683794269961 -0.028332485845992475 0.017237048205255182 -0.037776836132272139
leaf_weight=24.016887860372663 32.156261084135622 0.84700837684795161 3.0430827946402124 210.0046125324443 27.283054048195481 12.12809247151017 107.07268421631306 30.20086962915957 78.93014717195183 56.202995663508773 25.814777005463839 10.176404535770414 2000.8978117643856 51.078488235827535 6.744952674489463 8.0667904890142363 4.0470652510412028 1.4738315679132936 9.3692525299265963 1.9791488922201095 2.3753781863488257 19.907322618644692 5.678692713379859 71.28109497576952 4.4193085469305506 8.1378364348784071 5.4328926550224415 1.8339168387465239 1.2523942072875787 3.0044559957459569 20.986966176424176 2.8744720597751439 44.414101479575038 1.7477520219981659 2.9963206476531923 32.717103206552565 1.0360014457255604 7.5472022830508632 11.266601268667729 4.3726376737467927 4.8526214477606118 5.9701640256680539 1.3555286638438699 136.71900409879163 16.4877286455594 1.3903024103492496 2.5664164600893846 16.075061016716063 1.269055846147239 2.537822315003722 3.2974620959721506 2.0259965378791076 2.5499143963679662 5.131828590296208 2.3450313881039619 40.069038037676364 1.0327165387570882 3.7538947514258316 9.9981046509928984 28.865288894623518 15.79248703829944 16.16529045952484
leaf_count=208 6320 98 44 4821 634 68 713 166 516 670 139 75 29798 482 102 167 79 23 245 44 47 281 29 367 42 148 93 55 15 119 366 47 861 34 62 946 15 140 190 75 103 92 29 5198 736 61 51 595 39 59 77 46 63 90 63 581 24 48 103 447 339 230
internal_value=0.000453644 -0.031041 0.000785265 -0.00822826 0.00142339 0.00871048 -0.0030797 0.0159526 0.00258915 0.000437154 0.0250643 -0.000268613 2.26744e-05 0.0172226 -0.000419557 0.0175836 0.0264808 0.0762247 0.0143267 0.0562444 0.102762 0.000225479 0.00349225 0.0186949 0.0267543 -0.000841485 -0.000670673 -0.00728452 0.00349277 0.00181143 0.00985804 0.0177613 0.0109475 0.0730321 0.000433119 -0.0178663 0.022042 0.042808 0.00596327 -0.00371626 0.0428792 0.0329086 0.0721882 -0.016738 0.00170442 0.0253746 0.0687959 0.00408675 0.0929034 -0.0289197 0.0527212 0.0969929 0.0537327 0.0703148 0.116757 0.0106638 0.00363117 0.00942552 0.0453524 0.00307489 -0.0120835 -0.0279683
internal_weight=3275.07 33.0033 3242.06 213.048 3029.02 359.543 136.768 222.774 91.0582 2669.47 131.716 2497.59 2470.31 61.2549 2409.06 53.9637 45.897 7.89628 38.0007 8.7241 6.42244 29.2766 112.751 105.901 75.7004 2355.09 2346.95 335.513 156.827 155.574 110.955 89.9685 76.8539 4.62222 2011.44 44.6188 9.36392 10.5435 72.2317 53.6394 9.22526 18.5923 7.32569 178.687 41.9675 25.4798 7.57081 17.909 6.1805 35.2549 6.35946 3.062 13.1146 10.5647 4.91145 171.88 115.677 98.4788 13.752 84.7268 44.6578 17.198
internal_count=58418 6418 52000 4865 47135 2248 950 1298 584 44887 714 42445 41811 557 41254 988 821 149 672 146 126 526 742 575 409 40266 40118 10118 3320 3305 2043 1677 1431 81 30000 1262 257 202 1350 1039 178 311 121 6798 1600 864 214 650 153 1005 138 61 246 183 114 2442 1772 1518 151 1367 786 254
is_linear=0
shrinkage=0.05


Tree=75
num_leaves=63
num_cat=0
split_feature=70 177 63 159 124 176 3 122 96 102 70 138 84 38 153 30 59 181 103 3 27 172 131 159 112 60 105 122 14 176 122 30 38 45 176 156 175 174 175 116 161 103 3 126 181 38 18 11 139 107 56 165 76 159 113 138 71 159 68 155 118 173
split_gain=17.2528 8.42188 7.80218 10.9259 9.01937 8.73392 8.66388 7.87489 7.78538 7.51484 7.32115 7.85983 6.96106 6.95843 6.50336 6.36667 10.0306 14.5337 14.5951 12.6931 12.1006 9.87061 9.53026 12.1161 8.86008 12.239 8.77396 16.4155 13.0534 8.77672 8.75456 8.66311 19.6858 9.06705 11.2248 8.43184 8.67333 8.24926 7.84782 8.71065 11.4285 7.64504 9.76039 8.33933 7.55325 7.75831 8.21438 8.10079 10.3964 7.3827 7.3468 7.74583 8.26669 7.77776 7.26381 7.0966 9.31796 6.9409 9.35762 6.79903 7.07108 6.72666
threshold=59.745967741935495 -0.6789850993391614 4.0072463768115947 1.1698480832731077 -1.4800191057515601 -0.35868116924629401 441.00000000000006 -0.92280834485855112 -1.0000000180025095e-35 1.4544115974609 18.381962864721491 2.4768881552674546 0.0077500000000000008 7.5000000000000009 0.70710678118654824 3.5000000000000004 147.50000000000003 -0.44927764405728321 -0.54006172486732129 467.00000000000006 122.85000000000001 -0.14937751902271015 -0.60142433619756663 -1.0017831004153808 -0.35362429938022849 0.086988585353341044 -0.73014250959662685 -0.38427914967343751 6.416666666666667 -0.42818662781255967 -0.94224363427157176 30.500000000000004 8.5000000000000018 -1.4999999999999998 -0.27670392411819705 0.5816642463996774 -0.23919384315252554 -1.292128731752443 -0.79412063768274022 -0.062379959549828855 -1.1556215113528929 -0.36390356623488679 507.00000000000006 -1.2631695771032503 1.0000000180025095e-35 6.5000000000000009 10.450000000000001 3.5000000000000004 -0.31948818910039462 1.1573097671139803 7.8081862976841299 -0.44375036764646253 -0.13500000000000004 0.2488013714336034 1.5572633881220226 2.0279569292455615 -0.55226047961396196 -0.53559653393681994 0.15808405906853465 0.4333938930851276 0.34647697318627441 -1.0238924832032232
decision_type=2 2 2 2 2 2 2 2 2 2 2 2 2 2 2 2 2 2 2 2 2 2 2 2 2 2 2 2 2 2 2 2 2 2 2 2 2 2 2 2 2 2 2 2 2 2 2 2 2 2 2 2 2 2 2 2 2 2 2 2 2 2
left_child=2 -2 3 5 -4 -1 7 -6 -7 -9 11 15 -3 -13 -11 16 22 18 -18 20 21 38 23 35 25 -20 27 30 -29 -28 -24 32 33 34 -17 36 -8 -33 -19 40 -40 50 43 -43 45 46 -35 48 -47 -48 51 53 -53 -25 -21 -39 -57 -45 -59 60 -50 -34
right_child=1 12 4 -5 6 8 10 9 -10 14 -12 13 -14 -15 -16 31 17 19 24 54 -22 -23 26 41 -26 -27 29 28 -30 -31 -32 37 61 44 -36 -37 -38 55 39 -41 -42 42 -44 57 -46 47 49 -49 59 -51 -52 52 -54 -55 -56 56 -58 58 -60 -61 -62 -63
leaf_value=0.054865156887450355 0.053090131126382681 -0.041000245357285234 -0.04253285030102457 0.05971128064489533 -0.036533801610981222 -0.0083318849228240684 -0.006908929542200886 -0.0058877988286722208 0.063881079905126814 0.01101414808441822 -0.011558098814994375 -0.00015112363289846925 0.066004979493792054 -0.052208243013953715 0.085345167808405925 0.068177413901790371 -0.002125811290520039 -0.0082774940651532628 0.076954979793551148 -0.017471778749649038 -0.042298573456534608 0.0032453262289879737 0.071477897381636069 0.057983564494228368 0.087247544651123332 -0.036458235380315222 0.043804331313520267 0.0085748025075504889 0.15635726240690606 -0.0051394145138014729 -0.013521533694270707 0.052272836679548032 0.029166856317449613 0.0089342178088376058 0 -0.01740440328242247 0.12834283535376242 0.0021042950689752452 0.011191195046309466 0.013567165398304071 0.15072758401856853 0.094273940204643691 -0.019441340849927047 -0.020061607970205144 -0.023324684711303924 0.030823287324762128 0.12739878864298482 -0.022026698157053267 -0.0054253150497862923 0.011280332043423444 -0.027899928385648171 -0.031133366662940379 0.022490852064952417 -0.023255058533943912 0.045122239053140716 0.068879076510652545 -0.011680172079056486 0.11095666135315607 0.024179879521712008 0.031952128954240065 -0.053743683327088912 -0.047032180689444814
leaf_weight=7.1732590929605058 1.8545701852999616 37.15338030224666 11.036611111834643 11.856663062702863 18.925850650295615 38.873385875485837 1.3126975353807209 386.39257341017947 3.1148369680158785 18.443383692763749 96.993641866371036 13.801473826169968 0.67716432921588321 11.335505248047411 2.6659213826060286 8.8947360645979661 10.302303613163529 2.1099154669791504 3.5437081074342123 35.911225159652531 3.4188791364431372 7.7179615814238796 2.7340523544698998 10.740667179226874 16.856485541909937 4.0421533370390534 8.47968707885593 2.803295210003852 2.7723185140639544 262.27407610462978 14.977550494484603 7.3379515297710887 2.4209778392687431 35.450929553247988 15.770558610558508 1.5696979593485592 4.2919027684256426 1810.9235123489052 2.2222332973033216 3.19279089197516 5.4662830233573914 3.9300102088600388 10.7564988899976 6.8173807729035607 43.487515228800476 23.495238612405956 2.0779613442718974 48.59547152556479 34.118350024335086 3.0454256441444159 17.807528344914317 14.290948940441012 12.531170587986708 3.2177010402083388 4.299385084770619 7.964748315513134 5.4080869210883957 2.5345877874642602 43.562313051894307 7.6244892152026287 8.9546286361291987 33.215538540389389
leaf_count=86 344 7212 259 80 412 345 29 7650 78 409 9448 119 91 147 40 85 121 38 45 544 54 112 49 104 173 61 150 44 58 3277 308 104 34 330 121 17 50 21195 18 45 76 40 135 96 606 222 20 861 289 24 186 119 110 34 34 67 97 36 447 62 90 941
internal_value=0.000597013 -0.0317572 0.00100378 0.0185713 0.00065992 0.00755693 0.000825042 -0.00579475 -0.00149716 -0.00426894 0.00185606 0.00235302 -0.0373056 -0.0249169 0.0240632 0.00262542 0.00753846 0.0218037 0.0474124 0.00738377 0.0353481 0.0497551 0.00417656 0.0152108 0.0677519 0.0187323 -0.000845713 0.0279284 0.0954195 -0.0034326 0.00245095 0.00138759 -0.00700227 -0.00158363 0.0264315 0.0744376 0.0996577 0.00261716 0.0748219 0.0906964 0.116902 0.0112455 0.022581 0.0308179 -0.00505937 -5.4353e-05 0.0186034 -0.00636051 0.00399065 0.0723068 -0.00190939 0.0097163 -0.00599276 0.0386194 -0.00972528 0.00238616 0.0374064 0.024351 0.031312 -0.00870363 -0.0165754 -0.0410643
internal_weight=3285.57 39.6851 3245.89 61.0181 3184.87 49.1615 3173.83 426.428 41.9882 407.502 2747.4 2650.41 37.8305 25.137 21.1093 2625.27 526.487 99.0833 34.7447 64.3387 24.1281 20.7092 427.404 133.363 24.4423 7.58586 294.041 23.2872 5.57561 270.754 17.7116 2098.79 267.152 231.515 24.6653 7.1743 5.6046 1831.63 12.9912 10.8813 7.68852 126.189 67.6008 56.8443 206.85 163.362 40.5743 122.788 74.1927 5.12339 58.588 40.7805 26.8221 13.9584 40.2106 1824.3 13.3728 52.9143 46.0969 50.6975 43.073 35.6365
internal_count=58478 7647 50831 589 50242 509 49983 8511 423 8099 41472 32024 7303 266 449 31758 6610 1321 400 921 343 289 5289 1403 279 106 3886 459 102 3427 357 25148 3685 2710 206 96 79 21463 177 139 94 1307 754 619 2504 1898 374 1524 663 44 553 367 229 138 578 21359 164 579 483 441 379 975
is_linear=0
shrinkage=0.05


Tree=76
num_leaves=63
num_cat=0
split_feature=70 109 8 70 63 144 168 64 154 180 154 76 118 156 167 30 139 95 157 126 96 71 138 167 123 177 38 63 163 154 177 120 137 173 80 157 65 95 64 163 150 61 178 96 2 158 107 8 115 22 92 62 60 63 117 139 172 181 124 165 108 108
split_gain=16.017 8.04279 7.67749 8.5404 8.60627 9.11527 10.1589 9.40586 9.03916 10.7607 8.2495 8.12967 7.94506 8.12196 8.14674 7.1796 8.3802 7.96571 10.9604 10.4937 8.1643 10.8934 9.17636 7.17778 6.90107 6.83433 6.69383 6.4102 7.18301 6.10178 6.05676 6.02167 8.5808 5.83707 8.23212 7.11603 5.82083 8.51987 7.74083 8.83199 12.0167 7.9818 10.9899 11.0272 9.18699 7.99868 7.86189 13.323 10.2884 8.41017 7.98792 8.7986 7.76961 7.72632 8.33053 7.66223 7.65826 7.45968 7.44282 7.33858 7.33208 7.19646
threshold=59.745967741935495 1.1070889395303751 14.500000000000002 6.9166666666666679 6.4804462907139184 0.27615659252520924 -0.72318794953789722 0.048318158145214889 0.31019731240555037 -0.29509323958628814 0.037065499870048139 -0.71499999999999986 -0.24310486296783851 -1.2789498418979284 -0.79458847842871239 33.500000000000007 -0.40522406186689236 1.1227701558630681 -0.62428382906542812 1.1620548078749942 0.58586601797606019 0.35757383928375958 -0.55162634047787329 -0.8865754555784443 3.1624376876019382 -0.54442863827945842 7.5000000000000009 7.4035616148805756 -1.5020790277292106 0.70620235444970758 -0.68757306825643372 1.2674227652018255 0.12470633731440249 -2.0050990404641165 -0.33666666666666667 0.34693657425679514 7.3051586519511238 -0.9605256097078847 0.090023696682464474 -0.32012359298983145 1.0668473323551921 0.065816547541693762 -0.3088695552973007 -0.47869377028245236 53.500000000000007 1.2651441165935395 0.16861944329578712 11.500000000000002 0.31045893210663861 7.0500000000000007 0.33333333333333881 0.081657910689028099 0.13833132610731971 6.9511864182413881 -0.38463523235353009 -0.28301261635371361 -0.46481551501782326 -0.27230567001251943 0.46805594846474335 0.23606769113362308 -0.41465048174789004 0.57888392878252637
decision_type=2 2 2 2 2 2 2 2 2 2 2 2 2 2 2 2 2 2 2 2 2 2 2 2 2 2 2 2 2 2 2 2 2 2 2 2 2 2 2 2 2 2 2 2 2 2 2 2 2 2 2 2 2 2 2 2 2 2 2 2 2 2
left_child=2 30 3 24 5 6 8 11 9 -5 -7 12 -8 -14 -15 16 17 18 -6 20 21 22 25 -24 27 -20 -3 36 -29 -12 -2 -30 -33 34 35 -4 -1 61 41 40 55 42 -39 45 53 -44 47 52 49 -48 51 -49 -46 54 60 -40 -52 -41 -50 -54 -43 -38
right_child=1 26 33 4 15 10 7 -9 -10 -11 29 -13 13 14 -16 -17 -18 -19 19 -21 -22 -23 23 -25 -26 -27 -28 28 31 -31 -32 32 -34 -35 -36 -37 37 38 39 57 -42 44 43 -45 46 -47 48 50 58 -51 56 -53 59 -55 -56 -57 -58 -59 -60 -61 -62 -63
leaf_value=0.0030448991502043544 0.038487864930025234 0.14006831676206352 0.067772329308610116 0.17741111392437747 -0.029067553520097905 0 -0.024776483624879695 -0.019464893696774246 -0.017040186872941631 0.01122411050075587 0.19009973503331032 -0.022807645100009585 -0.019230691615365461 0 0.17201088912284432 -0.028178493090260937 -0.0094624844610274039 -0.030964670155494912 0.011350372019737581 -0.03316691960111192 -0.024512249717307973 0.17687205368511563 0.088906995234376437 -0.029684389030843084 0.050256995942487129 0.17271543242669521 -0.019880070167520119 0.019784260018196994 -0.013629671579757441 0.0043038684602729462 -0.040562112648008776 -0.019106566466067915 0.081537426087811338 -0.0017908916764886021 -0.017352229233416852 -0.023203119370915189 0.031662400132417307 0.087823670829766998 0.050954848873418425 0.12045050069859931 0.097326006910414584 -0.024546403163937257 0.016746646848588193 -0.027751821805549155 0.0023851237922257436 0.092370976170153107 0.090146305596000828 0.022199567043232546 -0.007491484000963629 0 -0.02284405188964005 -0.037419841290537222 0.061608969285295724 0.068502112535311299 0.0020144598539387584 -0.0082137255532720287 0.0086442188250789379 -0.006949606680164565 0.050106490567187245 -0.0041611336141759523 0.070032264520461296 -0.029414970601384288
leaf_weight=778.32638385891914 1.7611533608287562 0.28701493050902971 9.3288509477861243 1.3768399483524261 3.5621192669495949 1.7824689769186073 1.0792438462376592 24.584018777590245 1.8521170564927159 2.0150713301263745 0.83569006156176306 2.6364690107293418 0.75193824572488654 0.89726196741685305 2.0920574162155394 41.449155874550343 127.83290104055777 4.1242604912258676 1.3126992397010329 1.7720173555426306 1.1276795272715379 2.2361153424717486 0.74714162014424568 3.7142679821699889 7.3567719142884007 0.98806844279169759 0.81279420061036944 22.194084480404854 108.58753380458802 0.71897729113698006 35.493872995022684 3.5654876204207531 3.1693828776478767 1603.042080538813 6.2967821317724875 2.0843830639496437 59.381807679310441 5.3104412844404569 6.1742431959137347 3.2510783318430185 3.1788381673395625 1.9810095671564329 16.718544366769496 9.6567567139863986 91.418999153189361 3.7617711406201115 6.5385702941566688 6.3255202248692504 27.018768188543618 3.8452898766845465 32.528654508292675 46.881172752007842 10.807374410331251 6.6070342268794766 37.957721278071404 21.932628517970446 44.392444211058319 1.333414390683173 6.0011290470138183 6.2190201841294757 8.4079381823539716 4.3846861310303202
leaf_count=6721 315 22 105 55 129 66 55 974 79 74 20 121 44 49 74 2098 6109 343 44 71 133 71 22 121 60 36 104 106 1107 25 7206 40 28 27202 76 45 498 45 47 48 24 26 147 105 802 31 74 64 340 52 340 494 79 55 379 168 438 28 82 46 74 42
internal_value=0.000581636 -0.0311211 0.00096731 0.00339617 -0.0055149 0.0150663 0.00675033 -0.00434255 0.0651693 0.104856 0.0838473 0.0413278 0.0751563 0.104184 0.13352 -0.010024 -0.00473033 0.0248741 0.04105 0.0630562 0.0818119 0.0967557 0.0502453 0.00190298 0.00486837 0.113495 0.0663068 0.00458816 -0.00560969 0.141452 -0.0357861 -0.0106679 0.0320277 -0.00146498 0.0262869 0.0502241 0.00571733 0.0100977 0.00738653 0.0292848 0.0180857 0.00519095 0.0274377 0.0141578 0.00276136 0.0345235 -0.000890937 -0.00448631 0.0184148 0.0594512 -0.0152342 -0.0299609 0.00838621 0.0212723 0.0134592 0.00591613 -0.00472976 0.0878913 0.00399472 0.0384104 0.0509868 0.0269961
internal_weight=3283.81 38.3548 3245.46 1624.7 229.489 40.6222 37.285 32.041 5.24403 3.39191 3.33714 7.45697 4.8205 3.74126 2.98932 188.866 147.417 19.5844 15.4601 11.898 10.126 8.99829 6.76218 4.46141 1395.21 2.30077 1.09981 1387.86 137.516 1.55467 37.255 115.322 6.73487 1620.75 17.71 11.4132 1250.34 472.015 408.248 35.8702 31.2857 372.378 35.4475 30.1371 336.931 20.4803 281.977 238.573 43.4038 10.3839 130.128 53.2067 108.445 54.9537 48.3467 28.1069 76.9211 4.58449 33.0199 17.0264 10.3889 63.7665
internal_count=58478 7647 50831 23403 10813 1636 1525 1317 208 129 111 343 222 167 123 9177 7079 970 627 498 427 294 223 143 12590 80 126 12530 1281 45 7521 1175 68 27428 226 150 11249 4528 3988 315 239 3673 328 283 3345 178 2811 2263 548 126 1336 558 927 534 479 215 778 76 422 125 100 540
is_linear=0
shrinkage=0.05


Tree=77
num_leaves=63
num_cat=0
split_feature=70 109 163 79 93 82 2 160 45 179 4 80 157 144 116 155 69 124 25 138 162 5 65 157 180 95 70 65 91 156 135 58 28 121 65 18 177 120 5 96 177 69 139 164 4 30 180 168 68 95 71 102 130 70 64 65 156 58 169 134 18 102
split_gain=14.8324 7.81779 6.89523 11.1115 10.9464 11.9311 9.62112 11.7088 8.19514 13.4959 10.5121 9.45573 10.848 8.30078 7.59182 7.39525 7.001 6.72599 6.70901 6.69406 6.44264 6.37931 7.10598 8.65842 6.29422 6.25925 6.16402 5.94177 8.77046 8.55647 11.8282 9.23806 7.57144 7.37587 6.82343 6.57311 5.78317 5.55949 6.38592 6.95551 6.28076 8.42835 11.2239 8.85548 8.54689 8.42792 8.98052 14.7427 13.5235 10.5778 13.2546 8.33115 7.709 7.6375 6.64451 6.43334 8.38047 6.95012 6.03253 6.53201 8.9383 5.44781
threshold=59.745967741935495 1.1070889395303751 0.12661367819307137 0.58571428571428574 -0.55195474189119642 0.19722222222222227 54.500000000000007 0.18393185215715674 -1.0000000180025095e-35 1.0308935349218491 4.5000000000000009 0.031666666666666739 0.61373397512669114 -0.75213874236215827 -1.3189747794131603 0.20093224122618608 1.0000000180025095e-35 -1.4800191057515601 35.635416666666679 2.4768881552674546 -0.014617805019361134 1750.0000000000002 6.7314742914193806 -0.78229561181201801 -0.71949648814961276 1.1052924312977368 12.177124183006537 9.0218813516260177 -0.75273796531717407 -1.0235460126487876 0.58535629677552048 7.3034990355997165 37.150000000000013 -0.1809860211732818 9.3314446227929384 4.9000000000000012 -0.68757306825643372 -0.68500093151918295 2550.0000000000005 -1.0000000180025095e-35 -0.66497987981782092 8.5000000000000018 -0.28301261635371361 -0.42009689630470154 -7.4999999999999991 364.50000000000006 -0.41892383224409441 -0.46746112027841186 0.20851449275362322 1.2341237526412401 0.35757383928375958 2.2590595776485576 -1.1776040564033419 26.94929396662388 0.072547032575472792 5.6565921532846728 0.68633913237562194 8.5288441662838785 0.88534369571739258 -0.52174771949592913 8.3666666666666689 -0.58983040070181725
decision_type=2 2 2 2 2 2 2 2 2 2 2 2 2 2 2 2 2 2 2 2 2 2 2 2 2 2 2 2 2 2 2 2 2 2 2 2 2 2 2 2 2 2 2 2 2 2 2 2 2 2 2 2 2 2 2 2 2 2 2 2 2 2
left_child=2 36 16 8 -5 6 -6 15 9 13 14 12 18 26 20 -8 -1 -18 -11 27 -10 22 23 -15 -24 -3 -4 -19 -29 31 32 33 34 35 -31 -30 -2 38 -16 -40 41 44 -43 -44 54 52 -47 -48 49 50 -49 -46 58 -45 -39 56 -54 61 59 60 -42 -57
right_child=1 25 3 4 5 -7 7 -9 10 11 -12 -13 -14 21 37 -17 17 19 -20 -21 -22 -23 24 -25 -26 -27 -28 28 29 30 -32 -33 -34 -35 -36 -37 -38 40 39 -41 45 42 43 53 51 46 47 48 -50 -51 -52 -53 55 -55 -56 57 -58 -59 -60 -61 -62 -63
leaf_value=-0.0449945713403124 0.036341489462551786 -0.019619966165581901 0.12404268479458708 -0.033159261019245781 -0.018184976617618694 -0.027006501834081376 0.22427706228138522 -0.016552253345821645 0.088730858711158975 0.0013612544682127159 -0.032022595755268855 -0.026505547941564612 -0.023283783071785833 -0.012990558502327913 -0.037442960668975699 0.0080436247936855245 -0.037515433613350344 0.0018442257515582303 0.16806527542924135 -0.021483152777310426 -0.025653968478221951 -0.035608345006028115 0.065481065849089706 0.11952583556404035 -0.02124372128323165 0.1341841018085583 -0.018611521258774376 -0.013413352268173038 0.005733531600731652 0.11101657407258791 -0.033076861576894094 -0.015112013748691476 0.0033340119374355329 0 0.036853024283156101 0.12715794631615693 -0.040163768575133714 0.11672816148709086 -0.028026225661194989 0.10482796872743874 0.086427943129038884 -0.028157924457441898 0.026627059737941907 0.23234889185512131 -0.018739094806000781 -0.010791709208167827 -0.030194495172094923 -0.010246207549895884 -0.003572305546315472 -0.011278286507319641 0.27670507558211538 0.098838289473848276 0.10542902752043165 -0.0073672877685205772 -0.011142908119754422 -0.00086955041953884937 -0.018826966585581736 0.077527923609166952 0.081490254126046102 -0.031442848256470951 -0.024629949189392639 -0.025037642647633349
leaf_weight=7.0080603072419754 1.8291822406463314 0.79716693470254429 1.1836675489321375 2.0882996837608516 0.70543524436652605 1.3085708031430838 1.8671681606210775 0.61069409223273385 2.7673689099028711 0.8113136352039868 47.642071894370019 1.2173810377717016 0.91909074131399382 1.7606953359209003 22.714841500390325 0.604439032729715 9.8278793143108469 2836.5335948760621 2.7553208493627608 29.139680309221148 1.197549471631645 11.381554143037645 1.5095173981972081 1.8351723463274598 11.475770568009459 0.32759780529886484 0.7250371086411177 16.679886887781322 1.9340943256393073 7.7172466763295287 3.0359738795086733 16.346941396128386 4.4094884605146936 4.7781277755275386 7.5312431841157377 2.4168556332588196 34.098974796477705 1.6403913381509547 1.3265643306076529 0.86179917957633634 3.0677403453737488 1.456039940472692 2.1136751705780625 0.74877291964366965 18.465778969228271 5.2756467186845839 1.6799249164760111 0.37117495154961799 1.2202526261098681 0.41010532062500704 1.1124329273588953 0.63278173096477885 1.527890044730156 0.28791113803163171 1.285499157849699 31.870689169038087 2.2772838273085654 0.91225390136241813 2.3998988568782798 5.4406027961522332 2.5386542864143848 91.369033759925514
leaf_count=244 315 100 20 117 50 75 69 28 75 32 3234 44 39 81 1476 26 143 30489 77 286 88 554 67 47 572 26 52 244 20 83 56 241 76 68 103 26 7206 66 47 61 39 136 170 42 863 336 124 19 71 33 54 19 87 47 40 2395 131 60 24 110 40 6915
internal_value=0.00057347 -0.0304578 0.000938644 -0.00630153 0.051135 0.0862695 0.123915 0.15415 -0.00791145 0.0142266 -0.0110677 0.078344 0.107355 0 -0.00608934 0.190386 0.00167273 0.00180091 0.139841 0.00194722 0.0549669 -0.00823746 0.0112227 0.0648438 -0.00684333 0.0648929 0.0803665 0.00219159 0.0170505 0.0277592 0.0494514 0.00710905 0.0634233 0.0449564 0.0792173 0.0852752 -0.0352547 -0.00756992 -0.0292624 0.0391937 -0.00436244 0.0175506 0.0723438 0.115591 0.00322923 -0.00833765 0.0336954 0.0769289 0.129227 0.18819 0.227682 -0.00987084 -0.0115816 0.19239 0.070746 -0.0154177 0.0415826 -0.017523 0.0231162 0.00430802 0.0392664 -0.0188851
internal_weight=3281.79 37.0529 3244.73 297.374 7.18461 5.09631 3.78774 3.0823 290.189 35.5745 254.615 5.70311 4.48573 29.8714 206.973 2.47161 2947.36 2940.35 3.56663 2930.52 3.96492 27.9627 16.5812 3.59587 12.9853 1.12476 1.9087 2901.38 64.8499 48.17 22.694 25.476 19.658 9.12908 15.2485 4.35095 35.9282 203.008 24.9032 2.18836 178.104 26.6309 4.6064 3.15036 22.0245 151.474 10.0695 4.79389 3.11397 1.89371 1.48361 19.0986 141.404 1.03668 2.92589 127.957 3.80517 124.152 13.4469 11.047 5.60639 123.24
internal_count=58478 7647 50831 18752 365 248 173 123 18387 1585 16802 192 148 1393 13568 95 32079 31835 109 31692 163 1321 767 128 639 126 72 31406 917 673 318 355 262 114 186 46 7521 13405 1584 108 11821 1383 395 259 988 10438 637 301 177 106 73 882 9801 89 106 9588 218 9370 213 189 79 9310
is_linear=0
shrinkage=0.05


end of trees

feature_importances:
best_class_rank_z=289
odds_ratio_to_fav=165
days_since_last=104
career_runs_z=99
odds_deviation_z=99
best_class_rank=95
horse_weight_change_z=68
jockey_course_runs=66
sire_avg_finish=64
is_longshot_z=64
odds_ratio_to_fav_z=61
field_size=59
trainer_place_pct_10_z=59
trainer_roi_10_z=56
age_z=55
class_drops_last5_z=55
odds_deviation=54
career_wins_z=54
horse_weight_z=53
jockey_win_pct_5_z=51
trainer_offspring_win_pct=50
sex_code_z=50
pace_place_prob_z=50
is_extreme_longshot_z=48
jockey_roi_10_z=48
trainer_14d_place_pct_z=48
runs_on_surface_z=47
draw_bias_at_course_z=47
jockey_course_runs_z=47
jockey_place_pct_10_z=47
horse_weight=46
draw_low_win_pct=46
days_since_last_z=46
trainer_offspring_avg_finish=45
avg_last_3f_z=43
runs_at_course_z=43
trainer_win_pct_10_z=43
pace_win_prob_z=43
sire_runners=41
pace_style_closer_z=41
class_change_z=40
trainer_offspring_win_pct_z=40
class_rank=39
pace_style_stalk_z=39
last_last_3f_z=38
sire_win_pct_surface_z=38
trainer_offspring_avg_finish_z=38
pace_style_deep_z=38
odds_rank=37
runs_at_dist_z=37
sire_avg_finish_z=37
avg_last_3f=36
trainer_14d_runs_z=36
jockey_course_win_pct_z=35
jockey_place_pct_5_z=34
trainer_14d_win_pct_z=34
jockey_course_place_pct=33
weight_trend_z=33
pace_place_prob=32
weight_carried_z=32
last_finish_pos_z=32
class_rises_last5_z=32
sire_win_pct_surface=31
jockey_roi_10=31
draw_z=31
post_position_z=31
jockey_recent_wins_z=30
last_time_secs=29
draw_bias_at_course=29
jockey_course_win_pct=29
last_time_secs_z=29
odds_rank_z=29
last_last_3f=28
sire_win_pct=28
best_last_3f_z=28
sire_win_pct_distance_z=28
jockey_win_pct_10_z=28
last10_avg_beaten_pct=27
best_time_at_dist_z=27
trainer_14d_runs=26
trainer_14d_place_pct=26
last3_place_pct_z=25
win_streak_z=25
last3_avg_beaten_pct=24
win_pct_on_surface_z=24
horse_going_win_pct_z=24
jockey_course_place_pct_z=24
best_last_3f=23
last5_place_pct_z=23
avg_first_corner_z=23
sire_runners_z=23
sire_win_pct_z=23
sire_win_pct_distance=22
trainer_roi_10=22
runs_at_course=21
pace_style_front_z=21
win_pct_at_course_z=20
career_runs=19
post_position=17
pace_win_prob=17
last3_win_pct_z=17
last5_win_pct_z=17
last5_avg_beaten_pct_z=17
horse_weight_change=16
best_time_at_dist=16
last3_avg_beaten_pct_z=16
last5_avg_finish_z=16
last10_win_pct_z=16
course_month_bias_z=15
age=14
avg_first_corner=14
last3_avg_finish_z=14
weight_carried=13
trainer_14d_win_pct=13
class_at_last_win_z=13
last3_avg_finish=12
runs_at_dist=12
runs_on_surface=12
trainer_place_pct_10=12
last10_avg_finish_z=12
last5_avg_finish=11
class_at_last_win=11
last10_place_pct_z=11
win_pct_at_dist_z=11
last10_avg_beaten_pct_z=10
career_win_pct_z=10
distance=9
last10_avg_finish=9
course_month_bias=9
class_change=8
going_x_distance=8
draw=7
career_place_pct_z=7
career_wins=6
jockey_place_pct_10=6
last5_win_pct=5
weight_trend=5
class_drops_last5=5
last5_avg_beaten_pct=4
last10_win_pct=4
last_finish_pos=4
going_x_dist_x_surface=4
last3_place_pct=3
last5_place_pct=3
win_pct_on_surface=3
win_pct_at_course=3
horse_heavy_speed_diff=3
jockey_win_pct_10=3
jockey_recent_wins=3
sex_code=2
win_pct_at_dist=2
career_win_pct=2
career_place_pct=2
class_rises_last5=2
weather_code=2
trainer_win_pct_10=2
surface_code=1
last3_win_pct=1
going_x_surface=1
jockey_place_pct_5=1
horse_wet_track_advantage_z=1
horse_heavy_speed_diff_z=1

parameters:
[boosting: gbdt]
[objective: binary]
[metric: binary_logloss]
[tree_learner: serial]
[device_type: cpu]
[data_sample_strategy: bagging]
[data: ]
[valid: ]
[num_iterations: 1000]
[learning_rate: 0.05]
[num_leaves: 63]
[num_threads: 0]
[seed: 42]
[deterministic: 0]
[force_col_wise: 0]
[force_row_wise: 0]
[histogram_pool_size: -1]
[max_depth: -1]
[min_data_in_leaf: 20]
[min_sum_hessian_in_leaf: 0.001]
[bagging_fraction: 0.8]
[pos_bagging_fraction: 1]
[neg_bagging_fraction: 1]
[bagging_freq: 5]
[bagging_seed: 400]
[bagging_by_query: 0]
[feature_fraction: 0.8]
[feature_fraction_bynode: 1]
[feature_fraction_seed: 30056]
[extra_trees: 0]
[extra_seed: 12879]
[early_stopping_round: 0]
[early_stopping_min_delta: 0]
[first_metric_only: 0]
[max_delta_step: 0]
[lambda_l1: 0.1]
[lambda_l2: 1]
[linear_lambda: 0]
[min_gain_to_split: 0]
[drop_rate: 0.1]
[max_drop: 50]
[skip_drop: 0.5]
[xgboost_dart_mode: 0]
[uniform_drop: 0]
[drop_seed: 17869]
[top_rate: 0.2]
[other_rate: 0.1]
[min_data_per_group: 100]
[max_cat_threshold: 32]
[cat_l2: 10]
[cat_smooth: 10]
[max_cat_to_onehot: 4]
[top_k: 20]
[monotone_constraints: ]
[monotone_constraints_method: basic]
[monotone_penalty: 0]
[feature_contri: ]
[forcedsplits_filename: ]
[refit_decay_rate: 0.9]
[cegb_tradeoff: 1]
[cegb_penalty_split: 0]
[cegb_penalty_feature_lazy: ]
[cegb_penalty_feature_coupled: ]
[path_smooth: 0]
[interaction_constraints: ]
[verbosity: -1]
[saved_feature_importance_type: 0]
[use_quantized_grad: 0]
[num_grad_quant_bins: 4]
[quant_train_renew_leaf: 0]
[stochastic_rounding: 1]
[linear_tree: 0]
[max_bin: 255]
[max_bin_by_feature: ]
[min_data_in_bin: 3]
[bin_construct_sample_cnt: 200000]
[data_random_seed: 175]
[is_enable_sparse: 1]
[enable_bundle: 1]
[use_missing: 1]
[zero_as_missing: 0]
[feature_pre_filter: 1]
[pre_partition: 0]
[two_round: 0]
[header: 0]
[label_column: ]
[weight_column: ]
[group_column: ]
[ignore_column: ]
[categorical_feature: ]
[forcedbins_filename: ]
[precise_float_parser: 0]
[parser_config_file: ]
[objective_seed: 16083]
[num_class: 1]
[is_unbalance: 0]
[scale_pos_weight: 1]
[sigmoid: 1]
[boost_from_average: 1]
[reg_sqrt: 0]
[alpha: 0.9]
[fair_c: 1]
[poisson_max_delta_step: 0.7]
[tweedie_variance_power: 1.5]
[lambdarank_truncation_level: 30]
[lambdarank_norm: 1]
[label_gain: ]
[lambdarank_position_bias_regularization: 0]
[eval_at: ]
[multi_error_top_k: 1]
[auc_mu_weights: ]
[num_machines: 1]
[local_listen_port: 12400]
[time_out: 120]
[machine_list_filename: ]
[machines: ]
[gpu_platform_id: -1]
[gpu_device_id: -1]
[gpu_use_dp: 0]
[num_gpu: 1]

end of parameters

pandas_categorical:null
