tree
version=v4
num_class=1
num_tree_per_iteration=1
label_index=0
max_feature_idx=265
objective=binary sigmoid:1
feature_names=draw post_position weight_carried horse_weight horse_weight_change odds_win log_odds popularity is_longshot is_extreme_longshot distance surface_code going_code field_size class_rank sex_code age training_center_distance last3_win_pct last3_place_pct last3_avg_finish last3_avg_beaten_pct last5_win_pct last5_place_pct last5_avg_finish last5_avg_beaten_pct last10_win_pct last10_place_pct last10_avg_finish last10_avg_beaten_pct best_time_at_dist avg_last_3f best_last_3f last_time_secs last_last_3f last_finish_pos days_since_last win_streak runs_at_dist win_pct_at_dist runs_on_surface win_pct_on_surface runs_at_course win_pct_at_course best_class_rank career_runs career_wins career_win_pct career_place_pct avg_first_corner weight_trend class_change class_drops_last5 class_rises_last5 class_at_last_win weather_code going_x_surface going_x_distance horse_going_win_pct horse_wet_track_advantage horse_heavy_speed_diff going_x_dist_x_surface draw_bias_at_course draw_low_win_pct course_month_bias sire_runners sire_win_pct sire_win_pct_surface sire_win_pct_distance sire_avg_finish trainer_offspring_win_pct trainer_offspring_avg_finish jockey_course_runs jockey_course_win_pct jockey_course_place_pct trainer_course_runs trainer_course_win_pct trainer_course_place_pct pace_scenario odds_rank odds_ratio_to_fav odds_deviation beaten_lengths_avg3 beaten_lengths_best class_adjusted_margin is_fresh is_rested is_stale avg_first_3f best_first_3f avg_early_speed early_late_ratio_avg3 speed_figure_last speed_figure_best speed_figure_avg3 jt_combo_runs jt_combo_win_pct jt_combo_place_pct field_avg_career_win_pct horse_vs_field_quality weight_vs_field_avg weight_per_kg_body age_x_class is_improving_3yo month_of_year horse_month_win_pct season_code bms_runners bms_win_pct bms_win_pct_surface bms_win_pct_distance draw_bias_90d jockey_win_pct_5 jockey_win_pct_10 jockey_place_pct_5 jockey_place_pct_10 jockey_roi_10 jockey_recent_wins trainer_win_pct_10 trainer_place_pct_10 trainer_roi_10 trainer_14d_runs trainer_14d_win_pct trainer_14d_place_pct pace_win_prob pace_place_prob pace_style_front pace_style_stalk pace_style_closer pace_style_deep draw_z post_position_z weight_carried_z horse_weight_z horse_weight_change_z odds_win_z log_odds_z popularity_z is_longshot_z is_extreme_longshot_z distance_z surface_code_z going_code_z field_size_z class_rank_z sex_code_z age_z training_center_distance_z last3_win_pct_z last3_place_pct_z last3_avg_finish_z last3_avg_beaten_pct_z last5_win_pct_z last5_place_pct_z last5_avg_finish_z last5_avg_beaten_pct_z last10_win_pct_z last10_place_pct_z last10_avg_finish_z last10_avg_beaten_pct_z best_time_at_dist_z avg_last_3f_z best_last_3f_z last_time_secs_z last_last_3f_z last_finish_pos_z days_since_last_z win_streak_z runs_at_dist_z win_pct_at_dist_z runs_on_surface_z win_pct_on_surface_z runs_at_course_z win_pct_at_course_z best_class_rank_z career_runs_z career_wins_z career_win_pct_z career_place_pct_z avg_first_corner_z weight_trend_z class_change_z class_drops_last5_z class_rises_last5_z class_at_last_win_z weather_code_z going_x_surface_z going_x_distance_z horse_going_win_pct_z horse_wet_track_advantage_z horse_heavy_speed_diff_z going_x_dist_x_surface_z draw_bias_at_course_z draw_low_win_pct_z course_month_bias_z sire_runners_z sire_win_pct_z sire_win_pct_surface_z sire_win_pct_distance_z sire_avg_finish_z trainer_offspring_win_pct_z trainer_offspring_avg_finish_z jockey_course_runs_z jockey_course_win_pct_z jockey_course_place_pct_z trainer_course_runs_z trainer_course_win_pct_z trainer_course_place_pct_z pace_scenario_z odds_rank_z odds_ratio_to_fav_z odds_deviation_z beaten_lengths_avg3_z beaten_lengths_best_z class_adjusted_margin_z is_fresh_z is_rested_z is_stale_z avg_first_3f_z best_first_3f_z avg_early_speed_z early_late_ratio_avg3_z speed_figure_last_z speed_figure_best_z speed_figure_avg3_z jt_combo_runs_z jt_combo_win_pct_z jt_combo_place_pct_z field_avg_career_win_pct_z horse_vs_field_quality_z weight_vs_field_avg_z weight_per_kg_body_z age_x_class_z is_improving_3yo_z month_of_year_z horse_month_win_pct_z season_code_z bms_runners_z bms_win_pct_z bms_win_pct_surface_z bms_win_pct_distance_z draw_bias_90d_z jockey_win_pct_5_z jockey_win_pct_10_z jockey_place_pct_5_z jockey_place_pct_10_z jockey_roi_10_z jockey_recent_wins_z trainer_win_pct_10_z trainer_place_pct_10_z trainer_roi_10_z trainer_14d_runs_z trainer_14d_win_pct_z trainer_14d_place_pct_z pace_win_prob_z pace_place_prob_z pace_style_front_z pace_style_stalk_z pace_style_closer_z pace_style_deep_z pace_prob_fast pace_prob_fast_z pace_prob_slow pace_prob_slow_z pace_prob_moderate pace_prob_moderate_z
feature_infos=[1:8] [1:18] [48:63] [336:999] [-40:48] [1.1000000000000001:999.89999999999998] [0.095310179804324935:6.9076552739818036] [1:18] [0:1] [0:1] [1000:4250] [0:1] [0:3] [5:19] [1:10] [0:2] [2:12] none [0:1] [0:1] [1:18] [0.052631578947368418:1] [0:1] [0:1] [1:18] [0.052631578947368418:1] [0:1] [0:1] [1:18] [0.052631578947368418:1] [54.100000000000001:265.69999999999999] [13.050000000000001:70.799999999999997] [12.800000000000001:70.799999999999997] [54.100000000000001:305.19999999999999] [12.800000000000001:70.799999999999997] [1:18] [1:1204] [0:6] [0:28] [0:1] [0:40] [0:1] [0:19] [0:1] [1:10] [1:41] [0:7] [0:1] [0:1] [1:18] [-42:60] [-9:9] [0:5] [0:4] [1:10] [0:3] [0:3] [0:9.8999999999999986] [0:1] [-1:1] [-122.95:117.96666666666665] [0:9] [4.333333333333333:10] [0.027027027027027029:0.13207547169811321] [4.333333333333333:10.266666666666667] [1:2877] [0:1] [0:1] [0:1] [1:18] [0:0.59999999999999998] [2.0909090909090908:16] [1:511] [0:1] [0:1] [1:318] [0:1] [0:1] [0:9] [0:18] [1:601.63636363636351] [-3.1710105049389079:3.1918012192889988] [0:10] [0:10] [0:100] [0:1] [0:1] [0:1] [21.899999999999999:246.24999999999997] [21.700000000000003:228.69999999999999] [21.899999999999999:246.24999999999997] [0.51977401129943501:19.078873628221061] [-490.30470914127409:94.618055555555614] [-490.30470914127409:94.618055555555614] [-490.30470914127409:93.642611683848841] [1:211] [0:1] [0:1] [0.0022522522522522522:0.37152777777777779] [-0.37152777777777779:0.98611111111111116] [-6.5:5.6666666666666643] [0.051051051051051052:0.16470588235294117] [2:110] [0:1] [1:12] [0:1] [0:3] [1:5290] [0:1] [0:0.75] [0:1] [4.333333333333333:11] [0:1] [0:1] [0:1] [0:1] [-1:54.36999999999999] [0:7] [0:1] [0:1] [-1:85.099999999999994] [0:26] [0:1] [0:1] [0:1] [0:1] [0:1] [0:1] [0:1] [0:1] [-2.1470200955880046:1.7428425057933377] [-1.9424963128577206:1.7618404106652401] [-4.0069384267237727:4.0069384267237691] [-3.5409248558289392:3.7940994920429212] [-3.370764274289836:3.6453248811361698] [-1.6594897248169806:3.8403826833956707] [-2.8511711754541542:2.869781247954557] [-1.7349631298908472:1.821968399212889] [-2.0155644370746373:3.474396144861517] [-1.818118685772619:4.0069384267237691] none none none none none [-4.0069384267237691:4.00693842672377] [-2.6719698869790949:3.8805700005813275] none [-2.9563354604710725:4.00693842672377] [-3.0716544651334305:4.0069384267237691] [-2.7432960071096559:3.4734529637640121] [-2.8554025697022678:3.3138534515038858] [-3.1754264805429417:4.0069384267237691] [-3.3085440874877223:4.0069384267237691] [-2.9743993059331872:3.4775586807272267] [-3.0787461332820967:3.4828943660390665] [-2.8460498941515415:3.8805700005813279] [-3.3085440874877223:4.0069384267237691] [-2.9495810943430456:3.520994315403577] [-3.0497410974451253:3.5441579153447189] [-3.188858240739239:3.6416821540244237] [-3.8418268528252151:3.6528961989429001] [-3.9932421995710041:3.7468773794465262] [-3.7082727215696725:3.9923645395381078] [-3.9287679874769799:3.8449006785982904] [-2.4908710609539084:3.8942982258413572] [-3.3726843908080113:3.9940635103671585] [-3.3282011773513753:4.00693842672377] [-3.1754264805429417:3.8842739379846067] [-2.6912556814351816:3.6954929400797867] [-3.474396144861517:3.75] [-2.5059910640423615:3.8415544308214855] [-3.474396144861517:4.00693842672377] [-2.0412414523193152:3.7500000000000004] [-4.0069384267237682:4.0069384267237718] [-2.7950849718747368:3.75] [-3.75:3.8805700005813275] [-2.7432758197560054:3.8805700005813279] [-3.3085440874877223:4.0069384267237691] [-2.8635047748097167:3.3056717636513198] [-3.8805700005813279:3.6399084251602805] [-4.0069384267237691:4.0069384267237691] [-3.614784456460256:4.0069384267237691] [-2.2360679774997898:4.00693842672377] [-3.3282011773513758:3.6147844564602596] none none [-8.8817841970012523e-16:8.8817841970012523e-16] [-2.4748737341529163:4.0069384267237682] [-3.2889040994898462:3.239495142123304] [-3.6798602726013123:3.6622530399303543] [-8.8817841970012523e-16:4.4408920985006262e-16] [-2.9008645378826063:3.1404681360032658] [-1.3877787807814457e-17:1.3877787807814457e-17] [-3.3019785183942147:3.1080524054173617] [-2.4501904226183515:3.584667431068763] [-3.2556606193637556:3.983834590307489] [-3.1408766491133484:3.8275706335128734] [-3.445242916404597:3.9436505034235387] [-3.7681338845117804:3.6257231233669507] [-3.198302661348368:3.602837948625452] [-3.477803558388382:3.6769447084094433] [-2.9058922185613296:3.7324656613392366] [-2.549709849867194:3.8691046625235557] [-2.7565678347462601:3.7397669445825961] [-3.3083420054169048:3.5540867022508995] [-2.8334249863193155:4.0069384267237691] [-3.2827291487200965:3.7500000000000009] none [-1.6980572889679542:1.6152252260914686] [-1.6594897248169809:3.8403826833956698] [-2.8511711754541533:2.8697812479545579] [-2.7423968694422332:3.9042524116162891] [-2.2677868380553634:4.00693842672377] [-2.7363464458091729:3.9800011437443419] [-4.00693842672377:4.00693842672377] [-3.3282011773513753:4.00693842672377] [-3.75:4.00693842672377] [-3.4867744235825509:3.8238373718948337] [-3.80516213658679:3.8587362355552073] [-3.4867744235825509:3.8238373718948342] [-3.6468358421654403:4.0034637414377592] [-3.7872162035911741:3.5777196115866787] [-3.6590997591971033:3.4505482014645126] [-3.74993446196904:3.474578934109565] [-2.0412414523193148:3.7484781059492005] [-2.2684969365124568:3.848948344332519] [-2.591876377109398:3.5035654358840898] none [-2.743275819756005:3.8805700005813275] [-4.0069384267237691:4.0069384267237691] [-3.7125790740038336:3.6930112031393092] [-2.6719698869790949:3.8805700005813275] [-1.8973665961010278:4.00693842672377] none [-2.0044593143431828:3.1754264805429417] none [-2.4214389461343506:3.6039541439255496] [-3.5049951329777249:3.9645626923090771] [-3.3891732188751851:3.8576810945350508] [-3.6041362941242352:3.9476621739557731] [-3.0404177327690034:3.1736487810048493] [-2.4748737341529168:4.00693842672377] [-2.2532028485964322:3.75] [-2.8460498941515415:3.4359213546813834] [-2.483512063154147:3.478129373775912] [-1.7146993907539896:4.0020350153190689] [-2.2532028485964322:3.7500000000000004] [-2.666666666666667:3.7500000000000009] [-2.8489566606135051:3.4262414443209641] [-2.0610728914069338:4.0053208513937353] [-2.950149822958243:3.690351675287352] [-1.997773385440005:4.00693842672377] [-2.7180334754592983:4.0069384267237691] [-0.87552919845057986:4.00693842672377] [-1.5497054716218599:2.9898627660952166] [-1.0978875820670999:4.00693842672377] [-4.0069384267237691:4.0069384267237691] [-3.7500000000000004:4.00693842672377] [-3.1754264805429417:4.00693842672377] none none none none none none
tree_sizes=6716 6767 6820 6808 6845 6854 6852 6854 6848 6867 6801 6882 6822 6850 6843 6820 6858 6821 6856 6869 6848 6866 6893 6929 6825 6876 6873 6855 6892 6889 6874 6845 6860 6888 6887 6882 6876 6895 6868 6909 6921 6907 6913 6929 6864 6896 6920 6865 6893 6866 6908 6796 6887 6900 6867 6931 6853 6901 6847 6850 6887 6856 6877 6899 6838 6933 6900 6924 6864 6888 6876 6861 6910 6873 6891 6900 6865 6928 6905 6923 6852 6847 6914 6848 6900 6880 6899 6888 6891 6927 6887 6899 6932 6939 6890 6933 6900 6932 6898 6896 6912

Tree=0
num_leaves=63
num_cat=0
split_feature=7 80 7 124 138 7 136 81 13 81 80 162 80 223 13 255 253 81 75 244 183 21 34 80 223 177 136 204 75 64 80 255 249 91 13 155 170 181 101 35 252 257 3 120 171 153 207 65 121 145 28 216 110 245 138 244 1 255 252 133 72 199
split_gain=10601.3 1932.72 1301.82 438.312 327.433 259.192 127.02 95.5418 89.7188 71.13 70.8441 67.9453 55.5028 49.2522 46.1481 45.9233 47.1093 45.6448 45.3078 43.6665 41.7099 41.1517 35.2241 35.1555 34.1683 33.8617 33.0219 32.0019 37.6157 30.412 29.8958 29.2061 28.916 28.8427 28.3692 32.5143 27.9515 29.2349 27.8698 26.7123 32.7833 26.5842 26.4775 26.149 26.1045 25.9004 25.8735 25.4553 25.0282 26.9663 27.9292 28.3934 33.2464 33.6621 24.9038 27.129 34.5158 24.0784 33.4517 24.0217 23.9445 23.8846
threshold=2.5000000000000004 5.0098039215686283 1.5000000000000002 0.99675000000000014 1.0000000180025095e-35 3.5000000000000004 -1.3340860002580568 -2.021155391448715 14.500000000000002 -1.6219575447408683 3.0087719298245621 -0.88957993254498591 4.2265395894428162 -0.0083191824738369762 15.500000000000002 2.0156279432373387 -0.60714728615739333 -1.1248372041412991 49.500000000000007 -0.95725016686917053 -0.50789122224667205 0.14511554621848743 39.95000000000001 1.9177927927927929 -0.21400391458488863 2.7708841398488349 -0.31906525246012268 -0.02872287136808083 9.5000000000000018 8.2366642958748226 27.010869565217394 0.95138354160441863 1.291468383477661 0.94709627906990934 16.500000000000004 -1.2733996670991719 0.32946021258693253 0.55293469754249414 0.12525303643724697 5.5000000000000009 2.5765358381697694 1.6676816891512714 433.00000000000006 3.9400000000000004 -0.55108092645127937 -0.52072347212864789 -0.98939407936581292 1405.5000000000002 6.5000000000000009 -1.1808636292987511 2.8944444444444448 1.1437717847885069 0.14303982462550238 -1.1056311879036727 -1.0004084133313014 -0.91254467191453659 7.5000000000000009 1.8491074414375752 -0.75145087174777736 1.2273041431308236 51.500000000000007 -1.3276523681826726
decision_type=2 2 2 2 2 2 2 2 2 2 2 2 2 2 2 2 2 2 2 2 2 2 2 2 2 2 2 2 2 2 2 2 2 2 2 2 2 2 2 2 2 2 2 2 2 2 2 2 2 2 2 2 2 2 2 2 2 2 2 2 2 2
left_child=2 5 3 9 26 23 48 13 19 11 45 21 14 38 17 16 18 27 -11 -9 -18 -1 31 54 -13 39 -3 60 -29 44 -6 -22 -16 -26 -35 -36 37 -19 59 40 42 -12 -15 46 -23 -7 -10 -33 -4 -50 -51 52 53 -52 55 -2 -57 -56 -59 -5 -8 -47
right_child=1 4 6 7 30 10 12 8 43 15 41 24 -14 25 32 -17 20 36 -20 -21 22 29 -24 -25 33 -27 -28 28 -30 -31 -32 47 -34 34 35 -37 -38 -39 -40 -41 -42 -43 -44 -45 -46 61 -48 -49 49 50 51 -53 -54 -55 57 56 -58 58 -60 -61 -62 -63
leaf_value=-2.4801262499410832 -2.5525817531448203 -2.5491137159124349 -2.4353923760119041 -2.2750681924364446 -2.5812089154967155 -2.4930847168181982 -2.4333517224981005 -2.4216491323782647 -2.5015006041921768 -2.5038233140921919 -2.54349266127771 -2.4360373915526456 -2.5492926720699649 -2.4388799693478855 -2.5045872018635564 -2.4467144332394328 -2.5057731962493337 -2.4512077757920228 -2.376363556783335 -2.2745712508872944 -2.4461551847296961 -2.4387599130772326 -2.558691966133436 -2.4999368078406112 -2.4931100207264554 -2.4800020436091996 -2.5646341427587558 -2.4892823613440087 -2.3957783441854783 -2.4705859550417602 -2.5906790612724495 -2.3407890238987537 -2.4391596456186644 -2.336641900727888 -2.5131878393195857 -2.3718231182662532 -2.5101085285568301 -2.5387129688388241 -2.5014528470147721 -2.4310202713004982 -2.4643060119773219 -2.5015841115951933 -2.1682893713307192 -2.5348241041162147 -2.2369337352174776 -2.4802857665906317 -2.3551109323025732 -2.4492158404660374 -2.5404416857982635 -2.4693877240016477 -2.5336139571491971 -2.4681292144419924 -2.5094309842049509 -2.3320076350448566 -2.4720252072298865 -2.3593365006041429 -2.4703730638011092 -2.4069008799495735 -2.5362075057733917 -2.4175757510465861 -2.5113054927977037 -2.5255849003965491
leaf_weight=3.3882062882184973 4.065847545862197 509.11187686771154 125.22810441255569 28.799753449857235 1422.2334715425968 93.785550057888031 20.803586609661579 7.9961668401956549 3.8625551685690871 18.431842207908634 668.69639304280281 27.512235060334206 20.532530106604099 1.8973955214023579 97.038228094577789 61.529826194047928 6.3698278218507758 93.650021806359291 11.181080751121042 80.436017282307148 12.536363266408442 3.1849139109253946 2.100687898695468 323.3026440218091 4.9467811807990065 1.626339018344878 1066.3362830281258 14.772579416632651 65.392381362617016 2.6428009048104277 2193.5247509926558 74.676066592335701 20.329237729310989 57.12515801936388 7.047469079494479 10.706731870770453 40.794003710150719 10.774495996534823 2.2362161502242079 2.3717444017529479 1.694103144109248 39.09990056604147 37.066976793110371 2.3717444017529479 23.514151640236378 30.697148971259594 72.304322190582752 8.6738080978393537 2.9138574078679076 11.045552499592302 2.3039802759885708 8.5382798463106138 3.7270269170403472 39.099900566041477 140.20397620648146 13.281768649816515 18.43184220790863 4.8790170550346366 34.559704139828682 6.3698278218507758 20.193709477782249 393.16745768487453
leaf_count=50 60 7513 1848 425 20988 1384 307 118 57 272 9868 406 303 28 1432 908 94 1382 165 1187 185 47 31 4771 73 24 15736 218 965 39 32370 1102 300 843 104 158 602 159 33 35 25 577 547 35 347 453 1067 128 43 163 34 126 55 577 2069 196 272 72 510 94 298 5802
internal_value=-2.53979 -2.56331 -2.40139 -2.34835 -2.57868 -2.51811 -2.45356 -2.29767 -2.32295 -2.38659 -2.53084 -2.35813 -2.46984 -2.24952 -2.46556 -2.40783 -2.39083 -2.45396 -2.45176 -2.28634 -2.37458 -2.29146 -2.36654 -2.48924 -2.38062 -2.20727 -2.55963 -2.43094 -2.41211 -2.27252 -2.58697 -2.36212 -2.49246 -2.3631 -2.3553 -2.42326 -2.47381 -2.46009 -2.30744 -2.19867 -2.18817 -2.54112 -2.17848 -2.36691 -2.25631 -2.5168 -2.36188 -2.3508 -2.41999 -2.39349 -2.38689 -2.3716 -2.3554 -2.3427 -2.47347 -2.4348 -2.41962 -2.48173 -2.51719 -2.29665 -2.47003 -2.52216
internal_weight=8137.12 6955.38 1181.74 584.601 5191.21 1764.17 597.137 249.033 166.971 335.568 1225.45 140.068 404.281 82.0624 383.748 195.5 133.97 266.381 29.6129 88.4322 104.357 32.7301 97.9869 538.725 107.338 44.6566 1575.45 121.162 80.165 29.3419 3615.76 95.8862 117.367 79.8261 74.8794 17.7542 145.219 104.425 37.4058 43.0302 40.6585 707.796 38.9644 78.5386 26.6991 517.65 76.1669 83.3499 192.857 67.6286 64.7147 53.6692 45.1309 41.4039 215.422 35.7795 31.7136 179.643 39.4387 35.1696 40.9973 423.865
internal_count=120080 102641 17439 8627 76607 26034 8812 3675 2464 4952 18084 2067 5966 1211 5663 2885 1977 3931 437 1305 1540 483 1446 7950 1584 659 23249 1788 1183 433 53358 1415 1732 1178 1105 262 2143 1541 552 635 600 10445 575 1159 394 7639 1124 1230 2846 998 955 792 666 611 3179 528 468 2651 582 519 605 6255
is_linear=0
shrinkage=1


Tree=1
num_leaves=63
num_cat=0
split_feature=5 5 5 5 5 5 5 5 5 174 34 21 108 5 170 36 205 199 44 154 254 31 204 174 203 252 225 109 250 94 82 3 249 182 5 249 183 101 5 135 132 217 176 240 239 116 27 76 68 151 98 205 202 89 163 216 182 159 206 81 241 240
split_gain=9443.41 1625.81 1232.67 309.912 283.129 185.483 102.865 47.2757 40.0174 39.7655 38.7722 37.6164 33.7003 31.7517 32.9563 30.2635 29.161 28.5428 33.9851 27.4648 30.4654 25.1776 24.7484 28.4111 39.0885 27.8074 24.2198 26.7798 30.4584 25.9909 24.0784 24.0132 23.8538 23.769 23.3402 22.6409 26.6581 29.6964 22.5632 22.1968 22.0272 25.7454 29.7436 21.9539 21.8554 21.8303 21.6493 23.6992 23.9205 28.4266 33.9467 21.3639 21.2119 21.2029 21.1491 20.7666 30.2856 24.3598 20.618 28.8943 25.1164 19.4851
threshold=5.3500000000000005 19.750000000000004 2.7500000000000004 1.7500000000000002 10.050000000000002 3.9500000000000006 32.050000000000004 7.4500000000000011 1.5500000000000003 -1.6200376033124078 39.750000000000007 0.14511554621848743 0.082829804064743842 3.3500000000000001 0.38476776905687665 155.50000000000003 -1.4225277423702924 -1.303582370165828 8.5000000000000018 -0.86831702494455987 -0.30150983556552974 35.178174603174611 -0.2220791913744152 0.43369074037399707 0.19522333678539119 -0.78066286283448394 -1.0943597450496239 0.16611479028697576 -0.78181824403151412 -10.92951280524027 0.40833333333333344 443.00000000000006 -1.1800640287087352 1.3341190338613564 12.550000000000002 0.051581616096394695 -0.34416052765041477 0.11359109018471569 64.850000000000009 -0.79208248535569747 0.40967324519935011 -0.91376502496766177 1.2522511437352963 -0.55833947501259573 -0.98555266995051516 -0.25857142857142851 0.76388888888888895 0.067600208904556744 0.063588409899188555 -0.79097574696808615 0.12136927792298637 0.33852040897247487 0.14624532670293078 34.150000000000013 0.74451709124869103 1.343669867052997 0.64122667699335911 0.38767582037547338 -0.79192106663256367 -1.1542615456678982 0.87981769941541987 1.1949378038644922
decision_type=2 2 2 2 2 2 2 2 2 2 2 2 2 2 2 2 2 2 2 2 2 2 2 2 2 2 2 2 2 2 2 2 2 2 2 2 2 2 2 2 2 2 2 2 2 2 2 2 2 2 2 2 2 2 2 2 2 2 2 2 2 2
left_child=2 4 3 8 7 9 -3 17 -1 15 11 33 35 19 21 58 -13 18 -2 20 -11 -15 -14 46 25 -25 -21 28 -28 -30 -27 51 -18 39 -6 36 37 44 -8 -5 41 -33 -43 -41 -7 -32 47 -24 -49 50 -50 -31 -51 -39 -26 56 57 -34 -4 60 -60 -57
right_child=1 6 5 10 34 12 38 -9 -10 13 -12 16 22 14 -16 -17 32 -19 -20 26 -22 -23 23 24 54 30 27 -29 29 31 45 40 55 -35 -36 -37 -38 53 -40 43 -42 42 -44 -45 -46 -47 -48 48 49 52 -52 -53 -54 -55 -56 61 -58 -59 59 -61 -62 -63
leaf_value=0.30937513316748527 0.010623858455584853 -0.028296523405669568 0.022721981394403234 0.16925839961886757 0.0016160092675666132 -0.00043833453694712936 -0.041588740150394515 0.014459257158179795 0.22361086285224743 -0.00077752727553340314 0.047033415439518056 0.1021518020672873 0.045924790357003357 0.064730358844712704 0.057256720035344412 0 0.086088663537092908 0.031360155771257135 0.098107911888869762 -0.0082881520239009732 0.10865302172507028 0.11384480597694402 0.051585294315793929 0.0014774549154484447 0.10986834333105466 0.056306393788031976 0.026810189298887944 0.030533689636947772 0.061864569947049711 0.015807921729671541 0.29282941362910181 0.015673660622017659 0.18992311666200901 -0.013031767495768488 -0.012960867504384244 0.067941115365404633 0.030530926314886332 0.14768304395463761 -0.050379952308926425 -0.019147173157325701 0.13928453016264811 0.23143319099398135 0.024486225068500359 0.10951114408126279 0.18048885518301447 0.062973186781436485 0.0038735744021931133 0.039246913093581512 0.20242468743918188 0.038724468028640761 0.0020457346368824908 0.16255902357756127 0.12481698115888036 0.0071310604568761184 0 0.25307078971354235 0.13235398043440449 0.057852335554021306 0.30417363541068343 0.040608076526286264 0.070194172097043095 0.074917738184827998
leaf_weight=47.815841041505337 16.742628283798695 911.31332887709141 1.5835750475525845 21.530450209975243 394.942367836833 1.9581507369875897 1176.8491002321243 541.64852305501699 45.459209732711315 6.6382158994674674 7.8362250924110404 17.472876787185669 39.428955145180225 38.856664128601551 55.861381754279137 1.861144222319125 9.2934592291712743 587.5954025387764 34.462288096547127 2.447359971702098 109.27653416991234 137.14632188528776 38.674572102725506 1.6764830648899067 21.231624208390716 2.6106016039848319 5.1376326754689208 5.4601851999759665 8.0182364434003812 6.0996578708291036 7.6402552127838117 1.8405727595090855 171.80936802923679 2.8302762731909743 894.4850886836648 182.67253935337067 121.65024004876614 2.4624329358339301 2181.06988671422 3.4954993426799801 32.518222600221634 32.211301773786545 2.1555218249559394 21.520521022379398 8.3686572834849375 1.9778821766376493 9.3090668916702253 12.892476983368395 14.188481651246546 14.5862646996975 2.5379612520337096 3.6013032421469688 16.582557037472725 12.829372547566889 5.4953868463635436 22.706218764185909 45.212738662958145 4.7721930369734755 8.196088686585421 2.1549296677112588 2.2031525373458871 2.8495143875479689
leaf_count=558 237 13742 21 268 5828 27 18012 7901 542 90 99 219 549 521 753 25 118 8402 488 32 1431 1832 536 23 293 36 67 72 106 80 105 24 2141 36 13333 2519 1686 34 33589 45 421 419 28 272 116 27 129 178 195 202 35 46 228 177 76 283 567 61 106 30 29 35
internal_value=1.23052e-05 -0.0245867 0.117801 0.188972 0.00769806 0.0868631 -0.043263 0.0253819 0.270445 0.109946 0.165276 0.167971 0.0660687 0.10667 0.0926414 0.189576 0.175787 0.0345984 0.0703502 0.121249 0.10239 0.103457 0.0832189 0.0926571 0.129449 0.19724 0.141934 0.145819 0.152234 0.15924 0.221559 0.168228 0.180365 0.121856 -0.00849441 0.0560164 0.0408328 0.0865786 -0.0473137 0.130265 0.179153 0.210119 0.219654 0.0912965 0.14873 0.256415 0.0778138 0.0845769 0.104311 0.120562 0.174133 0.0808539 0.0871394 0.0377466 0.0881573 0.183526 0.17631 0.186728 0.212969 0.233151 0.265548 0.236964
internal_weight=8145.75 6739.11 1406.65 424.604 2469.88 982.042 4269.23 1180.45 93.2751 463.268 331.329 323.493 518.774 447.269 231.864 15.9989 274.116 638.8 51.2049 215.405 115.915 176.003 188.833 149.404 40.6322 13.9052 99.49 97.0426 91.5824 86.4448 12.2287 78.4266 256.643 49.3767 1289.43 329.941 147.269 25.6186 3357.92 46.5465 68.7256 36.2074 34.3668 25.016 10.3268 9.61814 108.771 99.4623 60.7877 47.8953 16.7264 9.70096 31.1688 15.2918 26.727 247.35 221.794 176.582 14.1377 12.5542 10.3992 25.5557
internal_count=120080 101532 18548 5244 36189 13304 65343 17028 1100 6133 4144 4045 7171 5922 3106 211 3424 9127 725 2816 1521 2353 2612 2063 560 191 1295 1263 1191 1124 168 1018 3205 621 19161 4559 2040 354 51601 585 892 471 447 317 143 132 1503 1374 838 660 230 126 430 211 369 3087 2769 2202 186 165 135 318
is_linear=0
shrinkage=0.05


Tree=2
num_leaves=63
num_cat=0
split_feature=5 5 5 5 5 5 5 5 5 41 93 201 256 68 190 195 259 231 50 99 171 70 190 169 171 154 65 172 71 93 69 181 178 196 5 199 224 177 170 109 66 71 165 154 99 69 243 184 66 98 199 206 169 25 70 146 250 99 97 199 222 133
split_gain=7913.59 1262.69 1080.27 260.898 148.216 147.866 85.4582 37.7614 36.1745 31.6486 30.0887 54.62 30.4984 28.5921 26.7086 26.4163 26.2696 30.7804 24.2224 23.7729 30.0103 28.1166 25.3361 22.7607 28.0099 22.5784 22.2865 22.1812 21.6517 21.6344 21.5242 21.4437 20.8614 24.8093 20.5888 24.9383 22.2563 20.251 20.0651 22.9002 22.653 19.9517 19.8375 19.4825 19.1562 24.4116 25.4925 20.3569 18.391 18.9874 19.2465 17.8687 25.9517 24.6627 20.1183 20.0098 18.2268 21.2892 17.6212 17.3558 21.313 17.8412
threshold=6.6500000000000012 3.1500000000000008 20.950000000000003 1.9500000000000002 11.65 4.4500000000000011 44.150000000000013 1.5500000000000003 5.3500000000000005 0.73214285714285732 4.8959681672180579 -0.37608672927650616 -0.41892383224409441 0.19650488400488403 -1.1451014529617274 -0.73106544475511226 -0.68006662572515142 -1.5726545128785532 3.0000000000000004 -0.028713606654783123 0.67968544932050601 0.04171016005567154 0.31962090582463898 -0.47745226220311182 -0.84069943723044649 -1.4453081949533531 1635.5000000000002 -0.46477530936117778 8.5941193421962669 18.152255695404062 7.9934462023051056 0.56405064761990265 -0.46520340341773886 0.60882344250929099 8.6500000000000004 -1.4055566165279025 1.18894954204669 -0.59145252925587799 -1.1477678721600799 0.088610500865966932 0.11360910796839389 8.2058628232169379 0.56324915458891034 -1.8290606610892544 0.31380460911954894 7.909184629803188 2.0475953914237697 0.86207086705273583 0.085375866073931703 0.043109984378366738 -1.0844206386186523 1.4735019088200869 -1.0000000180025095e-35 0.15198569812540405 0.079514387826535513 0.44527545967293686 -0.11079617292823761 -0.0338015591226744 0.19063283208020051 -1.7444665587675876 0.12789505635273449 1.8036134487008424
decision_type=2 2 2 2 2 2 2 2 2 2 2 2 2 2 2 2 2 2 2 2 2 2 2 2 2 2 2 2 2 2 2 2 2 2 2 2 2 2 2 2 2 2 2 2 2 2 2 2 2 2 2 2 2 2 2 2 2 2 2 2 2 2
left_child=1 3 4 7 23 18 -4 -1 51 10 11 30 -12 14 -14 25 17 -16 31 -20 21 -21 44 24 -2 -10 -18 29 34 -11 -5 41 -17 -34 35 36 -25 -27 -22 -40 -41 -3 -35 -9 45 46 47 -23 -6 50 -50 59 -53 -54 -55 56 57 -56 -44 60 -7 -61
right_child=2 5 6 9 48 8 -8 43 15 27 12 -13 13 -15 16 32 26 -19 19 20 38 22 -24 28 -26 37 -28 -29 -30 -31 -32 -33 33 42 -36 -37 -38 -39 39 40 -42 -43 58 -45 -46 -47 -48 -49 49 -51 -52 52 53 54 55 -57 -58 -59 -60 61 -62 -63
leaf_value=0.23052857112896491 0.033645209458444 0.079469655923676774 -0.032791409823619194 0.13829993456787562 -0.017580442945488294 0.008020723849777929 -0.048450442908949717 0.096233672937987999 -0.017098408692085825 0.16290457277448775 0.046796047126537829 0.03803840178738891 0.058533179450552489 0.048715905916286287 0.035919646045536262 0.057550292860932578 0.13570701663426962 0.18285409328719038 0.063375138216059446 -0.011619939106336939 0.15933649261205218 0.22086296967251881 0.068512064808918249 0.051592346187166009 -0.016946379358039394 0.0023956520064335714 0.068158816144878717 -0.0035609713368464735 -0.012037861953627525 0.011677127950122801 0.048415543245623756 0.035770480394535238 0.012303454145580798 0.036285823872415406 0.011132595208287067 0.023448718672456775 0.1843044746200321 0.074694443681540698 0.028046233657248554 0.17074726940342619 0.011097700924318294 0.035045621922645029 -0.013354121043664059 0.18074776807555618 0.00066530233409142683 0.071414929485943329 0.029387501555731069 0.020985118936393682 0.042352594498587602 -0.010713513039156205 -0.00014310147544841699 0.0018161484219027986 -0.027000471305242142 -0.01176500803624674 -0.038028917258033729 -0.031325409890696425 0.16518264562115309 0.10685395967178453 0.15935278960883092 0.051623753270623553 0.17581251921296739 -0.012023089424734148
leaf_weight=60.877343960106373 35.471292644739151 341.86788611114025 1307.9842567443848 47.004958748817444 643.05020239204168 2.9870846569538099 2690.8869553506374 11.462544351816176 8.6587810814380628 5.1873047202825564 11.716342553496359 29.002884708344936 12.614800721406935 10.990645997226236 4.4775632545351973 49.06922409683466 257.30832756310701 57.507458440959454 40.043185472488403 2.7097181230783454 5.53319989144802 24.748405441641815 10.350216083228586 26.384590029716495 108.34379037469625 11.342884495854376 16.39863458275795 8.8521236926317197 58.723886676132679 4.2185353115200996 9.6096882373094541 39.843348123133183 197.32933162897825 78.491899415850639 411.24964762479067 393.46261546015739 2.9786809757351866 74.971165768802166 23.120178624987602 6.0893170982599241 3.5521098449826241 30.174492537975311 1.6699014604091633 116.58310990035534 1.7051902711391438 6.5207012370228759 2.5600511804223052 1.6326031610369671 35.3668392598629 359.69084953516722 98.767627023160458 7.86802053451538 2.9882847890257827 2.7311094999313346 2.6200501397252074 1.5709953382611264 18.565670259296898 10.765284046530722 5.3154318258166313 276.47433471679688 5.0740628764033318 10.979536838829516
leaf_count=558 510 4275 20430 536 9691 39 43157 116 119 60 133 338 146 123 51 676 2892 642 505 35 68 308 130 364 1558 157 187 102 848 48 112 502 2736 1082 6004 5594 41 1031 288 75 45 382 23 1211 22 81 32 20 532 5420 1486 104 40 36 35 21 243 140 73 3657 66 144
internal_value=-5.14557e-05 0.0870714 -0.0279211 0.14323 0.000450372 0.0585215 -0.0433393 0.193377 0.0443252 0.122905 0.125539 0.0958699 0.132095 0.134726 0.137278 0.03443 0.14004 0.173058 0.0786052 0.0983655 0.113253 0.139383 0.148159 0.0141192 -0.00428752 0.0577147 0.131941 0.0536814 0.0170913 0.1032 0.124235 0.0722018 0.0275983 0.0221992 0.0191602 0.0269114 0.0708463 0.0653869 0.0761795 0.0576833 0.118969 0.0759837 0.04458 0.174025 0.167832 0.175494 0.195609 0.209894 -0.0120101 -0.00472553 0.0112551 0.0565021 0.0857503 0.101992 0.113198 0.12357 0.132057 0.0774748 0.120938 0.0515492 0.121936 0.0491421
internal_weight=8146.1 1973.74 6172.36 663.812 2173.49 1309.92 3998.87 188.923 769.473 474.889 456.631 85.6175 371.014 359.297 348.307 426.849 335.692 61.985 540.451 128.565 88.5217 50.2269 47.5172 1036.61 143.815 94.9728 273.707 18.258 892.799 9.40584 56.6146 411.886 331.876 282.807 834.076 422.826 29.3633 86.3141 38.2948 32.7616 9.64143 372.042 85.4772 128.046 37.167 35.4618 28.9411 26.381 1136.88 493.825 134.134 342.624 47.1094 39.2414 36.2531 33.522 31.951 13.3853 6.98533 295.515 8.06115 287.454
internal_count=120080 24445 95635 7255 32048 17190 63587 1885 10422 5370 5160 986 4174 4041 3918 5897 3772 693 6768 1609 1104 628 593 14919 2068 1307 3079 210 12851 108 648 5159 4590 3914 12003 5999 405 1188 476 408 120 4657 1178 1327 463 441 360 328 17129 7438 2018 4525 619 515 475 439 418 175 96 3906 105 3801
is_linear=0
shrinkage=0.05


Tree=3
num_leaves=63
num_cat=0
split_feature=5 5 5 5 5 5 5 5 4 231 171 135 135 148 198 76 182 25 108 249 195 83 174 199 100 158 3 201 5 174 238 148 131 31 64 76 108 226 202 206 199 172 182 154 158 233 133 223 32 169 68 125 170 153 226 125 242 216 215 66 99 180
split_gain=6862.58 1085.88 831.946 190.766 142.449 86.2442 85.7762 34.6164 26.0531 23.7961 23.1973 24.6356 25.2305 23.2246 35.8106 27.1402 47.4155 29.8348 22.8295 22.7077 21.7943 23.1819 26.9819 25.6452 23.004 27.2763 22.1337 26.6523 21.5628 21.6877 22.237 21.4006 22.2271 21.3402 22.1077 21.269 21.2241 20.6165 20.4566 19.747 19.583 21.5306 20.8007 19.2868 19.8945 19.1781 19.1492 18.8012 18.7284 18.7262 20.211 26.0731 18.4733 18.2897 23.6412 23.5943 18.25 18.2947 19.4053 20.1705 24.2807 19.9208
threshold=7.4500000000000011 3.3500000000000001 20.950000000000003 1.9500000000000002 5.3500000000000005 44.150000000000013 12.15 3.9500000000000006 -12.499999999999998 1.3386951781371199 -0.57734376464240267 -0.70621124576971872 -0.9399840494525854 -0.25759289514528944 0.54564575294485684 0.1556466302367942 0.78969002639435526 0.39264831573655112 0.082829804064743842 -0.48349377841522789 -0.8053016165098561 0.075000000000000025 -1.0000000180025095e-35 -1.3276523681826726 0.71651785714285776 -0.87585387051005481 453.00000000000006 0.42162370126506094 1.5500000000000003 -1.2152872405003983 -0.14682840861052474 1.43520749641789 -0.83663960175983942 38.051666666666677 7.6503960540890761 0.031320067264574002 0.029721373624351285 0.63841185415646218 1.0371410273027333 1.0813443075960596 -0.98686737517466294 -0.12644555230251561 -0.12403416551593828 -1.4453081949533531 -1.3728310237136148 -0.38616513480362907 -1.3425751486039348 -0.67334132234313637 37.95000000000001 -1.0000000180025095e-35 0.13253490151080516 0.75125000000000008 -0.2077664782261226 1.3886031452093728 -0.24280648106851224 0.66075000000000006 2.5190298260048749 1.2556562238868916 -0.50161813987009807 0.076944373456001372 -0.070443911699533138 0.10890635925874036
decision_type=2 2 2 2 2 2 2 2 2 2 2 2 2 2 2 2 2 2 2 2 2 2 2 2 2 2 2 2 2 2 2 2 2 2 2 2 2 2 2 2 2 2 2 2 2 2 2 2 2 2 2 2 2 2 2 2 2 2 2 2 2 2
left_child=1 3 6 28 7 -4 35 -3 -9 10 45 12 19 14 36 16 48 33 -10 -12 43 -22 24 -24 25 -23 -27 38 -1 -30 52 32 -11 -18 -35 -2 -14 -16 -28 -21 -17 -42 -43 -6 -45 -5 -13 -38 -15 -37 -51 -52 -31 54 -47 -56 57 58 59 61 -61 -20
right_child=2 4 5 9 20 -7 -8 8 18 31 11 46 13 15 37 40 17 -19 56 39 21 22 23 -25 -26 26 27 -29 29 30 -32 -33 -34 34 -36 49 47 -39 -40 -41 41 42 -44 44 -46 53 -48 -49 -50 50 51 -53 -54 -55 55 -57 -58 -59 -60 60 -62 -63
leaf_value=0.18515797386664556 -0.0052775491738361411 0.075342281217724474 -0.032071860649249516 -0.016229004686299099 -0.016963317478996081 -0.048060597059031374 -0.01232761471836312 0.17149219258845858 0.044286993812246926 0.14822636950585852 0.020009061660149645 0.22114778418960743 0.023404379963403537 0.12106264124265904 0.037909988939905465 0.20211442012443595 -0.0038594760515738495 0.13509376731580339 0.08676043111116849 0.11807403678439628 0.010756146659850901 0.025272185950067434 0.08610746516698288 0.017965652693354116 0.019610134258938153 0.024630322367423879 0.1392385694015249 0.01285187271344842 0.2298588074502006 0.21188714663185856 0.11950949587344413 -0.035994590839214004 0.042635639031246342 -0.0010923844013452631 0.18364908384062656 -0.0014485317080415057 0.050637800036023174 0.17792248847979664 0.035384240415047986 0.041775461484467868 0.14964811984193729 0.0048147605081085417 0.1180443709214863 0.14461684416221418 0.048346747961687551 0.057252206004638512 0.087429128117452681 0.21378419599256629 0.052611803686926951 0.013566052324408351 0.055067063112604148 -0.021240341494042053 0.13240389294688501 0.024083632454977796 0.016049209894458478 0.19989764464352799 0.12916896205584891 0.019662888986860291 0.056701640364706755 -0.013437767949285204 0.13376701109463487 -0.029695040981949389
leaf_weight=71.911595419049263 206.28557281941175 276.11708786338568 1271.4237076379359 5.5816081985831252 9.9719566479325277 2579.9004400186241 1048.1555092185736 3.8564928025007239 361.73463188111782 6.5922801122069421 12.145168699324129 2.2492833957076064 2.1621103212237385 155.8313931375742 10.16827768832445 15.06361974775791 20.33540960401297 6.5908949449658385 8.1786203384399396 35.709554150700569 186.38023199141026 28.516907848417759 13.909997329115866 218.92515052109957 40.224086038768291 12.285444736480711 28.694069489836693 7.1766913011670104 8.5814762488007528 19.258375823497772 90.083058781921864 4.5732212439179412 19.285458475351334 2.8556466922163954 2.55384910851717 168.42003602534533 2.7597044557333019 3.0638577938079825 6.7918764054775229 13.293659947812555 31.78012377768755 7.251740142703059 8.7655517533421499 5.0251110568642607 116.16615100950003 15.348923064768313 159.27082028239965 26.031186059117317 13.289926432073115 441.78807062655687 61.740671925246716 12.958015032112597 28.261489860713482 11.503096655011175 2.499016962945463 7.5947132259607315 10.667870640754698 24.462956644594669 132.89097945392132 2.8520431667566326 27.062729880213737 5.373769409954547
leaf_count=558 2981 3211 20430 60 138 43157 15980 47 4531 69 126 23 23 1606 105 153 217 69 102 364 2536 390 177 2989 546 167 388 98 77 176 819 49 204 31 28 2440 29 32 92 136 323 78 91 67 1539 163 1668 264 142 6350 883 184 255 122 28 78 128 301 1633 35 326 68
internal_value=-0.000103884 0.0719505 -0.0293475 0.118262 0.0469532 -0.0427933 -0.00263489 0.0605361 0.053325 0.10341 0.105767 0.108733 0.116346 0.1225 0.159558 0.115708 0.105379 0.0475941 0.052224 0.0837446 0.0296892 0.0251651 0.0326325 0.0224088 0.0515037 0.0664007 0.086823 0.103644 0.158719 0.144509 0.13753 0.056903 0.0742347 0.020793 0.10039 0.00876043 0.189442 0.0809043 0.121013 0.098725 0.146563 0.12517 0.0703695 0.0480452 0.0535303 0.0669588 0.0906713 0.200539 0.116054 0.0129973 0.0177113 0.0416582 0.168422 0.0797547 0.102873 0.160381 0.0655037 0.0614737 0.0671016 0.0967945 0.11959 0.0413727
internal_weight=8140.18 2349.51 5790.67 822.246 1527.26 3851.32 1939.35 853.197 577.08 604.15 573.699 531.172 369.652 308.503 44.1851 264.318 201.457 32.3358 573.224 61.1484 674.068 542.904 356.524 232.835 123.689 83.465 54.9481 42.6626 218.096 146.184 137.603 30.451 25.8777 25.7449 5.4095 891.192 30.953 13.2321 35.4859 49.0032 62.861 47.7974 16.0173 131.163 121.191 42.5274 161.52 28.7909 169.121 684.907 516.487 74.6987 47.5199 36.9457 25.4427 10.0937 211.489 200.821 176.358 43.4672 29.9148 13.5524
internal_count=120080 27675 92405 8166 19509 63587 28818 10382 7171 6281 5959 5508 3817 3191 453 2738 2093 345 7124 626 9127 7383 4847 3166 1681 1135 745 578 1885 1327 1250 322 273 276 59 12838 316 137 480 500 645 492 169 1744 1606 451 1691 293 1748 9857 7417 1067 431 391 269 106 2593 2465 2164 531 361 170
is_linear=0
shrinkage=0.05


Tree=4
num_leaves=63
num_cat=0
split_feature=6 6 6 6 6 6 6 6 101 256 4 6 34 41 231 99 153 158 253 222 99 197 199 123 111 165 250 243 203 165 21 107 4 249 183 199 215 134 215 145 197 202 136 244 241 248 247 194 183 66 172 101 34 166 34 132 111 194 201 160 203 253
split_gain=6002.47 825.953 802.883 133.184 114.7 86.9909 77.8227 26.491 24.5139 22.7053 21.5111 20.0651 35.0273 21.2307 19.8908 20.4745 20.9869 21.1077 19.5689 19.3189 20.6105 23.8428 19.0075 19.2307 23.1433 23.5367 18.807 18.5974 18.1934 23.0884 18.0467 17.3938 17.298 17.1342 28.1367 17.0083 16.4503 16.4329 16.328 20.6204 25.4357 19.2022 16.3242 16.2569 16.2183 17.9872 17.2503 16.1694 16.16 16.0621 18.9048 16.4849 16.0412 15.9417 16.0713 16.6016 26.9521 22.6845 16.8059 15.9063 16.6233 15.8389
threshold=2.0081915103761951 1.2088489500472754 3.0421357983470947 0.6675005333661701 1.6770528870641528 3.7875922857682265 2.4973207021709536 1.3736354571277458 0.10687714348932405 -0.41892383224409441 -6.4999999999999991 0.93590108845079578 39.750000000000007 0.73214285714285732 1.3386951781371199 -0.018602822159565578 0.67122773629666155 0.46012703196389848 -1.1935408066799329 1.2102422640723831 -0.064254261462128995 -1.1017201131817174 -1.0700899401312232 0.39444444444444454 7.5219315121200472 -0.57051576991071218 -0.78181824403151412 2.2500000000000004 -0.64569790344406319 -0.37755303274806234 0.18109321234321238 4823.5000000000009 11.500000000000002 -1.0000000180025095e-35 -0.3088695552973007 0.78450810397925952 -0.53909998003218562 1.5972637043705344 1.1052924312977368 -0.43059356059052839 -0.19669932659354164 0.52156568272303916 -1.192549270103054 1.635521889264538 1.2207244438683216 -0.60139002272451181 2.7324263951955721 -1.4714740175507754 -0.62214548295985317 1.0000000180025095e-35 -0.20173073398261718 0.11201659751037346 37.350000000000001 -0.91626881040707853 33.650000000000013 -0.083333333333333329 7.6954168854658977 -0.40936676618273199 -0.26909612417913586 0.22866704786964678 0.080250789243979492 -0.29986862498444899
decision_type=2 2 2 2 2 2 2 2 2 2 2 2 2 2 2 2 2 2 2 2 2 2 2 2 2 2 2 2 2 2 2 2 2 2 2 2 2 2 2 2 2 2 2 2 2 2 2 2 2 2 2 2 2 2 2 2 2 2 2 2 2 2
left_child=1 3 6 44 7 -4 8 -3 28 -5 -9 12 13 19 15 48 17 26 52 27 -21 -22 23 -20 -25 -26 -17 37 29 -2 -23 49 35 34 36 42 -12 -11 -36 -40 -41 -42 -24 -16 46 -46 -1 -37 -13 50 51 -10 53 -6 -55 -56 57 -57 -58 -34 -61 -38
right_child=2 4 5 9 18 -7 -8 10 31 11 33 14 -14 -15 43 16 -18 -19 22 20 21 30 32 24 25 -27 -28 -29 -30 -31 -32 -33 59 -35 38 47 61 -39 39 40 41 -43 -44 -45 45 -47 -48 -49 -50 -51 -52 -53 -54 54 55 56 58 -59 -60 60 -62 -63
leaf_value=0.13225714958289064 0.010761040284698178 0.067295312709090851 -0.031352284416167955 0.038465386814549793 -0.034264628664004843 -0.047670882660829555 -0.011839756409492731 0.086730562600902214 -0.017952043627496927 0.11003794584099114 0.11608286248633325 -0.029208297204937263 -0.011919891011767441 0.026176653735227408 0.0086794024795169202 0.0019922224459062703 0.087975192583118145 -0.0086160278374370434 0.032147785563024452 0.028087380598373651 0.0077527262895852088 0.095728974253662238 -0.011770261352471981 0.020047879381336411 0.046917524226262046 0.17907331306221511 0.14664373971299929 0.053498537903269416 0.02224925612876659 0.13533532379011734 0.18499003466444974 0.11719383909295891 0.038392042346469625 0.05318782620568735 0.019498609478212338 0.11378433125348411 0.074181709522711789 0.01555694111684716 0.013170372605214344 0.19710960275355555 -0.009517572176776283 0.12666410640899345 0.01938498958633322 0.12370613544594003 0.069386822955161243 0.2054784952308864 0.052088266994045541 0.033393042369611936 0.076796547129726528 0.0037666746124406661 -0.0097806000236914936 0.080751211408657708 0.0064849713777918655 -0.032135563063879727 0.040216682439572909 0.064576869455679142 0.12053248074407925 0.26294450132363489 -0.038469353560960623 0.003074015424724505 0.20130067488791681 0.0017924503435750858
leaf_weight=212.09994455426931 6.6964513808488837 293.31921861320734 1236.494035359472 22.241579249501228 1.9455833137035394 2473.6439378671348 1037.1068185418844 35.270897760987282 4.7897614985704449 165.1897234171629 13.29623907804489 3.1135025024414054 6.0525212809443465 8.7041125595569593 15.995832949876787 2.4757792055606833 120.42238081246614 2.3783485889434806 71.489159844815731 4.3181406036019316 2.8749821633100501 12.096072494983671 45.990292675793171 9.6916341632604617 7.3564234226942062 7.5489991679787618 41.535546019673347 21.608103834092617 54.652808599174023 8.2336526662111265 28.293803028762341 2.4980893656611434 16.220234997570518 340.3767716512084 156.0552958548069 6.1275152117013922 19.856635905802246 5.2283608540892592 12.198048517107965 3.9578786417841902 5.8278991281986219 3.4023843556642532 407.98679499328136 2.8933603018522254 4.4809545725584057 17.887469463050365 8.9425106570124608 82.062958218157291 187.15262288600206 787.00463656336069 13.876887626945971 20.130983136594296 8.8306757211685163 1.6608643755316794 6.9105122759938338 3.1936680749058803 2.1385999843478203 4.510199971497042 2.7128551304340363 1.5956190079450596 2.7120839282870293 12.154499582946302
leaf_count=1643 96 3211 20430 228 26 43157 15980 413 69 1510 155 32 64 88 167 27 1189 24 906 41 26 112 605 123 93 94 402 199 781 118 253 36 215 4018 1901 81 232 49 148 48 72 41 5443 29 35 136 71 1089 1841 11250 199 289 117 22 91 42 28 59 36 21 36 143
internal_value=-0.000134473 0.0646472 -0.0286288 0.103016 0.0429224 -0.0422436 -0.00251304 0.0547393 0.00825548 0.0909164 0.0485158 0.0926954 0.104343 0.107234 0.0845458 0.0872208 0.100723 0.131155 0.0275335 0.110036 0.141349 0.15165 0.0255901 0.0461721 0.0838887 0.121214 0.138843 0.101559 0.0365626 0.0839581 0.161337 0.00583024 0.0219909 0.0459818 0.0349568 0.0201868 0.0699739 0.107276 0.0258498 0.0624837 0.103599 0.0476662 0.0161989 0.031884 0.134929 0.182566 0.129286 0.0402478 0.0748921 0.00534598 0.0363567 0.0616269 0.0655142 0.0866914 0.0991015 0.111566 0.144605 0.198152 0.0393871 0.0662555 0.14323 0.0477342
internal_weight=8127.51 2482.39 5645.13 895.986 1586.4 3710.14 1934.99 895.716 897.883 652.575 602.397 630.333 254.366 248.313 375.967 357.078 166.812 46.3897 690.685 239.609 47.583 43.2649 658.782 96.0862 24.5971 14.9054 44.0113 192.026 69.5829 14.9301 40.3899 828.3 562.695 567.126 226.749 542.168 45.3074 170.418 181.442 25.3862 13.1882 9.23028 453.977 18.8892 243.411 22.3684 221.042 88.1905 190.266 825.802 38.7976 24.9207 31.903 23.0723 21.1267 19.4658 12.5553 7.70387 4.85146 20.5279 4.3077 32.0111
internal_count=120080 27675 92405 8166 19509 63587 28818 10382 12838 6281 7171 6053 2342 2278 3711 3515 1642 453 9127 2190 432 391 8706 1216 310 187 429 1758 995 214 365 11843 7490 6758 2740 7218 530 1559 2210 309 161 113 6048 196 1885 171 1714 1170 1873 11807 557 358 421 304 278 256 165 101 64 272 57 375
is_linear=0
shrinkage=0.05


Tree=5
num_leaves=63
num_cat=0
split_feature=5 5 5 5 5 5 5 5 139 170 174 108 58 154 89 216 71 205 195 110 10 195 123 202 40 246 174 98 216 98 240 216 21 60 69 98 201 250 200 188 246 245 36 80 116 217 216 120 247 204 246 251 241 239 196 100 94 165 206 72 205 98
split_gain=5271.97 802.105 601.165 129.579 73.6533 69.746 46.4132 35.9249 35.8202 32.2935 27.6526 24.0344 26.9525 23.6367 28.4624 23.5336 22.24 22.2301 22.1109 21.8113 21.7881 21.528 21.0194 27.5677 24.0714 20.3457 19.7251 26.3727 19.331 19.1512 18.7999 23.9755 23.2428 19.8398 18.5205 47.5308 18.8096 22.3037 20.397 18.6354 19.1777 37.017 18.3161 18.119 18.0794 18.0391 17.89 22.048 17.847 22.5325 17.7463 24.0284 17.5485 18.9477 17.481 21.0074 18.9233 17.391 19.0242 20.9749 22.5351 22.0789
threshold=8.6500000000000004 3.8500000000000001 22.750000000000004 2.5500000000000003 5.3500000000000005 63.750000000000007 15.250000000000002 1.7500000000000002 -0.94204882237199949 -0.59910968358903782 -1.6200376033124078 0.082829804064743842 0.58571428571428574 -0.83055011960806957 32.45000000000001 -0.67183493352649826 8.2344714506172867 -1.7191573537865954 -0.72440051144679929 0.11573387185404992 1550.0000000000002 -0.89617227188844206 0.10818713450292398 0.093638357961288332 10.500000000000002 2.5475092812084692 -1.7247581331897883 0.062436656734937292 -0.40082309334929217 0.10860604332519415 -0.74275485047865741 -0.23911894271592435 0.20835137085137087 -0.68333333333332991 7.0159599440615326 0.032719550159807521 -1.1003772071386526 0.98793406580022802 -0.019239194128998622 0.65874687075560179 -0.6617342294468862 0.74764090625312696 27.500000000000004 1.6702898550724641 0.7316666666666668 -0.71949648814961276 -0.5035944552095829 1.3200000000000003 2.2723733806281845 2.7341310535279209 -0.50480675642033768 -0.33329541576563365 0.66814249395228054 -0.31628073234237181 -0.51369292167229841 0.91987179487179216 35.742334783588099 -0.14162713384028672 0.69099309453885116 108.50000000000001 1.1024795510003169 0.0920953650618173
decision_type=2 2 2 2 2 2 2 2 2 2 2 2 2 2 2 2 2 2 2 2 2 2 2 2 2 2 2 2 2 2 2 2 2 2 2 2 2 2 2 2 2 2 2 2 2 2 2 2 2 2 2 2 2 2 2 2 2 2 2 2 2 2
left_child=1 3 6 7 11 -4 34 9 19 -1 29 20 -13 21 45 42 18 -17 -6 43 30 -12 52 24 44 48 27 28 -20 -10 31 -3 -32 -33 35 -2 37 38 -36 40 41 -37 -9 -5 -24 -15 -39 -48 49 -19 -14 -52 53 -16 -23 56 -56 -28 59 60 -59 -62
right_child=2 4 5 8 16 -7 -8 15 10 -11 13 12 50 14 22 17 -18 25 26 -21 -22 54 23 -25 -26 -27 57 -29 -30 -31 32 33 -34 -35 36 39 -38 46 -40 -41 -42 -43 -44 -45 -46 -47 47 -49 -50 -51 51 -53 -54 -55 55 -57 -58 58 -60 -61 61 -63
leaf_value=0.16275040139252406 0.041925318553057825 0.05122512640161922 -0.034616148890277691 0.12070319930689227 0.038697475150789543 -0.049005324732849437 -0.016118655603183967 0.013667260153420811 0.13710454771397423 0.10766957852809796 0.083200693207250556 0.052051884036375229 0.022402896992763346 0.0057547248113656423 0.0013961603421909874 0.023367747608876034 -0.00067971554021088341 0.10670570122071482 0.012743903792190795 0.022236459269517506 0.026915186873541275 0.016339234314470853 0.10789904818609475 0.05674892190156168 -0.030026808412286707 0.021899851071733478 0.0123980294553383 0.025129406510532606 0.21038889989543544 0.0082805981457833144 -0.0015198359835910133 0.0067874875446211833 0.05133423690852075 0.17942087273727658 0.13044727604138814 0.019806693866652174 -0.0090196995304227638 -0.02771369942371063 -0.004018005225674289 -0.027331473018482533 -0.00042822305757165446 0.17806387429383685 0.082543341828805322 0.039772714380716112 0.036064108655652675 0.16461855798794164 0.14925215836060696 0.01181901963123551 0.060914245059025832 -0.027932956252008957 0.043605798283203823 0.22528213931953031 -0.00071862603006111537 0.077497635024279143 0.04700863619155992 0.081063640635725798 -0.027968144661393631 0.01997275728355544 0.048664169799984551 -0.013127031548387647 0.037938135966252638 0.15553360583856596
leaf_weight=41.894579328596592 82.38812892138958 21.994167380034924 1572.1238682679832 60.968943119049072 218.53557328134775 1861.8601063154638 741.63656791672111 17.171038843691349 19.830566644668583 123.90464356541634 49.419378712773323 240.01886810362339 3.4954935312271109 2.2312893047928801 11.08269878476858 10.745400376617907 94.044475980103016 301.56263122707605 1.9665438234806059 8.5303589180111867 255.50331448018551 42.238812312483788 86.987979002296925 96.258047640323639 3.2058280855417243 9.0099838003516179 410.27249462902546 12.182483300566672 3.5270705446600941 3.6011248752474776 25.204072155058384 2.2188759446144104 111.92174542695284 7.9472904428839666 1.9766540601849545 44.405662909150124 508.06402169913054 3.1571244522929183 52.246561862528324 51.908656403422356 273.81660148501396 3.0905472934246054 23.171512477099895 9.4276882782578451 11.404987551271914 12.097658991813658 6.8680718317627889 5.0665769875049591 30.134124912321568 2.7052473127841941 3.545799955725669 5.0504988208413115 17.10082133859396 32.185281790792942 160.11209306120872 49.47396332025528 8.1621534675359708 119.17664082348347 83.305659361183643 37.903779968619347 13.602255888283254 5.4254122599959365
leaf_count=284 1204 254 27249 585 2812 33972 11760 147 181 835 484 2673 39 22 108 94 1262 2491 26 84 2947 418 829 920 32 75 5470 162 46 33 291 25 1285 92 29 656 7548 47 771 765 4044 46 195 96 110 115 101 75 257 22 40 55 169 316 1566 483 81 1582 1100 503 181 72
internal_value=-6.90581e-05 0.053681 -0.0302225 0.0840831 0.0310758 -0.0424312 -0.00658456 0.10204 0.0692459 0.12251 0.0648656 0.043824 0.0561908 0.0624913 0.0734937 0.0931363 0.0224058 0.0973705 0.024806 0.101549 0.0363579 0.0525776 0.0691283 0.0771369 0.095663 0.099597 0.0203324 0.0712953 0.153266 0.11866 0.0503387 0.0848923 0.0416427 0.146172 0.000264606 0.00779667 -0.0056735 0.0185618 0.00306667 0.000157555 0.00468499 0.0336669 0.0543882 0.110644 0.100069 0.142196 0.0702731 0.0967191 0.101604 0.105405 0.127714 0.163218 0.0419699 0.0585898 0.046441 0.0521559 0.0431986 0.0188755 0.0290138 0.0194679 0.0284733 0.0778099
internal_weight=8130.07 2921.46 5208.61 1244.62 1676.84 3433.98 1774.63 560.299 684.32 165.799 605.393 676.9 252.111 581.961 272.555 394.5 999.942 354.157 905.898 78.927 424.789 309.406 258.226 197.857 101.599 343.412 687.362 17.6761 5.49361 23.4317 169.286 32.1603 137.126 10.1662 1032.99 455.61 577.379 69.315 54.2232 373.221 321.313 47.4962 40.3426 70.3966 98.393 14.3289 15.0918 11.9346 334.402 304.268 12.0918 8.5963 60.3688 43.268 259.987 217.748 168.274 669.686 259.414 176.108 138.204 19.0277
internal_count=120216 31949 88267 11032 20917 61221 27046 4400 6632 1119 5867 7701 2807 5653 2621 3281 13216 2939 11954 765 4894 3032 2484 1891 971 2845 9142 234 72 214 1947 371 1576 117 15286 6715 8571 1023 800 5511 4746 702 342 681 939 137 223 176 2770 2513 134 95 593 424 2548 2130 1647 8908 3438 2338 1835 253
is_linear=0
shrinkage=0.05


Tree=6
num_leaves=63
num_cat=0
split_feature=5 5 5 5 5 5 5 5 139 146 135 248 200 174 109 174 44 195 194 163 249 163 154 89 254 195 30 63 251 77 217 198 159 198 252 107 213 174 223 245 259 107 183 162 253 242 49 80 194 111 159 158 223 253 45 201 68 250 138 34 248 36
split_gain=4704.24 761.07 445.579 100.167 84.8905 65.6127 31.124 29.8387 26.8798 25.0742 28.65 26.453 22.1043 21.047 20.9885 20.8692 26.6721 21.286 21.9243 19.7908 19.493 18.6426 18.6329 24.7827 24.0756 20.0195 21.6161 18.5655 18.7163 18.3948 17.9104 18.2638 17.6172 17.609 17.2676 17.6516 19.4077 17.7355 17.0752 21.7317 17.3552 20.3318 17.4388 19.1229 20.441 18.1543 17.0472 22.5211 18.912 19.7868 18.8153 30.7815 16.8787 16.7956 41.1958 20.5933 19.6031 17.4759 17.5673 16.7682 17.4394 16.5871
threshold=10.050000000000002 3.8500000000000001 32.050000000000004 2.5500000000000003 5.3500000000000005 20.350000000000005 1.5500000000000003 69.350000000000009 -0.94204882237199949 -0.16900024433446773 -0.57140699611943224 0.12984243636816553 0.33588130529867438 -1.6200376033124078 0.33854166666666669 -1.7247581331897883 5.5000000000000009 -0.72440051144679929 0.31957363374138609 -0.63355840042801814 -1.0000000180025095e-35 1.1851695817505394 -0.86831702494455987 32.45000000000001 -0.30164432327543228 -0.89617227188844206 117.85000000000001 0.079181848558315018 0.43623421366428122 0.22081905824237116 -0.29509323958628814 1.5273961500860078 -0.39648609576190247 1.8969645253475098 0.51317996158578416 24.500000000000004 -0.47853880331132065 1.6782927833565484 0.38979542361671254 -0.16183471874253727 -0.77492254084698498 100.50000000000001 0.50359445520958313 -0.91201762418833432 -0.10654050988284804 1.2253142681343501 4.8366666666666669 1.4588963963963966 1.6696897150843648 7.5386752136752149 -1.1975961761806349 -0.69489834368374093 0.63475144207279655 -1.1796058623084813 5.5000000000000009 0.69561585217911148 0.097229895641497865 -0.50580167544938248 -0.59412025966771764 38.150000000000013 1.4069685984131259 182.50000000000003
decision_type=2 2 2 2 2 2 2 2 2 2 2 2 2 2 2 2 2 2 2 2 2 2 2 2 2 2 2 2 2 2 2 2 2 2 2 2 2 2 2 2 2 2 2 2 2 2 2 2 2 2 2 2 2 2 2 2 2 2 2 2 2 2
left_child=1 3 5 6 20 14 -1 -4 -5 10 12 27 -8 61 -2 16 -6 21 -19 -18 30 -17 24 -24 -15 26 -26 28 -11 -21 31 34 -27 -14 35 36 -3 -37 39 -25 41 -41 43 44 -42 -45 48 -48 49 50 -22 -52 -33 54 55 56 -20 58 -55 -13 -61 -10
right_child=2 4 7 8 15 -7 9 -9 13 11 -12 59 33 22 -16 17 19 18 53 29 46 -23 23 38 25 32 -28 -29 -30 -31 -32 52 -34 -35 -36 37 -38 -39 -40 40 42 -43 -44 45 -46 -47 47 -49 -50 -51 51 -53 -54 57 -56 -57 -58 -59 -60 60 -62 -63
leaf_value=0.11791299872547759 -0.0076008860107402007 0.012428458769506302 -0.038216748220480955 0.089441682590018987 0.027905932329817824 -0.02581370945826568 0.12779139344373042 -0.049052205031302407 0.1167760434421493 0.08466291558044263 0.01147982201184982 0.096624836222250737 0.092560180331273584 -0.0044162414170162553 0.10635188545815516 0.025449796182811651 -0.0030088298328646707 0.0077813237154171272 0.22335475553777273 0.02575833825881331 0.12540240130637212 0.075018565786678079 0.12559923275036719 0.099114301235321389 0.093738220895783181 0.047222521466871711 -0.005739327981642485 0.025477615457380306 0.04142633973470472 0.21765577703597658 0.017600441414669252 0.04844026159643211 -0.034188784924854353 -0.0043320857475312264 -0.012459556774105516 0.033290841756578225 0.16826056124564442 0.14719278733874311 0.041809028578015446 0.010708488977789801 0.038868162350473724 0.14238091742688572 -0.036550897036232197 0.036278620471790583 0.18534811774765397 0.079477857188767334 0.055867048218879223 0.027142757851847266 0.15985608511301685 0.040144486911982802 0.012324107003629977 0.099347339219317085 0.20999944620825717 0.02827280427907013 -0.00825786667536451 -0.013560343623530872 0.044598564155310161 0.013639204538446562 0.08487729582346229 0.079525495882384195 -0.0026611642727878649 -0.011454935321733375
leaf_weight=94.715776473283768 1301.835038587451 3.4180357679724693 1078.6246318183839 85.120311617851257 23.833298951387405 750.3356543444097 71.391667924821377 1672.7287084460258 22.97964879125357 73.683440782129765 8.9849617481231672 145.21990952640772 97.573973052203655 20.458151131868362 3.0518625490367404 290.33202680200338 2.0908951610326767 589.42794480919838 4.754373751580717 2.1027320697903615 16.384473346173763 19.810883328318596 16.450446024537086 50.140982642769814 41.714675426483154 234.56840185821056 6.0261437296867362 33.2306312546134 43.615502588450909 4.3196495622396469 148.79015004634857 5.2558536753058425 6.0890466049313536 4.728504240512847 14.356399886310099 92.953011982142925 4.8075096011161786 2.6969825178384772 83.849194318056107 4.1889329999685279 5.2573805153369904 11.27753836661577 4.5340511202812186 83.928937397897243 4.9759329408407194 36.282889559864998 122.95645705610514 163.10845544934273 4.1030327975749961 78.735535390675068 19.574638769030571 21.237103581428528 2.1982275694608688 75.783598482608795 8.9363424107432348 1.6803766116499899 3.0243558213114738 241.21836712956429 16.580073021352291 16.71374532580376 9.8744944781064969 2.5507109239697447
leaf_count=558 19988 38 19688 765 310 12894 546 31887 190 568 71 1089 734 210 47 3732 27 7877 62 27 177 254 142 456 380 2207 55 255 331 54 1682 59 57 37 163 1041 53 29 776 39 48 103 44 763 44 329 1318 1780 44 852 213 229 23 1020 119 23 39 3213 222 133 78 24
internal_value=-9.48306e-05 0.0458199 -0.0316659 0.0752313 0.026224 -0.0140386 0.0904438 -0.0448216 0.0624521 0.0850592 0.100555 0.0759779 0.105042 0.058693 -0.00724931 0.0185536 0.0577712 0.0174907 0.0137121 0.129133 0.0402275 0.0288631 0.0566281 0.0657185 0.0475726 0.0512803 0.0812188 0.059746 0.0691145 0.167436 0.0295805 0.0434725 0.045009 0.0880348 0.0379319 0.0449965 0.112414 0.0380439 0.0618099 0.0698969 0.0595361 0.109839 0.0529701 0.0563742 0.120698 0.0499066 0.0469889 0.0396581 0.0615416 0.0573918 0.0799505 0.0590208 0.11588 0.0235795 0.0691578 0.13657 0.167421 0.020852 0.0392876 0.0897425 0.0498312 0.103827
internal_weight=8111.17 3304.6 4806.58 1320.13 1984.47 2055.22 599.733 2751.35 720.393 505.017 182.679 322.338 173.694 635.273 1304.89 1283.89 32.3466 1251.55 941.405 8.51328 700.576 310.143 609.743 300.886 308.856 288.398 47.7408 150.53 117.299 6.42238 274.476 125.686 240.657 102.302 118.232 103.876 8.22555 95.65 284.436 200.587 150.446 15.4665 134.979 130.445 10.2333 120.212 426.1 286.065 140.035 135.932 57.1962 40.8117 7.45408 351.977 18.3954 9.45911 7.77873 333.582 92.3637 171.808 26.5882 25.5304
internal_count=120216 35712 84504 11032 24680 32929 4400 51575 6632 3842 1388 2454 1317 5867 20035 16979 418 16561 12575 108 7701 3986 5653 2744 2909 2699 435 1154 899 81 3088 1406 2264 771 1324 1161 91 1070 2602 1826 1370 142 1228 1184 92 1092 4613 3098 1515 1471 619 442 82 4698 243 124 101 4455 1242 1300 211 214
is_linear=0
shrinkage=0.05


Tree=7
num_leaves=63
num_cat=0
split_feature=5 5 5 5 5 5 5 60 170 5 244 238 232 71 134 174 60 165 224 73 70 69 98 62 174 162 231 34 213 63 199 198 125 71 192 149 216 131 88 111 188 162 134 21 204 49 150 248 36 161 251 237 237 153 109 176 218 49 237 156 101 165
split_gain=4217.3 634.538 424.175 81.8609 77.5702 59.0713 30.456 22.939 22.8943 22.5179 21.4769 22.2698 20.8828 25.4235 19.8771 20.2556 19.6337 19.2471 19.2262 18.8772 18.7126 20.0035 22.8358 18.6434 17.8266 17.7973 18.2545 22.4511 17.7258 19.6723 17.7094 18.2317 18.683 17.8462 21.2625 17.3161 17.1418 17.1003 28.5882 18.4885 19.7218 17.0461 18.8709 17.045 17.0186 18.8655 16.8335 16.4613 16.3317 16.4741 16.1657 19.4876 15.9916 15.9236 15.9142 22.6762 15.6301 22.9206 15.4862 18.5764 18.9341 18.1642
threshold=10.250000000000002 3.8500000000000001 32.050000000000004 2.1500000000000008 6.4500000000000011 20.350000000000005 69.350000000000009 -7.3379807692307599 -0.59910968358903782 3.1500000000000008 -0.99676781272990123 -0.40013519048182861 0.23032188102432555 8.2344714506172867 -0.76269339215564225 -1.7247581331897883 -10.617083333333339 -0.97576034156893676 -1.3665672473819592 0.20060060060060061 0.091423240938166325 7.1404083931151003 0.035598169191919195 6.8954571927781023 -1.9237225366929844 -0.96842926121642081 0.63470595585452638 37.750000000000007 2.0629640033804342 0.079071668137052395 -1.4055566165279025 1.1180545633878058 0.0067500000000000008 6.7815609002221588 -0.90072695114859058 -0.27649198014064996 1.83165918907667 1.2188695241642005 47.983333333333341 7.3722256097560983 -0.53438353853762433 -0.63222002570665559 0.28152865787111331 0.24651563714063721 -0.16984576404565235 3.9807692307692313 -1.3066263106916745 -0.85287750572155607 280.50000000000006 -0.39184698537081902 0.75603054631919642 -0.54176795775138109 -0.85023634007583748 0.26809473437764525 0.057152243288905578 1.8462719343005245 -0.4427838148061729 7.2034482758620699 0.68591359283653441 -0.5172095017102244 0.11791422921644559 -0.93892435878084668
decision_type=2 2 2 2 2 2 2 2 2 2 2 2 2 2 2 2 2 2 2 2 2 2 2 2 2 2 2 2 2 2 2 2 2 2 2 2 2 2 2 2 2 2 2 2 2 2 2 2 2 2 2 2 2 2 2 2 2 2 2 2 2 2
left_child=1 3 5 8 7 20 -4 10 16 37 -3 43 13 -9 -11 -16 -1 -6 28 23 21 22 -2 -13 53 -25 52 -28 29 41 31 -20 -33 34 -32 47 54 -5 -39 46 -41 -19 -43 -12 -34 -46 -40 -26 -35 -50 -42 -52 -27 -22 -10 56 57 -56 59 -54 61 -61
right_child=2 4 6 9 17 -7 -8 12 36 14 11 19 -14 -15 15 -17 -18 18 30 -21 24 -23 -24 25 35 26 27 -29 -30 -31 33 32 44 48 -36 -37 -38 38 39 40 50 42 -44 -45 45 -47 -48 -49 49 -51 51 -53 58 -55 55 -57 -58 -59 -60 60 -62 -63
leaf_value=-0.0097382645397276757 0.01897379665714544 -0.016019445374961652 -0.037589433204788796 0.062634329393866137 -0.00028059755367957137 -0.025100549393394261 -0.048737847121570539 0.035791077188911675 0.099828473129793538 0.017345463494463895 0.079969384900424975 -0.010434272746820154 0.010011962994888587 0.0057596907292863453 0.11797095432802443 0.05159732764182362 0.11183626993841699 -0.017457674875047357 0.011368154086444128 0.00035152235415280035 0.012875611557834047 -0.01960512822813873 -0.010679026878954417 0.032934742683559316 -0.026441261958253387 -0.0071710214358784363 0.22119066151538291 0.015088078456374172 -0.039349697312395744 -0.0073514744104014804 0.050186337286642214 -0.003342351404869891 0.011670640428598632 0.0050492581355679458 0.015966038475383658 -0.011165492447845184 0.12778894921196768 0.15070220830333753 0.011602849593919905 0.15461256327253722 0.018601715411783015 0.16375644322358512 0.010898560047962172 -0.014474126212548481 -0.0062899612942008791 0.14430982034572556 0.14222256579316239 0.012062220603913629 -0.017868302429590251 0.14866873833072516 0.011700474695043907 0.1390402804596613 0.020808393075670447 0.14229715853579455 0.12183523619061232 -0.019893405537896737 0.064607838828749972 0.022537301656854278 0.032086422631525696 0.091247995437798657 0.031479624586119269 0.25313912957495749
leaf_weight=3.195270560681819 85.4588308557868 8.1522255390882474 1042.7276367694139 510.23378717899323 200.40891767293215 733.53335981070995 1601.1605242490768 859.64939241111279 59.581516042351723 42.719079360365868 6.3823928385973003 3.6603013947606078 108.98900172114372 77.658728942275047 11.741719700396059 338.80649999529123 101.74783410876989 1.9568274542689366 23.167556650936604 6.16023214906454 6.489341162145136 414.28665862232447 259.30069720000029 8.6104676648974401 30.453091066330671 3.3645735457539514 6.7615721672773343 1.8421151414513586 2.9311372712254515 4.5060680657625189 56.794156789779663 6.0039225742220905 4.9988579303026262 373.99595458060503 225.3684760555625 230.54688840731978 18.528314761817455 15.243419654667376 3.3432354927063015 3.463125951588153 28.802148081362247 8.8472099378705007 2.8186997920274743 12.692632652819155 2.2942763119935945 12.289945684373377 12.676287285983561 234.45074477791786 1.9950531050562856 2.9351223036646834 5.4617659449577332 6.5768994837999326 3.5939302965998658 3.0735316425561905 29.70808956772089 6.5199660137295714 182.62351586669683 7.9707362577319136 6.4088598638772956 5.1153077483177167 3.0258614793419847 4.985340058803569
leaf_count=22 1283 94 19688 4113 2686 12894 31887 9657 391 400 72 41 1247 912 94 3135 661 26 292 69 101 6470 4013 97 471 39 73 21 39 60 756 77 61 5039 2996 3566 121 122 28 27 233 117 38 146 29 149 99 3612 27 39 45 50 41 47 193 43 1202 53 71 54 34 53
internal_value=-0.000110099 0.0417748 -0.0312221 0.0678827 0.0241309 -0.0138193 -0.0443588 0.0329553 0.0868044 0.0598757 0.0587423 0.0673084 0.0309061 0.033317 0.0502314 0.054164 0.10803 0.0134225 0.0171819 0.0836619 -0.00725413 -0.0122112 -0.00328062 0.0941617 0.000195936 0.10307 0.118749 0.183749 0.0633445 0.081399 0.0157181 0.0445887 0.072921 0.0135173 0.0230245 -0.00116212 0.0791538 0.0662452 0.089424 0.0716528 0.0527223 0.109593 0.130994 0.0192865 0.0955717 0.121414 0.11754 0.0075343 0.00638273 0.0887854 0.0404741 0.0869798 0.0915434 0.0644788 0.0755564 0.0687484 0.0714725 0.102084 0.105813 0.130384 0.156434 0.187208
internal_weight=8088.79 3447.31 4641.48 1388.94 2058.37 1997.59 2643.89 1127.05 409.875 979.068 80.7558 72.6036 1046.3 937.308 393.267 350.548 104.943 931.312 730.903 53.5286 1264.06 759.046 344.76 47.3683 505.014 43.708 35.0976 8.60369 21.0599 18.1288 709.843 48.7546 25.587 661.089 282.163 495.451 304.932 585.801 75.5669 60.3235 44.3039 13.6227 11.6659 19.075 19.5831 14.5842 16.0195 264.904 378.926 4.93018 40.8408 12.0387 26.4939 9.56287 286.404 226.822 220.302 37.6788 23.1293 16.7204 13.1265 10.1006
internal_count=120216 36184 84032 11032 25152 32457 51575 12721 2686 8346 905 811 11816 10569 3629 3229 683 12431 9745 593 19563 11766 5296 524 7797 483 386 94 280 241 9465 608 316 8857 3752 7649 2003 4717 604 482 355 181 155 218 239 178 127 4083 5105 66 328 95 292 148 1882 1491 1448 246 253 182 141 107
is_linear=0
shrinkage=0.05


Tree=8
num_leaves=63
num_cat=0
split_feature=5 5 5 5 5 5 5 246 5 134 109 108 215 131 90 71 102 174 98 149 163 250 172 72 163 201 133 215 135 62 139 62 69 98 70 71 94 231 60 122 249 201 238 221 71 35 80 168 255 203 65 63 192 196 152 221 25 62 58 24 212 90
split_gain=3790.99 525.596 415.687 68.8715 66.361 55.6086 31.0699 24.6256 23.0023 20.3836 18.3941 18.3268 22.6019 18.2155 22.6374 17.4808 20.1204 24.6221 38.1195 18.095 18.5501 19.7883 17.3027 17.088 18.2585 16.4956 16.4277 16.754 17.1505 25.0578 16.1217 17.0052 15.6472 38.7582 18.833 18.3053 15.5726 16.664 15.3765 20.7053 19.3919 16.8784 19.1444 17.3037 20.336 16.6057 18.4483 15.7921 15.3435 17.5219 19.2417 18.5256 17.2666 16.1198 18.0163 15.271 15.2172 18.9232 18.9738 25.4428 22.3698 20.8542
threshold=10.250000000000002 3.8500000000000001 32.050000000000004 1.9500000000000002 5.3500000000000005 20.350000000000005 69.350000000000009 2.5475092812084692 3.1500000000000008 -0.88349963703771828 0.33854166666666669 0.082829804064743842 2.0190820122321824 1.2188695241642005 47.983333333333341 8.2800966183574882 33.500000000000007 -1.7247581331897883 0.077321450153334567 0.57368398740320148 0.66528511957928838 -0.52063360240496681 1.2060677356066472 55.500000000000007 1.6634177637344596 1.1482956664205468 1.4848117560215939 -0.55589389638375686 -0.76703871227106946 8.0951190476190487 -0.94204882237199949 7.9855519770978711 7.0159599440615326 0.03379505842741138 0.091423240938166325 8.2344714506172867 -3.4646153417327912 0.36710832668757765 -7.0138095238095124 0.080128205128205135 0.90563791418162543 -0.0093087229116486873 -1.6715126785136214 -1.0206773852296325 6.1372749919639995 2.5000000000000004 1.6702898550724641 2.1694426765782802 -0.62631177058940402 -1.4177320145751044 272.50000000000006 0.07797877390478776 0.30121367176811614 0.43534687202233685 -0.14153426477890454 -0.73713546667052465 0.49720500088147151 7.5016337602276781 0.162280701754386 3.9000000000000004 -0.34706447419795644 79.77171428571431
decision_type=2 2 2 2 2 2 2 2 2 2 2 2 2 2 2 2 2 2 2 2 2 2 2 2 2 2 2 2 2 2 2 2 2 2 2 2 2 2 2 2 2 2 2 2 2 2 2 2 2 2 2 2 2 2 2 2 2 2 2 2 2 2
left_child=1 3 5 26 11 10 -4 8 13 -10 32 38 56 -5 -15 16 17 18 36 20 -18 23 48 24 -22 -24 27 -1 -29 -30 55 -32 33 35 -34 -2 -6 -38 39 40 -3 43 45 44 -40 -43 -47 -44 52 -50 -51 -52 53 54 -19 -11 57 -13 59 -59 -60 -62
right_child=2 4 6 7 15 -7 -8 -9 9 30 -12 12 -14 14 -16 -17 19 22 -20 -21 21 -23 25 -25 -26 -27 -28 28 29 -31 31 -33 34 -35 -36 -37 37 -39 41 -41 -42 42 47 -45 -46 46 -48 -49 49 50 51 -53 -54 -55 -56 -57 -58 58 60 -61 61 -63
leaf_value=0.10847925853632397 0.0362319688586474 0.057405734836215999 -0.036957115052407417 0.059137561179347112 0.0086739280676183372 -0.024393293597294859 -0.04842348936139914 0.011728704182500885 0.0092372071163157442 0 0.096000585854336504 0.067687487527746809 0.12860968894385191 0.1341845635415001 0.069637535913175147 -0.0024755051855613556 0.0093032254091101607 0.1529613168477523 -0.0099020064592007032 -0.0068413483790281948 0.17007538502920122 0.02222995753798682 -0.0055121196723845606 0.011415852697981071 -0.01095131025311675 0.10678070485473219 0.045581878411169785 0.088108514267646751 0.044706543467992181 0.14585371691034743 0.051139223473673459 0.018316813821731899 -0.018459297489604728 -0.0075092215752951205 -0.0016344544495325358 -0.015022264779706121 0.20749989832058191 0.033461880961916539 0.15196937723094095 0.0069140642477879257 0.1709776093716214 -0.023473012380038957 0.00016067592860809668 0.028693413468115055 0.035845684343103992 0.17911874852050588 0.003406503179260056 0.093979714108370083 0.093313798714131507 0.029090422807699298 0.018920067472346404 -0.0061281758064153247 0.0066571221972572302 0.019851090203736103 0.035206957830735727 0.090799926218515528 0.0073072162300533115 -0.0041120457991153892 0.029087141800149055 0.042359737345178824 0.13559664539562211 0.0040642808681900068
leaf_weight=71.917301341891289 85.459305003285408 17.955260343849663 1008.4331739395857 612.58992460370064 2.1310616061091432 717.50394239649177 1532.7169923596084 31.822016261518002 33.656307093799114 5.2214700430631629 3.3230979219079009 72.731517449021339 7.1061433255672446 18.556444063782692 72.869105510413647 117.52886844426394 185.05666488409042 8.6277958080172521 6.9882460683584204 134.16889131814241 6.3340004086494428 29.553340271115303 81.546346351504326 4.2877137288451195 1.5136527344584463 2.404539316892623 32.01137213408947 148.89353147894144 62.828782625496387 6.2088065370917311 269.98051108419895 48.517889551818371 444.18907775357366 435.1515150628984 266.95843671262264 21.06260884553194 5.6480765119194984 2.382978193461895 5.4932892024517086 12.518271461129187 4.717701591551303 2.423499718308447 110.68232933431864 287.63522171974182 11.519225627183912 3.4678797349333763 2.3920170962810516 3.6798938512802115 7.4415344297885886 337.98196374624968 298.65447480231524 97.043591849505901 12.869037359952925 8.3922259584069234 6.2364981546998051 37.303090326488018 28.930619016289711 43.213395692408085 20.060162663459778 89.185835279524326 13.535820797085764 3.9811952561140052
leaf_count=423 1258 189 19688 4662 25 12894 31887 263 310 45 47 731 70 133 550 1578 2395 110 86 1742 79 381 1048 55 20 31 194 877 382 38 2405 435 7047 6754 4146 311 62 28 57 132 46 26 1198 3024 120 36 26 40 95 4249 3856 1252 168 109 82 315 298 436 201 904 127 40
internal_value=-0.000126196 0.0385235 -0.0305229 0.0616406 0.0224963 -0.0132943 -0.0438915 0.0557087 0.0569662 0.046947 -0.00693622 0.0345313 0.0447523 0.0625014 0.0841027 0.0158972 0.0176443 0.0217297 0.0796532 0.00765529 0.0162475 0.0460161 0.0204794 0.0974597 0.137303 -0.00101784 0.0822234 0.0860823 0.0782068 0.0558271 0.0504135 0.0462279 -0.00728959 -0.00087345 -0.0121616 0.0260055 0.137056 0.165836 0.0282769 0.0599373 0.0874728 0.0255239 0.00969898 0.0318258 0.0799745 0.078794 0.119074 0.00401136 0.022806 0.0211859 0.0203215 0.0127645 0.0544431 0.0793148 0.109205 0.0798649 0.0420765 0.0461535 0.0365681 0.0272373 0.067756 0.107806
internal_weight=8065.2 3550.4 4514.8 1452.38 2098.02 1973.65 2541.15 1130.52 1098.69 394.679 1256.14 741.229 278.745 704.015 91.4255 1356.79 1239.26 878.348 17.1504 360.914 226.745 41.6887 861.198 12.1354 7.84765 83.9509 321.86 289.848 217.931 69.0376 361.023 318.498 1252.82 541.673 711.148 106.522 10.1621 8.03105 462.485 35.1912 22.673 427.293 122.646 304.648 17.0125 8.2834 5.8599 114.362 777.247 741.122 733.68 395.698 36.1256 23.2565 14.8643 42.5246 271.639 242.708 169.976 132.399 37.5772 17.517
internal_count=120216 36184 84032 11032 25152 32457 51575 9118 8855 3510 19563 7701 2807 5345 683 17451 15873 11201 201 4672 2930 535 11000 154 99 1079 1914 1720 1297 420 3200 2840 19516 8323 11193 1569 115 90 4894 367 235 4527 1326 3201 177 88 62 1238 9921 9452 9357 5108 469 301 192 360 2737 2439 1708 1340 368 167
is_linear=0
shrinkage=0.05


Tree=9
num_leaves=63
num_cat=0
split_feature=5 5 5 5 5 5 5 5 259 94 249 44 230 47 89 183 218 139 71 165 20 109 145 215 69 237 33 124 252 201 158 152 92 174 27 75 65 133 139 20 179 241 245 245 214 238 170 84 121 166 36 31 201 164 47 33 182 98 180 231 36 94
split_gain=3416.52 439.93 406.895 63.2014 54.6411 52.2767 31.6771 26.9356 19.3714 21.9912 19.2864 19.9779 23.997 18.4039 17.0882 20.4879 18.3728 17.5361 16.647 16.2771 16.8124 16.0586 16.0205 15.7949 16.0412 15.6687 15.5665 24.0883 15.3299 15.2844 15.2404 19.8119 19.1118 17.8575 15.3716 15.0695 14.8837 16.3865 18.4606 18.5759 17.1488 20.5986 16.2135 18.5938 15.975 17.5089 14.9137 16.2269 18.9439 15.2529 14.7238 31.4984 15.3725 18.4739 21.6833 16.5944 16.9431 16.4025 17.0617 19.6649 17.0023 15.5925
threshold=10.250000000000002 3.9500000000000006 32.050000000000004 2.7500000000000004 6.4500000000000011 20.350000000000005 69.350000000000009 1.5500000000000003 -0.61525420181408119 4.1056558396273379 0.074189066641123999 4.5000000000000009 0.57659509467484471 0.29705882352941182 34.350000000000016 -0.29509323958628814 -0.97898606787366116 -0.94204882237199949 6.5282535074987917 -0.98476508714129041 9.1666666666666696 0.33854166666666669 1.0980237795114569 1.2341237526412401 8.7301820043755551 0.60227702043103315 95.750000000000014 0.87025000000000008 -0.4419091527583443 -1.1163549102683064 -1.2566195657255255 -0.55980986965745516 7.1130983358197879 -0.10142441837251996 0.18333333333333338 10.500000000000002 1881.5000000000002 0.52087860066045866 -0.58470712594513086 3.8333333333333335 0.32788927474246005 0.26297606908742188 1.8036447906025099 -0.40190957228040353 -0.81531956428834262 -0.48475815157281238 -1.3555961192875319 0.36719576719576724 11.500000000000002 0.090931731556563575 280.50000000000006 35.380476190476195 -0.33108882005950141 -1.6828436719310893 0.075498575498575513 70.15000000000002 1.9325932499384388 0.090833275782370812 -0.91892443496761589 -0.40989058683239243 54.500000000000007 1.749343452810064
decision_type=2 2 2 2 2 2 2 2 2 2 2 2 2 2 2 2 2 2 2 2 2 2 2 2 2 2 2 2 2 2 2 2 2 2 2 2 2 2 2 2 2 2 2 2 2 2 2 2 2 2 2 2 2 2 2 2 2 2 2 2 2 2
left_child=1 3 5 7 10 21 -4 -1 9 18 11 12 13 -3 15 16 -5 22 35 20 -6 -2 23 24 -16 -18 27 -19 -13 -11 32 -32 -17 -33 -35 -9 37 38 46 44 42 -42 43 -39 45 -40 -10 49 -49 -48 52 -52 55 54 -54 -21 -57 58 59 60 -55 -59
right_child=2 4 6 14 19 -7 -8 8 36 29 -12 28 -14 -15 17 30 25 26 -20 50 -22 -23 -24 -25 -26 -27 -28 -29 -30 -31 31 33 -34 34 -36 -37 -38 40 39 -41 41 -43 -44 -45 -46 -47 47 48 -50 -51 51 -53 53 57 -56 56 -58 61 -60 -61 -62 -63
leaf_value=0.088940229828074896 -0.0069742916557332295 0.12280425505330746 -0.036319771738327497 0.092865510146142444 -0.0034772177451177048 -0.023692502584222504 -0.04810842812889627 0.030593669941179187 0.14811996312908399 0.058496403675614178 0.033933917939142119 0.026606629945951529 -0.0060977369432369697 0.001912198092348429 0.084371555376847318 0.093241232202906366 -0.04056483701602695 0.011405233975336094 0.036522912322915789 -0.01621189950928182 0.086750034341930182 0.086572980692293591 -0.0098248216097825622 0.0084101256973156194 -0.028469007834393514 0.052015240945265252 0.043130543488948923 0.059920609895394175 0.0085677288126184536 0.10637400908477349 0.021684098796808167 0.13044063552550653 0.0098638978866848678 -0.039943405650099184 0.078483751113604699 0.099312558998528686 0.013400136881489938 0.0070992798072614981 -0.018732719594372765 0.06917276805185392 0.11117869642062816 0.033079191741442297 0.0078492181777834371 0.05569078049633968 0.0095084185839420729 0.11801809016478589 0.057211667024794591 0.079690780875372402 -0.005835687764144345 -0.025229661776944003 -0.034870743184784579 0.11825727228121696 0.14011670271358512 0.13961827410272082 -0.024874885467760188 0.022165150475030829 0.088466301878096759 0.050063417621624889 -0.006652101177255264 0.00080776160960304095 0.0054316631100583823 0.0090941730085732052
leaf_weight=109.53735190629959 1245.0020442083478 13.001756206154829 975.67761600390077 5.3016182258725193 193.21156888455153 702.2146893851459 1467.2807499058545 12.645080022513865 6.6226740181446067 28.855964332818985 619.84793043136597 254.13985650986433 8.3022988736629468 4.2117113023996344 61.468994870781898 10.24320797622204 11.265724904835226 105.6688639074564 51.190348856151104 26.609525889158249 4.3026537746191016 3.6019757986068717 6.4472814276814452 9.4821700751781446 2.7881522402167311 6.2774038314819327 413.90599676966667 33.230636239051819 223.26052508503199 67.483704775571823 10.235335670411585 26.207651264965534 18.800351709127426 2.4344062656164196 22.014124915003777 30.016948573291302 20.548490539193153 24.624036103487015 2.9074408337473869 46.152727827429771 19.894614152610302 16.524509206414223 33.938142247498035 109.79917968809605 40.106959395110607 6.8174848705530149 15.486044928431513 166.04213711619377 6.485740825533866 7.6963852792978278 4.5468740239739409 8.5220972150564176 4.3891490548849097 5.4335624426603335 2.6692074537277222 335.21376115083694 9.1190524101257306 31.449965111911297 222.56229772418737 16.154470235109329 3.9878231287002563 85.4407769292593
leaf_count=558 19516 142 19688 44 2565 12894 31887 85 42 186 6588 2816 93 46 485 86 97 906 351 348 56 47 52 76 23 52 3484 274 2494 436 84 210 155 20 181 196 142 166 20 312 135 113 235 732 277 45 105 1113 44 52 59 104 57 71 34 4290 115 405 2932 213 52 1130
internal_value=-0.000136598 0.0356418 -0.0298245 0.0556187 0.020523 -0.0127842 -0.0434191 0.0652342 0.0614702 0.0756063 0.0279999 0.0206235 0.0630839 0.0952285 0.0449228 0.0632053 0.0195507 0.0415629 0.0570778 0.0116945 -0.00105942 -0.00663136 0.0637143 0.0702564 0.0790375 -0.00614897 0.0382315 0.0233932 0.0182166 0.0928332 0.0739022 0.0883266 0.041561 0.101015 0.065389 0.0802259 0.0561921 0.0578999 0.065592 0.0464708 0.0464056 0.0777071 0.0391863 0.0469447 0.0243994 0.0787332 0.0743652 0.0711037 0.0764317 0.0297235 0.0150297 0.0659347 0.0140402 0.00681217 0.0817584 0.0212394 0.0241866 0.00512991 -0.00213924 0.0357163 0.0892717 0.0204907
internal_weight=8039.3 3645.52 4393.78 1569.15 2076.38 1950.82 2442.96 823.376 713.839 190.192 1122.76 502.916 25.5158 17.2135 745.772 112.78 22.8447 632.992 93.8524 953.613 197.514 1248.6 80.1866 73.7393 64.2571 17.5431 552.805 138.9 477.4 96.3397 89.9351 60.8915 29.0436 50.6562 24.4485 42.662 523.647 503.098 298.318 95.9846 204.78 36.4191 168.361 134.423 49.8319 9.72493 202.333 195.71 172.528 23.1824 756.099 13.069 743.03 372.087 7.05836 370.942 344.333 365.029 248.138 25.5759 9.42139 116.891
internal_count=120216 36184 84032 11574 24610 32457 51575 5345 4787 1254 12179 5591 281 188 6229 929 193 5300 632 12431 2621 19563 636 584 508 149 4664 1180 5310 622 736 495 241 411 201 281 3533 3391 2010 654 1381 248 1133 898 342 65 1356 1314 1157 157 9810 163 9647 4894 91 4753 4405 4803 3268 336 123 1535
is_linear=0
shrinkage=0.05


Tree=10
num_leaves=63
num_cat=0
split_feature=5 5 5 5 5 5 80 65 66 71 183 94 136 35 170 195 205 48 64 130 170 229 156 100 248 156 172 219 174 82 125 253 166 205 247 36 78 28 71 70 65 164 199 36 95 202 136 82 136 64 180 72 189 92 28 240 201 133 49 201 204 249
split_gain=3050.85 404.52 359.797 95.1139 48.4805 43.9348 29.1934 20.8756 19.5239 18.4309 18.0511 17.1741 16.7957 20.2348 27.1217 18.2364 18.0968 17.7403 17.6134 16.8321 18.8117 16.1124 20.2454 18.1026 16.8577 18.267 21.7557 20.0924 19.0373 16.2574 16.0597 15.749 15.3645 15.7827 17.204 15.1919 20.3263 15.853 16.6902 15.7039 17.5397 15.2064 22.5827 16.6477 15.0531 14.9757 14.5402 22.8668 14.5211 14.3664 14.2408 14.1133 14.0285 18.2973 13.893 13.8875 15.1599 25.6377 15.4477 17.8362 16.8268 14.0624
threshold=10.050000000000002 32.050000000000004 3.3500000000000001 6.4500000000000011 19.750000000000004 1.5500000000000003 32.629100529100533 1.5000000000000002 0.080529458754802816 8.8858101629913726 -0.24626781251816646 -12.495524261155539 -1.2223308364526264 2.5000000000000004 -0.92009772793315336 -0.36182472109888947 -1.1263100106619117 0.65108695652173931 8.5295537869981235 0.41679836750068705 0.46457598974414666 2.7546374443935213 2.0227165702443779 0.33854166666666791 -0.94645359153446373 1.5931670366795008 -1.0851564758005774 0.87742357662585391 -1.7247581331897883 2.0750000000000006 0.07375000000000001 1.6086132963877897 -1.2618612411201833 -1.7191573537865954 2.6279903803014752 42.500000000000007 4.5000000000000009 8.4722222222222232 7.8751114081996443 0.072998897054267417 71.500000000000014 -0.91166639788891146 -1.4055566165279025 21.500000000000004 25.500000000000004 -0.36015967158234435 -0.86137185746948874 0.90833333333333344 -0.86137185746948874 8.2779132791327932 0.50756746801233299 137.50000000000003 1.0195584766692212 15.677578291881121 8.0500000000000025 2.3823005679744198 -1.534055558123234 0.013010642289887801 4.1143790849673207 -1.2467040068501862 0.13198555902619397 -1.2710663707302998
decision_type=2 2 2 2 2 2 2 2 2 2 2 2 2 2 2 2 2 2 2 2 2 2 2 2 2 2 2 2 2 2 2 2 2 2 2 2 2 2 2 2 2 2 2 2 2 2 2 2 2 2 2 2 2 2 2 2 2 2 2 2 2 2
left_child=2 4 5 9 8 49 -3 -6 -2 12 50 -7 13 14 15 17 -16 -4 -14 20 30 22 24 29 -13 26 -26 -27 45 44 -20 -32 -30 -34 55 37 -37 41 39 40 -39 42 -5 46 -24 -28 47 -44 -42 -1 -10 54 -52 -54 -47 56 57 -35 60 -60 -58 -61
right_child=1 6 3 35 7 11 -8 -9 10 -11 -12 21 18 -15 16 -17 -18 -19 19 -21 -22 -23 23 -25 25 27 28 -29 32 -31 31 -33 33 34 -36 36 -38 38 -40 -41 48 -43 43 -45 -46 51 -48 -49 -50 -51 52 -53 53 -55 -56 -57 58 -59 59 61 -62 -63
leaf_value=0.08950639028313645 -0.012202083154227522 -0.03684444746527011 0.030222486283683042 0.11488503401650854 0.082031503809092077 0.030117275308314415 -0.04815648391064678 -0.022888732547634003 -0.020448184493388675 -0.0011362189788656331 0.0063353669402329482 0.028041068653974016 0.024486138555301084 0.042816004394793994 0.058100651233246682 0.033337266747280388 0.0080848614787837891 0.15604780648757496 -0.0011073170003185835 0.021284446397563148 0 0.0044229400162465503 0.12483184856494466 0.02990179892447526 0.092787273507007759 0.0035350420251450201 0.01743205319975075 0.072351980627030105 0.001197043739398243 -0.0061040957076992121 0.1813901659238088 0.01278505737339531 0.011794748687582002 0.038563175515287304 0.019373654202789845 0.013878372285932472 0.11566442349501267 -0.015808395800327384 -0.028490730193257111 0.024739684332389628 0.025235377239572421 -0.005674126519112096 0.13198738136827678 -0.015338685108435848 0.017086364139610274 0.13796429453961548 0.0055560890350454433 0 0.20123953181094567 0.017907930816936233 0.0002928045424576461 0.0086782359296867836 -0.0035134449523551562 0.16324206608043512 0.014932509488534846 0.016167263294580618 0.092115724701351001 0.10162217721770637 0.02011156558542089 -0.0026374333696353729 0.055861677699457948 0.055074515694682469
leaf_weight=108.16791635751724 620.70983764529228 1115.1454902999103 5.3114427179098112 4.8713523820042601 3.7967953458428374 88.270569339394569 1241.7369978986681 730.80400333553553 140.56788431107998 46.741903051733971 411.59320959076285 67.697218842804432 818.15652108192444 440.48442815989256 19.84675969928503 23.289834529161453 143.9962116330862 7.2016010656952858 1.9373906105756784 13.87636701017618 3.6480544582009307 16.64270330965519 30.342982068657875 12.244481965899466 40.799939379096031 35.471644252538681 5.9873014986515072 14.305160045623778 14.397283770143984 2.926624320447444 7.6295401602983457 1.9175419658422468 22.64862547069788 27.01656149327755 33.987622275948524 532.58526095747948 3.9865458682179442 1.8172727972269118 7.0695159286260596 16.600094065070152 2.1166921555995937 302.56220975518227 6.7635745033621806 28.485586442053318 4.1246931552886954 19.37897343933583 16.464404053986073 5.5654985755681992 3.4905129373073582 8.2834870219230634 48.043635312467813 3.3330996558070174 3.1619068533182135 2.2210268042981625 2.984073117375373 21.694323316216469 54.785176955163479 48.601492054760456 46.822316214442253 10.591405443847178 101.60569988936186 383.84535776078701
leaf_count=528 9860 23614 49 56 70 634 28128 13587 2194 514 6344 481 8714 4113 186 214 1355 64 21 147 40 116 202 86 277 248 39 95 102 20 79 20 164 182 239 6828 51 23 95 210 26 3936 86 368 27 119 217 71 44 41 749 22 50 35 20 150 379 323 317 79 690 2633
internal_value=-0.000332597 -0.0288676 0.033024 0.0219987 -0.0120766 0.0551468 -0.0428243 -0.0222289 -0.00597776 0.0296525 0.000403351 0.0519749 0.0306235 0.0367966 0.0233438 0.0622328 0.0144895 0.109197 0.0259153 0.063897 0.0989208 0.0538262 0.0546336 0.0864403 0.0528882 0.0547426 0.056504 0.024446 0.054528 0.103562 0.128108 0.152423 0.0528033 0.0537823 0.0550621 0.00938244 0.0148577 0.00192865 0.0356233 0.055074 0.111316 -0.00101991 0.0212897 0.0114093 0.112924 0.0931808 0.0376658 0.0765366 0.149431 0.0846518 -0.0121248 0.109329 0.00965603 0.0793028 0.123103 0.0567699 0.0580449 0.0799553 0.0551354 0.0500304 0.0690982 0.0535094
internal_weight=8011.15 4317.78 3693.37 2466.42 1960.9 1226.96 2356.88 734.601 1226.3 1534.04 605.588 1110.51 1487.3 640.13 199.646 35.8029 163.843 12.513 847.165 29.0089 15.1325 1022.23 1005.59 49.6388 955.953 888.256 838.479 49.7768 797.679 37.3943 11.4845 9.54708 765.996 751.599 728.95 932.379 536.572 395.807 31.0941 24.0246 7.42448 364.713 62.1504 57.2791 34.4677 31.6834 28.7935 12.3291 5.60721 116.451 193.994 25.6961 53.4266 5.38293 22.363 694.962 673.268 75.6181 597.65 441.259 156.391 394.437
internal_count=120371 84631 35740 27527 32889 8213 51742 13657 19232 15516 9372 7644 15002 5981 1868 327 1541 113 9021 307 160 7010 6894 335 6559 6078 5735 343 5458 249 120 99 5258 5156 4992 12011 6879 5132 398 303 93 4734 798 742 229 200 374 157 70 569 3028 161 834 85 139 4753 4603 505 4098 3029 1069 2712
is_linear=0
shrinkage=0.05


Tree=11
num_leaves=63
num_cat=0
split_feature=5 5 5 5 5 80 5 57 207 237 111 151 101 21 39 224 199 130 222 223 249 49 101 177 172 251 239 197 138 74 168 45 195 172 224 109 258 155 178 214 64 138 210 217 212 124 243 215 165 77 217 132 71 168 202 64 116 241 219 107 5 254
split_gain=2770.31 438.58 247.094 71.6921 68.4078 29.7576 20.6213 20.4254 19.8361 19.1977 25.1804 24.1663 18.8369 23.5943 24.1752 18.6211 18.0114 21.2223 21.5409 21.168 18.0711 21.5407 19.3323 18.1561 17.4839 17.1223 21.2048 17.1211 18.2045 17.036 16.9608 16.5319 16.8424 16.139 22.8194 15.989 15.9417 15.7668 17.3587 17.7189 17.149 15.5907 15.5612 15.1347 20.0446 15.1111 18.957 15.0977 14.8812 14.9073 19.9814 22.4893 20.2456 16.3034 15.9362 15.1924 17.8005 24.7609 29.6424 20.8814 17.2161 16.8674
threshold=13.450000000000001 4.4500000000000011 32.050000000000004 6.6500000000000012 2.1500000000000008 32.629100529100533 22.750000000000004 4.3250000000000011 -0.010700787848815263 -0.26368292535671894 6.7209627329192552 -1.33420265384556 0.11201659751037346 0.36275366790072677 0.58571428571428574 1.0146319131839763 -1.9199594327345408 -0.30531310263006323 0.41497247714991964 0.60482472424103917 1.1379261747197278 7.717142857142858 0.10973036945559331 0.3477093603161488 0.86627198013942142 -0.35409621519754786 0.24048980799298328 -0.7507104395909352 -0.58322473656233853 0.32266598395630658 -0.6076724773343819 1.5000000000000002 -1.1618585891278588 0.054519713413985489 0.052713304441849206 0.064857211020640002 1.4564938920208721 -1.7139042392889674 0.63828866979515475 -0.2015273004327772 8.3766225076943694 -1.0411074895298638 -0.58148711905581563 -0.77492254084698498 -1.0777179661139049 0.69275000000000009 0.50457223404267648 -1.1227701558630676 0.11425355081651647 0.43485705777248368 -0.3088695552973007 -0.89615626163495155 7.124196766425869 -1.0383147797889016 -0.726460092160916 7.1450428396572834 -0.50499999999999989 -1.5139132635394366 -0.37305488674065262 3436.5000000000005 6.0500000000000007 -0.25013160425197251
decision_type=2 2 2 2 2 2 2 2 2 2 2 2 2 2 2 2 2 2 2 2 2 2 2 2 2 2 2 2 2 2 2 2 2 2 2 2 2 2 2 2 2 2 2 2 2 2 2 2 2 2 2 2 2 2 2 2 2 2 2 2 2 2
left_child=1 4 6 48 7 -4 -2 15 42 37 -11 29 13 14 -13 24 17 18 -5 -20 27 22 23 33 36 26 -14 28 -18 -12 -28 -27 -33 34 -22 41 -1 -10 39 -39 -40 -26 -6 -34 -45 -41 -47 -24 49 55 54 -52 53 -53 -51 -3 57 58 -57 -59 61 -60
right_child=2 3 5 16 8 -7 -8 -9 9 10 11 12 25 -15 -16 -17 20 -19 19 -21 21 -23 47 -25 35 31 30 -29 -30 -31 -32 32 43 -35 -36 -37 -38 38 40 45 -42 -43 -44 44 -46 46 -48 -49 -50 50 51 52 -54 -55 -56 56 -58 59 60 -61 -62 -63
leaf_value=0.06276276215484676 -0.011294794177048907 0.0029970761308627525 -0.036217099246204226 0.031011725064513791 0.033606685301573617 -0.047851415149336711 -0.023948445192798529 0.0011208169405008163 0.066274205708132014 0.0091712838477859705 0.048877027901568192 0.1189875707363008 0.0078224888193851854 0.052030176576216627 -0.027368869606890684 0.078027923944484545 0.0084038575422627545 0.001828751948619822 0.24208928907638849 0.016904597734703885 0.041518314604809231 0.04539477191717213 0.091161288772370452 -0.01407565500265124 -0.0094682336248482959 0.013874183549703545 0.14274325309438879 -0.00099506787173456049 0.049648584749809141 0.0042818727356821861 0.041620927766862499 -0.025762081682118729 0.011415545854798136 -0.006026618765843767 0.16598086641298429 0.0013190088977678453 0.0073098456711567297 0.036573490549527174 0.022066221629458552 0.052641565631018787 0.072939388673391045 0.10903784529704841 0.0017564977230191425 -0.007883536932368455 0.083675858356812793 0.040631357406603827 0.16959850411427313 -0.0023171164949353676 0.038547326998094017 0.078571708972270671 -0.017937972419248643 -0.037575158455371245 -0.02182200120462828 0.084068855109581064 -0.0064116073382311624 -0.017124455261731116 0.010814055110703205 0.022645529481826292 0.010613172507839233 0.082509703354780584 0.22577705867236572 0.14809627667089462
leaf_weight=261.76362380385399 925.68802014365792 140.10976788401604 1078.6878953948617 7.1458652615547198 459.59290642291307 1188.524673551321 498.3746549859643 13.975249603390692 43.456870563328266 32.627619475126266 58.118374183773994 40.114107988774776 38.642350994050503 36.598178289830685 2.6103166416287413 148.15607149899006 165.60750363022089 13.111670862883328 2.5331716239452362 1.7801491394639013 10.957703359425077 51.596297591924667 3.4590445868670932 9.1427776925265771 3.8267077952623367 15.520179271697996 4.9533221796155003 940.81556577607989 31.189316000789404 34.310324259102345 19.816394783556461 3.8993345797061911 9.6596495360136014 5.413921993225812 5.5744004249572745 27.156130358576775 14.145915709435938 185.38437006622553 251.27575831860304 42.103813789784908 17.131716907024384 7.3328993916511518 42.319666013121605 6.0574306324124327 104.49507208168507 5.9735045582056028 6.8004971146583557 136.32375112921 132.24848145991564 5.689749486744403 8.431665897369383 2.3195960447192183 5.2123741507530204 46.059187158942223 30.396956078708172 4.4714050143957147 242.57354252040386 325.12369009107351 5.0264209136366826 14.523211970925329 2.7367997020483026 3.4136567860841716
leaf_count=1472 15436 1524 23614 90 3665 28128 9618 78 330 257 452 305 309 279 21 801 2302 167 31 22 144 704 47 124 22 124 38 12945 428 265 155 31 76 76 75 161 80 1439 1962 345 132 41 358 47 815 43 45 1842 1404 60 87 25 57 479 321 50 2617 3529 54 155 32 36
internal_value=-0.000330165 0.0269872 -0.0320844 0.0124691 0.0445977 -0.0423367 -0.0157404 0.0611234 0.0391697 0.0434325 0.0518001 0.0554636 0.0627888 0.0840299 0.10951 0.0629198 0.00515935 0.0467628 0.0935019 0.170767 0.00437027 0.0173723 0.00866673 0.0436684 0.0555556 0.0540949 0.0316136 0.00181021 0.0151838 0.0325995 0.0667914 0.0639716 0.0700353 0.0675077 0.0908441 0.0228926 0.0599744 0.0371664 0.0345447 0.0443794 0.0255906 0.0705533 0.03094 0.0733709 0.0785886 0.0695329 0.116981 0.000591671 0.0229002 0.0203762 0.0387051 0.0557215 0.0675185 0.0774923 0.0086101 0.0178836 0.021353 0.0284838 0.0884532 0.0254547 0.129039 0.0765466
internal_weight=7982.08 4290.81 3691.28 2352.99 1937.82 2267.21 1424.06 476.357 1461.46 959.549 407.423 374.795 282.366 79.3226 42.7244 462.381 1384.65 24.5709 11.4592 4.31332 1360.08 222.468 170.872 31.0888 314.225 203.044 63.4121 1137.61 196.797 92.4287 24.7697 139.632 124.111 21.946 16.5321 38.3157 275.91 552.127 508.67 240.262 268.407 11.1596 501.913 120.212 110.553 54.8778 12.774 139.783 968.337 836.088 98.1095 62.0228 53.5912 48.3788 36.0867 737.978 597.869 355.295 15.6483 339.647 11.1769 8.44008
internal_count=120371 43575 76796 29427 14148 51742 25054 2655 11493 7470 3174 2917 2200 605 326 2577 18997 310 143 53 18687 3012 2308 419 1776 1595 502 15675 2730 717 193 1093 969 295 219 224 1552 4296 3966 1872 2094 63 4023 938 862 433 88 1889 10430 9026 1029 648 561 504 381 7997 6473 3856 172 3684 122 90
is_linear=0
shrinkage=0.05


Tree=12
num_leaves=63
num_cat=0
split_feature=5 5 5 5 5 5 5 5 215 246 202 100 241 64 122 237 177 92 214 146 254 199 75 215 238 34 66 73 136 237 62 163 74 239 240 120 200 166 30 246 165 133 197 93 243 250 194 252 252 45 107 154 39 195 212 192 224 242 200 241 139 66
split_gain=2523.92 376.58 242.775 87.3539 35.5336 30.1662 29.7489 19.5167 18.0058 17.1195 17.2545 17.0753 14.844 20.8524 16.5655 15.2575 14.7968 14.7949 19.7179 17.6747 17.5889 17.4011 19.0263 14.7697 14.7552 14.8158 14.6621 14.4148 15.3335 19.2412 19.0859 22.2486 18.4624 17.7843 21.1901 18.153 21.1658 17.4223 18.8299 16.5638 23.8604 16.5484 16.4629 15.6966 15.5243 14.9787 14.921 14.581 15.3603 17.2089 17.4334 14.1876 14.228 16.2147 18.0056 16.5089 16.026 17.9307 14.4849 16.98 14.15 14.119
threshold=13.450000000000001 5.3500000000000005 32.050000000000004 3.3500000000000001 1.5500000000000003 64.850000000000009 7.4500000000000011 22.750000000000004 0.96052560970788492 -0.71358618094879689 1.2677005832800448 -2.8208556149732611 -1.0749467517304043 7.5005091649694515 0.095454545454545472 -0.75542320366028393 2.7708841398488349 10.101010101010049 -0.25096427124384157 1.3060768196939008 3.3282336436604267 -0.96068380667301001 8.5000000000000018 1.343669867052997 -1.254734549173407 38.850000000000001 0.14051623193087301 0.22287581699346407 -1.192549270103054 0.51849942958227835 7.4630034645191108 0.25409255486785648 0.25931712962962966 -0.43930771517568395 -0.62863246379134707 1.382857142857143 0.56721577425564551 -0.26604577717750083 83.15000000000002 -0.11659500283614953 -1.3443340890830198 0.16618333773756069 -0.71839652288830746 22.428001181323626 0.84602023354413325 -0.597033085816564 0.24255054266913109 -0.36594518330574066 -0.8119878729851554 6.5000000000000009 24.500000000000004 -1.5137227783061598 0.81666666666666676 -1.255184826207574 -0.82167020023267601 -0.64527812540126794 0.044605551940318781 1.1468085767043725 1.4649386339765622 0.16490897125061996 -0.87994372988590508 0.11039122488650088
decision_type=2 2 2 2 2 2 2 2 2 2 2 2 2 2 2 2 2 2 2 2 2 2 2 2 2 2 2 2 2 2 2 2 2 2 2 2 2 2 2 2 2 2 2 2 2 2 2 2 2 2 2 2 2 2 2 2 2 2 2 2 2 2
left_child=1 3 7 4 -1 -4 8 -2 51 10 12 -10 14 -14 -5 -15 17 20 61 26 -6 22 -22 -23 -24 -26 -20 28 29 39 31 37 43 -31 -35 -36 -37 -30 -39 40 -11 -41 -40 44 -33 -44 47 48 -43 50 -50 -3 53 54 -53 -56 57 58 59 -54 -32 -19
right_child=2 6 5 9 16 -7 -8 -9 11 27 -12 -13 13 15 -16 -17 -18 18 19 -21 21 23 24 -25 25 -27 -28 -29 30 33 60 32 -34 34 35 36 -38 38 42 41 -42 46 45 -45 -46 -47 -48 -49 49 -51 -52 52 56 -55 55 -57 -58 -59 -60 -61 -62 -63
leaf_value=0.072822801737867413 -0.010839536465111207 -0.012153715101526848 -0.034111540624417583 0.15031435611847843 0.0468540721063899 -0.046429746870820701 0.0033236901090946073 -0.023256400566705311 0.087844113752406319 -0.016828140685195819 -0.0084414202554631348 -0.004187792903333213 0.012384632792185313 0.12159753095689814 0.01713024466605528 0.046782406682602806 -0.0010756571349730965 0.051263870353290344 0.071767193482174862 -0.029663200386792623 -0.0092508192462529889 0.027927233492722876 -0.02053798696229811 -0.014853384292589117 0.083770439419318762 0.00059606827916729643 0.013329749840117512 0.0088679743538528696 0.032308311876973278 0.0094997122559877158 0.070950820175752188 0.099310878005286651 -0.027776655067099254 0.14540667221020115 0.043515625539500974 0.023865465242141184 0.16226212861274897 0.0094288128082779133 0.010643441357733678 0.022643512460113292 0.025499332086432087 -0.013854085648921405 0.03043804837687436 -0.029261259687532432 -0.026535125044002628 0.14836476965308817 0.026693656694983428 0.040075471902860496 0.16124090371991803 0.17286190449556738 0.046345179902010911 0.15224997556102132 0.2026628643363948 0.017917680135883862 0.10819954316069838 0.0034507102901582976 0.012788970600700781 -0.021154918722219071 0 0.03554663814588805 0.0093997249712960678 0.026298549777533511
leaf_weight=123.3360635638237 916.6169867888093 33.013755157589912 815.94366523995996 7.4288532808423025 420.7304390668869 1365.6303028799593 1122.8000433221459 487.84622409567237 4.2401615753769866 38.563332989811897 10.518059022724627 130.4628236964345 25.633527152240276 10.453185014426703 3.7457376345992088 23.972360879182819 17.440308198332787 186.24090300500393 162.89088196307421 4.1779209896922103 9.6829377785325033 202.49068742990494 4.07208128273487 21.614187449216843 41.924768351018429 6.2721556425094596 12.262716963887213 108.24922075867653 51.10106485337019 27.322375863790512 8.7965527102351171 9.2429481595754641 19.955492302775383 5.4079477936029425 131.64525774866343 5.1551081910729391 6.5021897554397583 7.2805054262280491 4.2214379385113778 83.009372264146805 212.93935469537973 2.6804186478257206 4.1853375658392968 4.8789517879486075 2.6720277816057196 13.606752291321746 34.022302091121674 26.050186455249786 3.8053495585918489 6.8127998858690253 16.317045338451862 3.5640524253249195 4.8112877234816569 580.91590639203787 4.4885407909751001 12.51456337422132 10.744300939142702 2.2153437659144393 1.8542103916406629 2.8461779877543449 234.98889423161745 88.024046555161476
leaf_count=569 15436 397 18123 67 2781 33619 15752 9618 49 345 97 1538 238 94 35 218 118 1202 1035 28 63 1291 25 143 262 41 79 972 484 244 85 87 189 47 1146 45 55 67 41 732 1884 23 41 47 25 126 304 225 33 59 144 37 54 6714 48 136 124 25 21 32 2236 576
internal_value=-0.000325951 0.0251963 -0.0314047 0.0381666 0.0470593 -0.0418426 0.00856822 -0.0151696 0.0159865 0.0280788 0.0502326 -0.000628002 0.0589623 0.047508 0.111156 0.0724321 0.0442977 0.0449843 0.0522113 0.0653529 0.040272 0.0304441 0.053885 0.0237313 0.065629 0.0732802 0.0678032 0.0263352 0.028286 0.0332148 0.0200064 0.0365451 0.0039921 0.0472069 0.0539916 0.0495234 0.108176 0.0511321 0.0816533 0.0272993 0.0189484 0.0392528 0.103875 0.0414621 0.0708324 0.123986 0.054151 0.0700771 0.0941326 0.105169 0.0749148 0.0193964 0.0210905 0.0195474 0.0623805 0.0358545 0.0595908 0.0977038 0.125241 0.152406 0.0119219 0.0433942
internal_weight=7952.83 4366.8 3586.04 2452.32 1301.16 2181.57 1914.47 1404.46 791.671 1151.16 81.7517 134.703 71.2337 60.0591 11.1746 34.4255 1177.82 1160.38 453.596 179.332 706.787 286.057 61.9519 224.105 52.269 48.1969 175.154 1069.41 961.163 600.233 360.93 117.145 36.7494 176.033 148.711 143.303 11.6573 80.3951 29.294 424.2 251.503 172.697 22.0135 16.7939 11.915 17.7921 89.6881 55.6658 29.6156 26.9352 20.1224 656.968 623.954 601.483 20.5672 17.0031 22.4713 11.727 9.51168 7.65747 243.785 274.265
internal_count=120371 43575 76796 18648 8213 51742 24927 25054 9175 10435 749 1587 652 550 102 312 7644 7526 2920 1142 4606 1825 391 1434 328 303 1114 9686 8714 5286 3428 1107 348 1537 1293 1246 100 759 275 3749 2229 1520 208 159 112 167 788 484 259 236 177 7588 7191 6935 221 184 256 132 107 86 2321 1778
is_linear=0
shrinkage=0.05


Tree=13
num_leaves=63
num_cat=0
split_feature=5 5 5 5 5 80 5 57 207 222 31 199 207 237 231 108 62 61 71 177 249 67 49 101 214 181 80 98 4 213 194 1 177 222 200 32 206 203 101 205 175 150 254 215 206 207 101 73 168 84 124 72 165 148 83 32 84 214 194 196 174 58
split_gain=2301.85 326.354 238.226 55.5168 54.5586 31.0496 18.4445 17.818 16.2674 16.6327 16.1212 15.8838 15.7496 17.2226 17.6026 16.621 15.703 15.6034 16.4148 16.0654 15.4218 19.3279 18.0393 17.1063 15.602 19.5474 15.7221 15.1229 16.6474 15.7032 15.0766 14.593 14.56 14.5489 14.0238 19.572 13.6435 16.5579 16.1485 13.8216 13.742 13.6377 16.2568 19.0777 16.5018 17.4505 22.6679 15.3987 13.8894 13.6335 17.0115 13.524 20.2274 16.938 17.3512 17.4836 16.5648 26.9733 14.1046 13.7055 13.5158 26.6616
threshold=13.450000000000001 4.4500000000000011 32.050000000000004 6.6500000000000012 2.3500000000000001 32.629100529100533 22.750000000000004 4.3250000000000011 2.1432892150867771 0.88624463902183803 38.801666666666677 -1.8222276798601846 1.0000000180025095e-35 0.51849942958227835 -0.42120902701119101 0.086141773413177872 6.8539424967177709 1.175 8.2501719394773065 -0.83145243685082371 1.1379261747197278 1.0000000180025095e-35 7.717142857142858 0.10973036945559331 -0.15112580554967023 0.28853786631145656 3.8672955974842771 0.035598169191919195 1.5000000000000002 -0.1568565238376424 0.25309629745175549 8.5000000000000018 0.46945378220721173 -0.67055059058115718 -0.17352045072483011 36.850000000000001 1.2628253972516787 1.8856818611184103 0.11586674343138283 0.45884877734330148 0.047956481391346374 -0.93179068207356652 -0.25861177931766005 -1.1227701558630676 -0.2478136127085091 0.97196555900112347 0.11447190631685622 0.036410984848484852 0.50084488366740765 0.44189814814814821 0.90475000000000005 51.500000000000007 -1.3574841754851956 -0.77416045534370148 2.2500000000000004 38.45000000000001 0.80590277777777797 -0.57010011468023503 0.38252713620546086 -0.063149873428418421 -2.0540849773483765 0.23303167420814483
decision_type=2 2 2 2 2 2 2 2 2 2 2 2 2 2 2 2 2 2 2 2 2 2 2 2 2 2 2 2 2 2 2 2 2 2 2 2 2 2 2 2 2 2 2 2 2 2 2 2 2 2 2 2 2 2 2 2 2 2 2 2 2 2
left_child=1 4 6 51 7 -4 60 8 9 10 -1 27 -6 17 15 16 -15 18 19 -14 21 -13 23 24 25 31 32 28 29 -5 49 -22 -27 -24 35 -19 38 -38 -32 -40 -41 -25 43 -43 -44 46 -46 -47 -48 -16 -51 52 -3 56 -55 58 57 -54 -56 -53 61 -2
right_child=2 3 5 11 12 -7 -8 -9 -10 -11 -12 20 13 14 30 -17 -18 34 -20 -21 22 -23 33 41 -26 26 -28 -29 -30 -31 36 -33 -34 -35 -36 -37 37 -39 39 40 -42 42 44 -45 45 47 48 -49 -50 50 -52 59 53 54 55 -57 -58 -59 -60 -61 -62 -63
leaf_value=0.049308028081128365 0.002018663657226318 -0.0066172606822313606 -0.034916032789021743 0.14572381412691102 0.025358663449806942 -0.047244680426641331 -0.022571412694490714 0.0035270996065069806 0.012200891337123125 0.065413552420085563 -0.0016839213126667103 0.026399561062056792 -0.01274180997755045 -0.0015246361056899444 -0.022569407489312604 0.022939173173806952 0.080563855493134037 0.11435956688615732 -0.029325991972635392 0.031366257507783449 0.062711623186550353 -0.00030219208297927884 0.10294329426936324 -0.029593643181050427 -0.011893981695062887 0.2266684860737701 0.01438756921093101 0.011891038611342962 -0.02328506244664437 -0.0039006060868236347 0.017557425466589945 -0.031653121577823282 0.032252968614314606 0.028974958847982679 0.039477230549786579 0.013317912965637052 -0.0071993224216023114 0.095742458163010871 0.10803797236022819 0.078850057263573817 -0.018737802177001463 0.12138971477789162 -0.020499673138567927 -0.010850219772687401 -0.0064343644091305304 0.099611084981808221 0.14484252272979783 -0.019200487253342339 -0.010086989986780242 0.044396767659104767 -0.0070196146888598853 0.024512205939990376 0.037450512576706549 0.025377078210596996 0.14678961901788132 -0.024098325089848303 0.033096886402134686 0.23515798952979058 0.0036000289627810401 0.0081705473305101924 -0.011200267905540257 0.16419825568580179
leaf_weight=360.8468362018466 12.499526333063839 41.663538530468941 1009.1091708391905 6.7048140168189994 490.73799684643745 1090.6857304647565 477.80835215747356 19.906186915934086 25.565303303301334 208.53174723684788 15.928219698369501 71.339729160070419 20.865744799375534 6.1421191766858092 13.029376186430452 21.273835055530071 74.754110060632229 15.328592360019686 11.273150473833082 493.77786280214787 9.2130429558455962 1067.9439012780786 7.2446295246481887 29.583399184048176 9.72644419595599 2.9034790992736808 2.6313287168741226 20.66719601303339 2.4624786078929892 2.1208420544862774 12.636251576244829 5.9604807272553435 1.8704615645110605 46.242218442261219 103.56162077188492 7.3622720241546622 15.488581359386446 4.1405195072293273 23.417499326169491 7.6778558865189535 5.511314332485199 1.8343526273965824 9.6028755679726583 70.277079749852419 4.3991939499974277 2.5667236000299445 9.280223820358513 10.573056925088165 1.4691685214638699 60.203691691160202 21.272877357900143 212.24328489601612 4.3518102094531059 387.66877906024456 6.8731291368603689 2.4538861140608779 11.338414244353769 2.6023911982774761 2.3587161526083946 329.72251589596272 893.27456723898649 2.2080927453935137
leaf_count=1990 210 441 23614 78 3815 28128 9618 112 142 1109 96 966 165 47 103 155 539 111 91 3709 118 14642 94 401 126 35 37 258 30 25 96 79 24 606 776 59 119 29 174 58 43 23 131 947 59 35 124 139 20 467 143 2223 45 4041 68 25 118 26 24 3419 15190 36
internal_value=-0.000319825 0.0235641 -0.0307234 0.011049 0.0382653 -0.0413417 -0.0146125 0.050536 0.0520514 0.0537597 0.0471403 0.00459697 0.0327344 0.0366411 0.0475168 0.0640021 0.0743276 0.0321391 0.0282223 0.029547 0.00376168 0.00138712 0.0156838 0.00765163 0.0398495 0.0619106 0.123687 0.0389201 0.0830051 0.112522 0.0368504 0.0256688 0.17014 0.040791 0.0480659 0.0837326 0.0546447 0.0178611 0.0685604 0.0850982 0.0392723 0 0.00811492 -0.00580362 0.0342002 0.0530055 0.0878942 0.00905791 0.124186 0.023394 0.0309894 0.0200301 0.0263658 0.029676 0.0273578 0.0854939 0.0759836 0.132327 0.114621 0.0146128 -0.0103986 0.0355887
internal_weight=7922.71 4437.13 3485.59 2397.89 2039.23 2099.79 1385.79 630.778 610.872 585.307 376.775 1396.62 1408.46 917.717 265.548 102.17 80.8962 652.169 525.917 514.644 1364.66 1139.28 225.378 171.891 32.3052 22.5788 7.40527 31.9553 11.2881 8.82566 163.378 15.1735 4.77394 53.4868 126.252 22.6909 68.872 19.6291 49.2429 36.6067 13.1892 139.586 110.003 72.1114 37.8912 28.2884 15.1486 13.1398 10.7494 94.5059 81.4766 1001.28 459.311 417.647 399.355 11.6857 18.2926 6.9542 9.23185 541.966 907.982 14.7076
internal_count=120371 43575 76796 29427 14148 51742 25054 3449 3337 3195 2086 18997 10699 6884 1973 741 586 4911 3965 3874 18606 15608 2998 2298 419 293 96 391 133 103 1232 197 59 700 946 170 519 148 371 275 101 1879 1478 970 508 377 203 174 144 713 610 10430 4788 4347 4158 117 189 71 92 5642 15436 246
is_linear=0
shrinkage=0.05


Tree=14
num_leaves=63
num_cat=0
split_feature=5 5 5 5 80 5 5 36 154 237 131 136 5 254 139 71 94 200 70 221 102 146 224 34 248 195 150 215 251 192 176 237 239 76 196 63 71 212 74 30 255 94 172 224 237 130 114 249 145 160 36 7 159 65 200 206 109 109 205 219 155 221
split_gain=2100.41 284.318 233.505 68.6726 31.5669 24.5477 23.397 18.6375 19.0055 18.2727 17.9665 17.8233 17.4243 15.804 15.5512 17.9138 15.3942 16.264 15.1851 15.1712 16.7568 15.1291 15.0456 17.031 14.3396 16.665 14.2484 16.3534 13.8938 13.6819 14.4948 14.2899 15.6469 13.6486 17.0974 14.777 17.3994 17.0463 15.9543 15.6865 17.8593 13.8853 14.6476 13.5843 13.4603 20.4419 19.7073 19.9909 23.77 16.8139 14.402 17.6124 13.3378 17.8209 18.4826 14.4593 14.1648 14.9215 16.1081 13.2707 24.1771 16.1771
threshold=13.450000000000001 5.3500000000000005 32.050000000000004 2.7500000000000004 32.629100529100533 8.6500000000000004 1.5500000000000003 42.500000000000007 -1.5137227783061598 0.51849942958227835 1.3652261276246229 -1.1204064707900081 22.750000000000004 3.4740223805168475 -0.70184099588405746 8.6671029668411883 -10.32968745427871 1.1313384554232973 0.068985682597297857 -1.0822088676482828 5.5000000000000009 -0.60925661608662918 1.6469862195284202 35.45000000000001 0.48794602437730783 -1.1144948233914025 -0.73969867390968191 -0.59412025966771764 1.7065271252981409 1.5470524666961936 1.0334911592433595 1.6800360583436305 -0.29598141349361734 0.019292803970223329 -1.2247420284215988 0.067772614091139369 5.2723285486443388 0.98750814748312532 0.33904169843410947 81.050000000000011 2.0662694770148544 -15.666782649325112 -0.67700024087418631 0.020868031245386907 1.0002907683938262 -0.21078286170735314 0.55000000000000016 1.0804114044309039 0.6397930236939896 -0.067372066132158945 7.5000000000000009 4.5000000000000009 -1.4658118296959124 882.50000000000011 0.17097531352831766 -0.61558360202627949 0.082979624191543422 0.055121166919352475 1.1024795510003169 1.5082164394223641 -1.2440504433173352 -0.37260123660091593
decision_type=2 2 2 2 2 2 2 2 2 2 2 2 2 2 2 2 2 2 2 2 2 2 2 2 2 2 2 2 2 2 2 2 2 2 2 2 2 2 2 2 2 2 2 2 2 2 2 2 2 2 2 2 2 2 2 2 2 2 2 2 2 2
left_child=1 3 12 6 -4 7 -1 -3 -9 16 11 22 -2 18 15 28 17 -5 -8 -10 -21 -16 -11 -24 25 -7 -19 -28 -15 30 31 32 -12 34 -22 36 38 39 -35 -38 41 42 -41 -29 50 46 47 -46 49 -49 51 -26 53 54 -20 -54 57 -56 -59 61 -61 -37
right_child=2 5 4 9 -6 24 13 8 19 10 29 -13 -14 14 21 -17 -18 26 52 20 33 -23 23 -25 44 -27 27 43 -30 -31 -32 -33 -34 35 -36 59 37 -39 -40 40 -42 -43 -44 -45 45 -47 -48 48 -50 -51 -52 -53 55 -55 56 -57 -58 58 -60 60 -62 -63
leaf_value=0.063885685325589234 -0.0099652692793210998 0.0048138528354027361 -0.034272287258566347 -0.0030415927297358222 -0.046931606556028883 0.027101392150092857 0.066999154288088086 -0.019994827904962438 -0.013147658623459539 0.034114633639299216 0.028570452325707769 0.012736433227664979 -0.021894053849263694 0.043926367451373689 0.035927798773157771 -0.036792696707598854 0.025394168568615646 0.0069164156745179818 -0.022005872061762022 0.091820306767352172 0.076505769143773814 -0.0054635708729444546 0.028203151090960079 0.11835996690083438 -0.030654649011133763 -0.0059122344925215927 -0.0096611687035912282 0.052123746142871241 -0.0024927169602902048 -0.0026661590556888819 -0.0088371022687787661 0.026284626191232643 0.12391498812978721 0.17389587585545585 -0.0014234234203373483 0.038947167743651361 -0.0063035873209135035 -0.026654473058420527 0 -8.104679796452155e-05 -0.02144700500497156 0.046513341194427245 0.15610133612530452 0.17522014107330797 0.0056347090614341285 0.0049583591333702938 0.19003034488346232 0.0029895421065464704 -0.033878081845021904 0.19277713818266062 0.0027259484868149405 0.1560676086419277 0.016303151087028345 -0.018600822220170388 0.0031840443201704115 0.05066101208018127 0.013343563225537156 0.108301136415241 -0.0054509093578249826 0.19017195666679787 0.032079009698035059 0.010895706450373377
leaf_weight=128.48829698562622 899.63095664978027 477.90552194416523 977.48832827806473 100.05163163691759 1044.2466070726514 40.232438016682863 78.824380308389664 30.748815409839153 32.459582157433033 312.05614569783211 6.4625298753380767 98.596009604632854 468.23958061635494 226.06224697083235 39.672515846788883 6.893636427819728 1012.2305097058415 20.337851412594318 10.258069217205046 7.4856508895754805 6.5685667842626563 47.417199052870274 10.996382795274259 11.107602216303347 1.522241581231355 519.3765030875802 4.4084061831235877 8.0402857288718206 17.021337546408176 6.3398080393671981 4.3031474947929373 9.0459674969315511 20.5249472334981 3.360990844666957 98.658813692629337 63.141573123633862 15.565337359905241 9.8155550286173803 1.8432200551033018 1.9007492661476133 8.082249812781809 81.884300552308559 5.144479662179946 3.2844296619296065 12.375566776841884 28.542153488844633 2.0655580088496199 1.6107330508530138 1.8964030779898164 4.2538228929042807 192.28878225013614 2.3250212259590626 36.230775438249111 18.7521663159132 6.4861693531274822 279.38285621255636 17.56124996393919 18.359789490699772 3.4990615844726554 2.0537647455930736 15.544119596481321 272.00768019258976
leaf_count=569 15436 5682 23614 861 28128 578 465 378 380 2461 53 887 9618 1299 231 41 8339 164 63 85 73 290 86 86 22 7539 37 65 101 51 36 75 157 38 1174 733 185 114 20 22 90 941 58 26 178 401 28 23 26 56 2732 33 216 108 38 1616 101 106 20 23 175 3140
internal_value=-0.000314202 0.0220605 -0.03004 0.032991 -0.0408334 0.0076144 0.0438141 0.0123535 0.0178207 0.0267487 0.0350055 0.0316645 -0.0140653 0.0405347 0.0320215 0.0383647 0.0232697 0.00736497 0.0465567 0.0197166 0.0215428 0.0135287 0.0371798 0.0768868 0.000936567 -0.00348573 0.0356684 0.0699021 0.0406586 0.0645622 0.0750585 0.0851805 0.103099 0.0204809 0.00406846 0.02405 0.0386644 0.0341322 0.121766 0.0396642 0.0470797 0.0535325 0.11857 0.0995505 0.0109545 0.0336635 0.0685462 0.047447 0.105296 0.149408 0.00491288 0.0900734 0.0422572 0.0227029 0.036665 0.0467967 0.0500716 0.0714261 0.0904316 0.0186551 0.0600315 0.0162956
internal_weight=7892.96 4503.36 3389.61 2562.7 2021.73 1940.66 934.91 1134.17 656.265 1627.79 479.433 432.756 1367.87 806.421 337.067 249.977 1148.35 136.123 469.355 625.517 593.057 87.0897 334.16 22.104 806.489 559.609 36.071 15.7331 243.084 46.6764 40.3366 36.0334 26.9875 585.571 105.227 480.344 127.597 122.393 5.20421 112.577 97.0118 88.9295 7.04523 11.3247 246.88 50.7442 22.2021 20.1365 7.76096 5.86456 196.136 3.84726 390.53 74.9165 56.1643 315.614 45.9063 28.345 21.8589 352.747 17.5979 335.149
internal_count=120371 43575 76796 18648 51742 24927 5264 13311 7629 13384 3892 3520 25054 4695 1962 1441 9492 1153 2733 7251 6871 521 2633 172 11616 8117 292 128 1400 372 321 285 210 6786 1247 5539 1468 1410 58 1296 1111 1021 80 91 3499 712 311 283 105 79 2787 55 2268 436 328 1832 265 164 126 4071 198 3873
is_linear=0
shrinkage=0.05


Tree=15
num_leaves=63
num_cat=0
split_feature=5 5 5 5 80 5 249 62 10 215 217 96 110 223 64 110 130 172 135 68 172 215 71 163 130 173 31 100 225 107 246 169 254 138 67 101 116 253 98 223 25 240 106 258 156 5 20 182 166 71 123 77 111 253 89 81 189 60 64 166 229 84
split_gain=1958.43 267.4 246.86 45.9708 30.7506 26.9082 26.9252 32.1697 35.3377 20.8183 20.7754 19.6151 19.0189 19.0395 22.1676 22.3649 18.8694 20.9784 18.9502 18.8626 18.8159 19.9509 18.0554 16.6751 19.9634 16.4733 22.0413 20.9705 19.0541 16.0285 16.0086 15.9213 15.6884 18.6477 17.5875 15.4951 15.3835 14.1811 14.0086 15.8178 15.6809 16.0962 16.726 13.7452 13.428 13.2679 14.7213 13.8989 16.6303 14.5457 13.0993 13.0033 13.0022 14.3712 16.8047 12.7936 13.8201 13.1631 12.7801 16.0306 14.9597 17.2066
threshold=12.550000000000002 4.4500000000000011 32.650000000000013 1.9500000000000002 30.2343137254902 6.4500000000000011 1.2203640398835902 7.3166299088632689 1350.0000000000002 -1.1052924312977364 1.4052546017535308 0.1283882783882784 0.038852104703420362 1.0477470328615051 6.6120071684587822 0.11121248986212491 0.89258694233486702 0.51647726199266419 -0.57140699611943224 0.052571497236241292 1.3333704022908905 -0.83889850155392376 8.2646076003034796 1.1851695817505394 0.34515821546151354 0.67716779497778468 35.598076923076938 -0.10912698412698417 0.92190749516462833 4823.5000000000009 -0.83998685214152358 -0.61434217759908849 -0.38882044392746912 -0.57079612968924109 0.16007812500000004 0.11713596441629916 -0.77888888888888885 1.1678994873565607 0.036433250657388595 -0.44150935435845146 0.22084795321637432 -0.66044355945591293 2.5000000000000004 -0.77459666924148329 -0.52309221067181777 20.650000000000002 11.41666666666667 1.6592540833830498 1.313492710239839 6.9644591594159699 0.07417582417582419 0.33770534101659938 6.0892857142857144 0.38201873875900111 48.95000000000001 -0.86342716793309271 0.047933156709762982 0.40690476190476949 7.8176480129764814 0.59484190273984716 1.0357718923047885 4.3530092592592604
decision_type=2 2 2 2 2 2 2 2 2 2 2 2 2 2 2 2 2 2 2 2 2 2 2 2 2 2 2 2 2 2 2 2 2 2 2 2 2 2 2 2 2 2 2 2 2 2 2 2 2 2 2 2 2 2 2 2 2 2 2 2 2 2
left_child=1 3 22 -1 -4 11 23 8 -8 10 -9 -3 -10 14 -14 -16 17 -5 25 44 -19 -22 45 29 32 26 28 -27 -18 -7 -28 -32 -25 34 37 -29 -35 -34 39 -21 -41 -42 51 -30 -13 -2 52 48 50 -50 -48 -43 53 -47 -55 56 -46 -57 60 -60 61 -40
right_child=2 5 4 16 -6 6 7 9 12 -11 -12 19 13 -15 15 -17 18 20 -20 38 21 -23 -24 24 -26 27 30 35 43 -31 31 -33 33 36 -36 -37 -38 -39 58 40 41 42 -44 -45 55 46 47 -49 49 -51 -52 -53 -54 54 -56 57 -58 -59 59 -61 -62 -63
leaf_value=0.049745606259236706 -0.0070578083565478178 0.011861235451102094 -0.033506870906851387 0.031240918896223598 -0.046386964142480162 3.498367467977292e-05 -0.01358135454212705 0.14451137607715933 -0.0033882643637943009 0.0087451598396768634 -0.033875225487666714 -0.018574504002704099 0.010856170763655873 -0.010194011160922008 0.17443835373300348 -0.0013149231754023751 0.0075162458909590561 0.005810246249951509 -0.0020632800900713976 -0.024449894559535272 0.092188009270831706 0.024211320316351002 -0.027373028383805016 -0.036686317740464734 -0.0064999163480359522 0.03042002895294596 0.12807908334991322 0.13916344177438938 -0.012890661167774263 0.091984992265735616 0.098384681626723924 0.041325097938605594 0.017094939303155469 0.18550699248597102 0.1505610619941771 0.048067682141414297 0.032202418041693492 0.1260569533549806 -0.010128119221957851 -0.03084694375341536 -0.027759500510289071 0.12951035780693707 -0.0100298721814565 0.094830391988937862 0.027956285936044253 -0.0091832256541106837 0.049575045916742777 0.14679296206325307 -0.002358073238812537 0.16909115421556037 -0.035896493398480105 0.03971080580858069 -0.020251992548239457 -0.024014134407836178 0.19473194481466793 0.1460038430369722 0.10993311535604636 0 0.020757266530456113 0.086531000600234623 0.035973024094010868 0.097368237139564842
leaf_weight=396.90815055370331 757.16313109174371 708.76048957556486 858.10837573185563 1036.5998898670077 1065.4660439118743 1055.5783677212894 10.1461278013885 4.5060959532856932 4.0537989474833038 163.45428138971329 1.8007000461220739 4.5784096643328658 3.5703799240291181 2.5806741900742045 13.59361484274268 1.9850838407874096 76.102108545601368 180.18213424831629 24.226680539548397 5.5525249838829032 11.363713540136812 105.34782120585442 203.72992753610015 5.1007448472082606 35.575991969555616 18.027438536286354 5.3440826609730712 13.216500304639341 3.5544302687048903 3.7613786309957495 12.79314563423395 218.98980282992125 39.420913673937321 3.3684804886579514 2.1556808277964583 9.557934567332266 3.5823608338832846 2.3145847879350177 81.119615197181702 3.3778286799788502 2.9030020833015469 14.58941232413054 3.5416889116168013 10.829128928482531 23.212050586938862 4.9236498847603789 5.3344670273363688 0.99392286315560241 2.1327861621975894 1.6948958635330198 14.354174315929411 7.2863999754190436 498.66800964251161 1.0121021196246149 1.415504604578018 7.1482356041669828 6.1989678591489783 1.8498627468943594 49.441645719110966 10.859741315245627 28.647303603589535 2.8970072865486136
leaf_count=1927 12648 7144 21323 7303 29854 13998 130 53 52 2092 21 46 46 33 167 25 537 1282 181 54 77 754 3806 67 469 123 36 91 27 46 89 1527 518 43 25 67 44 29 810 35 30 145 35 74 226 102 111 21 44 35 298 69 10317 21 29 70 59 20 492 105 279 27
internal_value=-0.00036324 0.0215236 -0.0288288 0.0343416 -0.0406641 0.00977437 0.0052268 0.021846 0.0642132 0.0125263 0.095229 0.01617 0.0943771 0.112182 0.12861 0.153013 0.0307699 0.0278742 0.0404961 0.0281172 0.016037 0.0315993 -0.0135436 0.00223575 0.0225936 0.0433063 0.0393115 0.0735548 0.0179544 0.000452627 0.0473305 0.0449051 0.0409723 0.0494172 0.0355068 0.104773 0.121113 0.0260631 0.0217142 0.0492512 0.0626671 0.0746628 0.087158 0.0687781 0.0581097 -0.0113322 -0.0173984 0.0197513 0.00840934 0.0918237 -0.0112201 0.102862 -0.0192431 0.0428269 0.121676 0.0676168 0.0484457 0.118666 0.0155059 0.0339024 0.00540392 -0.005261
internal_weight=7856.55 4441.56 3415 2123.04 1923.57 2318.51 1356.55 205.691 35.9297 169.761 6.3068 961.964 25.7836 21.7298 19.1491 15.5787 1726.13 1333.49 392.641 253.204 296.894 116.712 1491.42 1150.86 91.5188 368.415 327.613 40.8019 90.4857 1059.34 237.127 231.783 55.9428 50.842 43.8912 22.7744 6.95084 41.7355 210.216 37.2509 31.6983 28.3205 25.4175 14.3836 42.9875 1287.69 530.53 24.5102 23.5163 3.82768 19.6886 21.8758 506.019 7.35126 2.42761 38.4091 29.411 8.9981 172.965 60.3014 112.664 84.0166
internal_count=120208 41599 78609 14095 51177 27504 17858 2619 453 2166 74 9646 323 271 238 192 12168 9416 2752 2502 2113 831 27432 15239 1195 2571 2290 281 638 14044 1652 1616 726 659 572 158 87 547 2081 368 314 279 249 101 421 23626 10978 509 488 79 409 214 10469 152 50 375 285 90 1713 597 1116 837
is_linear=0
shrinkage=0.05


Tree=16
num_leaves=63
num_cat=0
split_feature=5 5 5 5 80 5 174 65 108 71 226 238 107 130 172 172 215 135 93 256 68 183 165 30 190 37 219 1 172 31 225 149 134 199 68 20 159 215 250 4 116 244 192 201 201 254 65 238 70 223 121 98 219 204 149 179 99 28 5 125 156 178
split_gain=1787.49 241.394 232.779 40.6115 30.1764 23.7059 20.711 25.5004 20.05 18.2721 17.4986 17.2876 16.5979 16.2153 17.9544 16.4702 16.7093 16.3283 16.8615 15.7272 15.2483 21.2038 16.71 15.5032 15.1668 16.7638 15.1204 14.885 15.511 14.2648 23.1688 14.2692 15.5548 13.8552 19.8602 19.6108 19.5746 15.9194 13.6641 13.6238 13.5918 13.5312 19.7558 16.0115 17.8395 14.3782 13.5043 18.8058 20.9874 16.9766 14.3354 17.6669 24.0202 13.4857 15.5319 20.3864 21.216 16.3182 13.4694 14.4578 13.437 13.1886
threshold=12.550000000000002 33.150000000000013 4.4500000000000011 1.9500000000000002 30.2343137254902 6.4500000000000011 -1.9237225366929844 164.50000000000003 0.080391420279606982 8.2646076003034796 -0.057164960611651494 -0.62016291686500213 4823.5000000000009 0.89258694233486702 0.51647726199266419 1.3333704022908905 -0.83889850155392376 -0.57140699611943224 -8.1729952991012347 1.9147750811298101 0.052571497236241292 -0.42297651453526758 -0.63313758178079838 95.350000000000009 0.26132652398523354 1.5000000000000002 2.9128402557363731 10.500000000000002 1.3333704022908905 35.501785714285724 1.1476329942775754 -0.52622324674647392 0.89714603635187296 -1.4055566165279025 0.09346320619685107 3.5833333333333335 -0.70815463286543001 -1.0000000180025095e-35 2.264747468492287 -6.4999999999999991 0.3050000000000001 0.77702373402563463 -1.5728840324054918 -0.89793563661907883 -1.3125789833128099 3.6134879285968196 47.500000000000007 -0.44477444953090567 0.14636025404938183 0.1871840680449243 5.5000000000000009 0.050306842944226854 -0.25469347455972302 -0.15236178022710814 -0.65815509658469307 0.16159210225833462 -0.062737481463570569 7.9500000000000011 4.8500000000000005 0.19075000000000003 -0.55619608267512899 -0.70240136135052766
decision_type=2 2 2 2 2 2 2 2 2 2 2 2 2 2 2 2 2 2 2 2 2 2 2 2 2 2 2 2 2 2 2 2 2 2 2 2 2 2 2 2 2 2 2 2 2 2 2 2 2 2 2 2 2 2 2 2 2 2 2 2 2 2
left_child=2 6 3 -1 -3 10 7 8 11 46 39 -2 26 14 -5 -16 -17 18 19 -15 21 22 -12 24 25 -22 27 28 33 30 -20 -31 41 34 -7 -36 37 -37 -25 -4 -35 43 -43 44 -33 -46 47 48 50 -50 -8 52 -52 54 55 56 -49 -58 -40 -60 -23 -42
right_child=1 4 5 13 -6 12 9 -9 -10 -11 20 -13 -14 17 15 16 -18 -19 29 -21 23 60 -24 38 -26 -27 -28 -29 -30 31 -32 32 -34 40 35 36 -38 -39 58 -41 61 42 -44 -45 45 -47 -48 53 49 -51 51 -53 -54 -55 -56 -57 57 -59 59 -61 -62 -63
leaf_value=0.046344710924995723 0.012587917498962688 -0.032987252477756683 0.038366107883586721 0.029083540339009485 -0.046056516141348647 -0.0081165690028406328 -0.009727984215148611 -0.0044030858796795585 0 -0.028189469021524832 0.16957913111246745 0.19801824939648963 0.088734343136432345 -0.014875215842152754 0.0055003407436389588 0.083448048913630835 0.022651332734893326 -0.0019668684234098689 0.015823400154975197 0.093378933840888176 0.041034568951071181 -0.032909649117296526 0.011567508291872865 0.0079635525878839954 -0.0060235022222456082 0.16184150891434934 0.10489334049011756 -0.004190932289886133 -0.012237165544551273 0.10348071710943428 0.082773224649476382 0.049974192536243814 0.0073052499424531535 0.010703903548194137 -0.026438396562704164 0.047788524396369249 0.041112720547529978 0.19101181543199316 0.14606030032443482 0.0080771846935980135 0.038111940810243536 0.11061394207656668 0.026210385238256747 0.047845003177406836 0.14187545526525844 0.033414099505532237 -0.013804889653184941 -0.029048884777550316 0.15233232043404138 -0.0055205700765246562 0.20994549718630676 0.0042515987568576196 0.02188939220553968 -0.024140064274482689 -0.0037227183268026044 -0.02004295614352658 0.063558766730881719 0.28647285175352372 0.12210716971259999 -0.0020567848702322802 0.042435615200109487 -0.0112569699445145
leaf_weight=404.59845165908337 2.0143716409802437 814.60560294240713 38.91971293091774 1057.3366460725665 1020.5994542427361 20.457926236093044 26.853510845452547 20.684624597430229 3.7897266186773777 197.10513179004192 4.7278654351830482 3.5715094022452849 4.8971934244036666 22.395091123878959 180.85597439855337 12.013029977679251 106.99774405360222 24.193397484719753 84.972711995244026 2.9161482304334632 65.456099554896355 5.8540475293993941 2.6832530573010436 194.52493201941252 16.059276655316353 2.202132210135459 2.7533097416162482 372.05998236313462 89.086598582565784 11.411821991205214 14.502470955252646 20.775354519486427 23.757480084896088 686.25948128476739 6.3104345239698878 4.805055096745491 27.490683913230896 4.0701286271214467 2.4449495375156394 577.96905656158924 14.079322196543215 6.8432516306638709 78.95445666462183 90.898882754147053 15.911995403468611 4.7961837574839583 1097.9802136197686 1.4051076658070085 4.3438160195946685 2.3129816055297852 2.2232425287365913 10.305370464920996 4.3035516813397434 66.552299398928881 39.691261257976294 3.7979715913534164 2.8403698280453669 1.0560092963278291 2.0878848284482947 9.2975593432784063 51.364540785551071 129.58059249073267
leaf_count=1927 37 20893 379 7303 29854 248 496 375 70 3786 42 66 56 164 1282 77 754 181 591 20 639 59 26 1905 161 20 35 4907 1193 77 96 135 164 9024 77 55 324 46 21 5786 183 45 532 612 104 31 20465 25 79 41 40 192 78 1225 742 73 52 20 21 93 494 1710
internal_value=-0.000350409 -0.0281406 0.0201924 0.0320042 -0.0402792 0.00923587 -0.0131778 0.027246 0.0912473 -0.0140311 0.0151931 0.143973 0.00496532 0.0286794 0.0260106 0.015098 0.0294741 0.037583 0.0401251 0.000481875 0.0240118 0.045947 0.121141 0.0190007 0.0370936 0.0473393 0.00459419 0.00430933 0.00753552 0.0429456 0.0263604 0.0493087 0.0463174 0.00952502 0.0319604 0.0510328 0.0649577 0.126668 0.0115646 0.0100552 0.00777587 0.0504899 0.0341969 0.0606765 0.0868872 0.119682 -0.0117982 0.00147284 0.0266962 0.103274 0.0128655 0.0477151 0.105994 -0.009628 0.0101538 0.0655529 0.121117 0.171163 0.0579245 0.0283295 0.0342083 -0.00615402
internal_weight=7825.61 3326.04 4499.57 2164.13 1835.21 2335.44 1490.83 30.0602 9.37561 1460.77 973.591 5.58588 1361.85 1759.53 1357.2 299.867 119.011 402.329 378.136 25.3112 356.703 64.6297 7.41112 292.073 83.7175 67.6582 1356.95 1354.2 982.14 352.825 99.4752 253.349 241.938 893.054 63.1342 42.6763 36.3659 8.87518 208.355 616.889 829.919 218.18 85.7977 132.382 41.4835 20.7082 1263.67 165.685 50.3425 6.6568 43.6857 16.8322 6.52679 115.343 48.7907 9.09946 5.30149 3.89638 13.8304 11.3854 57.2186 143.66
internal_count=120208 78609 41599 14095 50747 27504 27862 548 173 27314 9646 103 17858 12168 9416 2113 831 2752 2571 184 3481 621 68 2860 820 659 17802 17767 12860 2387 687 1700 1623 11667 750 502 425 101 2040 6165 10917 1459 577 882 270 135 23528 3063 926 120 806 310 118 2137 912 170 97 72 135 114 553 1893
is_linear=0
shrinkage=0.05


Tree=17
num_leaves=63
num_cat=0
split_feature=5 5 5 5 80 249 5 62 33 174 75 146 5 197 170 74 41 222 242 72 63 259 68 71 101 217 65 1 68 138 109 130 173 31 93 100 231 116 100 97 222 64 214 70 122 66 242 5 215 107 253 65 21 109 201 202 196 65 201 45 197 135
split_gain=1632.2 236.029 203.393 36.0106 27.4491 22.561 25.167 20.9284 23.9418 20.2558 24.3219 24.167 20.3522 18.836 18.7813 17.7078 16.0857 16.0398 17.3717 15.8311 16.1465 17.4387 27.7037 15.1734 14.9836 14.8575 14.3935 20.4618 16.0408 19.0134 14.1311 14.1001 14.5064 17.3873 16.6716 14.9894 15.5159 14.6766 14.0175 13.8001 15.6932 16.9277 18.2603 13.6061 13.3805 14.1 13.9541 15.707 13.3084 16.2731 13.0375 13.3121 15.8303 12.9061 13.0006 14.7058 14.2402 12.8299 12.7962 14.5835 16.9882 19.2612
threshold=12.550000000000002 34.850000000000001 4.4500000000000011 1.9500000000000002 32.629100529100533 1.1599074681149801 7.8500000000000005 7.3166299088632689 87.750000000000014 -1.9237225366929844 13.500000000000002 -0.12595284096199719 20.350000000000005 1.195513951451975 -1.0755105761357744 0.53456514813634926 0.17914438502673799 0.29027863786954516 1.2253142681343501 53.500000000000007 0.080946015458400009 -0.58322473656233853 0.12904096704521706 4.6804255319148949 0.11523035622427985 1.7515326515022356 1015.5000000000001 12.500000000000002 0.14292615596963426 -0.8104265218130573 0.167184265010352 0.89258694233486702 1.0241138540171391 35.598076923076938 -8.1729952991012347 -0.10912698412698417 0.19608402513693746 -0.23000000000000001 2.297058823529412 0.70106382978723414 0.89920675877686052 7.1064830254118601 -0.70462607650325071 0.06634687648583569 0.47727272727272735 0.094788217408508207 -0.6011753423114341 3.8500000000000001 -1.0777893509250693 1007.5000000000001 -0.2330111808430832 348.50000000000006 0.23896535109770409 0.19282150329953326 -0.79997072058546626 -0.2969780661146057 1.7328679693088016 1.5000000000000002 -0.53876081692472111 4.5000000000000009 0.84306336410766181 -0.70303091135688567
decision_type=2 2 2 2 2 2 2 2 2 2 2 2 2 2 2 2 2 2 2 2 2 2 2 2 2 2 2 2 2 2 2 2 2 2 2 2 2 2 2 2 2 2 2 2 2 2 2 2 2 2 2 2 2 2 2 2 2 2 2 2 2 2
left_child=2 9 3 -1 -3 6 13 8 -7 10 11 -2 58 25 17 39 -12 -15 -19 20 21 22 -16 24 -14 -4 -8 28 -28 -30 -23 38 33 -33 -35 37 -37 -34 -5 40 41 42 -10 -25 45 46 47 -36 49 -9 51 -48 -53 54 -47 -56 -57 -45 59 60 -11 -62
right_child=1 4 5 31 -6 7 26 48 15 12 16 -13 23 14 19 -17 -18 18 -20 -21 -22 30 -24 43 -26 -27 27 -29 29 -31 -32 32 35 34 44 36 -38 -39 -40 -41 -42 -43 -44 57 -46 53 50 -49 -50 -51 -52 52 -54 -55 55 56 -58 -59 -60 -61 61 -63
leaf_value=0.043274889334275944 0 -0.033266087385975515 0.0071021309658060141 0.02491568891262241 -0.046140322388414201 0.0014561159629919789 -0.0034191215025009894 0.014221984707177341 0.14856778038466295 0.0013476632908153872 -0.02246663287475446 0.16473305215469058 -0.031965630501135094 0.022143422672416875 0.0087979483193996143 -0.041656810468056318 0.070821815607347863 0.1552147308776341 0.00056050577705160306 0.0021175923077188497 -0.0082286959044988364 0.022561594232754865 0.14147796519960618 -0.03071871031109339 0.13280170331841254 0.037267473537508318 0.020149705045231919 -0.033052589479892334 0.1883778596315786 0.017672402725600563 0.1334534938472956 0.014261261519732319 -0.0077874906751444544 -0.0035611588792482263 0.087018078368074431 0.12475891015802294 0.036109638942300452 0.088148168864760124 -0.016839754894761055 0 0.0050453608505749634 0.13339288124043169 0.033419318695239002 0.082497486269907327 -0.013962403562567531 0.085520124711206291 -0.017613626670891971 -0.0017877314326001392 0.011784693178386046 0.12678518915370357 0.038209677405786041 -0.016903298730761393 0.085803043568027149 -0.025740210921213466 0.0041669474551911763 0.075909961371637885 -0.007941635377110845 -0.016456915667095468 -0.012979447563047676 -0.013488359841278004 -0.032360048205144612 0.059015731336250932
leaf_weight=411.51929228007793 3.7985737286508083 793.26359793171287 974.44351383298635 1359.7795891016722 918.68084975332022 24.306372556835413 651.34804608300328 8.2246321737766248 3.6467087119817689 121.28930941224098 18.855772443115715 4.2653037533164042 1.7898486927151669 9.1930698007345217 6.7115069925785091 3.180960062891244 5.0211814232170573 6.5434660315513593 2.4867541640996933 67.400465168058872 16.875647462904453 47.726940780878067 9.3440027087926847 235.31506510078907 2.222845833748579 41.786815635859966 74.834022428840399 15.950092710554598 2.2893698662519455 3.8456356413662425 2.1610749065875998 104.93170388042927 11.210941709578039 21.265145935118198 20.272060886025432 12.852383852005007 9.6927639394998533 5.0033709481358519 19.606135219335556 6.266122303903102 6.3781152740120879 14.527819685637949 18.019678507000215 2.3092102855443946 9.6183247789740545 39.356695383787155 26.530569933354855 6.3059775158762923 329.2686909288168 4.7395687252283087 75.35096750408411 6.0922532677650434 7.5042284429073334 3.6490323990583411 15.758786544203756 30.049797177314758 5.7106082662940016 444.995983812958 545.83639186993241 109.50561018288136 6.4698751382529727 27.417500242590904
leaf_count=1927 66 21166 10371 9278 28163 272 9006 85 39 2029 353 75 38 93 71 34 86 62 23 694 172 485 91 5137 47 437 1028 223 30 52 21 724 75 156 124 82 63 32 138 68 69 148 197 46 63 250 181 52 3684 49 493 42 51 25 106 196 37 9615 9385 1852 104 447
internal_value=-0.00033475 -0.0274509 0.0189661 0.0298841 -0.0402006 0.00873142 0.00644212 0.0192512 0.0428187 -0.0131563 0.0256491 0.0953857 -0.0140041 0.0109736 0.0264324 0.0616594 -0.000589355 0.0732716 0.117426 0.0202702 0.0347822 0.0458223 0.0900761 -0.0203411 0.066595 0.00838284 -0.000730567 0.0171373 0.0273678 0.0995484 0.0299916 0.0267813 0.0349916 0.0317721 0.0385446 0.0642215 0.0900109 0.0249266 0.0243068 0.0691897 0.0791673 0.0916077 0.0587202 -0.0209561 0.0422014 0.0445549 0.0340792 0.0664657 0.013871 0.0618643 0.0260756 0.00279361 0.0414351 0.0597244 0.0634534 0.0451935 0.0625318 -0.015752 -0.00861103 0.000393776 0.0102458 0.0409992
internal_weight=7794.6 3241.04 4553.56 2202.06 1711.94 2351.5 1932.94 418.559 76.3258 1529.09 31.9408 8.06388 1497.15 1184.67 168.443 52.0194 23.877 18.2233 9.03022 150.22 82.8192 65.9435 16.0555 686.633 4.01269 1016.23 748.267 96.9191 80.969 6.13501 49.888 1790.54 411.156 372.396 267.464 38.7595 22.5451 16.2143 1379.39 48.8384 42.5723 36.1942 21.6664 682.62 246.199 236.581 142.056 26.578 342.233 12.9642 115.478 40.1271 13.5965 94.5249 90.8759 51.5192 35.7604 447.305 810.519 264.682 155.177 33.8874
internal_count=120208 78609 41599 14095 49329 27504 22859 4645 827 29280 580 141 28700 12520 1712 555 439 178 85 1534 840 668 162 14883 85 10808 10339 1333 1110 82 506 12168 2752 2500 1776 252 145 107 9416 521 453 384 236 14798 1620 1557 943 176 3818 134 767 274 93 614 589 339 233 9661 13817 4432 2580 551
is_linear=0
shrinkage=0.05


Tree=18
num_leaves=63
num_cat=0
split_feature=5 5 5 5 5 249 5 50 62 5 10 74 121 68 98 130 69 174 72 68 164 188 253 70 249 179 93 153 66 135 81 213 120 252 71 71 133 241 49 49 171 171 23 230 168 200 233 136 66 135 77 24 60 109 198 224 92 259 81 23 125 125
split_gain=1491.05 230.321 178.069 32.1017 25.6325 19.9035 22.4783 19.0515 18.9401 18.8728 18.1211 18.5464 15.9246 18.1152 18.1628 15.5714 15.8174 14.9054 20.3036 24.5761 22.428 14.7856 16.2844 14.6878 13.6798 17.376 15.6282 14.4749 14.2137 13.815 19.5507 13.6301 14.3722 13.3414 13.0573 13.9026 19.0107 15.5781 25.6139 13.636 15.6616 15.883 14.4419 15.3679 13.6004 13.4779 13.3104 15.33 14.0893 13.2754 13.46 12.9693 12.966 14.7093 12.7436 15.9708 14.3582 14.204 20.4869 14.2392 13.2862 19.2301
threshold=12.550000000000002 34.850000000000001 4.4500000000000011 1.9500000000000002 64.850000000000009 1.1599074681149801 8.0500000000000025 -2.9999999999999996 7.3049747196683654 20.350000000000005 1350.0000000000002 0.51370120120120133 3.5000000000000004 0.057710213436470433 0.046907719964442658 -0.83750038416808947 7.7406132518797 -0.79056941504209466 37.500000000000007 0.055149726799282851 0.56738325439368931 0.45789061044713802 1.8113795023535122 0.06634687648583569 -0.65375853629552649 -0.76756920576225418 -1.3513538191267884 0.67122773629666155 0.050958476237138665 -0.65073239374442737 -1.5447363031613051 -0.56410931253608443 1.0050000000000001 1.6149115491558512 8.3898754664388822 7.6001364256480226 -0.51251601700702121 -0.52866267261084654 6.8047619047619055 3.226495726495727 -0.53997408316143691 -0.40184824226767457 0.55000000000000016 0.83523008517890707 0.55424963871965471 -0.33706061225943751 -0.38616513480362907 -1.0690750685386876 0.054070296257796267 -0.78337470485102345 0.24011173184357545 3.9000000000000004 -17.504166666666666 0.086516595397033061 0.83333893999005204 0.64584721005041856 40.485669305622153 -0.64300491979412544 -0.90498248589537666 0.36666666666666675 0.20525000000000002 0.0082500000000000021
decision_type=2 2 2 2 2 2 2 2 2 2 2 2 2 2 2 2 2 2 2 2 2 2 2 2 2 2 2 2 2 2 2 2 2 2 2 2 2 2 2 2 2 2 2 2 2 2 2 2 2 2 2 2 2 2 2 2 2 2 2 2 2 2
left_child=2 9 3 -1 -3 6 54 -7 10 -2 -9 15 13 14 31 33 21 18 -14 -20 51 22 -17 -11 25 26 -5 28 29 -26 -31 -10 -33 -12 35 39 -37 44 49 45 -41 42 -42 -44 -38 -29 -47 48 -48 50 -39 -21 53 -30 -4 56 -56 58 59 -57 61 -59
right_child=1 4 5 24 -6 7 -8 8 12 23 11 -13 17 -15 -16 16 -18 -19 19 20 -22 -23 -24 -25 27 -27 -28 34 52 30 -32 32 -34 -35 -36 36 37 38 -40 40 41 -43 43 -45 -46 46 47 -49 -50 -51 -52 -53 -54 -55 55 57 -58 60 -60 -61 -62 -63
leaf_value=0.040488473196579805 -0.0075057778616808186 -0.03110736257408854 0.0074059805808348034 -0.012776534473479532 -0.044335967200978134 -0.003879278616719781 -0.0010630916535983605 0.0063615495432264805 -0.021835039985719121 -0.02891696016017908 -0.015339316971942178 -0.041340130469133263 -0.0059594067798412198 -0.010636612784932852 -0.0092928489033671964 0.14597972144762925 0.012002869319504674 0.020951154345478035 -0.036425259319905361 0.029529550593343824 -0.0060963015608958221 0.0039601151786903821 0.036788880344347651 -0.013432586742450884 0.060190836031502618 0.0063059239101722966 0.041814411628228548 0.078675294814311014 0.12892918039085921 0.10010497093745466 -0.017189360379514709 0.13973638162240212 0.0064349532184525358 0.10580237403918638 -0.010495216609698113 0.00056423968969802364 0.10676651686779 0.015657323750726645 0.093932228390690195 -0.0090371471101033159 -0.0020580826935635561 0.018043318509011749 0.10825392106347693 -0.0005636581030733234 0.022237862782318197 -0.0093823459463198353 -0.00054569976666636274 -0.029927869381831659 0.045232670408776127 -0.011874333434379393 0.11542475980310873 0.19692289476334635 0.028345882984091686 0.0028304736293484623 0.0088987226413953444 0.17083134152615179 0.092013025907630594 0.0050202313787952799 0.010547334544533268 0.038551649848094866 0.012567639678181114 0.10482712419125682
leaf_weight=417.74935293197632 821.79372081160545 582.98778868466616 966.71809159219265 15.136093892157076 1066.2211519051343 79.701737113296986 698.94198144227266 19.03060732409358 2.2670767344534388 234.89909484609962 7.820756793022154 3.096666168421506 6.2108157128095653 75.379252832382917 9.9748562499880773 16.517316319048415 5.6114267706871024 165.99019242078066 2.1838328987359992 1.934164285659788 2.2358699440956107 3.1804532930254927 5.4374806135892859 454.33160856366158 74.909966066479683 194.32338837534189 76.53920815885067 14.619279101490973 5.8206048458814603 3.6291817575693157 14.278980888426302 6.6558405905962008 2.9934977516531944 2.0748195499181747 28.125176712870598 22.321120522916317 18.471615038812164 11.810602441430087 12.817063517868517 49.978341951966286 6.7045259177684811 494.17652659118176 12.792741946876051 4.1099582314491263 7.3405585363507262 19.253695212304592 19.469050265848637 7.9391099512577048 111.82874242216349 21.453457780182365 4.0715660452842704 6.314044002443552 564.10010330379009 3.6931731551885605 185.14783252775669 5.3634005635976809 4.3821955099701873 8.8719283640384692 7.2519039511680594 4.2456054240465164 50.991601064801216 10.177978247404097
leaf_count=1927 14087 15709 10305 111 33620 876 9721 209 26 5259 83 33 67 834 112 166 59 1830 26 21 25 34 55 9934 495 1363 516 96 38 22 103 70 31 19 203 151 119 76 86 347 44 3257 84 27 49 129 128 61 717 147 25 69 3750 24 1910 50 43 98 76 41 508 107
internal_value=-0.000323841 -0.0267668 0.017827 0.0279384 -0.0396844 0.00825786 0.00610396 0.0180602 0.023141 -0.0126476 0.0478755 0.0652804 0.0174708 0.00101512 0.0400665 0.0743219 0.0915029 0.0260502 0.067322 0.101424 0.131244 0.107922 0.121935 -0.0187514 0.0250339 0.0148704 0.0327066 0.026915 0.0325063 0.0508415 0.0103536 0.0792914 0.10334 0.0169811 0.0225803 0.023706 0.0414435 0.0532269 0.035623 0.0212934 0.0174736 0.0200546 0.0595102 0.0829617 0.0846404 0.0336206 0.0289661 0.0343337 0.038454 0.0135473 0.046852 0.165648 0.0294475 0.0853793 0.0101352 0.0196003 0.0113195 0.0372692 0.0776181 0.122 0.0265299 0.0611631
internal_weight=7764.4 3160.23 4604.17 2237.46 1649.21 2366.7 1942.09 424.611 344.909 1511.02 62.7695 43.7389 282.139 97.2705 21.8913 40.6423 30.7467 184.869 18.8787 12.6679 10.4841 25.1353 21.9548 689.231 1819.71 285.999 91.6753 1533.72 666.432 92.8181 17.9082 11.9164 9.64934 9.89558 867.283 839.158 98.286 75.9649 50.1527 740.872 567.762 517.784 23.6072 16.9027 25.8122 173.11 158.491 139.237 131.298 37.3356 15.8822 8.24821 573.614 9.51378 1243.15 276.432 189.53 86.9024 16.8609 9.60901 70.0415 19.0499
internal_count=120208 78609 41599 14095 49329 27504 22859 4645 3769 29280 658 449 3111 1073 239 416 314 2038 208 141 115 255 221 15193 12168 1990 627 10178 4432 620 125 127 101 102 5746 5543 653 502 334 4890 3759 3412 155 111 168 1131 1035 906 845 248 101 90 3812 62 13138 2833 1953 880 167 91 713 205
is_linear=0
shrinkage=0.05


Tree=19
num_leaves=63
num_cat=0
split_feature=5 5 80 5 5 5 216 178 248 166 139 132 99 131 95 80 249 202 231 33 149 215 110 180 168 244 257 202 254 201 244 152 68 189 248 131 217 239 174 65 248 135 196 212 67 3 165 21 109 109 242 195 217 24 255 104 219 168 67 217 198 182
split_gain=1369.83 241.621 127.936 42.0235 28.9512 19.1789 18.8725 17.5263 15.1199 15.0559 15.0443 16.538 17.9926 17.7089 15.8127 14.7492 14.6495 14.6472 15.7064 14.5385 14.2162 19.8385 15.9099 13.695 13.6843 22.1811 13.5932 13.5623 16.1665 14.4552 19.8716 13.5494 13.3882 21.8214 15.5401 13.74 13.186 13.1337 13.004 21.9957 17.4694 15.7789 13.13 12.9947 17.0593 19.8567 16.3209 18.6306 15.5598 21.1878 19.9022 15.4102 18.7115 15.3573 20.2942 15.1125 21.9069 13.9879 13.9049 20.7669 12.9856 12.9372
threshold=17.650000000000002 5.3500000000000005 19.793610547667345 2.7500000000000004 9.8500000000000032 32.050000000000004 1.4052546017535308 -0.49235799404860586 2.4433451929049315 -0.57001498481269686 -0.47869377028245236 0.86782401872793136 -0.10195807497728647 0.44799407535200869 15.500000000000002 3.7360681114551091 -0.3419458119863576 -0.77349557208551711 0.30199532035570509 71.350000000000009 -0.55883468278574011 -0.3784484231908819 0.074771570427236325 -0.72632469213092909 -0.86709139037159111 -0.077811778048213168 -0.45729841484251316 -0.03763355302776742 -0.29586385247020247 0.18686382009550043 0.96827671469190413 -0.80570435824516717 0.11511603358396806 1.0000000180025095e-35 1.6860238707906208 -1.0202274233165822 -1.2556562238868911 -0.061121967192113942 -1.9237225366929844 164.50000000000003 -0.69521376715803174 -0.32381948626159912 -0.072113234625561476 -0.45635886873233672 0.022497216317441039 453.00000000000006 -0.47033921670062157 0.65856216223863295 0.059605246071938713 0.084481064968498082 -0.59440620674775502 1.5173464700267818 -0.44815115431951486 7.5500000000000007 -0.34182591370546023 3.5000000000000004 1.0477095397283778 1.1329008476767601 0.038717025497832326 -0.64300491979412544 0.12101788176578951 0.56543253349310085
decision_type=2 2 2 2 2 2 2 2 2 2 2 2 2 2 2 2 2 2 2 2 2 2 2 2 2 2 2 2 2 2 2 2 2 2 2 2 2 2 2 2 2 2 2 2 2 2 2 2 2 2 2 2 2 2 2 2 2 2 2 2 2 2
left_child=1 3 5 6 7 38 16 10 -6 17 14 12 13 -12 19 24 -1 18 20 -3 -9 22 -22 26 -16 -26 -23 -21 31 30 32 -29 33 34 35 -30 -5 -10 39 40 -2 42 -42 44 -11 -46 53 48 -48 51 -51 52 -50 -47 -55 -54 57 -57 59 -45 -37 -18
right_child=2 4 -4 36 8 -7 -8 9 37 43 11 -13 -14 -15 15 -17 61 -19 -20 27 21 23 -24 -25 25 -27 -28 28 29 -31 -32 -33 -34 -35 -36 60 -38 -39 -40 -41 41 -43 -44 58 45 46 47 -49 49 50 -52 -53 55 54 -56 56 -58 -59 -60 -61 -62 -63
leaf_value=0.017571725583765407 -0.031341057589190077 -0.034095772554188983 -0.042144459251668868 -0.023008892217832057 -0.0045183894265964112 -0.027828274478612459 0.052270357172845283 0.13057569055278406 0.079449841274402036 -0.026355103341082237 0.20265466679262256 -0.019665423700935485 0.040112548608090506 0.010590913991307236 -0.0090366113774677792 -0.030645763611843759 0.036648022683510216 -0.0091290582222535322 -0.01674542814874894 -0.0035306223920986458 0.14313128364831226 -0.018808027204529149 -0.00051149396749466567 -0.011224167938554915 0.00787861486600391 0.14922588048267413 0.13197270440484121 0.096135917756271977 0.02596040309386426 -0.006237686556945149 0.0052364292971767909 -0.017418148918309544 0.026674672957582097 -0.033013739727620624 0 0.23611796270094293 0.02003218951192931 2.5931467553394767e-05 -0.015823520145787556 -0.015933055129466307 0.25162131901951573 0.0018997984733409572 0.030340575547203236 0.12305341570663393 -0.0037593449589558682 0.0094870083484672289 0.014571317523154917 -0.023173034254448978 0.030024610965280463 0.09590627633478456 0.0046418335645239464 -0.0060654179363675391 0.042713744981453527 -0.00083838541580509368 0.1570568671069186 0.20178695994510637 0.013822462790988988 0.031357275602612408 0.0012934119912391621 0.016978389749044896 0.076907100118958613 0.019559315761537851
leaf_weight=193.77240580320358 1.6688747033476827 18.392143547534943 1242.0318649802357 17.081627659499645 1002.4617298282683 446.38376896083355 108.34484814107418 2.7648107782006255 9.088734623044731 19.822371006011963 2.6745407432317725 9.1050820723175985 49.629344962537289 2.0397004783153534 3.4807772561907777 3.4928452670574179 576.24811752140522 269.15418959408998 20.028768062591553 66.524433463811874 4.5229645222425452 2.0403189286589622 2.8444307297468185 23.043736055493355 4.5331708714365959 7.0481401383876801 2.7292008250951794 1.9685355052351976 2.0740325078368178 9.4363082796335203 10.452180206775664 21.688927985727787 6.8752207309007636 1.6986695155501355 1.7706385031342495 4.9954424500465446 1742.4709093123674 11.014957234263418 793.26174700260162 11.396104760468004 1.7788691483438013 1.6934149339795141 1.3657176978886125 4.0269707143306723 62.076421976089478 99.127902768552303 21.852661818265915 8.5752125978469831 7.200938984751704 7.5574780479073551 20.58022715896368 3.2658828273415557 5.0983833596110406 3.7823309451341629 3.228707179427146 10.452521249651907 2.5985243394970885 1.8846818283200253 522.82135357707739 68.584634117782116 3.5256666541099548 143.6704006716609
leaf_count=1036 31 218 39686 131 16041 12180 547 32 131 222 28 107 559 24 37 42 2946 3203 237 763 48 25 34 272 52 77 30 22 24 114 114 255 75 20 20 55 13219 165 16417 227 28 32 23 43 721 1149 253 97 84 81 233 38 57 45 35 115 29 22 6080 775 39 763
internal_value=-0.000313554 0.0142248 -0.0307588 0.0243109 0.00278336 -0.0194851 0.0323915 0.00737346 -0.00363648 0.00492854 0.0199512 0.0405595 0.0509134 0.136826 0.0119425 0.0542782 0.0299742 -0.00420005 0.0183656 0.00632549 0.0369808 0.0260814 0.0936424 0.00538292 0.0749649 0.0993207 0.0745245 0.0122533 0.0284179 0.047116 0.0630058 -0.00425089 0.0900609 0.116887 0.138782 0.159851 0.0195987 0.0382331 -0.0148591 0.0261844 0.092911 0.134655 0.187232 0.00835762 0.017289 0.02076 0.0285622 0.0442895 0.0517342 0.0650232 0.0317763 0.093553 0.105468 0.0150277 0.0817794 0.12963 0.154443 0.18043 0.00417069 0.0245209 0.185765 0.0332765
internal_weight=7734.81 5235.23 2499.58 2781.59 2453.64 1257.55 1022.04 1431.07 1022.57 1199.67 231.406 63.4487 54.3436 4.71424 167.957 18.5549 913.691 327.128 57.9742 149.402 37.9455 35.1807 7.3674 27.8133 15.0621 11.5813 4.76952 131.01 64.4856 40.8282 31.3919 23.6575 20.9397 14.0644 12.3658 10.5951 1759.55 20.1037 811.165 17.903 6.50688 4.838 3.14459 872.537 277.104 257.282 195.205 89.0665 80.4913 58.6386 28.1377 30.5009 27.235 106.139 7.01104 20.0341 14.9357 12.3372 595.433 72.6116 8.52111 719.919
internal_count=120208 51584 68624 18642 32942 28938 5292 16605 16337 13960 2645 718 611 52 1927 208 4745 3881 678 1719 441 409 82 327 166 129 55 1501 738 461 347 277 233 158 138 118 13350 296 16758 341 114 83 51 10079 3181 2959 2238 1009 912 659 314 345 307 1229 80 223 166 137 6898 818 94 3709
is_linear=0
shrinkage=0.05


Tree=20
num_leaves=63
num_cat=0
split_feature=5 5 5 5 5 69 98 52 70 249 248 132 198 5 174 255 200 174 5 200 201 200 249 250 206 178 226 168 27 73 194 132 104 249 132 199 49 29 107 3 217 200 253 165 215 94 19 5 254 192 181 165 98 69 156 138 209 95 259 237 194 231
split_gain=1223.35 156.913 147.959 41.2981 27.6443 17.4859 19.2988 21.8784 17.3918 16.8332 16.2856 21.3661 19.1152 16.0564 16.297 16.337 15.8896 15.7862 14.6766 14.3063 13.9744 18.8011 13.7219 17.2664 14.8286 13.2149 18.9141 18.8809 14.9524 18.3639 17.7395 19.4048 16.8977 13.93 16.5856 13.1928 18.0525 15.3922 16.2922 13.6685 13.5676 12.8428 12.8154 16.4083 15.5322 20.497 18.6796 12.726 12.598 12.5153 12.5629 12.4943 14.5175 17.9636 17.0313 16.2687 15.6719 12.4809 13.6629 12.436 12.4218 12.253
threshold=16.150000000000002 3.9500000000000006 45.650000000000013 7.4500000000000011 1.7500000000000002 7.1319562950322348 0.031254292582417589 1.0000000180025095e-35 0.15644358301980013 0.30808319369496312 -0.64038699987619074 -0.4964192861281117 0.13238190001278163 25.450000000000003 -2.0540849773483765 -0.50111312838632316 -0.10076389459787471 -2.2141035167018326 120.05000000000001 0.10826859176354851 -1.1325092084046287 -0.046309678794739503 0.074189066641123999 -0.81618145174577761 -0.36778145030490444 0.70489135958138538 -0.38646335982930752 -0.38516444325982152 1.0000000180025095e-35 0.017582502511786075 0.05428433558960067 0.7888106377466132 4.5000000000000009 -0.68297454235213173 0.39336862882433371 -0.15178611743222328 9.925824175824177 0.30878413865546223 58.500000000000007 437.00000000000006 -0.63336845315274881 0.9938417181173046 -1.1651261418321635 -0.77502819047613714 1.1725554802410743 13.612565445026176 0.58333333333333337 11.050000000000002 -0.30150983556552974 -1.2999109308359704 0.37766483394886369 -0.39656444693788423 0.14525031140467007 6.5259839548830385 0.55946752083923246 -0.8104265218130573 0.35474989298605825 4.5000000000000009 -0.4697359518673942 -0.61580445958829111 0.43297792266052121 0.19608402513693746
decision_type=2 2 2 2 2 2 2 2 2 2 2 2 2 2 2 2 2 2 2 2 2 2 2 2 2 2 2 2 2 2 2 2 2 2 2 2 2 2 2 2 2 2 2 2 2 2 2 2 2 2 2 2 2 2 2 2 2 2 2 2 2 2
left_child=1 4 9 22 -1 6 7 8 -5 -2 -9 16 -13 14 15 -11 -12 -6 -4 -14 21 -7 23 59 42 26 27 -25 29 32 -31 33 -28 34 -32 39 37 38 -37 -8 -40 -21 43 -24 -44 -46 -47 60 -38 50 -39 -16 -53 -54 55 -55 -57 58 -23 -3 -42 -26
right_child=2 3 18 5 17 20 35 10 -10 13 11 12 19 -15 51 -17 -18 -19 -20 41 -22 57 24 25 61 -27 28 -29 -30 30 31 -33 -34 -35 -36 36 48 49 40 -41 47 -43 44 -45 45 46 -48 -49 -50 -51 -52 52 53 54 -56 56 -58 -59 -60 -61 -62 -63
leaf_value=0.040041551749126783 -0.02099774144654246 0.00080306685766547516 -0.03582745671326009 0.0059372873864614586 0.053511534592104164 0.11919404383977455 -0.024953019711689454 0.0018893296341665666 0.082913016002941292 0 0.02261873741896666 -0.027180372575008518 0.15029678931857793 -0.019128516744505376 -0.017470293508319721 0.17561292388893168 0.23250097342297607 0.021517046146185638 -0.046888189964184909 -0.023429596512166001 -0.0076480005405430325 -0.014323285100518352 -0.0052354064204031894 0.022327367481459595 0.024649032304150654 -0.0040770682336727987 0.0060302515261082372 -0.0073775258495217327 0.013412774409212909 0.0051019432479359403 0.16687323042900515 0.16469339102571787 0.18061430703115244 0.00011736146801507521 0 -0.040291883821284541 0.15437390529657988 -0.00053611084493667522 0.15791056084714367 0.0017858132647160241 0.025043540025239449 0.094934998436631321 -0.002386818738637764 0.15093031156184264 0.0072023373884299649 0.1547004356544453 0.010954244996777763 -0.018102962502066448 0.022602205992273264 -0.0083485758773104938 0.14736301785785275 0.0015443106425582333 -0.029847521388511929 0.0071899444408979945 -0.031616190277968852 0.21869017618259701 0.010275427082596496 -0.016166736007126824 0.038865909876658139 0.051115380949878997 0.15633414687427016 0.010750576691938921
leaf_weight=254.18112175166607 847.16796557977796 18.966432303190231 708.1572834122926 96.675176944583654 39.204002737998962 3.0192034021019927 52.358911745250225 8.7073432393372077 6.9850536845624438 2.7588753812015057 1.584707550704479 4.8730587288737324 4.110124569386242 209.41308228299022 85.210867419838905 1.6082742139697064 2.6549099348485496 1664.2467976883054 571.7470988817513 4.1129325702786446 640.90095591545105 16.673148605972528 3.1176257729530334 74.202892482280731 442.76743723452091 262.55021579563618 2.2099545747041693 184.1695696413517 139.98529998958111 25.675903834402561 2.5786377564072618 3.2935783118009558 3.4265769869089127 9.5583367124199867 2.6178560703992844 3.2866045907139805 3.0715650394558907 2.8854708932340136 2.7684500589966783 456.1287427097559 5.277082279324528 3.3252144791185856 193.06624462455511 2.3634164929389945 20.85144787281752 4.6703393459320051 4.1624913811683655 4.8935189433395863 4.201518800109624 51.626382045447826 1.7194622233510015 142.11401162296534 3.6682180017232886 2.2909904643893233 1.7232051566243169 3.225339461117982 1.342835985124111 31.986535426229239 38.110412880778313 35.126852542161942 2.3126230686903 253.11463387310505
leaf_count=1103 18975 186 22394 1319 216 38 755 114 90 50 21 68 52 5268 1647 25 35 10116 19891 54 9588 230 31 733 4086 2574 22 1856 1379 253 24 32 33 93 28 48 44 40 40 6558 70 40 1852 20 204 44 39 81 61 752 23 2749 70 44 34 61 27 448 528 345 29 2378
internal_value=-0.000687557 0.0135048 -0.0287359 0.00657741 0.0246143 0.000396689 0.00590544 0.0230383 0.0119147 -0.016832 0.0604511 0.0836739 0.0513292 -0.00900762 -0.00025628 0.0858927 0.174294 0.0222873 -0.0408051 0.0843826 -0.00505208 0.0133023 0.0118944 0.006913 0.0159973 0.00480589 0.0100236 0.00118744 0.0219852 0.0454479 0.032643 0.069236 0.12414 0.0385096 0.0969053 0.00200505 0.0204855 0.0124728 0.0507081 -0.00100124 0.0718981 0.0338724 0.00488161 0.0742294 0.00282876 0.035886 0.0954715 0.0421551 0.0907895 -0.000710978 0.0702355 -0.00219795 0.00625854 0.0563253 0.0929497 0.124921 0.171172 0.00824472 0.0226218 0.0339002 0.0791734 0.0196236
internal_weight=7680.78 5100.36 2580.43 3142.72 1957.63 1454.25 723.559 133.029 103.66 1300.52 29.3683 20.6609 16.4213 453.356 243.943 4.36715 4.23962 1703.45 1279.9 11.5483 730.69 89.7893 1688.48 764.362 924.114 710.269 447.719 258.372 189.346 49.3608 43.7243 18.0484 5.63653 14.7548 5.19649 590.53 82.0427 74.7696 18.5383 508.488 15.2517 7.43815 228.232 5.48104 222.751 29.6843 8.83283 12.4832 7.27308 56.2313 4.60493 239.575 154.365 12.2506 8.58237 6.85917 4.56818 86.7701 54.7836 54.0933 7.58971 695.882
internal_count=120008 48773 71235 37338 11435 21126 10294 1793 1409 28950 384 270 214 9975 4707 75 56 10332 42285 146 10832 1244 16212 7558 8654 7027 4453 2589 1864 485 430 177 55 145 52 8501 1188 1083 268 7313 220 94 2190 51 2139 287 83 180 105 815 63 4632 2985 236 166 132 88 1206 758 531 99 6464
is_linear=0
shrinkage=0.05


Tree=21
num_leaves=63
num_cat=0
split_feature=6 80 6 6 6 6 69 188 169 249 97 162 182 177 33 131 174 219 246 182 258 66 239 238 134 254 21 134 97 199 40 249 201 97 29 258 203 250 172 31 201 29 123 6 4 259 29 39 215 204 39 195 49 258 125 101 207 246 99 81 163 132
split_gain=1124.4 145.63 138.262 36.6725 24.8842 24.3134 15.9493 18.002 17.3931 15.8311 14.0836 14.4021 18.277 13.6767 19.9386 15.6683 13.666 14.3886 15.6298 15.0411 13.62 13.5723 13.2039 13.042 13.0337 12.8855 12.8651 13.5433 14.0067 12.8246 25.4956 22.9857 17.7918 15.6597 14.995 12.8181 12.6497 17.3143 15.1575 16.4853 14.1813 13.9783 13.8217 12.6122 12.4937 22.0012 13.5921 12.1873 19.1265 13.09 14.9974 17.6534 17.4844 20.7296 19.2369 24.3502 18.5004 13.2435 13.9771 12.6069 12.1691 16.2067
threshold=2.7819152571143779 20.895644283121602 1.3736354571277458 2.0081915103761951 0.55920745798214477 3.4672959664678489 7.1319562950322348 0.075841048895815666 -0.43832129821210369 0.31925943602312917 0.19760264140109104 1.4185896831879963 -0.54147921944897903 -1.0039519089497364 120.65000000000002 0.89522129685556384 -2.2141035167018326 -1.4921748555898857 0.074108077049375068 0.83559149346517803 -0.70184099588405746 0.023841101427308328 -0.11973077925608382 -1.4796834697745991 2.6840219571715012 2.8460488817315608 0.38099278172807588 -0.6326330820813445 0.27334993773349942 -1.3788073335072035 1.5000000000000002 -0.48349377841522789 -0.85914394491798285 0.19063283208020051 0.54465441625368116 -0.4697359518673942 -0.78804554448704967 0.5819802892120477 -0.46742635244280256 35.034057971014505 0.18686382009550043 0.381512904307022 0.45804195804195807 2.6426160634996907 -1.0000000180025095e-35 1.438647022940146 0.35715007215007222 0.81666666666666676 -0.32478054967508557 0.041778200658014505 0.18898809523809526 1.6807258523535338 3.4641025641025647 0.97003557617970226 0.0017500000000000003 0.1238206497552292 1.4372585039799926 -0.29772985950856062 -0.028713606654783123 -0.7142255598594397 -0.44979462758454836 1.0982994408403204
decision_type=2 2 2 2 2 2 2 2 2 2 2 2 2 2 2 2 2 2 2 2 2 2 2 2 2 2 2 2 2 2 2 2 2 2 2 2 2 2 2 2 2 2 2 2 2 2 2 2 2 2 2 2 2 2 2 2 2 2 2 2 2 2
left_child=2 5 4 -4 -1 9 7 8 44 -2 -10 13 -13 14 -12 47 -6 18 20 23 -18 -8 60 25 36 -19 -21 -28 -29 30 31 -7 -33 -34 -35 -14 37 38 39 40 -23 -39 -43 -17 45 46 -5 49 -49 50 51 52 -15 54 59 56 57 58 -56 -54 -11 -62
right_child=1 -3 3 6 16 29 21 -9 10 22 11 12 35 15 -16 43 17 19 -20 26 -22 24 -24 -25 -26 -27 27 28 -30 -31 -32 32 33 34 -36 -37 -38 41 -40 -41 -42 42 -44 -45 -46 -47 -48 48 -50 -51 -52 -53 53 -55 55 -57 -58 -59 -60 -61 61 -63
leaf_value=0.037669444624818249 -0.017523349274498782 -0.041664225106174922 0.011223871689402254 0.055547399039384493 0.049602605642152346 -0.032504954406276897 0.015886865008927852 -0.012202813910845711 0.0056147073553230661 -0.015770433052081822 0.15207601957714911 -0.022887110165768429 0.043623206114473845 -0.0090854855819900542 -0.032321637533951147 -0.020429199919972246 0.012414855008652128 -0.024506795006544121 0.0047010930272318105 0.0020948846409062803 0.10209283793116396 0.010165909605661307 -0.012291890798190449 0.022541499295104839 0.10754680233192089 0.022211669142715409 -0.025864194431138212 0.0093754125220646672 0.063748583777316056 -0.028546657870033704 -0.021957184307325656 -0.021125397770782463 0.001922698730143575 0.029387935643567106 0.33497337801786586 0.19951470241018368 -0.01040804147779107 -0.0014298915780948632 -0.016108276120956149 0.0104373379266455 0.19258321716145121 0.11459524631805391 -0.004075505300451308 0.049445037929554368 -0.01908776908430895 0.14092736723859273 -0.023228183362591161 0.1767902375193052 -0.0064480910876343681 0.0094637699489356075 -0.018437880252275989 -0.042611608184579632 0.11421543672354915 0.0030573303598700023 0.062748895476830449 0 -0.011683142069538535 0.064675696202266472 0.22634692765913877 0.0069785989138925544 0.010770357643393007 0.083644996427701568
leaf_weight=256.67397072911263 608.95802937075496 1103.2121613826603 1702.8480326086283 7.189749423414475 40.229868091642857 1.9372095502912996 70.360277429223061 117.23199862614274 286.77240249142051 38.362130463123322 3.3580483831465235 2.487670935690403 3.5902918130159378 8.0475558973848802 1.6974582858383653 37.448960606008768 6.3682944104075441 29.367341555655003 11.57415224611759 196.67207811772823 14.906185992062092 2.0927226543426545 195.46412136778235 1340.8420594334602 1.4699404127895821 27.690489679574966 8.7017449140548688 22.385229803621769 25.789884805679321 445.16521685384214 15.938533332198856 0.84869403392076526 0.80071059241891207 0.80722505971789349 1.0598132088780401 2.3366084061562997 557.43751051649451 7.7285598218441036 54.723983719944954 20.687872815877199 1.6313638612627981 8.1755258664488775 3.1488746963441363 6.7583706118166438 79.338046073913574 2.3254211358726016 15.493618443608282 2.2397786378860474 2.3299687653779975 91.959774747490883 9.0722760185599309 4.0908951871097079 2.8484990671277037 9.4265615195035917 2.8235356621444172 3.631148073822259 1.5483543202280987 4.4474417082965472 7.3583358824253082 10.441423732787369 92.546748269349337 7.408170446753501
leaf_count=1103 12731 38279 16212 103 216 56 1025 1707 4038 779 48 36 51 113 24 507 40 188 72 1211 89 30 3974 8011 22 162 54 139 150 12831 457 24 23 23 30 30 8319 115 828 307 24 118 44 112 1171 33 228 30 33 1254 133 58 38 131 37 50 20 60 96 153 1877 151
internal_value=-0.000653555 -0.0280587 0.0127501 0.00624649 0.0231013 -0.0173827 0.000409091 0.00564973 0.00910854 -0.0127295 0.0129516 0.0225129 0.0835007 0.019655 0.0942231 0.0173374 0.0209096 0.0201922 0.0527199 0.0195107 0.0772357 -0.00481688 -0.0039424 0.0215456 -0.00706216 -0.00175588 0.00823117 0.0289604 0.0392895 -0.026727 0.0104994 0.0948342 0.157757 0.206272 0.260929 0.125734 -0.00749013 0.00896295 -0.00147321 0.0304802 0.114985 0.0504705 0.0835386 -0.00877885 -0.00937882 0.0207793 0.00282065 0.024582 0.0980815 0.0217807 0.0390538 0.0488451 0.0570228 0.0695695 0.0877204 0.118303 0.143171 0.15958 0.191096 0.0366974 0.00782442 0.016996
internal_weight=7650.31 2512.51 5137.8 3156.6 1981.2 1409.3 1453.75 726.294 609.062 942.739 504.715 217.943 8.41457 209.528 5.05551 204.473 1724.53 1684.3 32.8486 1651.45 21.2745 727.457 333.781 1397.9 657.096 57.0578 253.549 56.8769 48.1751 466.557 21.3922 5.45365 3.51644 2.66775 1.86704 5.9269 655.626 98.1889 79.1359 24.412 3.72409 19.053 11.3244 44.2073 104.347 25.0088 22.6834 160.266 4.56975 155.696 63.736 54.6638 50.5729 42.5253 33.0987 19.8088 16.1777 14.6293 10.1819 13.2899 138.317 99.9549
internal_count=120008 71235 48773 37338 11435 32956 21126 10294 8587 19512 7052 3014 117 2897 72 2825 10332 10116 201 9915 129 10832 6781 8361 9807 350 1554 343 289 13444 613 156 100 76 53 81 9785 1466 1189 361 54 277 162 619 1535 364 331 2206 63 2143 889 756 698 585 454 263 213 193 133 191 2807 2028
is_linear=0
shrinkage=0.05


Tree=22
num_leaves=63
num_cat=0
split_feature=5 5 80 5 71 5 164 195 151 104 164 70 231 63 67 45 174 222 95 196 21 70 149 67 231 206 213 160 95 107 99 119 29 72 93 111 88 227 133 180 179 204 244 23 81 39 111 243 92 174 98 106 119 71 231 181 107 238 225 44 134 154
split_gain=1038.66 188.589 73.2972 41.7728 22.6075 17.818 15.3478 14.5407 16.9506 16.4453 17.2067 17.5146 30.1528 14.4489 19.4035 14.3986 21.841 17.1336 15.907 13.7262 21.2045 17.965 18.6473 16.5896 13.6772 16.8303 20.6008 17.7593 17.6028 17.0924 15.9049 15.578 14.9898 17.2675 21.546 14.5979 13.5217 19.5439 13.5102 13.4448 13.3376 12.9009 12.9008 12.805 14.3227 15.3834 13.6268 15.7843 14.6644 13.5649 27.2949 16.1422 14.2891 12.8261 15.7774 14.6955 14.9891 13.9655 14.7836 12.7865 12.5187 12.3681
threshold=22.750000000000004 6.4500000000000011 20.895644283121602 2.1500000000000008 8.5687261450381698 14.65 -0.60366178706955298 -0.93218222974491816 -0.22175207316333664 6.5000000000000009 0.51746058487941626 0.064111309336411668 -0.60332139627121584 0.078492398943261044 0.098427258111060748 4.5000000000000009 -1.3571736715348039 -0.055027499775895466 10.500000000000002 1.5585326565257966 0.69463869463869476 0.068551391760011557 -0.81446627007317918 0.14765591271242987 -0.81885485444395578 0.02331107716265601 -0.57189879131322219 -0.69612801114040324 16.500000000000004 54.500000000000007 0.061889063244761774 0.29285714285714287 0.48543337789661328 33.500000000000007 13.750431325836574 8.2148770127432602 94.153571428571453 -0.78063544393966855 0.36094438014530189 -0.11369633408828871 0.17499179187676986 -0.44237684361193569 -0.87014138321607815 0.70833333333333337 -1.597209723406577 0.44949494949494956 6.5141025641025649 -0.70177929483977475 14.789383593412126 -1.7247581331897883 0.061127736855822214 2.5000000000000004 1.0000000180025095e-35 7.2979694908266337 0.47758622630369624 0.46081781622445595 44.500000000000007 -0.82519064550014043 -0.67571361132649721 8.5000000000000018 -2.1400494379895885 -0.92933233261723058
decision_type=2 2 2 2 2 2 2 2 2 2 2 2 2 2 2 2 2 2 2 2 2 2 2 2 2 2 2 2 2 2 2 2 2 2 2 2 2 2 2 2 2 2 2 2 2 2 2 2 2 2 2 2 2 2 2 2 2 2 2 2 2 2
left_child=1 3 19 -1 5 15 36 8 -8 -10 11 -11 -13 14 -14 16 17 -3 40 -2 -21 -22 -23 -24 25 27 35 29 31 -5 -31 41 38 -34 -35 61 -7 -38 -33 42 59 -28 -30 49 45 53 47 -46 -49 50 51 -26 -51 54 55 56 -45 -55 -59 -19 -18 -27
right_child=2 4 -4 24 -6 6 7 -9 9 10 -12 12 13 -15 -16 -17 60 18 -20 20 21 22 23 -25 43 26 28 -29 39 30 -32 32 33 34 -36 -37 37 -39 -40 -41 -42 -43 -44 44 46 -47 -48 48 -50 52 -52 -53 -54 57 -56 -57 -58 58 -60 -61 -62 -63
leaf_value=0.029955959271535118 -0.02293603633719922 -0.0035608791146401831 -0.041206673558485118 -0.010256092425786149 -0.018999482751106727 -0.024776615770235308 -0.0098821170386808755 -0.0058461448980994465 0.0083627006368007795 0.0060172547390818171 -0.0045321316252081674 0.003397406844840193 0.28010156186431345 0.025024210035804226 0.050055085987474372 -0.0018873605738367724 0.075570958660168247 0.17386828877611746 -0.033997075748660149 -0.0094229409311160674 -0.032313320967758873 -0.0094135342747804635 0.25665446931507074 0.014870026909813226 0.092575590985706099 0.034198627683961466 0.050148863245403533 0.0068363984443215037 0.10884810536464525 0.031000988339537596 0.096402713387019889 -0.029901488099902548 0.010487496613253452 0.18176736750129663 0.018827413763286963 -0.0019153930470259537 0.14991177666541491 -0.0039220577635664571 0.035867532871978469 -0.027848869091434948 0.029956450476375476 0.0027437363267849447 0.0041443281957953479 0.067364385726325013 -0.031632730211269132 -0.015982303104430592 -0.0032229974692030948 0.025495818284801536 0.13648412677603489 -0.0024718587401235015 0.0086476330843838767 -0.016292905643597335 0.015620946972740683 -0.027720237042901413 -0.014221999218841808 0.068076484588229055 0.00073980442581180318 -0.012921341228490894 0.083478550693241615 0.014797430481627441 0.0058675393283913538 0.075797050925243345
leaf_weight=575.67710817605257 819.45421635732055 7.8946092464029816 1060.7791839465499 14.242525368928908 158.06378299370408 137.16799408569932 30.429435394704342 415.39457461237907 22.552906110882759 4.0389826558530357 5.3448827788233748 3.3866597674787045 3.3455219827592355 1.5353201925754545 1.8882178328931329 698.53929810598493 5.5145411416888228 5.9677283540368062 1.870858922600745 35.481606071814895 1.8947409521788348 1.5112356878817075 1.7431480996310718 1.1942022163420913 21.703848630189899 36.850042462348938 16.606045328080654 255.12086367607117 2.8325024619698551 33.228835426270962 13.158932089805601 7.5370601564645758 5.3564566373825064 5.2152277529239637 3.4988541081547737 11.854239255189894 1.7002997249364842 8.3234126418828946 118.03653850406408 27.948102496564388 4.8674520030617714 79.891061373054981 13.524689868092535 9.7457302808761579 4.8015301153063801 26.347124025225639 288.69815193116665 8.9945076629519445 4.0978422164916983 117.14359630644321 34.197927393019199 3.5966099873185149 1461.5074001774192 3.9186858683824566 28.957324430346489 17.168906271457672 40.224771663546562 4.4327221959829357 21.380809277296066 1.8723126798868177 820.05679132789373 41.625944651663303
leaf_count=2662 21814 100 38279 107 2613 2551 563 7739 415 74 99 61 61 28 34 9569 72 70 25 931 52 41 45 30 140 252 128 1951 20 248 89 55 38 39 28 84 32 155 826 202 62 592 95 60 37 173 2266 70 30 970 246 23 11164 27 184 104 247 30 130 25 10845 306
internal_value=-0.00062346 0.0100963 -0.0323987 0.0176857 -0.000800343 0.000523996 -0.00651831 -0.00222176 0.0182673 0.0384901 0.0709201 0.0980885 0.130436 0.184733 0.219252 0.00342151 0.00779742 0.0554027 0.085833 -0.0215096 0.00620495 0.0836802 0.130865 0.188368 0.0151363 0.0212833 0.0285175 0.0127094 0.021661 0.0368286 0.051302 0.0270735 0.0377219 0.0856698 0.125532 0.0492796 -0.0206158 0.0329508 0.0316755 -0.00703706 0.105033 0.0113836 0.02779 0.0131122 0.00569478 0.0181811 -0.000525443 0.0405991 0.0678093 0.0151817 0.0385351 0.0768781 0.0142745 0.0254435 0.0161715 0.02937 0.0148984 0.0537473 0.0668737 0.142417 0.00643005 0.0570026
internal_weight=7620.94 5698.88 1922.06 3359.12 2339.76 2181.69 635.108 487.917 72.5219 42.0925 19.5396 14.1947 10.1557 6.76906 5.23374 1546.58 848.044 22.473 14.5784 861.279 41.8249 6.34333 4.44859 2.93735 2783.45 686.528 370.777 315.751 280.447 60.6303 46.3878 236.141 139.644 14.0705 8.71408 90.3302 147.192 10.0237 125.574 44.3053 12.7075 96.4971 16.3572 2096.92 458.768 152.176 306.592 17.8939 13.0923 1638.15 59.4984 25.3005 1578.65 125.829 96.0967 67.1394 49.9705 29.7322 25.8135 7.84004 825.571 78.476
internal_count=120008 58816 61192 23623 35193 32580 11812 9074 1335 772 357 258 184 123 95 20768 11199 282 182 22913 1099 168 116 75 20961 5060 2665 2395 2023 444 337 1706 986 105 67 642 2738 187 881 317 157 720 115 15901 3358 955 2403 137 100 12543 409 163 12134 782 595 411 307 187 160 95 10917 558
is_linear=0
shrinkage=0.05


Tree=23
num_leaves=63
num_cat=0
split_feature=5 5 5 5 71 5 36 244 169 170 171 168 239 171 154 134 70 196 24 249 239 70 68 202 238 174 241 27 80 120 162 225 154 237 32 168 157 156 249 133 217 99 195 209 206 205 238 244 13 32 137 195 238 71 148 212 231 132 44 218 62 239
split_gain=960.276 167.665 73.255 37.4367 20.7983 16.2583 16.0983 20.7232 16.3236 16.7249 19.1737 15.3426 16.4042 18.0099 15.5993 15.144 14.3998 14.8897 22.8621 14.013 13.8523 14.0047 15.4332 13.3545 13.1115 14.5508 12.992 12.7509 12.6664 17.4613 12.4182 12.4057 12.3342 12.0721 15.7887 15.4479 17.6435 14.4369 11.8988 12.0849 14.7442 12.8824 11.9558 11.8762 11.8698 17.4396 13.9809 11.9516 11.7947 11.6473 11.5406 13.5291 12.6569 14.5917 15.0598 13.1951 14.2217 11.6942 11.5253 11.4672 11.435 14.5633
threshold=22.750000000000004 6.4500000000000011 59.550000000000004 2.5500000000000003 8.5687261450381698 15.550000000000002 280.50000000000006 -0.10879477050134635 -0.42813752784257536 -1.3352347167036183 -0.90833292357615791 -0.81349851769429138 -0.28247968026810455 -0.83334767900993512 -0.68159789174266805 -2.1400494379895885 0.057162781430563865 1.5947383579918133 8.7750000000000021 -0.27174122756270103 0.65734343490972857 0.068551391760011557 0.15630089576547232 -0.65440203495671001 -2.0097208709343879 -2.5567830217679659 0.92418322914002349 0.23611111111111113 4.3647450110864758 -0.69499999999999984 -0.27598604100526591 1.6991571565416548 -1.5417014687679906 -0.10816299682583778 34.550000000000004 -1.0117157674836723 1.8143775287127379 -0.02705684487497213 -1.5633883252277598 -0.46859061863263096 -0.71737036348730865 -0.042736089728843345 -0.57012948922113249 -0.6708203932499367 -0.86021452532737919 -1.5258611480626192 1.653018423535195 -0.16914671463741024 12.500000000000002 39.750000000000007 -1.1176752142880144 -0.88122790628255843 -0.25731582031856964 7.0729289215686286 -1.0000000180025095e-35 1.1680175660274339 0.74890328953824847 0.58333333333333359 9.5000000000000018 -2.4801223612589856 6.9819876063633002 -0.12654729180685204
decision_type=2 2 2 2 2 2 2 2 2 2 2 2 2 2 2 2 2 2 2 2 2 2 2 2 2 2 2 2 2 2 2 2 2 2 2 2 2 2 2 2 2 2 2 2 2 2 2 2 2 2 2 2 2 2 2 2 2 2 2 2 2 2
left_child=1 3 16 24 5 6 8 19 9 10 -3 12 33 -14 38 27 -2 59 -19 -8 21 -20 -23 26 -1 -26 -16 -10 29 -21 -7 44 -17 34 -5 -36 37 -37 -13 40 41 -40 -43 -32 47 -46 50 -15 -9 60 51 -47 -53 55 -55 56 57 -54 -11 -18 -27 -62
right_child=2 4 -4 11 -6 30 7 48 15 58 -12 14 13 31 23 32 17 18 20 28 -22 22 -24 -25 25 49 -28 -29 -30 -31 43 -33 -34 -35 35 36 -38 -39 39 -41 -42 42 -44 -45 45 46 -48 -49 -50 -51 -52 52 53 54 -56 -57 -58 -59 -60 -61 61 -63
leaf_value=-0.023908912187651614 -0.032162172157919035 0.13498307923797281 -0.041655424420672847 -0.011165565792872046 -0.018361023099336134 -0.017634187317373564 0.0065734252090655296 0.064992768510957435 0.11611124759082747 -0.014271552634301275 0.00012977632431114485 -0.035816831517701944 -0.021575382342202729 0.05534862537518466 0.033821408764772548 -0.024863647714728574 0.088139509251348613 -0.0094064819737770186 -0.025045937531091363 0.22249718751917205 -0.030234634072209984 0.19277546500429132 0.0047063702009066096 0.013576494152365693 0.081376815880845541 0.0087313118844313427 -0.00098452343776363649 -0.005515009962206191 0.012946114516859772 0.050416630005203127 -0.031460760667349562 -0.0053314826814788597 0.0048599104879983391 -0.018230094411957547 0.005967469235762142 0.016265753210843666 -0.032425162023812001 0.11727379423156999 -0.027002419885545165 0.011647528020829577 -0.0040765056108866852 0.089905816611664427 0.020970470555026349 0.0011929574458771314 0.10953748633055167 0.089656282595464973 -0.0015826754047772462 -0.023381877258769765 -0.02105569052650343 -0.046902417175294239 0.01590457062546502 0.0020952645702910222 0.066195096748341634 0.13656611047485442 0.05207847175699374 -0.039791348606629508 -0.0092328974944044569 0.010176196794382569 0.030480612982673846 -0.020016501527284229 0.0374674995882847 0.022778325948114631
leaf_weight=12.417607188224791 247.12373298406601 3.2084935046732426 934.04028014466166 26.927717968821526 155.48372911289334 181.58633702993393 4.7151878513395777 4.4027197174727943 4.5467459298670283 241.63530712947249 7.258874122053383 14.370738990604876 15.032303981482981 5.9559207037091282 163.77079168707132 34.833247669041157 1.4762612003833044 24.930836532264948 1.117962036281823 2.9555733166635028 1.6166835613548753 3.4778439365327358 1.5829122513532636 818.88543799519539 11.071932703256605 89.689561322331429 31.623354636132717 3.2583819963037968 2.7096525058150291 3.7374212034046641 29.417564809322357 18.401883170008659 1302.6541746743023 33.106335133314133 20.457697540521622 5.6286843940615698 3.1251813992857924 11.401286400854588 7.3843316882848731 814.93106246739626 270.54817654937506 8.7177342548966426 21.242330513894558 326.55414725840092 8.1379240527749044 17.552448205649853 20.427893079817295 14.689548522233961 14.122881699353455 4.6137958392500868 35.56172452121973 17.445535600185394 37.321750551462173 7.6417379975318935 21.145516484975815 4.6373519450426093 11.043075546622275 13.142998866736887 14.304339334368704 649.19750094413757 261.58067555725574 511.27569546550512
leaf_count=61 6986 40 35526 208 2613 3443 64 55 57 3447 104 114 117 45 1270 476 41 658 32 34 44 88 39 6410 50 437 252 43 39 46 540 140 17599 264 163 44 24 85 63 6181 2106 69 164 6206 61 124 151 120 188 27 315 130 259 56 154 34 83 95 199 17778 1264 2483
internal_value=-0.000595359 0.0095493 -0.0317528 0.0166498 -0.000752145 0.000508221 0.00297832 0.0372215 0.00225901 -0.00902052 0.0500679 0.0135002 0.0232451 0.0301357 0.011908 0.00450144 -0.0217733 -0.0179677 0.0145079 0.0806691 0.0839318 0.114551 0.145258 0.0164209 0.0254608 0.026191 0.0281865 0.0699086 0.113142 0.1461 -0.00702981 0.0335696 0.00406406 0.00607854 0.018159 0.0375234 0.0675205 0.0869201 0.00786755 0.00846247 5.65912e-06 0.0290451 0.0434467 -0.00157212 0.0369362 0.0407526 0.0371452 0.000607497 0.00141942 0.0253877 0.0419364 0.0488472 0.0416946 0.0488218 0.0785058 0.0348517 0.0411059 0.052184 -0.011642 -0.0196286 0.025834 0.0277985
internal_weight=7592.86 5728.29 1864.56 3390.91 2337.38 2181.9 1644.34 32.6434 1611.7 266.407 10.4674 2500.26 348.785 248.138 2151.47 1345.29 930.524 683.4 32.7262 14.1178 7.7954 6.17872 5.06076 1014.28 890.649 878.232 195.394 7.80513 9.40265 6.69299 537.558 233.105 1337.49 100.647 67.5406 40.6128 20.1552 17.03 1137.19 1122.82 307.893 37.3444 29.9601 355.972 214.703 194.058 185.92 20.6455 18.5256 867.16 165.492 129.93 112.378 94.9324 28.7873 66.1452 61.5078 50.4647 255.94 650.674 862.546 772.856
internal_count=120008 58816 61192 23623 35193 32580 22391 426 21965 3790 144 19301 2672 1884 16629 18175 25666 18680 861 183 203 159 127 7932 4322 4261 1522 100 119 80 10189 1767 18075 788 524 316 153 129 8697 8583 2402 296 233 6746 1627 1462 1401 165 243 4211 1250 935 811 681 210 471 437 354 3646 17819 4184 3747
is_linear=0
shrinkage=0.05


Tree=24
num_leaves=63
num_cat=0
split_feature=5 5 5 5 5 70 196 40 25 88 154 30 62 89 215 183 249 26 196 245 108 257 249 62 98 104 149 34 67 205 158 244 195 202 88 248 116 98 62 220 134 206 258 241 108 181 91 195 134 168 224 151 166 68 258 168 239 34 182 5 250 197
split_gain=887.579 149.159 72.6915 34.2573 16.6184 16.5746 15.5755 19.7314 14.505 13.3407 13.2207 13.1789 21.0303 19.4678 19.1796 16.3325 16.126 17.1866 13.5179 14.098 12.8923 12.841 12.8723 16.7537 21.4189 14.8236 13.9857 17.5527 26.3475 15.2551 18.5191 14.7992 13.2258 17.1615 14.7579 13.1974 12.8942 12.754 24.1685 19.4572 13.4974 13.407 12.6585 12.5577 12.4818 16.4885 14.7179 12.4645 12.9056 12.3258 13.7924 16.0131 15.343 12.311 12.2178 12.1139 15.5605 15.7999 14.5708 13.2624 15.83 16.9004
threshold=22.750000000000004 6.4500000000000011 64.850000000000009 2.1500000000000008 13.050000000000002 0.057162781430563865 1.5947383579918133 1.5000000000000002 0.54546231546231561 47.803846153846166 -1.5417014687679906 83.350000000000009 7.4333768494342918 33.95000000000001 0.79529718174194441 -0.27230567001251943 0.36596617419878869 0.41428571428571431 -1.7904678455395711 0.048064862666009074 0.06813075682136642 2.5183057128214084 0.13062578375512848 8.0821246116156811 0.029106722584983459 2.5000000000000004 0.060617989758937903 37.550000000000004 0.090957757445980156 0.98673280733204705 -0.36646562170683356 -0.89437209747855284 -0.10910701113023595 -0.11541549073592818 56.834313725490212 -0.96804003321896193 -0.57749999999999979 0.064822333006833793 7.3385733907562765 0.37825291454828958 0.4347403500206104 0.82064043834624323 -1.277074929415392 -1.4854241788530247 0.029721373624351285 0.25824134968742241 0.97000474156398264 -0.59262670639586723 0.17066292360391577 0.3212864425175061 0.052713304441849206 -0.19244472239835758 -0.26604577717750083 0.079476319300779794 1.4564938920208721 -0.81349851769429138 -0.26221205890117943 34.45000000000001 0.2339562212009639 3.7500000000000004 -0.81618145174577761 -0.36109135681229199
decision_type=2 2 2 2 2 2 2 2 2 2 2 2 2 2 2 2 2 2 2 2 2 2 2 2 2 2 2 2 2 2 2 2 2 2 2 2 2 2 2 2 2 2 2 2 2 2 2 2 2 2 2 2 2 2 2 2 2 2 2 2 2 2
left_child=1 3 5 54 10 -2 -7 8 -8 -10 -3 18 13 14 15 -13 -15 37 19 -12 -11 22 -6 26 25 -25 27 42 49 32 -31 -32 33 34 -30 53 -27 38 -18 40 41 -40 -24 -44 45 -20 -47 -23 -49 -29 -51 -52 -53 -28 -1 56 57 -5 -58 -57 61 -61
right_child=2 4 -4 55 21 6 7 -9 9 20 11 12 -14 16 -16 -17 17 -19 44 -21 -22 47 23 24 -26 36 35 28 29 30 31 -33 -34 -35 -36 -37 -38 -39 39 -41 -42 -43 43 -45 -46 46 -48 48 -50 50 51 52 -54 -55 -56 59 58 -59 -60 60 -62 -63
leaf_value=0.028559099674743328 -0.032610837329807303 -0.025237956717490014 -0.041901609117882203 -0.034529817902242778 -0.012098151521049462 -0.019433489740384877 -0.0052202612183516149 -0.0077936096481934797 -0.0077469442273978466 0 -0.022748888310107861 -0.0030058688782578736 0.001938597053863896 0.0046304875022735222 -0.025258712890116226 0.15338097065077627 0.021912950475488694 0.10805615228328525 -0.011617093912105624 0.1187642941107428 0.19863856275027122 0.12478555065266816 0.089214831300303235 -0.014507711723336807 0.011128446062597963 0.18923400470217755 0.11618224959187501 -0.016995043735080619 0.21146216067017659 -0.010387858343598545 0.013333817061941332 0.23020549943017674 0.0026036342599412236 0.0036148200380177967 0.031408852937142323 -0.020716215364935803 0.024269260259032123 0.0035187972212888858 0.20983026688871698 0 0.002389765300713555 0.038279320734550336 0.045597043767001855 -0.010653663278546539 -0.01067610940341527 0.16320508451476656 0.02374004135119295 -0.041513185544075751 0.1032180541044691 -0.013927861303927673 -0.0080646553004996603 0.017651119963472781 0.21996748625152548 -0.021494267965101239 -0.0011019168737467615 0.01608609724847954 0.020151594762395857 0.01429901566084563 0.045274940156896121 0.07566402886487264 0.0075252654649362836 0.015158263449419593
leaf_weight=549.11296853423119 259.19363266602159 40.466808222234249 838.32518191076815 18.903463877737522 489.10439456999302 677.23718483373523 3.421038478612898 26.252929769456387 1.4076719339936969 1.0005122199654581 2.4229854792356482 2.0655350908637038 852.79750837758183 156.55550895631313 2.73935742676258 5.9532431587576857 46.090839125216007 5.7150798626244059 9.7084295265376586 3.3153071179986 2.9708622880280018 2.6423896588385105 2.4902490824460974 1.7944616600871075 29.293238129466772 3.3200818337500095 2.5337590537965289 29.660357337445021 2.2040547393262386 1.5210537686944006 1.2275718264281752 2.6980789229273787 11.496058274060486 4.2354116216301971 2.5231468006968498 114.89007395505905 2.1945038624107838 43.240621469914913 4.4725774191319925 3.5563095882534972 1.6123902238905428 2.2012560218572617 9.6080667339265329 150.8108369037509 260.97038369253278 2.4422537796199313 5.3762715719640255 4.0007110722362986 1.2237772829830644 5.5856368243694288 2.5041590332984924 1.8023991137742998 1.7374106384813783 2.4227650985121727 36.634049832820892 1117.6133059486747 192.03381948173046 97.471602626144886 84.786312036216259 16.58036894351244 1271.5026591792703 36.486014448106289
leaf_count=2495 7645 554 33494 144 9217 19128 92 703 35 26 31 26 11036 2064 37 76 544 65 133 41 69 48 42 32 529 57 47 542 39 26 22 48 203 73 45 2089 38 527 55 44 20 25 172 2712 3480 33 71 73 21 102 45 34 30 45 167 6639 1390 733 614 143 10986 312
internal_value=-0.000570961 0.00903136 -0.0311034 0.0156796 -0.000708701 -0.0217466 -0.017746 0.014352 0.0749822 0.119596 0.00257909 0.00339758 0.00582589 0.0178466 0.0810357 0.116677 0.0149506 0.0298367 -0.00619987 0.0637603 0.158218 -0.00611326 -0.00671732 9.17781e-05 0.0318228 0.102839 -0.00329402 0.00390634 0.0252222 0.0637228 0.1326 0.179879 0.0398279 0.0820186 0.138496 -0.017078 0.138157 0.024355 0.0394983 0.100515 0.138603 0.16626 -0.00495557 -0.00699203 -0.00788222 0.0317789 0.0814384 0.0537344 0.00272127 1.29826e-05 0.0416975 0.0884937 0.144633 0.0557356 0.0266968 0.0133932 0.0215621 0.00609826 0.0279998 0.0120676 0.00866371 0.0352053
internal_weight=7566.16 5756.35 1809.81 3421.12 2335.23 971.484 712.29 35.053 8.80008 5.37905 1451.7 1411.24 1127 274.203 10.7581 8.01878 263.445 106.889 284.236 5.73829 3.97137 883.525 875.658 386.553 36.6023 7.30905 349.951 230.104 67.1953 25.9054 5.4467 3.92565 20.4587 8.96261 4.7272 119.847 5.51459 101.174 57.9334 11.8425 8.28622 6.67383 162.909 160.419 278.497 17.527 7.81853 7.86688 5.22449 41.29 11.6296 6.04397 3.53981 4.95652 585.747 2835.38 393.195 116.375 276.82 2442.18 1324.57 53.0664
internal_count=120008 58816 61192 23623 35193 27698 20053 925 222 130 18862 18308 14519 3483 139 102 3344 1280 3789 72 95 16331 16189 6972 656 127 6316 4135 1209 456 96 70 360 157 84 2181 95 1215 688 144 100 80 2926 2884 3717 237 104 142 94 753 211 109 64 92 2662 20961 2881 877 2004 18080 11441 455
is_linear=0
shrinkage=0.05


Tree=25
num_leaves=63
num_cat=0
split_feature=5 5 80 5 5 174 44 161 70 68 189 238 246 223 224 163 100 139 65 253 198 109 74 241 205 198 94 70 257 224 134 32 132 240 250 69 240 63 241 160 161 237 237 242 29 139 196 224 196 172 238 212 91 231 55 231 198 231 70 158 25 63
split_gain=848.54 122.581 78.6236 26.5803 25.3344 18.5381 21.8128 19.8343 17.7094 15.5484 18.7842 15.4563 17.3693 15.3574 14.9749 15.4729 14.9427 16.053 17.22 16.599 15.6175 14.53 17.2757 17.1314 14.4523 16.8597 14.343 13.7993 14.4448 15.8911 14.5305 15.2932 14.319 13.6253 13.1928 19.7683 14.7178 14.5288 17.7686 12.9875 13.9261 14.6161 17.7589 16.2812 12.8297 14.0546 16.1417 14.734 14.9152 13.7194 13.0974 12.9321 17.6461 20.3622 14.6108 12.797 12.7484 12.7096 15.879 12.6943 12.7803 12.6943
threshold=22.350000000000005 5.2500000000000009 27.010869565217394 3.1500000000000008 13.450000000000001 -1.6200376033124078 5.5000000000000009 0.24337495808975707 0.057162781430563865 0.1318725772609268 -0.35331967081638216 -0.26960172680716787 -0.85401637508362793 1.5278133099348159 0.061064345638855468 -0.52888858207693368 1.2426470588235292 -0.28301261635371361 227.50000000000003 -1.1405731108280113 0.12101788176578951 0.089223126655720672 0.14191368788142986 -0.32114022576830098 -0.95363376363069741 0.44059441376440306 17.305861260535455 0.092114046799241109 2.5183057128214084 0.020868031245386907 -1.879277902533607 35.150000000000013 0.57828030129271857 -0.61724286749665758 1.5630343229208601 6.6601395334488043 -0.067677636889219975 0.068516139023794151 0.78421160979590443 0.2904536133058902 -0.0081105619775623909 0.60227702043103315 -0.92111812676375926 -0.38484616289794965 0.24197191697191697 -0.47869377028245236 0.9002143493757343 0.99942687600454871 -0.35983502765645775 -1.1370453746945792 -0.17076167766766484 -0.24704632595106898 1.6822555242760939 -0.23290500655858262 1.0000000180025095e-35 -2.1174438422650246 -0.29135197194986223 1.082076058514801 0.10529501720402702 0.14083903197107112 0.53125175070028019 0.085546706109910123
decision_type=2 2 2 2 2 2 2 2 2 2 2 2 2 2 2 2 2 2 2 2 2 2 2 2 2 2 2 2 2 2 2 2 2 2 2 2 2 2 2 2 2 2 2 2 2 2 2 2 2 2 2 2 2 2 2 2 2 2 2 2 2 2
left_child=1 3 8 -1 5 6 33 14 -2 13 57 -5 -13 16 -8 -16 17 18 -7 39 -21 26 -23 -24 -22 -26 -19 34 30 -30 31 -29 -33 -3 -6 36 -36 -38 -39 40 -20 42 -42 -44 49 47 50 -46 -49 -14 -47 52 -50 -54 -53 -32 -25 -11 -59 -35 -61 -12
right_child=2 4 -4 11 27 9 7 -9 -10 10 61 12 44 -15 15 -17 -18 21 19 20 24 22 23 56 25 -27 -28 28 29 -31 55 32 -34 59 35 -37 37 38 -40 -41 41 -43 43 -45 45 46 -48 48 51 -51 -52 54 53 -55 -56 -57 -58 58 -60 60 -62 -63
leaf_value=0.021436905650738299 -0.031831427255157148 -0.040035471176673748 -0.042092567106503227 0.0041154964743422779 -0.013240625847062683 0.010998797055580524 -0.0091440652513224401 -0.0159793197881309 -0.016762420935875391 -0.033159619331324712 0.022444745584614508 0.060357543132232606 0.052183667024648189 -0.016832167656749858 0.026838194088882418 0.15560530024599248 -0.0087618794817341753 0.031313312809637582 0.016842056622638029 -0.0084234892289926349 -0.01743447691733685 -0.025540148805002577 0.011427824172717285 0.048280479128806564 0.02759600385419575 0.0014980926846232736 -0.038243818571102643 -0.018950110620671635 0.16712619238853979 -0.027451638260206853 0.091079021098356333 0.21203755588037324 0.0065348657099368324 0.0031643417296219924 0.0084352853688462511 -0.0076658214843716493 0 0.21046894146102813 -0.0035951209963579695 -0.022118757470620941 -0.0079215747505612544 -0.0025021989437996814 0.20095014195337751 0.043122848710340583 0.016839256800478177 0.068952863491413011 -0.023449889210686428 0.0061792735897599803 0.0013044528093731022 0.00060297170198119875 0.0082977966799172853 0.03728563061092606 0.098904132294833677 0.017395852611967712 0.10607060655695558 -0.0012682037664785545 0.21254446027334792 -0.028313848773830103 0.11983997427125495 0.1191491848593058 0.01133448463609738 -0.017766728089392697
leaf_weight=1429.3623696193099 269.98772225528955 9.1674818098545057 778.75973843224347 452.69187988340855 448.24822660535574 554.578498814255 2.3919863700866726 4.320856161415576 731.45023850724101 28.753986097872257 241.33576314896345 20.076395928859711 12.740689933300017 98.180061664432287 3.8508508652448645 8.6230614855885488 216.99762204289436 34.134014848619699 26.729607548564672 438.5866417773068 53.652652408927679 2.6764309890568247 3.4558488614857188 2.8524279817938796 94.957363169640303 175.88228232041001 8.4300768524408323 2.1579843759536734 1.7119606249034398 1.2489042319357393 2.799020539969205 1.4410146586596968 1.4788459464907644 21.895583845674992 6.2749174758791924 26.753258023411036 1.9239819869399051 2.9722243770956993 1.1784998849034307 9.9820639081299287 2.379306983202695 3.9382958114147177 4.0674801282584658 3.5701748318970203 474.74055276811123 8.7288072481751424 38.736679412424564 31.517225220799446 27.303661547601223 212.74066000431776 115.93076795339584 18.400001175701618 14.020028479397299 17.08703738451004 15.445277683436869 297.90358194708824 3.107629518955946 3.1180744320154181 2.4179243743419647 5.0135054625570756 5.7026568502187729 20.485779248178005
leaf_count=7326 8290 105 32347 3405 8523 6744 25 51 21074 349 2772 144 90 1203 44 87 2695 406 330 5502 666 32 38 33 1155 2128 103 39 28 21 50 23 26 253 114 508 35 51 21 129 29 49 48 44 3474 66 284 236 196 1567 862 130 97 126 107 5413 37 40 28 60 68 241
internal_value=5.22301e-06 0.00930155 -0.0301683 0.0165831 0.00201957 0.00490533 0.0318628 0.0746305 -0.0208577 0.00407972 0.0146538 0.0118169 0.0152649 0.00226806 0.100629 0.121167 0.00342413 0.0052908 0.00421259 -0.000413982 -0.0022742 0.0316333 0.0779903 0.107525 0.00602222 0.0107344 0.0168607 -0.00556581 0.00268736 0.0975806 0.00143713 0.0779786 0.13745 0.0108199 -0.0107993 0.016694 0.066461 0.116028 0.159822 0.0270072 0.0394217 0.0783179 0.10789 0.141287 0.0142829 0.0173823 0.00431443 0.0209284 0.0363118 0.00375713 0.0130997 0.0463756 0.0310904 0.0562238 0.0709623 -9.30041e-05 0.15288 -0.019655 0.0440645 0.0260303 0.0680663 0.0192238
internal_weight=7561.05 5780.85 1780.2 2889.52 2891.33 2095.24 60.966 19.1868 1001.44 2034.27 296.112 1460.16 1007.47 1738.16 14.8659 12.4739 1639.98 1422.98 1368.32 813.746 763.079 54.6564 12.0923 9.41591 324.492 270.84 42.5641 796.092 308.741 2.96086 305.78 5.07784 2.91986 41.7792 487.351 39.1029 12.3496 6.07471 4.15072 50.6669 40.6849 13.9553 10.017 7.63765 987.391 761.91 163.396 598.514 123.773 225.481 124.66 92.256 58.4107 31.1071 33.8453 300.703 5.96006 34.29 5.536 32.6117 10.7162 261.822
internal_count=120167 58456 61711 18110 40346 25494 693 207 29364 24801 3430 10784 7379 21371 156 131 20168 17473 16824 10080 9451 649 140 108 3949 3283 509 14852 5600 49 5551 88 49 486 9252 729 221 107 72 629 500 170 121 92 7235 5578 1212 4366 892 1657 928 656 419 223 237 5463 70 417 68 381 128 3013
is_linear=0
shrinkage=0.05


Tree=26
num_leaves=63
num_cat=0
split_feature=6 6 6 6 6 6 174 98 97 195 212 68 170 253 204 221 71 169 61 148 242 194 49 66 31 60 168 133 135 75 246 110 111 6 99 30 67 238 226 231 71 259 89 33 242 159 200 246 92 251 28 123 135 89 98 116 134 215 67 31 98 21
split_gain=783.426 110.874 72.7213 23.8547 23.5979 18.3685 16.4078 24.9417 17.9909 15.1405 20.955 15.1166 18.2221 17.993 28.0586 19.5052 20.4031 17.1978 15.1574 16.8702 14.2477 13.9394 17.3111 15.9922 15.4799 15.2256 14.1047 15.4478 14.1497 13.9046 13.8924 16.2015 19.1442 17.3485 13.8238 14.7864 15.2298 13.7144 18.883 15.344 13.425 14.0275 13.1987 14.0943 17.8837 14.8896 13.1608 15.4106 20.694 13.5229 13.1271 12.7992 14.3917 18.2613 15.5225 15.2102 14.0206 13.2492 12.6909 15.4328 13.3067 14.9917
threshold=3.1245627302238765 1.6581827230727291 3.8210030072102503 2.5989721962006249 1.1472764606483909 4.8101496837149549 -1.6200376033124078 0.033023719241100945 0.56809750927397995 -0.85260080321569431 0.76904965691533922 0.086263318723543189 -0.82412668255104626 -1.0944146675226198 1.1424585626515384 -0.0084795966958741645 7.3893658062521173 -0.50015920579052409 1.2500000000000002 1.0720447170013612 0.21612082192637086 -1.6161589700694898 7.7543103448275872 0.086542244144525826 37.002380952380967 -1.0000000180025095e-35 -0.16193835076656901 1.5424861380967823 -0.47915617293057838 72.500000000000014 -0.27927960859051276 0.087901212605782916 7.587153038259566 2.1575426144600001 -0.10407536144160563 111.75000000000001 0.11628465742096265 -0.26960172680716787 -0.96525587519752898 0.39984110475062057 4.6804255319148949 -0.27230567001251943 34.050000000000018 69.250000000000014 -0.44941254605597658 -0.24887330319218437 -0.85492035931459209 -0.85401637508362793 10.476045990664973 -0.28477209635843287 5.8819444444444455 0.095454545454545472 -0.54364904694298077 86.050000000000026 0.056276275807525818 0.38166666666666688 0.39026224480002125 -0.90828352164517023 0.12037372760723015 38.798387096774206 0.064822333006833793 0.18109321234321238
decision_type=2 2 2 2 2 2 2 2 2 2 2 2 2 2 2 2 2 2 2 2 2 2 2 2 2 2 2 2 2 2 2 2 2 2 2 2 2 2 2 2 2 2 2 2 2 2 2 2 2 2 2 2 2 2 2 2 2 2 2 2 2 2
left_child=1 4 40 6 -1 -4 7 -3 -9 10 21 13 18 14 -11 16 -16 34 19 51 -19 22 23 -8 -25 26 28 29 -23 -28 31 32 -22 -34 35 36 -14 42 39 -39 41 -2 43 -6 -45 -46 50 48 49 -48 -40 -13 56 54 -54 -56 57 -53 59 -49 61 -60
right_child=2 3 5 -5 37 -7 9 8 -10 11 -12 12 17 -15 15 -17 -18 20 -20 -21 30 25 -24 24 -26 -27 27 -29 -30 -31 -32 -33 33 -35 -36 -37 -38 38 46 -41 -42 -43 -44 44 45 -47 47 58 -50 -51 -52 52 53 -55 55 -57 -58 -59 60 -61 -62 -63
leaf_value=0.02018003532485993 -0.030306074070043112 0.104494738829148 -0.032216073192197686 -0.0054228273683679619 -0.0078134305637246448 -0.045949440012497324 0.14154897401276689 0.0047700932257993371 0.090143684512982214 0.0072659241428689198 -0.020121135022241183 0.0075255622297136955 0.12799465801303009 -0.0048074480941415372 0.20343401384842169 0 0.016839134451168018 0.012019359824945801 -0.009770262606072104 -0.0029824594936347011 -0.0056692116509661702 0.024827789933722162 -0.022573144739276851 -0.041373651463830929 0.11159509400654495 -0.0075789676034263495 0.01135722550214615 0.076612795231849259 0.080396617683141075 -0.031504919093489708 -0.0099031395964829586 -0.027673503632089792 0.13388005965801925 0.0048807934715896758 -0.024708087074317389 -0.04150261819170268 -0.012885123491107296 0.10821548689906867 -0.023395150307602294 -0.002739823393496545 -0.017499579517483089 0.13701761190937392 0.00055665531890976207 0.0094565442588555159 0.099132580103023088 -0.0065953541488621079 0.014164205188864326 0.019600723045074257 -0.0078075707326700607 0.1345547138948702 0.019854348117265355 -0.026020499722224845 0.010660780932228678 -0.033441941225264137 0.1791465540772913 0.0033974597595403558 -0.011711100537196727 0.059683083633440562 -0.040052627118971396 -0.0075135409973676251 -0.0089453233024717003 0.022331250176038889
leaf_weight=1442.1888494491577 1.6126022525131705 8.5402797162532789 594.01170781441033 814.16462601721287 20.187155984342098 439.71610638871789 6.0786797441542131 47.635990496724844 6.1417309604585162 49.466913279145956 41.64868176728487 22.831269569694996 3.9143937490880472 796.24586418643594 3.8230403698980808 3.5656552016735059 2.4726062044501305 374.5321904271841 28.721857029944658 28.727920267730951 8.251808945089584 141.42222423106432 3.9068041443824759 3.3400398232042789 1.6885727792978285 60.928588028997183 74.423227701336145 6.1745672672986975 11.906931329518555 24.25233981013298 170.76498912647367 8.4491344764828664 7.1466149091720563 4.0683328621089458 77.118477467447519 3.3805174641311169 2.7737899124622345 8.5060614049434644 44.844308361411095 4.4346161782741538 670.75514465384185 1.8911273926496495 394.66736096143723 20.492244333028793 14.622676305472853 3.9698793143033972 3.7191850170493135 647.41914491355419 6.8445987775921813 7.412368208169938 27.391537204384804 4.4086383692920199 2.8010907992720595 1.7966637685894955 6.8854901380836946 1.5745264478027818 10.590794056653975 40.530517604202032 9.7501185461878759 56.308482550084591 106.77487155050039 93.807267412543297
leaf_count=7326 41 82 22935 15358 150 19488 66 548 63 625 494 274 49 9939 44 42 31 4506 340 342 98 1594 48 41 19 740 874 70 148 282 2042 103 73 58 994 41 34 61 343 32 18694 47 2969 151 105 30 26 4685 49 49 213 50 35 23 83 21 122 456 72 418 772 659
internal_value=5.02875e-06 0.00873044 -0.029765 0.00183668 0.0156284 -0.0381014 0.00465086 0.0297339 0.0160792 0.00386822 0.0129219 0.00181519 0.00671188 -0.00281307 0.0235067 0.0963445 0.143188 0.003126 0.0224589 0.0302218 0.00628531 0.0171034 0.0628625 0.0927084 0.0191534 0.0147451 0.0200417 0.00576938 0.0296684 0.00056208 -0.00450492 0.0275442 0.0519357 0.0917242 -0.017424 0.0351069 0.0748409 0.0111522 0.0143771 0.0723647 -0.0169394 0.0692665 0.00389917 0.0256941 0.0428886 0.077118 0.0135536 0.0151483 0.0599447 0.0992261 -0.00687968 0.0406295 0.0513107 0.097697 0.120049 0.150783 0.0387793 0.0507831 0.0141973 0.0174165 0.00337153 0.016083
internal_weight=7538.42 5830.44 1707.99 2917.1 2913.34 1033.73 2102.93 62.318 53.7777 2040.61 375.771 1664.84 809.269 855.574 59.3282 9.8613 6.29565 660.4 148.869 120.147 573.213 334.122 15.0141 11.1073 5.02861 319.108 258.179 104.85 153.329 98.6756 198.681 27.9159 19.4668 11.2149 87.1872 10.0687 6.68818 1471.15 1017.21 12.9407 674.259 3.50373 453.939 59.272 39.0848 18.5926 1004.27 932.036 17.9762 11.1316 72.2358 91.419 68.5877 13.0578 11.2611 8.46002 55.53 44.9392 914.06 703.728 210.332 103.557
internal_count=120167 58962 61205 40852 18110 42423 25494 693 611 24801 4376 20425 9744 10681 742 117 75 7998 1746 1406 6880 3882 174 126 60 3708 2968 1226 1742 1156 2374 332 229 131 1118 124 83 10784 7379 93 18782 88 3405 436 286 135 7286 6730 124 75 556 1064 790 162 139 104 628 506 6606 5103 1503 731
is_linear=0
shrinkage=0.05


Tree=27
num_leaves=63
num_cat=0
split_feature=5 5 80 174 98 5 248 5 70 153 199 44 164 110 196 134 253 204 10 104 231 258 239 197 98 67 196 33 121 179 88 65 195 68 244 201 175 240 165 200 206 216 251 151 99 200 30 238 246 92 226 164 240 257 88 223 28 109 237 98 160 93
split_gain=723.034 98.663 74.877 21.7574 29.0287 22.2748 21.4175 21.0146 16.1418 13.6261 17.707 28.5867 19.9625 19.7271 15.3129 16.3964 13.8138 18.8403 16.7278 14.7137 16.2842 23.6962 16.4779 17.0005 17.7267 15.3058 15.1581 14.4839 16.6752 19.4454 14.5321 13.3977 13.6116 13.022 14.3848 13.0888 14.0576 12.9223 14.3542 14.1944 15.3355 13.8729 12.6528 12.7577 12.6065 12.4641 13.7339 12.5681 15.0937 15.1422 12.564 12.3477 13.8217 12.3316 12.2861 12.2205 19.055 27.4413 13.8356 12.0627 17.4504 17.811
threshold=22.750000000000004 5.2500000000000009 27.010869565217394 -2.0540849773483765 0.038554272053506734 13.450000000000001 -0.51829170929632007 3.1500000000000008 0.057162781430563865 1.323561145492022 -1.435984902830534 8.5000000000000018 -0.64310187024898502 0.062089966121287025 2.3907457176597622 0.041193512638967818 -1.0944146675226198 1.119192852413587 1450.0000000000002 9.5000000000000018 -1.4279428341660754 -0.55589389638375686 -0.16503699142044917 0.57724012980817452 0.057583215395715405 0.028608630952380955 -0.74251095266375444 132.55000000000004 3.5000000000000004 0.62798902045542704 91.437229437229448 2.5000000000000004 -1.2043910090229144 0.085913072939354351 0.19444569809715803 1.0675542703330849 1.0679252194813242 -0.54995350018464617 -0.12985331535978895 0.31236291523562104 0.83967362793885691 -0.61525420181408119 0.4149150173987261 0.43831122528569466 -0.065566383672668302 -0.85492035931459209 160.55000000000004 -0.26960172680716787 -0.85401637508362793 14.070057461842527 -0.96525587519752898 -0.22509209484682391 0.80749330887337467 -0.68515716100012469 69.855902777777786 0.88988918073656353 10.950000000000001 0.071724854828303111 -0.58861338480357561 0.046436867861352989 -1.5948506278843961 46.501427988576118
decision_type=2 2 2 2 2 2 2 2 2 2 2 2 2 2 2 2 2 2 2 2 2 2 2 2 2 2 2 2 2 2 2 2 2 2 2 2 2 2 2 2 2 2 2 2 2 2 2 2 2 2 2 2 2 2 2 2 2 2 2 2 2 2
left_child=1 7 8 4 6 9 -3 -1 -2 10 11 -5 13 -13 15 -15 17 42 53 20 21 22 -18 26 -25 -22 -24 -21 -29 30 -30 32 -10 35 59 -27 -37 -6 -39 41 -41 -40 43 -12 -36 46 -9 -47 49 -49 -50 -14 -53 -19 -38 -33 -57 58 -58 -35 61 -61
right_child=2 3 -4 5 37 -7 -8 45 31 -11 16 12 51 14 -16 -17 19 18 -20 27 25 -23 23 24 -26 33 -28 28 29 -31 -32 55 -34 34 44 36 54 38 39 40 -42 -43 -44 -45 -46 47 -48 48 50 -51 -52 52 -54 -55 -56 56 57 -59 -60 60 -62 -63
leaf_value=0.019010150879338297 -0.030647005183766736 0.0086722967362319169 -0.041247124947820984 -0.016458497344211395 -0.035396872687522223 -0.005958360178866179 0.1499095650339832 -0.0084352085183388124 0.12617300165626161 -0.0065091046215272801 0.025157746993122249 -0.0010643069751188347 -0.022122545687489115 0.15245556408102268 0 0.003483986882361908 0.0068412478343086724 0.0060561194229654218 0.021920716177451081 0.0090050750652565185 0.01605585506389039 -0.001405273823720854 0.11991382455727811 0.041045980362655402 0.22377016870323022 -0.010719412392363637 0.01667759749295734 -0.016798193523595656 0.093356607146743265 0.15092870601417341 -0.0019758806782442821 -0.019182056804606971 -0.0088920252079145185 0.024637054744305782 0.025413521447738535 0.0033411896222283848 0.12231867928651768 -0.0031495392174694667 0.10381810093280155 0.16294354739743624 0.0043578139204243404 -0.021085881132176753 -0.031383613465266844 -0.031950144857569945 -0.011327142224617856 0.0045456608203388801 0.089490893760349605 0.087965032370043272 0.063402269512039255 -0.0042660848966880596 0.013356374264408572 0.045593681941262829 -0.01807232724202815 0.14497895005265204 -0.0020651953953105084 -0.005431985715136466 0.019313271910876662 -0.021928950569269939 0.26865814760718187 -0.0056090689190493289 0 0.17962865716872536
leaf_weight=1454.137950271368 251.3072645328939 4.3729081191122532 720.13269527070224 31.203249413520098 9.6179093383252603 794.18023833632469 6.9235959611833078 111.05204566568136 2.3487375061959028 272.56956750899553 77.235884081572294 5.4895984008908298 11.04147447273135 10.654608841985462 2.7196004986762992 2.3336173593997946 14.305425595492123 2.2667867206037045 12.546338520944117 300.62570318952203 113.7303245253861 51.025675892829895 4.1081782728433636 3.1295187287032595 2.5726006999611855 499.9147541411221 13.612725161015989 7.0845023207366493 5.7126174941659 4.5717000290751448 9.5386437289416772 585.64402769878507 3.7981600277125827 94.608023252338171 25.539376642554998 30.037164006382227 4.3601931966841212 17.40842883661389 2.1426717489957801 4.0111049078404895 2.3668317571282387 6.6653507128357914 14.108906999230383 10.234962977468966 192.02891130000353 414.50248388200998 2.6958444043993941 12.617709696292879 11.852313682436941 6.3285223320126525 922.55412081629038 44.959413584321737 9.7661652192473394 6.2026110813021678 2.9776741825044155 92.822985203936696 1.0632576346397402 2.5687698200345039 1.0169213749468315 2.2392099462449542 175.66495164111257 1.7667303606867788
leaf_count=7326 8162 52 32347 368 126 15090 67 868 63 3284 948 56 119 97 28 23 174 28 146 3665 1365 612 43 35 27 6205 168 88 66 54 118 17637 107 1129 302 407 58 226 28 46 30 91 176 130 2296 3084 19 81 81 45 6606 462 104 68 39 2751 32 78 28 28 2159 21
internal_value=2.47919e-06 0.00826205 -0.0291066 0.00175156 0.0330485 0.00115431 0.100794 0.0147335 -0.0197721 0.00388387 0.00546324 0.0241006 0.0387319 0.0800782 0.107102 0.12821 0.00413718 0.0202359 0.0622717 0.00285598 0.000343692 0.0208546 0.0503479 0.0753464 0.145318 -0.00126164 0.0460045 0.0122579 0.0467964 0.0694797 0.0369722 -0.0157612 0.05245 -0.00319398 0.00267453 -0.00857043 0.0195736 0.0128902 0.0279171 0.0618335 0.113338 0.016276 0.0109681 0.0181334 -0.0068949 0.0105228 -0.0053111 0.0118461 0.0150068 0.0582375 0.0140636 0.0243309 0.0340219 0.112891 0.0770505 -0.0164581 -1.2124e-05 0.089123 0.190479 0.010281 0.00259944 0.0946506
internal_weight=7516.62 5855.92 1660.7 2920.18 53.5088 2866.67 11.2965 2935.74 940.57 2072.49 1799.92 118.168 86.9645 21.1974 15.7078 12.9882 1681.75 122.595 21.0157 1559.15 1231.62 88.7541 37.7284 23.423 5.70212 1142.87 17.7209 327.533 26.9075 19.823 15.2513 689.263 6.1469 1029.14 491.847 537.29 37.375 42.2123 32.5944 15.186 6.37794 8.80802 101.58 87.4708 217.568 1481.6 113.748 1367.86 953.353 18.9462 934.406 65.7671 54.7256 8.4694 7.33787 683.116 97.4719 4.64895 2.08018 274.279 179.671 4.00594
internal_count=120167 58962 61205 40852 666 40186 119 18110 28858 25096 21812 1257 889 204 148 120 20555 1496 242 19059 15068 1059 447 273 62 14009 211 3991 326 238 184 20696 170 12644 5935 6709 504 547 421 195 76 119 1254 1078 2598 10784 887 9897 6813 126 6687 685 566 96 97 20526 2889 138 60 3337 2208 49
is_linear=0
shrinkage=0.05


Tree=28
num_leaves=63
num_cat=0
split_feature=5 5 80 5 71 68 195 98 71 80 231 13 68 121 168 195 35 125 241 116 202 135 33 114 68 172 91 164 204 189 168 77 243 241 158 162 249 231 121 203 194 160 214 62 195 25 225 100 178 122 71 75 245 204 247 255 63 31 205 63 241 111
split_gain=667.174 88.2085 73.9507 27.0908 15.6087 13.9111 23.6069 14.979 15.2227 14.8448 12.6647 12.6274 12.4166 20.0172 16.3381 13.8069 13.6854 15.3692 16.5228 12.7761 16.169 13.1821 16.3708 14.6826 12.9506 13.4051 13.0759 12.2827 17.5126 15.6721 15.334 16.9529 22.4318 17.1565 14.3053 12.2796 12.1316 12.0216 13.0225 13.4209 11.9487 11.937 11.7649 12.0872 11.7563 15.0147 16.8305 22.1027 17.1261 16.3896 15.2067 14.286 13.3144 13.6981 13.5885 12.7922 12.5788 15.692 12.9791 12.673 13.0976 12.532
threshold=22.750000000000004 6.6500000000000012 27.010869565217394 3.1500000000000008 8.2800966183574882 0.08750804375804376 -0.81193201992754205 0.043109984378366738 7.9361871797482104 2.6545092838196291 2.242029889709714 12.500000000000002 0.097570810385523218 7.5000000000000009 0.50084488366740765 1.0000000180025095e-35 9.5000000000000018 1.0000000180025095e-35 0.64696186295250568 0.38166666666666688 -0.49004783921370582 -0.51719954029627246 122.85000000000001 1.0000000180025095e-35 0.25176056338028174 0.36596435077724437 2.2291570483225613 0.3186476624654333 1.2696973152421962 0.43028865402100425 -0.65190791758506728 0.29003816793893133 -0.654480619236535 -0.73019431996048689 1.7124204233305822 1.3814917986063004 0.61394061351492069 -1.7159846014392734 5.5000000000000009 -0.39181819357118469 -0.40936676618273199 0.11499607929663661 -0.64171609832375676 7.7361174048349488 -0.79859718624100517 0.515003770739065 0.24521573374275038 1.1715686274509809 0.49801341319275133 0.32291666666666669 7.8751114081996443 123.50000000000001 -0.7101658760046351 -0.54331736772331574 0.97012533002610979 1.7486433090624338 0.067541519093539532 38.334166666666668 -0.30060179118753733 0.068210212345786017 0.40282505818656084 7.1112456281947809
decision_type=2 2 2 2 2 2 2 2 2 2 2 2 2 2 2 2 2 2 2 2 2 2 2 2 2 2 2 2 2 2 2 2 2 2 2 2 2 2 2 2 2 2 2 2 2 2 2 2 2 2 2 2 2 2 2 2 2 2 2 2 2 2
left_child=1 3 4 -1 -2 6 10 8 -7 -8 37 12 13 15 19 -9 17 -17 -19 20 21 22 23 -14 25 -22 -27 34 29 -29 -31 33 -33 -32 35 -13 -11 38 39 -3 -25 -34 43 -23 45 46 48 49 50 51 -5 56 53 -50 -54 -56 58 59 -48 -58 -61 -55
right_child=2 5 -4 44 -6 7 9 11 -10 36 -12 27 14 -15 -16 16 -18 18 -20 -21 24 42 -24 40 -26 26 -28 28 -30 30 31 32 41 -35 -36 -37 -38 -39 -40 -41 -42 -43 -44 -45 -46 -47 47 -49 52 -51 -52 -53 54 61 55 -57 57 -59 -60 60 -62 -63
leaf_value=0.017919474305649538 -0.016248317965697034 0.17563727975522084 -0.04080171224338619 0.033616607095016619 -0.034066166466633761 0.020062891664278947 0.0067928473628782312 0.015648243087090754 -0.008568306186481826 -0.013786407004246482 0.11135997455066358 -0.010232820838258879 0.015462204033045355 -0.020379464241774486 -0.023799364631901184 0.028322215941895192 -0.018041712042253407 0.19522094716450589 0.022501014003490988 -0.021053757823049506 -0.0070493037559435888 0.11996109280222143 -0.022074356870227102 0.02631816812328594 0.095580494360144708 0.0053181791858662123 0.11649540142597357 0.0066113811823861213 -0.038654635408714916 -0.01658251168750868 0.1245167101967488 0.0090082875921969636 0.23340997685204284 -0.0071760762687769755 0.081648510105556904 0.052488358999829093 -0.00028536019234099385 0.0057849375134058061 -0.011228427082614074 0.027104211611449148 0.18294829233947285 0.039313645810121506 -0.0043754290643483636 -0.029015726745586248 0.0072548939525882141 -0.013639278012107596 0.0089794131784438867 -0.017210626517393773 -0.0066898823958402619 -0.028123180603164523 -0.012755574453806826 0.00059086416293506439 -0.015599289932835693 -0.019404725620778534 -0.01469659314049853 0.041106324630434697 -0.017376515146052339 -0.015071473275676095 0.13875243265583123 0.047544412525319775 0.11147552228900226 0.086464773190469801
leaf_weight=1465.2773702740669 775.6411776188761 2.2546569332480431 692.31276618503034 113.13999579846859 147.50464467518032 225.62008698284626 158.20538011938334 10.410643398761751 57.501095999032259 577.72802883386612 1.9964703693985928 376.0059352517128 3.2555841058492678 9.6866551600396615 35.62603197991848 4.4500426277518255 2.0115520991384974 5.1995854377746582 2.2410924322903156 20.365870155394077 57.210682202130556 3.5838149003684547 2.3697201088070861 2.0781327635049811 2.9760095514357081 6.5444423146545869 3.6823633946478367 92.058124013245106 15.470824539661406 5.9031187556684044 2.3530715778470066 2.9542450159788132 2.9910955727100363 8.827305566519497 3.4054932557046405 6.9660488441586486 234.65987804159522 287.95216443762183 3.8313809558749199 3.8807537965476495 5.2879089787602434 1.665256582200527 13.292387731373308 1.3980989046394823 1730.7379737943411 36.557833097875118 2.7002190500497809 14.732397697865961 11.495746538043024 5.8246959894895545 20.202713713049889 10.694997727870939 88.141235634684563 3.0814408808946601 16.305244937539101 24.583394423127174 4.0752593278884879 7.1952051892876616 8.5655804574489576 27.383971072733402 12.974026121199129 11.671346038579939
leaf_count=7326 23902 31 32347 874 4956 3103 1951 157 893 9648 26 5690 43 150 540 69 30 70 31 301 824 53 33 27 37 98 56 1415 225 89 36 47 42 140 51 107 3663 4324 55 53 62 25 208 25 13926 295 21 117 88 45 176 85 698 24 134 178 32 57 64 207 96 91
internal_value=5.80655e-06 0.00782705 -0.0284427 0.0126724 -0.0191345 8.49234e-05 -0.00337743 0.00451711 0.0142207 -0.00716799 0.0088561 0.000627578 0.0115655 0.0385436 0.00551029 0.0620947 0.0931563 0.112296 0.15262 0.0142306 0.0214828 0.0508451 0.0877535 0.112478 0.00784559 0.00256076 0.0526059 -0.00341985 0.0096684 0.016388 0.0509644 0.0722024 0.125655 0.0280773 -0.00792511 -0.00894521 -0.0098979 0.00778221 0.0592406 0.0993535 0.147785 0.184101 0.0211557 0.0794557 0.00908746 0.0166041 0.0195337 0.037839 0.0134353 0.0482007 0.0265109 0.0546049 0.00207707 0.0338672 -0.00456225 0.0189147 0.0635586 0.0511236 0.111324 0.0620486 0.0704159 0.0642062
internal_weight=7494.7 5879.24 1615.46 3615.34 923.146 2263.9 1270.51 993.392 283.121 970.593 299.915 710.271 191.671 33.9996 157.671 24.3129 13.9023 11.8907 7.44068 122.045 101.679 31.2656 12.9913 10.6216 70.4135 67.4375 10.2268 518.601 132.223 116.752 24.6941 18.791 7.6106 11.1804 386.377 382.972 812.388 297.919 9.96679 6.13541 7.36604 4.65635 18.2743 4.98191 2150.06 419.325 382.767 94.1464 288.621 79.414 133.343 73.5893 155.278 26.2485 129.03 40.8886 62.8943 51.6285 11.2658 44.4333 40.358 14.7528
internal_count=120167 58962 61205 24534 28858 34428 19751 14677 3996 15262 4489 10681 2814 507 2307 357 200 170 101 1767 1466 451 165 132 1015 978 154 7867 2019 1794 379 290 114 176 5848 5797 13311 4463 139 84 89 67 286 78 17208 3282 2987 724 2263 607 1050 562 1213 203 1010 312 477 392 85 335 303 115
is_linear=0
shrinkage=0.05


Tree=29
num_leaves=63
num_cat=0
split_feature=5 5 80 5 65 198 252 98 71 197 212 198 50 110 76 42 248 214 119 170 135 150 209 200 249 66 71 154 248 196 198 204 77 224 161 138 217 31 117 73 188 240 134 239 188 71 83 76 96 247 188 32 202 179 239 102 25 194 153 80 219 149
split_gain=620.534 113.738 36.5206 31.364 15.178 18.4754 14.8684 14.7296 19.6938 15.9387 17.2358 16.3297 15.4909 17.1918 14.7035 16.477 18.2356 15.5796 13.9244 13.8841 13.8508 23.0842 19.9876 13.5995 13.5078 13.4084 13.4739 16.1301 17.7604 13.4005 16.4668 13.0205 15.5869 16.9028 13.5917 12.7983 12.6649 16.8182 21.1877 27.4837 18.107 13.2772 13.0836 12.5737 12.3295 12.3086 12.4526 12.5972 17.3819 13.5963 16.0665 12.2715 16.6082 12.1066 12.2068 12.0407 11.9215 12.3722 16.4383 13.1233 11.8915 11.8018
threshold=32.050000000000004 8.4500000000000011 32.629100529100533 3.1500000000000008 43.500000000000007 0.20270466818274654 -1.0893033352944863 0.043109984378366738 8.086514342355466 1.2661337063534732 0.12198087291946076 0.85005971256083324 9.0000000000000018 0.064526860257978672 0.067600208904556744 1.5000000000000002 -0.74946543094704865 -0.38629995344913576 0.21111111111111114 0.10145993123917851 -0.59126954735614867 -0.022779738713555642 0.09375669417286657 -0.71948065963531116 0.52874614029489131 0.08618776673152205 7.5526623936891415 -0.45076938478085499 0.69609052342942312 -0.73102518250853221 0.44059441376440306 -0.1956226730918123 0.27634884951071154 0.42532897846389656 0.2779241348633042 -1.0308935349218484 -0.67183493352649815 35.497916666666676 1.5000000000000002 0.073813120681542402 -0.26717193617675933 0.9427964323408019 -0.20392995468435662 1.6124985825548814 -0.3013707684454307 9.0202153687752453 0.17500000000000002 0.039900497512437814 0.073350071736011491 -0.58371052035718818 1.095892308609238 13.250000000000002 1.0371410273027333 0.013753867350143245 0.15477499564769093 41.000000000000007 0.46970088734794624 -1.0354323340116507 0.13184680430847159 2.1894221808014915 0.96403300685638726 -0.37844842319088196
decision_type=2 2 2 2 2 2 2 2 2 2 2 2 2 2 2 2 2 2 2 2 2 2 2 2 2 2 2 2 2 2 2 2 2 2 2 2 2 2 2 2 2 2 2 2 2 2 2 2 2 2 2 2 2 2 2 2 2 2 2 2 2 2
left_child=1 3 18 -1 14 6 23 8 9 11 20 43 29 -14 -3 17 -17 31 -2 -19 35 22 -22 -6 51 -26 -27 -28 44 30 -9 32 -16 34 -34 -11 -15 -38 39 40 -39 42 -41 -7 -29 46 53 48 49 56 -51 52 -8 -5 -55 -47 57 58 -48 -60 -50 -49
right_child=2 4 -4 45 5 7 24 12 -10 10 -12 -13 13 36 15 16 -18 19 -20 -21 21 -23 -24 -25 25 26 27 28 -30 -31 -32 -33 33 -35 -36 -37 37 38 -40 41 -42 -43 -44 -45 -46 55 47 61 60 50 -52 -53 -54 54 -56 -57 -58 -59 59 -61 -62 -63
leaf_value=0.01690115189450488 -0.029944904072199047 -0.002230142641655958 -0.042054799766904148 0.0082934656638588688 -0.025930636953573623 0.029128456399558484 0.0023070239899128926 0.12675714192864773 -0.019308040713730823 0.069919461901666202 -0.00933938912971107 -0.010897987023397351 -0.020532684191842829 -0.014321926640152669 -0.031361449728359025 0.05668003771362351 -0.038189635157129059 0.030482412244689863 -0.014366805697204089 0.086960724881626095 0.18572712106112216 0.0083875292112061874 0 0.095450485916241917 -0.006710352010898377 0.0089581924165419956 -0.0084755884595611435 0.014245365198845832 -0.012019784124777784 -0.007681332795443036 -0.016867464097311321 -0.024867990840587949 0.18628002261462243 -0.020231383977941452 0.0044202183809153089 -0.0092473330477856643 -0.010337654926653689 0.11669503352109326 -0.01980840151702444 0.055592903185759074 -0.013907943393132977 0.013939335702472752 0.26898463219804081 -0.044579858031751157 0.21819438390845899 -0.020713264418096219 0.0050261616788206519 0.024873867924317838 0.017125667971420414 -0.012223907911517659 0.068987991226567333 -0.014485299859092497 0.13263663119421809 -0.0094073187564477356 0.0079343758311091368 0.047921613483576438 -0.025228867079720482 0.012051888042559553 0.034428427303884422 0.18961610369353368 0.078316749637221739 0.011545217605790263
leaf_weight=1475.6689540073276 417.74567228369415 162.19639950245619 566.39027457498014 740.64769143238664 2.9805004447698593 79.899189632385969 10.687763251364229 3.1487095281481734 40.522403009235859 9.8134215176105517 10.382738620042799 53.762987773865461 14.461151551455258 6.873509243130683 3.8636288642883319 5.7912816852331188 19.038405306637287 48.195424098521471 225.35216507315636 14.236238688230513 6.2896892353892309 4.6243917569518116 1.8275015503168104 5.3711152300238592 241.03736183792353 60.453912850469351 3.6187161132693291 1.1978075988590715 1.6275046393275259 440.89298036321998 3.3460140265524387 18.273836143314838 2.737212996929884 2.2238864377140999 1.5645662285387514 9.093699172139166 6.1482910960912767 3.6938854865729844 3.7084062173962584 1.729868229478597 5.5482406020164472 1.1869055181741712 3.0204690694808956 5.302624996751546 2.4899818599224077 58.742116309702396 6.2117889150977117 202.61682372540236 59.767954215407372 191.09727646410465 5.288924239575862 714.04620782844722 2.2162270881235591 247.86882654204965 170.16601302474737 6.1676173806190482 16.277898915112019 73.150141321122646 3.3236096501350403 2.4564641416072845 8.4560932442545873 957.68607686460018
leaf_count=7326 15447 2947 28041 6433 59 1377 205 56 786 136 167 883 258 122 66 102 332 809 8081 233 101 81 34 97 4347 1039 63 23 31 7976 62 303 44 38 28 123 108 67 65 29 102 19 48 85 43 597 59 1766 522 1711 46 13712 41 2275 1488 63 152 666 27 25 70 8125
internal_value=6.51683e-06 0.00633869 -0.0327659 0.0110182 -0.0033566 -0.00507298 -0.00930592 0.00111291 0.0118009 0.0188611 0.0455237 0.0104933 -0.00368618 0.0234952 0.00747245 0.0209936 -0.0145309 0.0307835 -0.0245246 0.0446078 0.0634101 0.102428 0.148659 0.053457 -0.00986702 -0.00111284 0.0180797 0.0721838 0.120536 -0.00656074 0.0597183 1.51146e-05 0.0425619 0.0853453 0.13439 0.0330399 0.0436178 0.059656 0.0820657 0.106949 0.0441003 0.183602 0.215327 0.0240192 0.170187 0.00785443 0.00837706 0.0113454 0.00322915 -0.00199483 -0.00967301 -0.0135917 0.03298 0.00445617 -0.00233416 -0.0134877 0.0127734 0.0203055 0.0654644 0.119358 0.0258041 0.0138964
internal_weight=7474.21 6264.72 1209.49 4225.59 2039.13 1761 1045.73 715.277 221.519 180.996 42.0314 138.965 493.758 46.3707 278.121 115.924 24.8297 91.0948 643.098 62.4317 31.6487 12.7416 8.11719 8.35162 1037.38 310.425 69.3879 8.93401 5.31529 447.388 6.49472 28.6631 10.3893 6.52567 4.30178 18.9071 31.9096 25.0361 18.8878 15.1794 9.24213 5.93724 4.75034 85.2018 3.68779 2749.93 2685.02 1526.33 366.03 297.806 196.386 726.95 12.904 1158.68 418.035 64.9097 101.42 85.142 11.9919 5.78007 68.224 1160.3
internal_count=120167 68598 51569 31351 37247 32345 19660 12685 3773 2987 642 2345 8912 818 4902 1955 434 1521 23528 1042 475 216 135 156 19504 5546 1199 160 97 8094 118 479 176 110 72 259 560 438 330 265 169 96 77 1462 66 24025 23365 13169 3278 2686 1757 13958 246 10196 3763 660 929 777 111 52 592 9891
is_linear=0
shrinkage=0.05


Tree=30
num_leaves=63
num_cat=0
split_feature=5 5 5 5 174 76 69 226 108 76 242 226 170 225 5 238 227 32 136 69 98 134 67 192 205 170 166 200 38 216 202 96 36 218 88 189 188 25 29 179 26 149 40 200 251 72 243 21 166 205 253 257 258 76 108 247 14 246 163 198 244 204
split_gain=568.208 105.496 33.4953 33.3029 18.8957 24.6858 17.7181 20.6857 16.9247 14.4859 13.9166 13.8944 15.6612 19.0313 13.6639 14.8476 13.3752 13.1115 16.9895 14.7545 16.0191 15.0662 18.4129 17.0779 14.6578 14.281 12.7248 15.526 16.5277 16.2619 17.3545 18.1525 19.6375 21.2023 17.4368 11.9053 20.8271 22.831 17.2198 18.0487 11.8893 11.884 14.6499 13.8336 13.2918 14.6427 16.8568 16.0958 13.4503 12.6609 15.3433 12.1829 11.6823 11.6764 16.2344 15.9454 15.8024 15.7955 13.5837 17.2578 16.9228 12.1365
threshold=32.050000000000004 10.250000000000002 3.5500000000000003 122.75000000000001 -1.9237225366929844 1.0000000180025095e-35 6.7500773036487329 2.0755209570323321 0.051553385835583103 0.066496598639455798 -0.26418886292298543 -0.96525587519752898 -0.18205511098087554 -0.42121000500196365 1.5500000000000003 -1.6715126785136214 0.52224016542868335 34.45000000000001 -0.78614906086770431 6.7707309413087087 0.043109984378366738 -0.67960742448359757 0.10870541818039768 -0.049761686989208048 -0.55034988649918937 0.088700401935273857 0.71886799484925101 0.078647836143201102 1.5000000000000002 -0.23911894271592435 -0.50879240116616065 0.07185886402753873 190.50000000000003 1.1910014498372787 43.086515151515165 0.89088634365459918 -0.78371151185432864 0.39732455044955051 0.44882435737827903 -0.60434840835496828 0.15476190476190479 0.37553380809940556 20.500000000000004 1.601775058406339 0.25875319665630708 52.500000000000007 -0.75931332029466969 0.14511554621848743 -0.33455881669191007 -0.91133557826483702 0.92608570520281719 -0.65972893825026657 0.9137650249676621 0.11134954697186458 0.044455423803249898 0.60583037865258171 9.5000000000000018 -0.48781693976853197 0.12918431930098509 -0.35171871920278669 -0.18595053902934763 -1.4069261205837009
decision_type=2 2 2 2 2 2 2 2 2 2 2 2 2 2 2 2 2 2 2 2 2 2 2 2 2 2 2 2 2 2 2 2 2 2 2 2 2 2 2 2 2 2 2 2 2 2 2 2 2 2 2 2 2 2 2 2 2 2 2 2 2 2
left_child=1 2 14 6 5 8 7 26 -3 -9 16 12 13 -4 -1 -16 -11 -6 -19 20 21 22 23 24 -20 -26 -2 -28 29 30 -29 32 33 34 -32 -22 37 -37 -38 40 -40 42 -13 -43 45 46 -45 -48 -46 50 52 -50 -47 -21 55 57 -57 58 59 60 -55 -56
right_child=3 4 11 -5 17 -7 -8 9 -10 10 -12 41 -14 -15 15 -17 -18 18 19 53 35 -23 -24 -25 25 -27 27 28 -30 -31 31 -33 -34 -35 -36 36 38 -39 39 -41 -42 43 -44 44 48 49 47 -49 51 -51 -52 -53 -54 54 61 56 -58 -59 -60 -61 -62 -63
leaf_value=0.030205165181849715 -0.022246414681898821 -0.030360964173448558 0.10479156848192524 -0.044489778702559157 -0.0134890652463629 0.0068901361777982482 -0.030717569797188517 -0.031555990525160588 0.13433584426467035 -0.015970186602141771 -0.0073822200116498704 0.0085337811554809743 0.0073082208253257329 -0.028546623831256102 -0.013142531820756115 0.014492124023937271 0.21292037200723543 0.035303086068134745 0.26014027038790188 -0.011549371512439248 -0.0067906163656294861 0.010385284529818331 0.00094171797323231571 0.029224530980863805 -0.0002475259233420311 0.16538231378773904 -0.01908256625591892 0.0068629704707239619 -0.025406169844643996 -0.033206257977460518 0.0092790044876637067 -0.0057017590730837819 0 -0.015012698845695661 0.33196678582426886 0.22956837471477445 -0.030720084449417279 -0.0095955696365599471 0.19481388105422787 -0.015906764415223477 0.0078402044373705477 0.00047798578299711392 0.08771884459721549 -0.022780149286556802 -0.029903176103202474 -0.046411541911181471 -0.0040330320576734136 0.075701338238460036 -0.037665230100600265 -0.010781391798223645 0.11046881142288341 0.033662666273371548 0.06532584877125111 0.21928837310108429 0.061398942147541297 0.15476623127295253 0.00075017292687656434 -0.029636922844689242 -0.026846407034681188 0.012532832911891893 -0.0018193453927774648 -0.0059051198945692888
leaf_weight=135.57730075716972 163.96147274598479 1.5078001879155625 10.981733374297617 376.38675793632865 421.5655250903219 28.700680173933506 590.90908584557474 1.8398563880473364 6.4249123223125935 0.59286404214799437 1.416463892906904 1482.2617390938103 19.043442629277706 2.9035739973187438 49.182243511080742 1615.3674942106009 2.0126982294023037 26.919123396277428 1.3873709291219709 592.90778341889381 226.7983249053359 108.48400564678013 9.0619237460196 6.2510591521859187 2.8926406055688858 1.276159346103668 19.331613644957542 3.2211542315781099 5.0079675745218983 2.0994632877409449 0.58882504329085428 1.3199247177690265 1.023564977571368 0.55063682608306397 2.11973443813622 1.467816226184371 10.532643157988788 1.481722369790077 1.8160429894924166 3.2672027125954619 1.4257381968200205 1158.124144487083 4.8909412771463385 6.5322390869259825 23.8325563557446 4.4986655563116056 7.5844324603676787 31.65047973766923 6.7014974206686011 29.295496664941311 4.6217318251729012 26.489277072250843 3.0691721737384796 2.1125567667186265 5.9646465368568888 3.79858798906207 2.6663416996598244 9.9399437494575977 3.1104005724191666 4.308840263634921 1.1144385822117353 170.75345598161221
leaf_count=546 6465 24 100 19626 8310 505 23894 70 106 24 54 14413 182 28 266 8465 77 390 26 12129 4350 1939 162 117 49 22 770 120 188 82 23 47 37 22 76 27 202 28 35 67 27 10912 51 61 206 42 70 268 56 246 38 223 28 40 111 70 48 184 58 84 23 3290
internal_value=-0.000246952 0.00571847 0.00959919 -0.0321861 -0.00509785 0.0299185 -0.0263135 -0.0135126 0.102577 0.0719297 0.117122 0.00619358 0.0380395 0.0765285 0.0149298 0.0136652 0.169468 -0.00591009 -0.0032338 -0.00415189 0.00399377 0.0181808 0.056148 0.0947459 0.151998 0.0716749 -0.0163982 0.0105197 0.045741 0.078174 0.105866 0.152369 0.19389 0.241152 0.284582 -0.00346548 0.0325461 0.136147 0.00778541 0.066553 0.134996 0.00580237 0.00885633 0.00230724 0.0168522 0.0290134 0.0482278 0.0604466 -0.00184906 0.00706175 0.0478899 0.0184343 0.000656009 -0.00800424 0.00229266 0.037648 0.100525 0.0139283 0.0540849 0.0873067 0.15938 -0.00327261
internal_weight=7452.93 6280.55 4622.61 1172.38 1657.94 36.6334 795.995 205.086 7.93271 5.86188 4.02203 2822.48 32.9288 13.8853 1800.13 1664.55 2.60556 1621.3 1199.74 1172.82 376.143 129.353 20.8692 11.8072 5.55617 4.1688 199.224 35.2629 15.9313 10.9233 8.82384 5.60269 4.28276 3.2592 2.70856 246.789 19.9912 2.94954 17.0416 6.50898 3.24178 2789.55 1487.15 1302.4 144.276 87.2522 45.7672 39.2349 57.0233 41.4851 12.1896 33.1908 7.56784 796.677 203.769 27.0511 6.46493 20.5862 10.6462 7.53584 3.227 176.718
internal_count=120199 68624 36201 51575 32423 635 31949 8055 130 225 155 26924 310 128 9277 8731 101 31788 23478 23088 7051 2315 376 214 97 71 7830 1365 595 407 325 205 158 121 99 4736 386 55 331 129 62 26614 14464 12150 1238 753 399 338 485 354 108 279 70 16037 3908 507 118 389 205 147 63 3401
is_linear=0
shrinkage=0.05


Tree=31
num_leaves=63
num_cat=0
split_feature=5 5 80 5 71 188 174 75 75 174 44 75 69 166 254 38 200 223 201 231 110 254 176 170 5 238 89 201 196 165 154 66 34 139 21 238 254 222 202 102 74 225 63 121 131 249 239 245 196 82 82 10 213 167 232 195 63 93 153 192 206 174
split_gain=527.262 94.3054 34.3222 30.1468 17.1619 20.4556 16.8573 20.4866 16.8486 16.1809 27.4372 16.9786 15.2861 16.6401 22.7226 17.8933 21.6963 17.8677 14.4075 13.9189 13.8779 13.0132 12.8255 12.5385 12.625 14.0444 12.8604 14.383 12.336 12.1242 12.3119 12.0778 11.9203 13.8163 12.6955 19.0382 17.2392 18.3806 13.4697 16.6673 16.3263 18.9268 14.9632 12.4058 14.1593 13.248 12.3879 11.8988 11.8698 12.5028 12.0669 11.8158 11.6936 15.1441 13.651 17.9808 26.1838 12.2341 12.1683 14.6116 11.6995 13.9383
threshold=32.050000000000004 10.250000000000002 32.629100529100533 3.1500000000000008 8.5941193421962669 -0.59107759667906612 -1.9237225366929844 13.500000000000002 39.500000000000007 -1.8071710579748079 5.5000000000000009 46.500000000000007 6.7500773036487329 0.71886799484925101 -0.33799273595550766 1.5000000000000002 -0.36472638289994036 -0.86247493339207482 0.11309385911560661 0.3783799823845288 0.048397370043147737 -0.39125574445027217 -0.7885325284261897 -0.6389415187887747 1.7500000000000002 -1.3895593778779869 73.65000000000002 -0.59531775418920929 0.9002143493757343 -1.1267063134319135 -0.77550181629321857 0.031590828086016404 37.650000000000013 -0.86156977559515957 0.48206099456099466 0.38638304327536183 -0.33575984998759362 0.2099490213459167 0.23918302972835573 38.000000000000007 0.083551483420593389 -0.7295353227367436 0.088274649735005525 7.5000000000000009 1.2835105000456795 0.93816716647962373 -0.88092238598756778 -0.45987891900762407 -0.82122893386767315 1.0750000000000002 0.079166666666666677 1850.0000000000002 -0.6959287486885638 1.6668095875200326 -1.3951674837381856 -0.41532498787818722 0.077530264083912448 45.423283731399216 1.0905836476369284 -1.767961036773287 1.7889477635898421 -0.079579062878895573
decision_type=2 2 2 2 2 2 2 2 2 2 2 2 2 2 2 2 2 2 2 2 2 2 2 2 2 2 2 2 2 2 2 2 2 2 2 2 2 2 2 2 2 2 2 2 2 2 2 2 2 2 2 2 2 2 2 2 2 2 2 2 2 2
left_child=1 3 12 23 9 -6 7 18 -7 10 19 -12 13 -2 15 16 -15 -18 -3 20 -5 -19 -22 24 -1 -26 51 28 -28 30 -11 32 33 -8 35 36 37 46 39 40 -38 -42 43 44 45 -43 -35 -40 49 -25 -50 -27 53 60 55 56 -54 -56 59 -59 -31 -62
right_child=2 6 -4 4 5 8 31 -9 -10 29 11 -13 -14 14 -16 -17 17 21 -20 -21 22 -23 -24 48 25 26 27 -29 -30 52 -32 -33 -34 34 -36 -37 38 -39 47 -41 41 42 -44 -45 -46 -47 -48 -49 50 -51 -52 -53 54 -55 57 -57 -58 58 -60 -61 61 -63
leaf_value=0.041788735849363726 -0.017902470997101273 0.032266176777645754 -0.040971576462553824 -0.024662590568523282 0.080664468559281097 -0.023184728636962915 -0.028394214552782616 0.0036246223802781073 0.024024127341505178 0.004603312578640481 0.095817774729738445 -0.010137675438278503 -0.028212158711668836 0 -0.0023623008908573301 -0.018288346473784741 0 0.046550302529675389 0.15423529879873574 -0.025006586913325003 -0.029462948911870013 0.332104710891032 0.054829000282033483 0.040127930970125895 -0.031192374287849219 0.018888179126427568 0.070073143264341067 0.0092041204854747798 0.01737880671700855 -0.0054500060886631101 -0.011269224091695207 -0.0069651762507350395 -0.015047112649697143 0.0078593538269271165 -0.0071441820684194843 -0.010246048534943672 -0.014064444308710705 0.0048639323760529332 0.059915955617759455 0.0022058731917255939 -0.031450987995654885 0.22194884525736855 -0.024935784898732029 0.01627506858159852 0 0.027735234291498448 0.18060518155328778 -0.034080130112106082 -0.034149798265889514 0.0065965086398290032 0.011122265109797561 -0.013751983986895836 0.12250634558154889 0.06331696162833525 0.010502124278534987 0.0079096579961770528 -0.018329220020868491 0.067319944690660244 0.017915345924939381 -0.0095289278571899279 -0.014411347789371559 0.057293112612723907
leaf_weight=71.497127488255501 133.37255342304707 7.0117989555001241 524.56640352122486 9.4079375192522985 4.8268263861536971 108.34154087677598 13.481035618111489 26.967289518564939 21.899082124233246 434.08861798793077 17.827335216104988 4.4028719104826441 448.14763047546148 1.9254022650420664 23.53230107948184 2.2101333532482386 0.88417466729879413 1.003235971555114 3.5560059249401093 18.017368011176586 4.6274658814072636 1.2057756371796156 27.366197653114796 72.002827912569046 12.775408953428267 174.54191623628139 34.49603570997715 30.350137189030647 17.782535053789616 290.6479084379971 168.86031691730022 1470.175686083734 38.727833136916161 1.4334418848156927 23.188158584758639 16.652586303651333 3.0718260332942071 3.2627323158085346 3.8487710133194915 9.8499752916395646 1.6788039356470079 5.8992247171699983 1.0704627856612212 1.854457527399062 1.0283300913870332 1.4355134405195711 5.1971345134079439 9.986072324216364 13.945453777909277 46.273455262184143 980.06857788562775 31.995737493038177 9.9770985543727857 7.9832410030066958 1718.5613181255758 19.267500266432762 4.300991214811801 5.3834954947233191 63.005267195403576 194.71009073778987 10.665668301284315 15.758122853934763
leaf_count=292 5003 99 28081 82 51 1160 263 479 232 3716 120 38 17378 74 851 82 32 35 57 152 42 39 212 352 67 885 172 158 89 2732 1537 28979 777 29 476 317 64 59 74 200 33 114 22 36 21 24 102 198 71 234 4809 162 81 68 15757 169 37 49 557 1889 96 133
internal_value=-0.000231978 0.00542826 -0.0315559 0.00907463 0.00630669 -0.01106 -0.0048384 0.0278338 -0.0150862 0.00708721 0.0289351 0.0750842 -0.0234272 -0.0102405 0.0223402 0.0938784 0.138937 0.204047 0.0835255 0.0106298 0.0264802 0.258896 0.0419623 0.0149501 0.0228985 0.0182857 0.0205889 0.0372155 0.0529056 0.0064698 0.000138513 -0.00561912 0.0082657 0.017145 0.024301 0.0353208 0.0506133 0.107322 0.0340783 0.0547322 0.0846747 0.107756 0.129741 0.14717 0.170823 0.192427 0.149839 -0.00531775 0.0122588 0.0272166 0.0104484 0.0137657 0.00809811 -0.000686033 0.00951712 0.0407551 0.0813322 0.00896551 -0.00105451 -0.00711197 -0.00250722 0.028698
internal_weight=7431.88 6295.03 1136.85 4645.66 3159.93 135.067 1649.38 37.5351 130.241 3024.86 81.6492 22.2302 612.281 164.134 30.761 7.22872 5.01859 3.09319 10.5678 59.419 41.4016 2.20901 31.9937 1485.73 373.439 301.942 289.166 82.6287 52.2786 2943.21 602.949 1611.84 141.666 102.939 89.4575 66.2693 49.6167 9.89331 39.7234 25.8886 16.0386 12.9668 11.288 10.2175 8.36307 7.33474 6.63058 13.8348 1112.29 118.276 994.014 206.538 2340.26 325.055 2015.21 33.5456 14.2781 1981.66 263.099 200.094 317.072 26.4238
internal_count=120199 68624 51575 36201 28910 1443 32423 635 1392 27467 646 158 23494 6116 1113 262 180 106 156 488 336 74 254 7291 1825 1533 1466 419 261 26821 5253 31788 2809 2032 1769 1293 976 190 786 514 314 250 217 195 159 138 131 272 5466 586 4880 1047 21568 3029 18539 287 118 18252 2495 1938 2961 229
is_linear=0
shrinkage=0.05


Tree=32
num_leaves=63
num_cat=0
split_feature=5 5 80 5 65 174 108 238 206 164 84 259 121 246 203 31 3 221 70 162 132 229 204 229 165 134 194 62 198 178 178 98 3 121 105 259 31 148 179 76 151 162 107 91 62 164 153 174 201 98 241 231 245 206 218 188 156 169 122 108 130 252
split_gain=488.88 84.6249 34.1399 27.4086 18.2173 20.8829 16.8216 15.3254 13.8062 13.7589 17.4679 15.1608 16.3106 14.7527 13.8685 16.8635 17.2679 19.6708 16.8856 13.7289 13.1118 13.0867 20.4345 17.3383 11.9263 16.2699 14.2441 20.7884 17.0225 13.1061 17.5878 15.9625 18.1352 12.2899 14.5263 13.121 19.179 24.5288 18.2876 13.2983 14.3012 12.8558 12.8329 12.7862 13.2112 15.6907 20.1272 12.6371 11.8004 21.3232 16.1729 11.7433 11.7189 15.2023 15.1932 11.6771 11.6193 13.7268 16.4617 13.6373 26.9076 21.3013
threshold=32.050000000000004 10.250000000000002 32.629100529100533 3.8500000000000001 240.50000000000003 -1.9237225366929844 0.076936842684874204 -0.62016291686500213 0.07093069656165886 -0.65104936419414527 1.315145502645503 1.343669867052997 5.5000000000000009 -0.67725965086114326 -0.90020793002636135 38.13397435897437 457.00000000000006 0.21852900158139779 0.12002728512960438 0.57789421993008327 1.1982978434091367 1.9764936403599143 -0.11831249823923186 2.7546374443935213 -0.37755303274806234 -1.5814058390212631 0.46790253872726273 8.1800709219858181 0.05409545712105971 -0.49737949681432952 0.2855076510866264 0.095282832768735018 443.00000000000006 4.5000000000000009 0.36666666666666675 -1.0000000180025095e-35 34.897916666666681 -0.62118582779637699 1.4965223709358986 0.12840937267542776 -0.44172178393695155 -0.073082792844265276 3319.5000000000005 0.98911919232889833 7.9616615673821149 0.3186476624654333 -0.07668788434004789 0.24803075844019049 -1.2467040068501862 0.041667784474689856 -0.12065482251673296 -0.38945368369603967 1.9295966760733971 1.5853648299435699 -0.19149258741317937 0.027553513342777957 -0.5172095017102244 -0.44439497359561103 0.080128205128205135 0.044455423803249898 -0.21705962810176729 -0.41603146959518739
decision_type=2 2 2 2 2 2 2 2 2 2 2 2 2 2 2 2 2 2 2 2 2 2 2 2 2 2 2 2 2 2 2 2 2 2 2 2 2 2 2 2 2 2 2 2 2 2 2 2 2 2 2 2 2 2 2 2 2 2 2 2 2 2
left_child=1 3 -2 21 5 6 7 -3 48 -10 13 20 -13 -11 15 16 -15 18 -18 -9 -12 -1 -23 -24 -6 29 27 33 -29 -26 31 32 -31 34 -27 43 37 -37 39 40 -39 -36 -38 47 -45 -46 -47 -35 49 50 -7 -44 55 54 -54 56 -16 58 -58 60 61 -59
right_child=2 4 -4 -5 24 8 -8 19 9 10 11 12 -14 14 52 -17 17 -19 -20 -21 -22 22 23 -25 25 26 -28 28 -30 30 -32 -33 -34 35 41 36 42 38 -40 -41 -42 -43 51 44 45 46 -48 -49 -50 -51 -52 -53 53 -55 -56 -57 57 59 -60 -61 -62 -63
leaf_value=0.011749412987270114 -0.022758489041076427 -0.0032372634069187337 -0.040531119835716466 0.0051529681281704256 -0.016356459782682901 0.17120953957872631 -0.0073983444183981957 0.15201395530100958 -0.013956598656980701 -0.018125028624858302 -0.017620836036980388 -0.0013241199151649286 0.17020531072675987 0.012528092348984596 -0.017201274886587816 -0.034056623281151201 0.25224298198352324 -0.02419537143477558 0.044108554464209297 -0.0090860491635478685 0.078390765303785429 -0.012953283090462182 0.045499419140155609 0.00038548498428735801 -0.013834130666892147 -0.015285335506158564 -0.017946260995808684 0 0.16424692209752803 -0.007190852345608352 -0.0069670647625108178 -0.013488270378014311 0.18880849791415041 0.062698290533121606 -0.026197111128783299 -0.037409855807241987 0.0051303949885988442 0.016730762621184378 -0.013507421152557392 0.019922581947507328 0.23920359231278374 0.15520351627327283 -0.027204092189758264 -0.015286219671712942 -0.00910723828512011 0 0.22658603224988166 -0.039129882055529114 -0.0069848020847038039 -0.012448674436917946 0.021694168452628879 0.12722705826501696 -0.0033987816916983891 -0.028680489363740281 0.20067012187342281 -0.021101530762257376 0.19316519251368314 -0.0092419946268063376 -0.0079324832697809169 0.018716202839045938 0.0070361837627160575 0.19922228059636451
leaf_weight=1923.1562532931566 598.61540155112743 3.0772778391838083 504.28031343780458 2594.6172864772379 359.94616290740669 2.7750797420740128 6.7447346337139598 6.2506536059081563 50.150206908583641 16.344240371137857 61.048889420926571 3.0198094546794882 1.4532641768455503 3.5329033657908422 11.773323494940994 2.0409782603383055 2.9207051619887352 1.0181991904973982 2.0553993843495846 1.4146513566374777 2.7753295861184588 25.606667950749397 95.890160225331783 27.607052393257618 6.8537429347634342 150.51945365034044 176.35867052339017 2.8723107762634745 2.4418367445468903 1.360233236104248 4.5919592939317226 1.7280098609626291 4.3569037318229675 11.089452169835566 1.1633171923458578 2.7211272194981575 68.658998254686594 1.1211599633097642 1.7368737570941446 1.7073104716837404 3.2673450354486691 1.390223667025565 1.2512629590928552 104.03697126172483 4.8807182572782031 1.8486830070614817 1.1370651461184023 3.2499330155551425 429.70482189208269 10.206653885543345 4.300215337425473 3.1453086845576754 1.1726694107055666 1.3580124787986276 2.1379521973431102 13.33411770686507 1.8341008126735681 1.4560959711670873 1.3975870385766027 62.084908463060856 7.2455657422542554 3.9416919015347958
leaf_count=10126 23494 50 28081 25311 6998 48 115 88 955 314 1157 60 27 67 232 38 54 21 35 22 49 135 481 148 137 3055 3574 60 48 28 89 34 79 226 23 54 1388 22 35 31 63 26 25 2093 98 39 21 70 8684 188 76 60 22 23 37 259 35 27 28 1134 131 71
internal_value=-0.000220854 0.00514887 -0.0309186 0.0085837 -0.00460978 0.00135406 0.0538079 0.0900195 -2.19638e-05 0.00925598 0.0150286 -0.00548602 0.0744072 0.0253586 0.0314584 0.0818043 0.107977 0.153683 0.188875 0.124088 -0.0122239 0.0128723 0.0271467 0.0355387 -0.00925239 -0.00468465 -0.00630406 -0.000681291 0.0892489 0.0397193 0.0693176 0.112214 0.147303 -0.00225346 -0.0129921 0.00558039 0.0208315 0.0808403 0.122072 0.157866 0.196948 0.0870395 0.0111204 -0.00456534 -0.0103858 0.0482743 0.12208 0.0382472 -0.00531619 0.034012 0.094896 0.0854527 0.0253039 0.0960866 0.143206 0.0211571 0.0276551 0.0346246 0.123693 0.0291242 0.074748 0.149551
internal_weight=7411.78 6308.88 1102.9 4666.88 1642.01 718.57 17.4873 10.7426 701.083 254.096 203.946 68.2973 4.47307 135.648 119.304 11.5682 9.52721 5.9943 4.9761 7.6653 63.8242 2072.26 149.104 123.497 923.435 563.489 544.598 368.239 5.31415 18.8908 12.0371 7.44515 5.71714 362.925 153.073 209.852 83.6094 10.5538 7.83269 6.09582 4.3885 2.55354 73.0556 126.243 111.903 7.86647 2.98575 14.3394 446.987 17.2819 7.0753 4.39657 107.736 4.66863 3.31062 103.067 89.7333 77.9599 3.23169 74.7283 12.6434 5.39779
internal_count=120199 68624 51575 36201 32423 14047 275 160 13772 4776 3821 1293 87 2528 2214 215 177 110 89 110 1206 10890 764 629 18376 11378 11011 7437 108 367 230 141 107 7329 3104 4225 1678 205 151 116 85 49 1473 2547 2251 158 60 296 8996 312 124 85 1999 82 59 1917 1658 1426 63 1363 229 98
is_linear=0
shrinkage=0.05


Tree=33
num_leaves=63
num_cat=0
split_feature=5 5 80 5 65 174 71 188 75 174 44 71 108 66 135 107 199 97 227 242 132 109 181 165 27 172 182 241 5 54 231 199 183 32 251 98 204 80 89 189 81 222 4 145 204 93 248 148 251 70 107 244 250 179 94 246 73 216 65 137 175 257
split_gain=453.504 75.463 33.8691 24.7734 16.7297 18.1467 15.3331 18.0713 15.3569 14.1674 23.3176 14.9746 13.8567 13.8538 14.692 20.6157 19.378 14.1354 18.9998 16.7817 13.4547 13.3932 12.9096 12.8135 17.0806 12.6746 12.6552 17.2099 18.3965 12.4917 12.4292 13.4493 12.2443 11.9864 15.9597 17.5495 20.9446 15.7733 24.6384 23.6866 17.9915 12.656 12.552 12.6052 12.49 11.8038 12.9764 13.6265 11.8013 11.5669 23.1656 17.4869 15.1899 12.2929 11.4926 13.6202 19.6397 12.3234 11.9362 16.3018 11.891 12.4697
threshold=32.050000000000004 10.250000000000002 32.629100529100533 3.1500000000000008 240.50000000000003 -1.9237225366929844 8.5941193421962669 -0.59107759667906612 39.500000000000007 -1.8071710579748079 5.5000000000000009 6.9909570408330159 0.076936842684874204 0.086976429367733726 -0.84717072831077556 546.50000000000011 -0.69805048303450989 0.44562647754137119 0.41920020637723915 1.5240665718178159 0.31622776601683505 0.33854166666666669 -0.093412784398920604 1.9514492874607618 0.43650793650793657 -1.0000000180025095e-35 -0.10915291369880022 0.55746053658957651 20.650000000000002 9.5000000000000018 0.3783799823845288 -1.1508239292111153 0.83396690475212087 34.550000000000004 0.1512001919654872 0.018187725205269071 0.1546461025337682 7.0533428165007122 34.350000000000016 -0.024588850030194311 -0.12060208154936258 0.17568783903848773 -1.4999999999999998 -0.28301261635371361 0.13198555902619397 -5.1921079958462384 1.0001324493148263 0.82296589955504518 -0.67705445155649324 0.16680440771349866 9.5000000000000018 -0.73275329923933719 1.0320571349677108 -0.42345980795824995 -0.6877579092159164 -0.48781693976853197 0.027088174146997681 1.5620095623977339 1681.5000000000002 -1.1176752142880144 -0.96342992822518025 -0.52284864661676844
decision_type=2 2 2 2 2 2 2 2 2 2 2 2 2 2 2 2 2 2 2 2 2 2 2 2 2 2 2 2 2 2 2 2 2 2 2 2 2 2 2 2 2 2 2 2 2 2 2 2 2 2 2 2 2 2 2 2 2 2 2 2 2 2
left_child=1 3 -2 54 5 12 9 -8 -9 10 30 -12 25 23 15 -15 -17 18 21 22 -21 33 -20 -6 -25 -3 -24 28 -28 -19 31 -5 -11 -16 42 36 41 -37 39 -39 -41 -36 43 -35 45 -45 47 48 -47 -7 53 52 -52 -51 55 56 -1 -58 60 -60 61 -56
right_child=2 4 -4 6 13 49 7 8 -10 32 11 -13 -14 14 17 16 -18 29 19 20 -22 -23 26 24 -26 -27 27 -29 -30 -31 -32 -33 -34 34 35 37 -38 38 -40 40 -42 -43 -44 44 -46 46 -48 -49 -50 50 51 -53 -54 -55 58 -57 57 -59 59 -61 -62 -63
leaf_value=0.029675107785891237 -0.022105277148436492 0.025839801191928864 -0.040080480659330044 0.099213187564665573 -0.015575348706083731 -0.0015657569420971639 0.072984003653450216 -0.022642586352222188 0.022075690481272583 0.0064358135290268521 0.099339969998298777 0.015945561312545813 -0.0071166667026774351 -0.0190343528672519 -0.016597087619308126 -0.008433494847452162 0.20766894979443623 -0.026752572359787688 -0.038795879690506005 0.00069561552890570017 0.1738273868637964 0.1155106997815407 0.0096360658998279614 -0.011777214494490054 0.16715490941421918 0.13286072774563304 0.16028830300746544 -0.022039715045467062 -0.027214505680166673 0.07664209334532629 -0.024433699607353178 0.013317839851842248 -0.0096597883567494588 -0.018990202977546361 0.038212825838050926 -0.0073473048417921905 -0.023463866214643123 -0.026318048363935299 0.019013537884632628 0.01722334997059196 0.28114356181295619 0.20175179599845997 -0.019120990123681198 -0.031302683024203151 -0.010384425847305673 0.044057729481389189 -0.028725342477258775 -0.025024258033955551 0.19154068641278493 -0.0090500122839121209 0.10603291925052444 -0.011142436089826371 -0.034372127218433211 0.14727264167104454 0.0071326766818996497 0.011153600377464561 -0.031268532465679365 0.038506416250624072 -0.0093833701629505717 0.08390971000279307 0.014845818364852421 0.037278232525502809
leaf_weight=21.213312640786171 585.8485429380089 6.4486786350607881 484.95545664988458 4.3023062497377387 471.63700467720628 660.34419424086809 5.1479027718305579 106.91874862834811 22.40460678935051 2847.6923694424331 13.901885747909548 9.3717245794832689 6.7018032930791369 3.5446775071322909 121.41500862687826 1.3922030515968802 2.0529707856476307 74.786953527480364 6.5408674478530875 1.7472736947238434 2.509936299175024 1.3474518731236447 18.030656844377518 2.8484859466552725 1.2609769552946088 5.0976563505828389 4.8301753662526625 2.483946405351162 1.2954879999160764 2.0680438615381709 17.787779979407787 37.972824156284332 122.16785949468613 12.419626176357271 2.7995258644223204 44.715137366205454 2.5988792888820171 1.2068372257053854 27.583224628120661 1.1084105502814059 1.5400037355721019 2.5074545703828335 81.719482099637389 1.6660491675138498 6.2114287316799155 3.0776698291301727 1.349011868238448 1.0881621912121771 3.8833876438438875 1.434769384562969 5.8884172998368731 26.306745681911707 2.0508061125874519 4.2096859999001017 48.105098977684975 272.26136623322964 61.596766322851181 6.1279414594173423 71.017019346356392 4.0052161961793891 888.32577772438526 127.82365058362484
leaf_count=105 23494 93 28081 31 9826 13079 51 1160 232 25686 88 70 115 53 2410 22 31 1411 125 33 43 19 331 61 25 67 76 49 34 40 152 305 1135 241 51 770 44 30 614 22 36 42 1611 34 120 57 24 24 67 24 106 462 36 65 232 1353 313 29 346 21 4286 606
internal_value=-0.000205231 0.00489212 -0.0302805 0.00811688 -0.00435777 0.00134649 0.00561754 -0.0108376 -0.0147471 0.00634722 0.0265813 0.0680054 0.0492411 -0.00883764 -0.00241477 0.0647481 0.136965 -0.00365853 0.000550284 0.0337713 0.117369 -0.00343582 0.0197793 -0.0147434 0.0641181 0.0803112 0.0352252 0.0817154 0.121678 -0.0229575 0.00959728 0.0242655 0.00576899 -0.0043191 0.00332734 0.0196722 0.0862783 0.0116641 0.0382511 0.142596 0.207054 0.136012 -0.00902525 0.0183125 0.0449749 0.0747525 0.0952363 0.117443 0.140687 2.27854e-05 0.0258369 0.00883144 0.0694172 0.111403 0.013416 0.00560242 -0.0112706 -0.0244139 0.0158817 -0.00329872 0.0172403 0.0291505
internal_weight=7392.7 6321.89 1070.8 4688.14 1633.75 718.483 3187.67 134.471 129.323 3053.2 83.3365 23.2736 18.2481 915.266 439.52 6.98985 3.44517 432.53 355.675 37.4383 4.25721 318.237 33.1811 475.746 4.10946 11.5463 26.6403 8.60961 6.12566 76.855 60.0629 42.2751 2969.86 316.889 195.474 84.0595 7.90586 76.1536 31.4385 3.85525 2.64841 5.30698 111.415 29.6953 17.2757 11.0643 9.39823 8.04922 6.96106 700.235 39.8904 34.246 7.93922 5.64446 1500.48 361.199 88.938 67.7247 1139.28 75.0222 1064.25 175.929
internal_count=120199 68624 51575 36201 32423 14047 28910 1443 1392 27467 646 158 275 18376 8464 106 53 8358 6907 691 76 6216 615 9912 86 160 490 159 110 1451 488 336 26821 6197 3787 1609 137 1472 702 88 58 93 2178 567 326 206 172 148 124 13772 693 604 142 89 7291 1800 447 342 5491 367 5124 838
is_linear=0
shrinkage=0.05


Tree=34
num_leaves=63
num_cat=0
split_feature=6 6 6 6 174 98 219 188 174 44 75 71 102 211 80 107 71 70 199 40 206 207 35 158 154 109 120 149 71 19 28 256 131 192 245 252 195 47 133 205 204 204 253 259 197 194 250 137 242 233 221 21 133 221 25 244 84 164 226 170 211 218
split_gain=420.537 68.1353 34.0519 17.8608 16.4886 21.1496 15.3356 14.9772 14.6629 19.5079 16.7617 14.0062 13.6807 13.843 17.1406 14.1717 13.6629 13.2799 18.3049 24.0103 14.0948 17.5459 12.936 12.9111 14.8479 17.7314 19.1848 17.242 16.7738 15.4283 16.9942 14.6068 16.0788 18.3914 15.8579 14.544 14.1914 16.8324 13.5638 13.3619 13.2303 19.5315 14.3064 18.1076 26.0344 12.3228 12.1806 12.0594 11.8477 15.7862 12.9357 13.1401 12.2476 12.8977 11.7871 14.9284 17.7794 14.1527 11.6539 11.2794 14.0406 11.2727
threshold=3.4672959664678489 2.0081915103761951 4.8101496837149549 0.43773436867695009 -1.7247581331897883 0.082132242538568268 0.45246897467793734 -0.35354672216514932 -1.9237225366929844 4.5000000000000009 12.500000000000002 8.5447419619086649 31.000000000000004 -0.86137185746948897 3.4124040920716117 1123.5000000000002 6.7714118136192214 0.06780787955283088 -1.3788073335072035 1.5000000000000002 1.2355239772638555 -0.086784401588426638 6.5000000000000009 -0.40081632719650079 0.41151472607496165 0.074608656918679822 0.46000000000000013 -0.57428154208011295 6.2369945101677891 1.0000000180025095e-35 6.1339285714285721 -0.25409944487358049 -1.0759981613287235 -0.51881462618139362 2.2208274951598064 -0.56488010672335698 0.78944263171961204 0.075498575498575513 0.32770838595281709 0.076168399571511433 -0.15236178022710814 -0.77753944110456208 0.4554146392916823 -0.348572763030706 0.22657216103709396 -1.7528996161076444 1.0000000180025095e-35 -0.36489741047129914 -0.5035944552095829 -0.52284864661676844 0.059914502151466098 0.32137723387723394 1.6061079432649972 0.33176541301495854 0.46783181075460495 -0.75565407129652129 1.5742394179894184 0.19809062938864333 0.30298987292264318 -0.22430015382565199 -0.54844432814772681 1.2764061348277485
decision_type=2 2 2 2 2 2 2 2 2 2 2 2 2 2 2 2 2 2 2 2 2 2 2 2 2 2 2 2 2 2 2 2 2 2 2 2 2 2 2 2 2 2 2 2 2 2 2 2 2 2 2 2 2 2 2 2 2 2 2 2 2 2
left_child=1 3 17 -1 5 6 7 -5 9 -3 -11 12 23 14 15 -14 -9 -2 19 20 21 -19 -23 48 25 28 27 -27 40 30 -28 32 33 -29 -33 -34 37 38 58 -35 41 -25 43 -43 -45 -15 -44 -40 49 50 -10 -52 -50 59 -51 -56 57 -57 -37 -54 -61 -30
right_child=2 8 -4 4 -6 -7 -8 16 11 10 -12 -13 13 45 -16 -17 -18 18 -20 -21 -22 22 -24 24 -26 26 29 31 61 -31 -32 34 35 39 -36 36 -38 -39 47 -41 -42 42 46 44 -46 -47 -48 -49 52 54 51 -53 53 -55 55 56 -58 -59 -60 60 -62 -63
leaf_value=0.026363151987515494 -0.031410692246693385 -0.00090591630919855954 -0.043217013589556492 0.0013462790325606932 0.0073441945828372854 -0.0019149943125106731 0.0087100767085825145 0.089027826169607305 0.0048993533816559798 0.11612966112122101 0.023289483488232537 -0.016840390595768126 0.019704121991555648 0.027768051383133957 -0.023411395347083894 0.099881212338897254 0.029938839202335477 -0.0061080605907527889 -0.019976147545017579 -0.0069009454658757324 -0.025884578051032225 0.0025475971718117375 0.23858423289999067 -0.0045787456924489527 -0.0074339030075345845 -0.016821590115909609 0.16968140628266487 -0.015810270683227597 -0.0063562246415776362 0.0010219658761608846 0.051033617058612396 0.0084468698828396669 -0.025788797783828196 0.043799801064245712 0.10546802148778466 0.00024066891528569121 -0.01330079204150522 -0.0011265297142256142 0.18510310396020388 0.2204422108579967 0.0070405489866095464 0.032276275864060476 -0.039176581746851728 0.26412897399740803 0.0062439435244384641 -0.0095917731863020134 0.076536371301816439 0.0090528644675173242 -0.013513349494150279 -0.0041086886020911609 0.13244214652268776 0.0048978543633232882 0.0072537026480482955 -0.027500683926302751 -0.0146352223477182 0.1584750424856558 -0.0018179020643154687 0 0.13366478267396165 0.16710980091746827 -0.0085228333259596747 0.038777162106064612
leaf_weight=135.85060530900955 308.03608142212033 32.838437668979168 320.92045645602047 10.747624345123766 3757.6197905242443 45.089830011129379 26.907051384449005 27.792413286864758 9.1992870047688502 7.347480800002816 13.697210777550934 163.96005001291633 20.383274737745527 21.753132799640298 13.662964548915623 7.0688033550977698 17.460447490215302 1.3446284960955379 390.80940581858158 14.889080390334128 1.2003806978464124 0.78544598072767557 2.2567174322903156 9.2962149754166621 173.91540685668588 40.027027796953917 2.7949636355042484 1.8888282626867292 263.81351773999631 12.668277908116577 28.974198307842016 142.79458247497678 8.319959130138157 2.5730517283081999 3.3660902269184581 5.4820485748350674 6.6202294677495948 5.8135740533471099 4.4148738048970699 2.4597242437303066 47.171086590737104 3.6124627478420734 3.0763153769075871 2.6095590665936452 1.4660264961421487 725.8986773956567 4.3349995203316212 1.3902971036732195 282.61361071281135 177.97335469350219 5.1596913821995241 3.2468347400426865 4.6532010585069647 4.9485652260482302 8.1461458839476126 4.6389730498194677 4.9357832372188568 1.8562439009547231 1.3824833072721956 2.825334221124649 1.4127429053187359 13.584339533001183
leaf_count=546 14205 507 19626 66 26440 301 157 146 157 78 203 3399 248 395 175 87 103 51 16942 609 43 29 70 154 3219 724 46 36 4732 220 483 2460 149 44 49 100 111 99 60 42 737 57 56 42 23 13362 65 30 4620 2954 84 56 72 79 137 74 85 29 21 35 26 244
internal_value=-0.000190139 0.00464966 -0.0296383 0.00858142 0.00795182 0.0255558 0.0404004 0.0551193 -0.00218758 0.023341 0.0597278 -0.002809 -0.00170056 -0.00689628 0.0209897 0.04331 0.0674771 -0.0235218 -0.0175393 0.0275012 0.107068 0.142428 0.194586 0.00143778 0.00542988 0.00905288 0.0186257 0.012583 0.00157335 0.0483653 0.066484 0.0189763 0.0453035 0.110267 0.0114168 0.0288926 0.0475006 0.0690996 0.0994142 0.153191 0.0229898 0.0521406 0.0854869 0.129794 0.191857 -0.00846246 0.028964 0.151201 -0.00474541 0.00415866 0.0481878 0.0894701 -0.0112168 0.0330936 0 0.0358502 0.0705132 0.119055 0.0413266 0.0666945 0.117159 -0.00399671
internal_weight=7373.78 6333.54 1040.24 4021.47 3885.62 127.997 82.9075 56.0005 2312.07 53.8831 21.0447 2258.19 2094.23 788.767 41.115 27.4521 45.2529 719.322 411.286 20.4763 5.58717 4.38679 3.04216 1305.46 793.85 619.935 270.97 226.533 348.965 44.4374 31.7692 186.506 40.3451 6.9216 146.161 33.4235 25.1035 18.4833 12.6697 5.03278 71.5667 24.3956 15.0994 7.68805 4.07559 747.652 7.41131 5.80517 511.61 215.156 17.6058 8.40653 296.453 13.8398 197.551 19.5771 11.431 6.49522 6.86453 8.89128 4.23808 277.398
internal_count=120199 68624 51575 27759 27213 773 472 315 40865 788 281 40077 36678 14267 510 335 249 31949 17744 802 193 150 99 22411 14003 10784 4674 3925 6110 749 529 3201 692 122 2509 570 421 310 211 86 1134 397 243 122 65 13757 121 90 8408 3576 297 140 4832 212 3279 325 188 103 121 133 61 4976
is_linear=0
shrinkage=0.05


Tree=35
num_leaves=63
num_cat=0
split_feature=5 5 80 5 155 68 5 71 98 179 146 218 204 69 226 166 244 67 174 98 75 199 98 168 166 227 219 219 69 33 123 110 69 177 168 158 25 84 107 157 98 67 174 104 155 174 65 66 109 101 163 5 94 257 163 135 111 212 239 252 227 259
split_gain=388.492 66.3358 31.8105 15.8426 16.2436 14.7634 14.1481 14.0832 23.2488 13.9097 13.4216 13.1702 14.0386 12.9606 21.2421 14.0862 13.5798 20.5411 12.9274 19.0775 13.2075 13.7585 32.7201 16.8986 14.3502 13.9535 13.0082 12.9752 12.658 12.6229 15.2417 12.655 12.3631 12.0917 13.1643 19.9634 11.9878 15.5558 17.1391 14.2358 19.6406 15.3195 11.8842 13.4415 11.8471 11.7174 11.7107 17.4325 15.2152 17.1652 11.6971 11.6301 11.4022 11.2012 13.0725 11.1775 12.0463 11.1514 10.9419 10.8884 10.8105 13.5474
threshold=32.050000000000004 7.6500000000000012 32.629100529100533 15.850000000000003 -0.61519151173413367 0.12503832004904969 1.5500000000000003 5.400581395348838 0.042015458345990568 -0.097112686509889037 -0.22903786492629866 -1.67329555025587 0.91779643699475466 6.7500773036487329 2.0755209570323321 -0.27427541204297573 0.05900585224507094 0.11195302385265268 -1.7247581331897883 0.061127736855822214 5.5000000000000009 -1.3276523681826726 0.013511228354978358 0.058827409678006641 -1.1959524391747618 -0.10216732066542421 0.84347697685397083 0.6448642488492401 9.9691078244274838 71.550000000000011 0.10818713450292398 0.054931726677460498 6.3060581262708935 -0.47231616861674736 -0.72905173991256411 -1.4530459036751231 0.5625083494936437 0.24940476190476196 196.50000000000003 -0.19417910251914819 0.061487817737817745 0.072923971482000957 -0.079579062878895573 7.5000000000000009 0.10358542993798382 -2.0540849773483765 916.50000000000011 0.06124287552858982 0.07105024170620293 0.1174001056152086 -0.36701675119869531 3.1500000000000008 -7.5457137375232497 1.0308935349218491 -1.0000000180025095e-35 -0.69358045202075902 7.6738209285187926 -1.1185843050840714 0.024697687291835978 -0.37890085099172471 1.0133984278628245 -0.75477726265637479
decision_type=2 2 2 2 2 2 2 2 2 2 2 2 2 2 2 2 2 2 2 2 2 2 2 2 2 2 2 2 2 2 2 2 2 2 2 2 2 2 2 2 2 2 2 2 2 2 2 2 2 2 2 2 2 2 2 2 2 2 2 2 2 2
left_child=1 6 13 4 5 28 55 8 9 -5 -11 12 46 14 15 -2 17 44 19 27 -20 22 26 25 -23 33 -22 -8 -3 -7 31 -31 -33 -24 35 -35 37 38 -13 40 41 -40 -41 -44 -16 52 47 -6 -49 -50 -36 -25 -9 -10 -55 56 57 -1 -52 -37 61 -27
right_child=2 3 -4 7 11 29 18 45 53 10 -12 36 -14 -15 16 -17 -18 -19 20 -21 21 24 23 51 -26 60 -28 -29 -30 30 -32 32 -34 34 50 59 -38 -39 39 42 -42 -43 43 -45 -46 -47 -48 48 49 -51 58 -53 -54 54 -56 -57 -58 -59 -60 -61 -62 -63
leaf_value=-0.026423051240545326 -0.024985973300685214 -0.011902365415121349 -0.038496676856169441 -0.0055107477122253654 -0.0083279606515342403 -0.035417484905525314 0.057226058263471297 0.10310746004694177 -0.02243026423996608 -0.0054025318610639627 0.16866409348164832 -0.0038760248872424493 -0.039846499972254618 -0.025179487496975302 0.0085357913175165487 0.0061143185938769421 -0.0062491625777427199 -0.0068806414075028707 -0.0011076645620081477 0.0066982794989336354 0.096672607414598849 -0.013014669742814662 -0.015671557928367587 0.018848461693236417 0.0080290874801299036 0.062837396142672516 -0.001189291089429558 -0.00080067105876195264 0.05173723194084421 -0.018542442713794051 0.0066491065665250371 0.11956381207687794 0.019837890577938094 0 -0.012958991975814569 0.047345722475789935 -0.0075143253308803358 0.0053107696261159437 0.17487876717025566 0.02072815110989314 -0.023505361609838227 0.013831974743152647 0.19504277946697071 0.018203895371116073 0.28625172544222094 -0.0094895880068123651 -0.033846658411428129 0.022908263666870352 0.22174595472141828 0.033987309441487361 0.065318738816386099 -0.016327236033626024 0.0092779906906628271 -0.010146334492866418 0.14301245382804414 -0.016225367328901782 0.0095753067330230143 0.046212050522892852 0.014432463251468476 0.13757079582697443 0.027709636802098449 -0.013016314541658414
leaf_weight=4.9769707024097434 84.678511949256063 367.26600249111652 449.46908933855593 2.3262221962213516 3.5825390778481987 10.035062219947575 44.60622176527977 3.1119704805314568 15.761912859976293 1.2622139751911161 4.1729766428470638 14.017905209213493 3.1002457290887824 409.60237496905029 0.60732245817780428 62.379458030685782 2.457245759665966 1.3854073174297807 400.52966114133596 75.902417160570621 16.545567929744724 82.189400061964989 9.0787054747343046 36.993316769599915 3033.872469227761 5.622529409825801 4.0561702698469153 11.964815787971018 6.9844763502478591 3.4655285626649883 44.54981018230319 7.850093085318802 5.7192435003817081 6.5960795730352428 12.230111964046953 7.6066003739833876 175.43807388097048 688.18134090676904 2.0463709980249387 2.9953919798135757 7.4333032481372356 3.3803955838084221 3.8032521829009074 1.7557967118918894 0.91353390738368034 825.27159431576729 1.9045383781194676 3.5017715990543348 3.3346265479922295 2.3751640841364861 21.900121562182903 60.479575484991074 17.183444976806641 2.6934527382254601 1.5419480763375748 14.681010022759436 51.260342881083488 71.931605473160744 21.53084122389555 9.2239985987544024 45.999101154506207 51.602843038737774
leaf_count=20 3451 5457 28042 46 56 142 246 47 342 24 78 200 45 17416 22 2449 90 49 2901 497 103 609 68 181 21560 34 28 70 94 51 603 97 80 41 84 52 2582 9989 28 45 108 47 52 27 31 19230 28 49 43 31 147 476 308 54 32 59 206 289 146 61 288 340
internal_value=0.000200725 0.00479542 -0.0285583 -0.0021303 0.0012361 -0.0065779 0.00857209 -0.00738429 0.0270188 0.0949554 0.132906 0.00504457 0.0465014 -0.0205472 -0.00798314 -0.0118078 0.081473 0.139535 0.00800792 0.023335 0.00746998 0.00847441 0.0185309 0.0140171 0.00746844 0.022614 0.0780105 0.0450658 -0.0105667 0.0140551 0.0226335 0.0614723 0.0821209 0.0371434 0.0433886 0.0745235 0.00416753 0.00701312 0.0388863 0.0660255 0.0285069 0.0931005 0.113018 0.151242 0.224714 -0.00855018 0.0664105 0.0830691 0.116439 0.161093 0.0291123 -0.0028706 0.0280662 -0.0023774 0.0613239 0.0240067 0.0287437 0.0411686 0.0410971 0.102016 0.00991874 -0.00452642
internal_weight=7348.92 6337.43 1011.49 2236.05 1362.72 445.87 4101.38 873.326 27.7587 7.76141 5.43519 916.851 17.7989 562.024 152.421 147.058 5.36351 2.90626 3958.53 132.473 3826.06 3425.53 309.466 288.864 3116.06 191.391 20.6017 56.571 374.25 71.6197 61.5847 17.0349 13.5693 88.1665 79.0878 23.4267 899.052 723.614 35.4324 21.4145 12.8601 5.42677 8.55444 5.55905 1.52086 845.567 14.6986 12.7941 9.21156 5.70979 55.6611 97.4729 20.2954 19.9973 4.2354 142.85 128.169 76.9086 43.431 16.8306 103.224 57.2254
internal_count=120071 68521 51550 40015 19854 6524 28506 20161 576 148 102 13330 252 23508 6092 5900 192 102 27932 813 27119 24218 2049 1918 22169 1261 131 316 5551 973 831 228 177 599 531 154 13078 10496 507 307 183 75 124 79 53 19585 207 179 123 74 377 657 355 428 86 574 515 309 293 113 662 374
is_linear=0
shrinkage=0.05


Tree=36
num_leaves=63
num_cat=0
split_feature=5 5 5 69 226 66 65 155 69 98 30 66 30 60 215 76 222 51 29 222 77 97 76 146 189 199 199 188 27 82 111 222 5 164 154 174 248 238 170 249 223 107 188 214 259 116 174 98 220 121 80 222 243 131 200 161 19 25 5 101 242 258
split_gain=359.356 59.4818 31.7165 16.7923 15.9639 15.7762 19.3169 14.9606 14.6204 30.8682 18.0326 14.951 14.6589 13.2195 13.208 16.0142 14.1099 12.7268 19.0428 21.0559 17.2489 13.5714 13.1129 15.0309 14.5324 14.2994 18.9176 14.8928 23.7489 12.6993 23.2574 14.1278 12.5247 13.0357 14.9664 12.5159 18.976 12.2724 13.4418 14.5025 13.8358 15.8231 12.1608 12.1574 12.7492 17.0819 12.1114 18.9736 12.2934 13.4273 12.1053 12.0595 13.0813 16.4095 16.1024 17.7712 12.0398 14.1828 11.811 11.8474 11.8032 11.7786
threshold=32.050000000000004 7.8500000000000005 122.75000000000001 6.7500773036487329 1.0944188472501375 0.081815813160263415 212.50000000000003 0.10358542993798382 7.0289978730771141 0.043109984378366738 94.65000000000002 0.027535572573103854 195.95000000000002 -0.76666666666667271 -1.4564938920208714 0.095130359836242198 -2.6081582642878014 -1.4999999999999998 0.40625824849170444 0.37230808865564219 0.30192378838327788 0.42761904761904768 0.10421603475513429 -1.0706393555113776 -1.6196200456175089 0.14544950622887126 0.80196820532270474 0.47757680039498002 0.23611111111111113 3.6750000000000003 7.648577724358975 -0.82840735545489586 13.050000000000002 -1.071951968908248 -0.99160415068413299 -0.80344311344958885 -0.50316701416332987 0.32575701010466668 -1.022878134845949 0.4277638691040227 -0.27671868659832044 8.5000000000000018 0.65874687075560179 2.2601151734497322 -0.25409944487358049 0.27250000000000002 -1.7247581331897883 0.062436656734937292 0.79102523035932248 9.5000000000000018 7.6337398373983749 1.4850991066284696 -0.66297254695938035 0.61256789452058336 -0.3918848719655697 -0.04994172027635916 1.0000000180025095e-35 0.35346075493134316 1.5500000000000003 0.13867865844176044 1.6770897490106063 -0.67183493352649815
decision_type=2 2 2 2 2 2 2 2 2 2 2 2 2 2 2 2 2 2 2 2 2 2 2 2 2 2 2 2 2 2 2 2 2 2 2 2 2 2 2 2 2 2 2 2 2 2 2 2 2 2 2 2 2 2 2 2 2 2 2 2 2 2
left_child=1 14 3 4 51 6 7 -6 9 35 -11 13 17 -10 15 60 -16 18 -13 21 -21 -20 23 25 56 -19 27 28 -27 -26 -31 -32 33 34 -12 36 -3 38 -15 61 -41 -42 -5 44 -35 -46 47 48 49 -18 -38 -2 -53 54 -54 -56 -24 -58 -48 -60 -1 -40
right_child=2 8 -4 42 5 -7 -8 -9 11 10 32 12 -14 37 16 -17 46 22 19 20 -22 -23 24 -25 29 26 -28 -29 -30 30 31 -33 -34 43 -36 -37 50 -39 39 40 41 -43 -44 -45 45 -47 58 -49 -50 -51 -52 52 53 -55 55 -57 57 -59 59 -61 -62 -63
leaf_value=0.092166021594958264 -0.016173537645678464 0 -0.041645393235591258 -0.028587843719582826 0.0046429514546348005 0.011189807939035524 -0.023657768705282269 0.28926502564991086 -0.030239278065528633 -0.016156949392519885 -0.033170755586092192 -0.014431495594646779 0.069748607911110094 -0.034539938513338669 0.1013025634027805 0.00073402258976760983 0.060552435187491371 -0.017505360599003674 -0.016201326957076809 0.19721314087090733 -0.0058705726987950454 0.11348243426836471 -0.029742960004129921 -0.014410764098034257 -0.0042365699318051989 0.0010983112848032695 -0.015528766274787248 -0.0080909879740044526 0.18719073673410308 -0.027043478370525811 0 0.15696526222363472 -0.0058793315628500736 -0.0071410449650301166 0.064694141894926602 0.013216575062189012 0.12510410157933891 -0.0099907480360797735 0.059095323189374084 -0.0094446351858631858 -0.023690827589172205 0.098733979988245499 0.0041357460830518285 0.082529431821075569 0.0273895110746065 -0.02771143587017651 0.021738838377579357 0.0051388880827427028 -0.0011028814461587148 -0.027183428940644207 0.0010378043371157611 -0.034562696468696905 -0.019639269479829666 -0.028087327132247528 0.27015763042495594 -0.014831926243604904 -0.0084475119440608187 0.17192779495044971 0.0065729349196051228 0.088856629305955045 -0.007760716274716542 0.0029336487723283832
leaf_weight=13.219694614410406 161.67035578005016 9.172719871625306 295.2233422268182 475.98324719816446 0.72168062627315455 12.511444749310611 1.0361983105540273 0.7500690296292305 16.638635288923979 195.23905744403601 4.1629278697073486 14.5546897277236 5.0580056607723227 7.3341680336743584 3.0451964139938346 14.527105711400507 46.722570605576038 11.754666214808823 7.2608252912759763 2.9769314080476752 1.2782847508788107 1.6794649958610532 1.4925465025007714 683.37279172427952 312.28378576226532 2.6128992624580842 5.8390547279268494 2.4871750362217426 4.383074875921011 5.029369864612816 1.9657176844775675 3.7453339751809835 253.17587714456022 111.80813288316131 18.211861416697502 264.57563988119364 7.7964934743940812 31.370410569012165 11.428595582023261 4.8535748571157482 2.620084751397374 16.943919274955988 29.655890705063939 4.0953128561377516 78.090685836970806 16.173626482486725 134.12005053460598 76.85543629527092 12.942745439708231 4.1522371098399153 2.6590001434087753 2.3670571725815535 0.78230315633118164 1.4240398723632095 1.3195704594254491 0.54375615157186907 1.4139330908656123 2.3157433159649372 3870.4626237116754 3.3959702104330054 3.4310382157564154 38.857985423877835
leaf_count=92 7165 146 19536 22639 31 500 44 26 310 3597 58 259 95 132 24 96 251 213 132 50 22 29 30 13284 5568 44 111 43 73 94 38 70 5448 1505 235 4253 87 576 215 88 45 261 1340 54 1024 222 539 499 74 23 57 102 37 59 48 23 26 39 27618 28 21 723
internal_value=0.000195559 0.00455458 -0.0279038 -0.0219546 -0.00887661 0.0388433 0.132857 0.210065 -0.00216696 0.00241078 -0.00336249 -0.0058472 -0.00779385 0.0100909 0.00803719 0.0400146 0.00778627 -0.0082313 0.0245802 0.0659479 0.145746 0.0166228 -0.00913552 -0.0129502 -0.00084971 0.0229348 0.0534372 0.0938091 0.127143 -0.00231558 0.0487158 0.110266 0.00179271 0.0101563 0.0456319 0.0162245 0.0539205 0.0162642 0.0263633 0.0327859 0.0637601 0.0817405 -0.0266544 0.00615764 0.00422452 0.0176913 0.00769202 0.0220887 0.0420301 0.0529094 0.0968334 -0.0133742 0.0489853 0.0957981 0.153266 0.209111 0.0748191 0.115162 0.00718009 0.00666927 0.0720188 0.0166983
internal_weight=7333.58 6349.59 983.989 688.766 183.126 15.0194 2.50795 1.47175 2166.71 965.161 680.957 1201.55 1071.5 130.047 4182.87 31.1778 4151.7 1066.45 27.7502 13.1955 4.25522 8.94029 1038.7 710.45 328.246 27.0769 15.3222 9.48315 6.99597 323.024 10.7404 5.71105 485.718 232.543 22.3748 284.204 19.6282 113.409 82.0383 74.7042 24.4176 19.564 505.639 210.168 206.072 94.2643 4148.65 140.673 63.8176 50.8748 10.4555 168.107 6.43673 4.06967 2.64563 1.86333 5.22222 3.72968 4007.98 3873.86 16.6507 50.2866
internal_count=120071 68521 51550 32014 8035 601 101 57 39256 16686 12143 22570 20220 2350 29265 209 29056 20125 492 233 72 161 19633 13768 5865 484 271 160 117 5770 202 108 8546 3098 293 4543 290 2040 1464 1332 394 306 23979 2805 2751 1246 29032 847 348 274 144 7434 269 167 108 71 95 65 28185 27646 113 938
is_linear=0
shrinkage=0.05


Tree=37
num_leaves=63
num_cat=0
split_feature=5 5 5 248 125 199 70 102 221 195 125 125 218 258 202 225 5 219 121 242 224 42 174 76 44 102 34 109 218 120 195 161 66 120 232 107 153 248 159 244 157 134 22 148 232 30 110 258 217 29 29 50 75 188 216 96 223 97 59 84 153 194
split_gain=332.117 53.3232 31.4286 14.4111 14.9662 14.1667 16.7491 13.9041 15.8817 17.6184 19.5535 18.0778 17.5169 20.802 13.979 11.8788 11.582 11.4825 11.2796 13.1664 11.0638 10.8846 12.1793 19.1181 16.063 13.8551 15.4291 12.7692 15.1724 19.2325 14.8897 14.4692 14.1398 16.2452 15.2128 13.5464 18.1543 15.3284 14.8452 16.039 20.6452 15.6948 13.0995 15.4697 13.9437 13.702 14.4279 13.0778 12.8965 16.0354 21.4906 12.734 13.9874 12.6745 12.5411 18.8631 11.9691 12.7957 14.3254 15.2752 12.2204 11.794
threshold=32.050000000000004 7.4500000000000011 122.75000000000001 -0.51146598327075854 0.80525000000000013 -2.0453699611674478 0.076964792257633932 26.000000000000004 -0.29712652328053052 -1.0253470727738578 0.0022500000000000007 0.13225000000000003 -0.35963016346921489 -0.57079612968924109 0.040670215337439836 -0.27091020491310452 1.5500000000000003 2.9128402557363731 3.5000000000000004 -0.4072147438469122 2.4872829736966073 5.5000000000000009 -0.94868329805051343 0.023880809808953525 4.5000000000000009 19.000000000000004 36.650000000000013 0.074831675366199793 -1.4889946668831699 -0.55857142857142839 1.2260030346772843 -0.1776714716772845 0.027535572573103854 2.0050000000000003 2.067178297208176 799.50000000000011 -0.60594490899237152 0.078296669805131988 -0.38711359049418104 -0.32429913715381625 -1.0583257088655349 0.24350350689880731 0.36666666666666675 0.42846044107255493 -1.0000000180025095e-35 104.25000000000001 0.094578476685277982 -0.94868329805051355 -0.43139395648450696 0.38350060418904408 0.2968823394742513 -10.999999999999998 9.5000000000000018 -0.57234213751460661 -0.53218652339063355 0.049691358024691365 -0.42488597669286449 0.36435786435786438 -0.15331196581196579 0.27817460317460324 0.5287787912636831 -1.2642676341467876
decision_type=2 2 2 2 2 2 2 2 2 2 2 2 2 2 2 2 2 2 2 2 2 2 2 2 2 2 2 2 2 2 2 2 2 2 2 2 2 2 2 2 2 2 2 2 2 2 2 2 2 2 2 2 2 2 2 2 2 2 2 2 2 2
left_child=1 16 5 7 17 6 -2 8 -3 10 18 15 13 -11 -15 -12 -1 21 19 -10 -7 22 23 24 -5 -26 -27 31 29 30 -29 -24 33 -33 35 47 37 -37 -39 -40 -41 -42 44 45 56 -44 -47 48 -34 50 -50 -38 -53 -25 55 -45 -30 58 59 -58 -61 -49
right_child=2 3 -4 4 -6 20 -8 -9 9 12 11 -13 -14 14 -16 -17 -18 -19 -20 -21 -22 -23 27 53 25 26 -28 28 42 -31 -32 32 34 -35 -36 36 51 38 39 40 41 -43 43 54 -46 46 -48 61 49 -51 -52 52 -54 -55 -56 -57 57 -59 -60 60 -62 -63
leaf_value=0.021729040066969962 -0.027136859415748501 -0.01711594584850373 -0.041238517575401978 -0.00059205221777844537 -0.016812632770289035 -0.022427596269844328 0.11509690440319864 -0.010240261689428976 -0.020615955959237348 -0.035347801393024 0.053192498372204737 0.019145246827318274 0.0018473703379738649 0.18721907716986796 0.012830852705257368 0.22555091911191477 0.0072449511303598266 0.089949385645591073 -0.03781119114147713 0.12917420393187373 0.081109084543931897 -0.029476479996151179 -0.013153352555250226 -0.025387130603337638 -0.0054570929443555627 0.037357828650931686 0.18133075443943553 0.15589929215837225 -0.030619232572504113 0.012022748877927404 -0.025202763327129757 0.018718617380712562 -0.018511349364705103 0.11995875380211787 0.10354296032491837 -0.02288582568693551 0.10939403117426423 -0.023025450610947237 0.017956421444157763 -0.00067858952910840981 0.21427216365951904 0.01037961379983551 0.030905923272807542 0.13098818937661949 0.010041876950797413 0.23420681860513698 0.022861287104825354 0.020331600308678598 -0.0073324310073324519 0.01270446554787124 0.17155686622533028 0.064839740741812854 -0.0064724354723620873 0.020014258319154991 -0.018206046282692723 -0.025550316233871714 0.15952799935173886 -0.029435205299999559 0.0012247759582026997 -0.013041707483420484 0.09525379621795621 -0.01467932520924968
leaf_weight=142.75195530056953 3.4123783800750962 68.240902464836836 283.5361754745245 5.6834579780697849 101.66268902458251 665.95691447891295 3.1749858055263758 684.44861282221973 2.319890771061182 2.2679630145430565 2.7120733559131622 4.4127134829759598 162.15735892951488 2.7278690449893466 1.9822759330272672 2.3894799984991533 3926.2033187299967 2.7939115576446047 5.9113757088780403 1.9979384839534775 1.6151693249121297 24.607470024377108 217.74855796992779 18.760157510638237 2.2877857349812976 3.8835288025438768 4.667549991980195 4.4715254381299046 43.11354591883719 11.153463814407585 1.0582999493926761 36.159114075824618 10.662182703614237 3.5848578587174407 2.4939353987574568 4.2198044471442726 1.7528028432279814 2.5281389169394997 4.5943813398480406 1.9976377636194218 4.7660080716013864 1.3176006898283956 5.4558499902486819 3.3232348971068886 305.65237089060247 1.5992987230420115 1.603091351687908 26.017528936266899 2.4209507331252125 12.537737175822256 3.6563314981758595 6.5671589691191903 74.305888714268804 68.218324901536107 12.006185213103889 2.8923128955066204 2.0330955460667601 23.92812766507268 54.419983061030507 6.6658617462962848 3.0204086862504482 218.95884685404599
leaf_count=574 156 1295 19536 91 1507 31673 115 12769 44 44 40 62 2921 47 33 35 27156 43 108 36 70 479 3858 332 41 62 61 79 792 199 19 614 193 57 47 82 33 44 89 36 78 23 91 58 5250 28 30 461 40 221 65 113 1298 1109 220 53 31 399 936 128 52 3915
internal_value=0.000189435 0.00432373 -0.0272445 -0.00177218 0.0015338 -0.0212992 0.0468924 -0.00651851 0.00337066 0.0108499 0.0543819 0.102297 0.00544913 0.0777976 0.129803 0.158477 0.00775954 0.00304266 0.00422882 0.0590116 -0.0220487 0.00277198 0.00344892 0.0197792 0.0675276 0.100702 0.127225 0.00191726 0.00804662 0.0535675 0.121922 -0.00272714 0.00270367 0.0306932 -0.000292949 -0.00126698 0.014184 0.0564189 0.0787925 0.0996643 0.138474 0.178518 0.00629393 0.0395574 0.00415976 0.0908869 0.160214 -0.00706508 0.0239404 0.0482147 0.108621 0.00363979 0 0.00998767 0.0114481 0.0640066 -0.00927675 0.00110862 0.0125072 0.0602897 0.0260131 -0.0108731
internal_weight=7319.47 6361.77 957.696 2292.82 1351.25 674.159 6.58736 941.568 257.12 188.879 19.7435 9.51427 169.135 6.97811 4.71014 5.10155 4068.96 1249.59 10.2292 4.31783 667.572 1246.79 1222.19 103.501 16.5223 10.8389 8.55108 1118.69 482.397 16.6833 5.52983 636.289 418.541 39.744 378.797 376.303 102.049 19.4236 15.2038 12.6756 8.08125 6.08361 465.713 26.88 438.833 8.65824 3.20239 274.254 29.2772 18.615 6.07728 82.6259 80.873 86.9785 18.2217 6.21555 133.181 90.0675 66.1393 11.7194 9.68627 244.976
internal_count=120071 68521 51550 40791 23357 32014 271 17434 4665 3370 325 137 3045 124 80 75 27730 21850 188 80 31743 21807 21328 1696 255 164 123 19632 8365 297 98 11267 7409 671 6738 6691 1796 352 270 226 137 101 8068 480 7588 149 58 4895 519 326 105 1444 1411 1441 331 111 2338 1546 1147 211 180 4376
is_linear=0
shrinkage=0.05


Tree=38
num_leaves=63
num_cat=0
split_feature=5 5 80 5 30 248 154 136 178 36 180 158 151 148 206 69 96 222 31 5 243 153 139 160 161 197 72 180 253 258 240 213 110 122 170 198 231 219 167 100 94 179 161 70 107 69 31 145 69 5 238 204 145 130 75 204 107 12 160 110 63 192
split_gain=307.069 48.3653 31.0931 15.2619 14.313 13.2535 13.9993 12.9614 12.8677 12.1423 12.0131 12.4547 27.6088 15.0174 15.5875 11.9647 16.0637 17.4436 13.7475 20.8425 13.6503 16.0728 12.9316 11.7652 15.3368 13.3424 12.5477 15.2874 11.9591 17.9547 13.4863 12.4063 13.7019 11.9318 14.0563 11.5561 16.2612 11.36 11.9922 12.0424 10.907 10.778 13.131 10.6078 16.534 12.0511 13.7351 15.9118 14.2633 16.2271 15.1469 17.476 13.7454 13.2159 12.4143 13.4754 12.3107 12.1102 14.3654 12.7524 11.9753 11.9695
threshold=32.050000000000004 10.250000000000002 32.629100529100533 3.8500000000000001 83.350000000000009 -0.51146598327075854 -0.33259850057069168 -0.81149598242399634 -0.40822199214743032 6.5000000000000009 1.338892816665344 -0.36646562170683356 -0.52848238026059347 -0.26714044940677056 -0.600368058318826 6.7500773036487329 0.28464818763326233 1.4850991066284696 35.801724137931039 40.550000000000004 -0.66297254695938035 -0.63699439886545928 1.0777893509250698 -1.2726566926663287 -0.28335052209084649 1.4116148443489205 58.500000000000007 0.61619154431065637 0.63891188920869657 -0.61525420181408119 -0.23715522198070152 -0.018087478744196934 0.089322250443147275 0.10818713450292398 -0.69916831814963565 0.97388487539346003 0.949436489634225 -1.4921748555898857 1.4451455294323641 0.55050505050505205 -9.2035509620392428 1.2828970712384555 0.37054472901028995 0.15894454160415755 19.500000000000004 6.7182069311903572 36.234523809523822 -0.62733938090972075 6.2410285722156038 26.250000000000004 0.46389891559717883 1.0000000180025095e-35 -0.85208885525891398 0.10666487666607678 150.50000000000003 -0.11722752223113318 970.50000000000011 2.5000000000000004 0.1327779787157542 0.063409322190263073 0.069410568069762965 -0.061467583334570905
decision_type=2 2 2 2 2 2 2 2 2 2 2 2 2 2 2 2 2 2 2 2 2 2 2 2 2 2 2 2 2 2 2 2 2 2 2 2 2 2 2 2 2 2 2 2 2 2 2 2 2 2 2 2 2 2 2 2 2 2 2 2 2 2
left_child=1 3 15 37 -5 7 -7 40 9 -6 -10 -12 -13 14 -14 16 17 -2 -18 -20 -19 22 -22 33 28 26 41 -28 -25 -30 -31 32 -32 -11 -35 36 -21 38 39 -1 -3 -26 -43 45 -45 46 54 48 53 50 51 52 -50 -48 -8 -56 57 -47 -59 -60 -55 -54
right_child=2 5 -4 4 8 6 43 -9 10 23 11 12 13 -15 -16 -17 18 20 19 35 21 -23 -24 24 25 -27 27 -29 29 30 31 -33 -34 34 -36 -37 -38 -39 -40 -41 -42 42 -44 44 -46 56 47 -49 49 -51 -52 -53 61 60 55 -57 -58 58 59 -61 -62 -63
leaf_value=0.066570796691400411 -0.014708455280784053 0.10672267342053127 -0.037040345114945944 -0.0030623113661379939 0.10007707603297691 -0.0075742459898605107 -0.013271452281234908 -0.0096301693787203095 0.0030230926287825284 0.014532370662010947 0.0094287934117736061 0.13110411154469337 -0.028972314295632396 -0.015181724456968313 0.092506256995999264 -0.023188536414789573 -0.025704161874387101 -0.031394730681668537 -0.032305617369676416 0.23188548424764691 0.25176264156340772 0 0.0028520920006327439 -0.0084170265132832 0.0010853850233296419 0.058542045685426175 0.046777554558285021 -0.010751328738121421 -0.020454287901082738 -0.0098949803379984064 0.11810787043391008 0.0060885996889752025 0.019720623722715897 0.014490297766294326 0.16021031892342621 0.0093558653007125916 -0.016531651036176442 0.0092775788888987253 -0.038592360755945583 0.0080447584590745518 0.0037400258397627369 0.11460873386292447 -0.022277107814452718 0.07600176090382281 0.011152823511195929 -0.010780376972000832 -0.033311763455000268 0.012050263359037947 -0.02494240142044038 -0.033578467853482098 0.008660378732858777 0.18342143526024368 -0.0057826088929804689 -0.033043437460025978 -0.032693286172718515 0.11353970934538811 0.012473604672092001 0.0059674844943192681 -0.0041907370663243513 0.18592442338004977 0.097916658637720214 0.1727594458518856
leaf_weight=22.702020764350891 131.71622340381145 3.3443131744861603 404.36965051013976 549.91454847529531 3.1328355595469466 341.99689460732043 54.409037159755826 661.84424280561507 1611.8272931091487 9.4409031793475133 87.230424832552671 6.4150807857513454 3.0553036853671083 13.620122529566284 8.3380739316344279 381.6858570240438 3.139484426006673 1.82999668456614 1.9349604453891514 2.3375034686177973 1.1274386271834371 1.9062388688325875 0.77666003257036198 116.66751476749778 98.286787562072277 20.408309832215309 48.867228869348764 14.430345028638838 16.64346769452095 8.7160913646221143 10.042449273169042 7.5670630186796215 6.0936667546629897 3.1533924415707588 3.3557910546660414 1.4015915915369985 0.61808418855071057 2072.3397688642144 4.0681125521659842 14.790766149759291 6.7492314614355546 3.6511741131544104 2.2766339555382729 11.63526703417301 47.728438820689917 244.6238160431385 6.7739371582865733 85.253404460847378 2.8106863051652926 2.0893521532416335 3.7990498952567568 5.7322939299046993 1.2777491994202139 1.8770365193486211 1.8764785286039112 3.1860998980700961 99.034389764070511 10.802590509876607 1.2192053440958255 1.4983893930912016 4.5865421108901501 1.6408757828176019
leaf_count=118 5533 49 28042 5345 29 6587 1071 13934 15253 94 808 60 32 137 80 17416 121 77 66 83 31 74 31 1133 964 181 472 147 151 83 86 66 55 28 29 51 25 10641 21 76 99 34 24 182 871 5044 119 1583 51 56 66 95 23 35 40 62 2032 216 26 27 80 26
internal_value=0.000188574 0.00411239 -0.0265877 0.00664048 0.0041095 -0.003389 0.00046026 -0.00873882 0.0059876 0.0144088 0.00416357 0.0194589 0.0459942 0.0197736 0.0598173 -0.0185255 -0.0062916 -0.0107927 0.0535315 0.0918554 0.068341 0.113849 0.187899 0.0134011 0.0113963 0.0211353 0.0162279 0.0336213 0.000262804 0.0207585 0.042045 0.0609741 0.0845636 0.0542627 0.101612 0.143665 0.187625 0.00981128 0.0354622 0.0444212 0.0448566 0.00539693 0.0656876 0.00511629 0.0249945 0.00284814 0.0135495 0.0235196 0.0539351 0.0825989 0.0998992 0.126618 0.0502306 0.0128523 -0.00585583 0.0620606 -0.00241356 -0.00817026 0.0362009 0.121103 0.0598839 0.11179
internal_weight=7305.67 6372.82 932.844 4767.04 2653.13 1605.79 933.852 671.938 2103.22 372.734 1730.49 118.659 31.4286 25.0135 11.3934 528.474 146.788 137.357 9.43162 6.29214 5.64033 3.81034 1.9041 369.601 353.651 187.92 167.512 63.2976 165.73 49.0627 32.4193 23.7032 16.1361 15.9501 6.50918 4.35718 2.95559 2113.9 41.5609 37.4928 10.0935 104.215 5.92781 591.855 59.3637 532.491 175.313 115.841 30.5875 17.35 15.2607 11.4616 5.72931 13.2375 59.4716 5.06258 357.178 258.144 13.5202 2.71759 6.46358 2.91862
internal_count=120071 68521 51550 36147 25291 32374 18292 14082 19946 3576 16370 1117 309 249 112 23508 6092 5746 346 225 213 136 62 3547 3396 1822 1641 619 1574 441 290 207 141 151 57 159 108 10856 215 194 148 1022 58 11705 1053 10652 3307 2134 551 317 261 195 100 234 1173 102 7345 5313 269 53 115 49
is_linear=0
shrinkage=0.05


Tree=39
num_leaves=63
num_cat=0
split_feature=5 5 5 5 30 109 34 199 70 163 28 155 231 146 202 249 246 249 248 71 188 71 77 252 225 171 173 211 192 207 156 222 95 131 130 192 134 167 221 96 173 243 201 89 91 101 219 67 215 120 197 226 160 192 70 154 154 248 192 219 151 135
split_gain=283.635 43.5073 31.0384 19.3555 14.5376 13.4928 16.8428 12.8758 13.8706 12.7728 17.7638 14.8373 15.8649 15.2398 14.8785 14.4428 13.6434 15.2703 12.4131 12.3433 12.5067 17.6286 11.8546 14.9614 13.899 14.3669 12.6934 15.5663 16.3266 11.6937 13.2761 13.3374 13.0696 12.6479 17.626 12.1722 11.6635 11.5624 11.4288 11.3755 14.8035 12.2269 14.033 13.5294 12.4986 16.5318 15.7488 15.512 21.2528 14.933 17.3113 14.8251 12.3635 12.0092 11.7153 11.8237 11.0969 11.0322 11.0191 10.9068 16.5296 10.8267
threshold=32.050000000000004 15.850000000000003 122.75000000000001 3.8500000000000001 82.050000000000011 0.073864776832962317 13.250000000000002 -2.0453699611674478 0.076964792257633932 1.3696852366664898 4.2678571428571432 -0.51998182744717825 0.18485321970521384 -0.53935988997059336 -0.22590670714979944 -0.31136820314896746 -0.14986936792255381 0.54304749990903411 -0.72632251846060114 5.400581395348838 -1.0000000180025095e-35 5.2723285486443388 0.1876586294416244 -0.88108680602889866 -0.64896735456221677 2.1581593206098764 1.3070713933165126 -1.2074439993042925 0.15492090945980649 -0.13675536260515511 2.5985504524232419 0.74960223710471952 5.5000000000000009 -0.65544803565085741 -0.39814426057822433 -0.049761686989208048 0.45712113447755021 3.0172655621094084 0.13188641623521266 0.91666666666666685 0.67716779497778468 1.5036873985548469 -1.9612645218010567 62.750000000000007 1.281634438365024 0.11105748605748607 0.22422993424500207 0.07408851909631943 -0.68515716100012469 -0.58666666666666656 0.6480295243622024 1.0000000180025095e-35 1.0000000180025095e-35 0.84622797264498117 0.17345056103622264 -1.5137227783061598 0.96500951302289539 -1.0622137170220609 0.7791927972829209 0.10895950578243722 -0.19244472239835758 -0.50927506120042432
decision_type=2 2 2 2 2 2 2 2 2 2 2 2 2 2 2 2 2 2 2 2 2 2 2 2 2 2 2 2 2 2 2 2 2 2 2 2 2 2 2 2 2 2 2 2 2 2 2 2 2 2 2 2 2 2 2 2 2 2 2 2 2 2
left_child=1 3 7 -1 29 6 59 8 -2 15 -11 13 16 -12 -15 37 17 18 -13 20 -3 -22 57 -24 -25 26 -26 -28 61 32 -31 -32 -5 -34 -35 38 -37 -8 -36 41 -41 42 43 -7 45 46 -44 -47 -49 50 51 53 -51 -50 55 -46 -18 -17 -10 -6 -61 -29
right_child=2 19 -4 4 5 39 9 -9 58 10 11 12 -14 14 -16 22 56 -19 -20 -21 21 -23 23 24 25 -27 27 28 -30 30 31 -33 33 34 35 36 -38 -39 -40 40 -42 -43 44 -45 54 47 -48 48 49 52 -52 -53 -54 -55 -56 -57 -58 -59 -60 60 -62 -63
leaf_value=0.0092835105141241929 -0.026261704725005403 -0.02779380904005976 -0.040436102899002471 -0.0027989903307438831 0.01028797913035159 0.074304873723221657 -0.0086414750347321104 -0.02072378117532268 0.14370336837989062 -0.01780325333313729 -0.0075657259830627446 0.012792060943124392 -0.028931281381252213 0.01237665229040868 0.13059018801660963 0.06873676218822232 -0.026185028017866725 -0.0041701020267338349 0.1209890233647105 -0.0076814704767389072 0.01883622069920754 0.12808840041961964 0.052464562179395949 -0.010898430034615327 0.0074307350356643534 -0.036449359241111499 -0.02771133855352061 0.10540884619518685 -0.0003173336080908981 -0.0095426523435518367 0 0.12128365397226251 -0.0070440096821919171 0.1246823865736324 -0.017732435029018095 0.070250074817403099 -0.02173020541419618 0.065147902104740779 0.054029308072296334 0.019004366760862774 0.11192958683934458 -0.0044965186812844643 -0.037529271454943364 -0.0096326808125119859 -0.018344912039717661 0.0059304566617600519 0.060000262127840813 -0.0080917991394248781 0.14013689154185202 0.12601156945453798 -0.0063098453374996729 -0.022340255655777023 0.0014752862694291742 0.0047582564284838046 -0.012375981550867225 0.0099528341519807967 0.076306986295654466 -0.011507186247501289 -0.022853023386540532 0.13999669202011061 -0.030184028680234135 -0.015567857789320211
leaf_weight=2122.3295403793454 3.264340015128254 7.3449222110211876 262.82477565668523 146.61923760920763 7.285419397056101 14.739857204258444 431.15039917826653 639.41044232621789 2.5559757165610795 22.314541038125753 4.3344564251601723 4.129258077591655 12.426733974367378 4.0926088318228731 8.8437972515821421 3.4063233099877825 10.816476132720707 5.8987359069287768 8.8488643281161821 829.73824272863567 17.042578119784597 3.9539392478764048 15.876981060951946 117.58338234946132 585.47796672955155 16.857886116951704 5.6581327915191677 12.541179120540621 7.2629612721502772 424.99866221100092 5.2714398391544801 2.9040080197155476 23.599667333066463 4.2306342832744113 18.736308787018064 17.129553832113746 3.6645787991583338 4.3715826049447051 6.7110964916646472 18.641154903918508 4.8911936394870272 172.76774007454515 15.41294525191188 6.4631437435746184 37.512410935014486 26.309429902583361 4.5427171140909186 10.362926200032232 6.3780400678515452 13.168138854205607 10.132237795740364 2.2994537465274325 2.4418519809842101 2.2983359210193157 69.455400921404362 880.64294944703579 2.3976462967693797 151.06176999211311 0.97248271852731694 4.5865842513740063 1.4420091696083543 1.7862655483186234
leaf_count=10856 156 160 19536 1779 86 130 5156 31743 79 236 48 51 150 45 88 41 121 70 98 19585 337 79 168 1258 6238 185 42 129 84 4678 55 26 283 43 226 194 45 51 79 194 46 1752 175 60 378 311 45 108 72 135 111 28 27 26 673 9607 27 1753 36 48 21 24
internal_value=0.000185384 0.00390854 -0.0259287 0.00553585 0.00319491 0.00478933 0.00146899 -0.0199671 0.0441356 0.000927262 0.0197166 0.033414 0.0172427 0.0715989 0.0971221 -0.00025067 0.0356079 0.061803 0.0902996 -0.00655799 0.0253041 0.0445251 0.00330431 0.00586612 0.00480044 0.00775298 0.00903467 0.0418378 0.0607055 -0.00349764 -0.00826875 0.0512323 0.00583964 0.0228152 0.0367395 0.0261188 0.0535575 -0.00774181 0.00233113 0.00849051 0.0422979 0.00782992 0.00976899 0.0492122 0.00894592 0.026368 -0.0132853 0.037251 0.0541619 0.071613 0.0407397 0.0814907 0.108093 0.10899 0.00726917 0.00877255 -0.00317646 -0.00927474 0.101785 0.0554445 0.100076 0.0899683
internal_weight=7292.21 6383.19 909.028 5525.11 3402.78 2748.91 1450.45 646.203 6.7928 1437.14 84.1031 61.7886 44.5177 17.2709 12.9364 1353.03 32.091 18.8769 12.9781 858.08 28.3414 20.9965 917.513 763.045 747.168 629.584 612.727 27.2485 21.5904 653.865 433.174 8.17545 220.691 74.0718 50.4722 46.2415 20.7941 435.522 25.4474 1298.46 23.5323 1274.93 1102.16 21.203 1080.96 93.3461 19.9557 73.3904 47.081 36.7181 21.1081 10.9758 15.61 8.67638 987.611 918.155 13.2141 154.468 3.52846 13.314 6.02859 14.3274
internal_count=120071 68521 51550 48360 37504 30096 16218 32014 271 16063 934 698 517 181 133 15129 367 219 149 20161 576 416 9922 8128 7960 6702 6517 279 237 7408 4759 81 2649 870 587 544 239 5207 305 13878 240 13638 11886 190 11696 1038 220 818 507 399 237 126 162 98 10658 9985 148 1794 115 155 69 153
is_linear=0
shrinkage=0.05


Tree=40
num_leaves=63
num_cat=0
split_feature=5 136 80 201 71 222 5 149 98 36 174 63 197 170 198 98 202 75 110 242 5 75 34 248 259 165 69 181 239 160 162 205 64 255 149 138 242 157 196 79 123 232 45 162 81 75 69 98 21 253 31 158 151 20 245 199 164 64 250 62 110 252
split_gain=277.35 45.3335 32.9591 19.5647 16.2673 15.4543 15.2614 15.2304 13.5567 24.0275 16.2144 14.8643 16.8905 15.9286 15.5194 13.4 14.5744 14.6814 13.2573 13.1177 12.9343 13.1788 16.2729 13.7059 15.6011 13.8302 13.5122 12.8592 13.9001 12.7642 12.3278 12.2885 15.1171 12.0506 11.98 11.9379 12.6221 11.8512 12.6878 11.8495 13.0769 12.6695 20.0961 13.3461 12.4595 11.8064 11.8033 14.8763 11.795 11.638 13.1689 19.1197 19.5234 18.3251 13.7761 12.0963 13.3264 11.6358 12.8384 11.5493 11.5326 11.415
threshold=32.050000000000004 -1.3340860002580568 37.522774327122157 -0.91085501618191367 8.2800966183574882 0.74960223710471952 1.5500000000000003 -1.6519470959020881 0.029770849998431523 68.500000000000014 -1.4718798366707626 0.090509149521190865 1.2661337063534732 1.0000000180025095e-35 -0.08021139668829326 0.14976560014698143 1.3928973674531957 35.500000000000007 0.068587787404516667 -0.63979302369398927 19.750000000000004 6.5000000000000009 13.750000000000002 -0.80562923329436176 -0.41892383224409441 -0.61462158510548448 8.452091227047509 0.30149874959279754 -0.24895673205663393 -0.067372066132158945 0.23257923583004744 -0.14026690077521187 7.4830984574366797 1.9913360601477004 -0.44439497359561092 -1.1954153427345213 1.1340121170970832 1.5086148124941667 -1.0175224080801135 3.5000000000000004 0.20714285714285716 -0.81122874374595877 1.5000000000000002 0.26138380571103909 -1.2196615319121464 65.500000000000014 6.6957687805549826 0.02363889181586951 0.33324579831932782 -0.28866898080628939 36.551315789473698 1.2728261146526163 1.3920438601219862 8.5833333333333339 -0.95758033286858668 -0.73716920174983069 0.21030904839641743 7.0158109345094459 -0.90619192041119534 7.5430642167006949 0.43303571428571436 -0.70308388046258286
decision_type=2 2 2 2 2 2 2 2 2 2 2 2 2 2 2 2 2 2 2 2 2 2 2 2 2 2 2 2 2 2 2 2 2 2 2 2 2 2 2 2 2 2 2 2 2 2 2 2 2 2 2 2 2 2 2 2 2 2 2 2 2 2
left_child=1 5 4 8 46 6 -1 59 9 10 -3 12 13 14 29 16 31 -18 30 -8 21 22 48 24 -24 -26 60 28 -19 -12 -16 45 -33 -34 -32 -14 -37 38 -21 41 -41 -10 43 44 -43 -7 47 -2 -9 -49 51 54 53 -53 55 -51 -57 -27 -59 -5 -23 -47
right_child=2 3 -4 7 -6 15 19 20 39 -11 11 -13 35 -15 18 -17 17 27 -20 37 -22 26 23 -25 25 57 -28 -29 -30 -31 34 32 33 -35 -36 36 -38 -39 -40 40 -42 42 -44 -45 -46 61 -48 49 -50 50 -52 52 -54 -55 -56 56 -58 58 -60 -61 -62 -63
leaf_value=0.028081426934627642 0.049382523827457822 0.11530461735479754 -0.038867451717948157 -0.016172602913360892 -0.037087787708528164 0.024521821088653604 0.01785630976265401 -0.025668488527152852 0.025926035855118157 -0.011008166213365804 0.12659171382479059 0.11399434226791555 -0.036391150164922961 -0.012610847324932102 0.019973419376127774 -0.010379821322669347 -0.024904487041313182 -0.010938047688889192 -0.0064394000001034048 0.029652994103205901 -0.0094003087965582703 0.0020420509333627067 -0.018203848966293262 -0.015378111483679364 -0.012874119328182946 -0.0080820292536396866 -0.010335327845534918 -0.012136388107407831 0.057239628036815683 0.037467666279875071 0.18563144240004037 0.00053467750402971413 0.034807014597687459 0.012282349460315659 0.012115623421199848 0.094075501306481124 -0.0095479435313586235 -0.0058946448665485752 0.0041759583857591195 0.009490097753938935 -0.0094404065439424312 -0.020638668027047623 -0.00064030498701235798 0.06231321683608531 0.035019626648722046 -0.012244409037223803 -0.019700020357129065 -0.02692705889522732 0.091453164520301583 0.0072213103007668106 -0.014648497743156639 -0.017048728662984038 -0.011149206260548201 0.25000293644902855 -0.0058287309601582236 0.20993462744871449 -0.017144594620079237 -0.034471962530807997 0.086994042566214458 0.12506794568050669 0.076175935080713172 0.073666948927295112
leaf_weight=73.924253731966019 11.867701958864926 4.3486441597342482 333.65992895886302 1.8171538971364487 99.936966558918357 207.86723560839891 163.60766918212175 2.53550101444125 91.611429210752249 50.171050660312176 4.724079109728339 3.6625328585505477 2.0416209213435677 36.541665595024824 13.922091916203501 46.9225834608078 38.131378032267094 10.56440596282482 35.5600271448493 51.954537786543369 440.38528213836253 2309.316012121737 25.615181792527437 290.43206517770886 10.856336269527672 5.4897409081459072 235.34969763830304 24.520962402224541 21.687075279653072 20.204971082508564 1.6909170895814898 133.6661232560873 100.02457503974438 151.04249338060617 1.9210819415748108 15.051814775913956 3.2806867621839038 289.57355777174234 658.57307997345924 143.02890605852008 247.45178547874093 15.703014507889746 280.97911963239312 20.916420362889767 24.342396125197411 4.2048128992319134 327.1487676454708 44.463130792602897 5.7488513551652431 3.2009596331045032 36.009577954187989 0.64514390286058176 1.6499724220484493 1.6354935830458996 22.216673847287893 1.2826718697324455 0.65111778117716301 1.8924656510353113 15.798138152807949 3.1504795551300049 4.2629303522408 22.407993674278259
leaf_count=297 510 32 25044 27 5228 1076 889 29 689 592 55 36 23 428 155 246 198 55 401 287 11671 27041 326 3527 137 69 2921 127 108 242 20 675 498 770 23 146 30 1544 3565 2251 3812 110 2210 159 185 21 15840 1962 66 132 1567 29 74 55 943 56 30 25 210 48 46 111
internal_value=-0.000229024 0.00341517 -0.0264513 0.00056033 -0.0188628 0.00965094 0.00618831 -0.00128155 0.00663157 0.018528 0.0289334 0.0253811 0.0221183 0.0143056 0.026975 0.0152599 0.0169638 -0.00122176 0.0111386 0.00477035 -0.00142486 -0.000212235 -0.00917772 -0.0108938 0.0107505 0.0325812 0.00104942 0.014754 0.0350994 0.0587805 0.0454813 0.0197566 0.0141699 0.0213784 0.117066 0.0630914 0.0757383 0.00260891 0.00608495 0.00381838 -0.00248706 0.00950157 0.00502385 0.0308002 0.0131014 0.0288027 -0.014738 -0.001514 0.0561647 -0.00735329 0.00571184 0.0290318 0.119922 0.190766 0.0120247 0.078445 0.151989 0.0537287 0.0725835 0.0785121 0.00221366 0.0599601
internal_weight=7252.84 6368.48 884.368 4369.8 550.708 1998.67 1237.63 3352.65 1017.15 193.121 142.95 138.601 134.939 114.565 78.0232 761.04 714.117 94.9038 53.0941 1163.71 3347.68 2907.3 358.368 350.084 59.6519 34.0367 2548.93 56.7724 32.2515 24.9291 17.5341 619.213 384.733 251.067 3.612 20.3741 18.3325 1000.1 710.528 824.033 390.481 433.552 341.941 60.9618 40.0454 234.48 450.771 123.622 8.28435 111.755 67.2916 31.282 3.93061 2.28064 27.3514 5.13475 1.93379 23.1803 17.6906 4.96763 2313.58 26.6128
internal_count=119679 68209 51470 57742 26426 10467 6582 46143 11599 2183 1591 1559 1523 1324 896 3885 3639 488 599 6285 46068 34397 4389 4294 767 441 30008 290 163 297 198 3151 1943 1268 43 199 176 5396 3852 9416 6063 3353 2664 454 295 1208 21198 5358 95 4848 2886 1319 158 84 1161 218 86 304 235 75 27087 132
is_linear=0
shrinkage=0.05


Tree=41
num_leaves=63
num_cat=0
split_feature=5 5 80 5 71 202 71 199 98 146 168 28 34 181 72 249 224 159 258 0 164 123 258 160 66 31 5 75 123 151 34 67 200 1 168 169 139 166 64 92 148 31 148 139 177 104 124 217 42 237 59 120 237 158 251 181 72 104 81 222 28 32
split_gain=256.504 44.2831 27.2982 16.5198 15.6185 15.0532 14.2963 13.842 34.9027 19.161 16.8198 14.772 13.4849 13.1708 12.8348 14.9061 12.5968 12.6527 12.8481 12.5968 12.9489 12.5154 12.3819 14.0337 12.1915 12.1163 15.0898 12.0527 11.9656 13.3363 12.6907 17.424 15.3769 22.406 11.705 11.6677 22.904 11.637 11.7001 11.5285 14.1871 13.0769 12.7875 12.0388 12.3493 17.3653 11.4964 11.4226 11.2869 12.9132 18.5383 17.8293 17.0524 15.9493 17.9506 16.8687 14.691 14.1158 13.1382 12.8651 12.244 14.2628
threshold=36.050000000000004 6.4500000000000011 37.522774327122157 1.5500000000000003 6.5282535074987917 0.52156568272303916 8.2800966183574882 -0.96068380667301001 0.038916158512932716 -1.0000000180025095e-35 -0.77757113348184448 3.9500000000000006 38.250000000000007 2.305634859119456 181.50000000000003 0.22322315150878005 -0.17320416042890222 -1.7356795840747687 -1.1227701558630676 2.5000000000000004 -1.0000000180025095e-35 0.20714285714285716 -1.0411074895298638 0.8162500480950533 0.18528922180607577 34.402941176470598 2.3500000000000001 9.5000000000000018 0.24264705882352944 -1.2207838690229333 13.65 0.071061591111032926 -0.33706061225943751 9.5000000000000018 -0.45658614219389132 2.4199783601340976 -0.49314108563992209 -1.1493380112857319 9.1904610492845809 25.388447814399921 2.6688470314827253 35.551000000000009 1.8451996923807203 -0.80547865972497978 0.93550778474936769 6.5000000000000009 0.43525000000000008 -0.56818363178228637 2.5000000000000004 -0.61580445958829111 -0.36931818181818177 0.094999999999999987 -0.64963986147289166 0.95339315469138275 0.44693421174125397 0.36534694524541372 91.500000000000014 5.5000000000000009 -0.3684603518746819 0.8389329097093593 6.8660714285714297 34.250000000000007
decision_type=2 2 2 2 2 2 2 2 2 2 2 2 2 2 2 2 2 2 2 2 2 2 2 2 2 2 2 2 2 2 2 2 2 2 2 2 2 2 2 2 2 2 2 2 2 2 2 2 2 2 2 2 2 2 2 2 2 2 2 2 2 2
left_child=1 3 6 5 21 -1 -2 8 10 13 -5 46 19 16 15 -7 -9 18 -18 20 -10 -3 23 -19 -4 -24 -27 -13 35 -30 31 32 -31 -34 -29 -6 -37 -11 -39 40 43 -41 -43 -21 45 -45 -12 -22 49 50 51 -32 53 58 55 59 57 -54 60 -55 -52 -62
right_child=2 4 24 7 28 14 -8 9 12 37 11 27 -14 -15 -16 -17 17 22 -20 39 47 -23 25 -25 -26 26 -28 34 29 30 48 -33 33 -35 -36 36 -38 38 -40 41 -42 42 -44 44 -46 -47 -48 -49 -50 -51 52 -53 56 54 -56 -57 -58 -59 -60 -61 61 -63
leaf_value=0.038784268052167128 -0.015050112538582261 0.012060652379283665 -0.039496209123885496 0.060550125862296113 -0.0078295980842762857 -0.05080608341728228 -0.037687321279132893 0.00028126043200748808 0.014694076599940851 -0.019302644890659634 -0.028083780315923731 0.0017425007310919176 -0.018209886312135281 -0.030421269820285715 0.035929787657873614 0.011101102596890969 0.047003532760158069 -0.0086871461748301206 -0.01355622817791643 0.016419957215310057 -0.0045654071329608494 -0.00080194113759330255 -0.0024792290774795856 0.065296699773376682 0.042246132212463455 0.037293054529328129 0.015903023299835235 -0.00021404725833603193 -0.02219848513452493 -0.0049431568076444346 0.16244880264608699 -0.0034444495099504786 0.19832936518466451 -0.02620250674013876 0.043193963438332178 -0.008379592293992464 0.12321154821154626 0.0015063095878865116 0.051987141640641991 0.0034458858394716056 0.068875305010715704 0.06320858723354103 -0.022073043540165285 0.013449924531806132 -0.029932462244548215 -0.019092620388405628 0.017247442936339102 0.088373038161822959 -0.01314573509424153 -0.0011335409156935708 0.0051965475945703454 -0.028680017163606054 0.018932613483293052 0.15841645450713607 -0.023282169728221471 -0.010134973136795292 -0.027307528144383447 0.13286611532204695 -0.011662755797076055 -0.0065914706125991818 -0.032482693010049989 0.064362137976658282
leaf_weight=73.917339324951172 379.04152164328843 305.12164320424199 317.4771690890193 32.660441309213638 1178.4477993510664 14.178785145282744 86.08350726030767 252.57377041876316 71.485682338476181 66.573072731494904 21.162783242762089 30.638311371207237 57.308757595717907 19.387085601687431 21.08192852139473 26.082067847251892 8.9929951354861242 80.625682786107063 69.450079172849655 59.549437910318375 4.2380093932151786 492.77661553397775 70.349367901682854 5.9515078738331786 3.7951576216146341 98.287739351391792 531.57516550272703 17.875284723937511 57.121510418131948 2.2688217293471098 2.920283840969204 8.0823122188448888 3.355713225901126 1.1563763692975042 106.42946262657642 9.0327947679907066 4.0602995119988909 1630.7029311284423 10.568423449993132 42.449003860354424 5.9877822846174231 22.248506814241413 4.7875638827681533 85.445754364132881 51.37964554131031 76.91303388774395 36.894978575408459 11.436617709696291 106.59370122477412 361.2746530584991 68.81341464817524 1.3304304927587507 5.164131620898841 5.5703235156834108 4.2615028731524935 2.6745185125619173 3.0202974043786517 6.2109995186328888 77.753973830491304 1.2756556887179611 3.9612804427742985 19.081942638382316
leaf_count=298 18566 4909 24758 195 21925 57 4751 1700 439 448 143 191 372 118 85 105 50 517 403 358 28 7725 444 38 286 431 3608 113 893 44 49 135 55 23 655 158 68 10627 68 267 34 131 27 550 319 501 180 72 1963 6358 922 22 90 99 85 58 48 104 1676 23 56 258
internal_value=-0.000214498 0.00307294 -0.0271561 0.00662274 -0.00175955 0.0237302 -0.0193223 0.00596926 0.0120672 0.0043801 0.0274292 0.022068 0.00436582 0.00940614 0.00517887 -0.0112827 0.0101279 0.0129929 -0.00604623 0.00738008 0.0242769 0.00411948 0.0149027 -0.00285672 -0.038387 0.0171067 0.0193026 0.030084 -0.0041892 0.00078942 0.00274387 0.046959 0.1004 0.145564 0.03696 -0.00729131 0.0379205 0.00102696 0.00186587 0.00308569 -0.00145293 0.0211602 0.0476799 -0.00325755 -0.0088141 -0.00195811 0.00044324 0.0641782 0.00168688 0.00452079 0.014612 0.107606 0.012057 0.00773767 0.0575773 0.093019 0.062682 0.0872557 0.00334482 0.130111 0.0160909 0.0468473
internal_weight=7236.92 6450.52 786.397 3719.19 2731.33 135.26 465.125 3583.93 738.891 2845.04 245.661 213.001 493.23 1137.19 61.3428 40.2609 1117.81 865.233 78.4431 435.921 87.1603 797.898 786.789 86.5772 321.272 700.212 629.863 154.943 1933.43 741.892 684.77 14.8632 6.78091 4.51209 124.305 1191.54 13.0931 1707.84 1641.27 348.761 279.276 69.4851 27.0361 273.288 213.738 162.359 58.0578 15.6746 669.907 563.313 202.039 4.25071 197.788 183.393 13.782 9.5205 14.3954 11.3751 169.611 6.84598 91.8566 23.0432
internal_count=119679 71318 48361 23572 47746 545 23317 23027 4575 18452 1477 1282 3098 7309 247 162 7191 5491 453 2726 539 12634 5038 555 25044 4483 4039 959 35112 12961 12068 257 122 78 768 22151 226 11143 10695 2187 1762 425 158 1728 1370 1051 323 100 11811 9848 3490 71 3419 3177 265 180 242 194 2912 122 1236 314
is_linear=0
shrinkage=0.05


Tree=42
num_leaves=63
num_cat=0
split_feature=5 136 5 224 71 98 199 40 71 206 226 199 98 16 239 94 134 138 145 71 182 243 251 133 116 150 99 109 247 255 223 238 60 167 202 139 124 214 152 190 197 77 175 259 171 248 249 107 135 139 48 91 255 30 158 190 131 107 50 163 134 36
split_gain=237.604 37.4393 30.3466 20.9769 16.9598 16.5476 15.4576 19.9686 13.5935 13.287 13.1167 12.9463 40.1298 13.7958 12.5881 12.0318 11.9579 11.0425 12.9174 13.3736 15.9211 16.6717 14.5142 11.9379 14.4428 15.5002 12.7528 13.5425 11.6077 11.6836 10.9963 15.5598 10.8169 10.8142 12.6786 17.525 12.3031 12.1729 11.6917 14.7921 11.2193 10.7963 22.7064 14.041 14.753 11.7441 11.5109 10.7457 11.6892 10.724 12.8171 10.6841 10.6551 11.1227 10.4736 10.8974 11.8325 11.9527 13.814 12.2085 13.5703 15.619
threshold=32.050000000000004 -1.3340860002580568 122.75000000000001 0.98352776596166536 8.2501719394773065 0.024916402203539887 -1.3527333437256275 1.5000000000000002 8.2800966183574882 0.62200193386812375 2.5858335943802442 -0.98686737517466294 0.043109984378366738 3.5000000000000004 -0.57436507103391987 30.298251361232811 0.80097773181831788 -1.2167673728914394 -0.53971080741895749 7.0638962434288795 0.70733718420259073 1.0980237795114571 -0.17474263142091642 0.4745214404798323 0.35500000000000004 -0.84313167845934367 -0.031630006608076765 0.069253811903245407 -0.54450594593253043 -0.46646073754017514 1.0477470328615051 -0.40013519048182861 -7.1741666666666637 -0.25409944487358049 1.1774441480587232 -0.86156977559515957 0.17525000000000002 -0.27248417145554754 0.40601171149488541 0.12882758062681088 -0.71839652288830746 1.0000000180025095e-35 -0.98109267371355291 -0.28301261635371361 -1.0000000180025095e-35 0.74180104096291777 0.63056764683390065 118.50000000000001 -0.1077706322308027 -0.78202952509955093 0.68990384615384626 2.0621836412828269 -0.50947950428793354 71.450000000000017 -0.67650497575871826 0.079271902524128704 0.73577819219773188 106.50000000000001 -2.9999999999999996 -0.19780859821040464 -0.19483858879380181 69.500000000000014
decision_type=2 2 2 2 2 2 2 2 2 2 2 2 2 2 2 2 2 2 2 2 2 2 2 2 2 2 2 2 2 2 2 2 2 2 2 2 2 2 2 2 2 2 2 2 2 2 2 2 2 2 2 2 2 2 2 2 2 2 2 2 2 2
left_child=1 3 6 15 11 30 7 14 41 -9 33 12 13 17 -2 32 -17 -3 -19 23 21 28 -23 24 25 -20 -25 -28 29 -21 -6 -32 -1 37 40 -36 -37 -5 49 -40 -35 42 43 -8 -45 -44 -47 -11 -49 -39 51 -51 -27 -54 55 56 -13 58 -58 60 61 -60
right_child=2 4 -4 10 5 -7 8 9 -10 47 -12 54 -14 -15 -16 16 -18 18 19 20 -22 22 -24 26 -26 52 27 -29 -30 -31 31 -33 -34 34 35 36 -38 38 39 -41 -42 -43 45 44 -46 46 -48 48 -50 50 -52 -53 53 -55 -56 -57 57 -59 59 -61 -62 -63
leaf_value=0.023569719645392024 0.15799299455895191 -0.0062418647266681759 -0.040426864695915748 0.014156771266784052 -0.033165684748296224 -0.003273723271793213 -0.0028009797997254407 -0.032240084165123133 -0.037286791589590439 -0.031842467231464389 0.053198595693870004 0.00222969663940861 -0.00076318108258409184 -0.0023279121814094614 0.030413476215229315 -0.034487691694575169 0.047860800195555074 0.01242484072607423 0.0023645616621688547 0.069152506060683003 0.076469647442363911 -0.022972539819614911 0.11513613617627182 0.021570663696476724 -0.017941871881356482 0.012042931301183789 0.041307956938651018 0.14258521096052854 -0.037971065748387628 -0.011334129839570578 0.076030531182256028 -0.023525548625828622 0.0050850723976090589 -0.0075255827770860616 0.027158958221017 0.027021765273902029 -0.033747756202486989 0.1257678327287455 0.04144282275335532 -0.051415124907592459 0.018843251062928751 -0.019305362629648683 -0.017694778438194669 -0.013074964600693129 0.2645551419999061 -0.014368280087813382 0.13891809485344606 0.18045585522839602 0.0095272042147813152 0.085541802888385254 -0.00049756229930690836 0 -0.018676314998737217 0.097838290449043117 0.0022579984775852233 -0.013574336806260794 -0.036515241526308084 -0.017259819245647609 0.12098891315736322 -0.0053791535550573623 0.014302883375050708 -0.012524806466007003
leaf_weight=83.545172214508057 2.0790755227208138 18.132338518276811 235.10092717688531 71.437309592962265 88.070399897173047 301.2844400703907 1.1987921912223103 17.822831933386627 105.89340821653605 1.8957540970295657 22.97357489913702 670.94323401711881 462.25133301690221 38.445743590593338 7.4500802950933558 30.278608068823814 4.1916114613413802 50.155349604785442 11.250346865504975 6.2638493441045275 9.7489697113633138 2.3285065665841103 4.7649940662086001 6.4739578664302853 8.0263468958437425 6.4613144211471072 6.4206956438720253 10.371123392134903 15.681546270847322 11.08173820003867 5.063178624957799 10.144452726468442 1314.1739387661219 45.613193847239017 24.895736306905746 9.3243369534611684 44.241524219512939 5.0628932416439048 11.942953690886499 5.416429951786994 305.37045154720545 438.48089012037963 23.182305885478858 0.47606863267719746 0.88849980849772936 1.8909361548721784 1.610644578002393 1.1403186824172737 2.2275532148778439 17.062867566943176 9.5119449794292432 4.721296399831771 1.8629010915756321 20.645916264504194 2123.5931391958147 222.56191620975733 14.259355925023554 182.52870061434805 6.8263576552271861 31.30817723274231 21.247101359069347 2.7099693790078163
leaf_count=452 79 207 19578 373 1483 4965 64 857 6241 83 115 7578 5546 458 286 173 24 533 101 96 101 26 45 59 82 99 62 91 186 108 71 145 6900 241 122 55 217 25 60 28 1522 22644 1235 25 46 98 82 45 107 87 48 25 22 194 29958 2602 168 2064 75 346 234 37
internal_value=-0.000203536 0.00309025 -0.0251634 0.00873681 0.000491387 -0.00924609 -0.0191791 0.0138743 -0.0210881 -0.0115034 0.0167782 0.00148794 0.00770552 0.0248167 0.0710853 0.00548093 -0.0232661 0.0303284 0.0342368 0.0430335 0.0223361 0.00752071 0.071946 0.0568909 0.0410423 0.0530841 0.0865048 0.108639 -0.0078772 0.0196438 -0.0264224 0.0119578 0.00620958 0.0151675 0.0113318 -0.00672673 -0.0227765 0.0280953 0.0459425 0.0109748 0.0153906 -0.0173383 0.01165 0.130257 0.201015 -0.00385685 0.070226 0.0518509 0.0966106 0.0617632 0.0476805 0.0680352 0.0718778 0.0875982 0.000174192 -0.0036601 -0.00126963 -0.0103318 0.00617502 0.0164815 0.0383418 0.0849856
internal_weight=7222.01 6380.67 841.338 2009.76 4370.91 404.562 606.237 32.6156 573.622 23.0865 577.575 3966.34 690.367 228.116 9.52916 1432.19 34.4702 189.67 171.538 121.382 49.8696 40.1206 7.0935 71.5126 48.2468 40.2205 23.2658 16.7918 33.0271 17.3456 103.278 15.2076 1397.72 554.601 429.445 78.4616 53.5659 125.156 53.7184 17.3594 350.984 467.728 29.2472 2.56336 1.36457 26.6839 3.50158 5.26363 3.36787 36.359 31.2961 21.7842 28.9701 22.5088 3275.98 1152.38 929.823 258.88 76.351 62.0916 30.7834 9.53633
internal_count=119679 68209 51470 10467 57742 6664 31892 1457 30435 1092 2918 51078 8016 2470 365 7549 197 2012 1805 1272 562 461 71 710 498 416 212 153 390 204 1699 216 7352 2803 2157 394 272 646 273 88 1763 24194 1550 135 71 1415 180 235 152 185 160 112 315 216 43062 13104 10502 2924 860 692 346 112
is_linear=0
shrinkage=0.05


Tree=43
num_leaves=63
num_cat=0
split_feature=5 5 80 5 77 158 246 219 97 16 207 65 203 239 200 98 101 157 70 130 158 95 110 214 81 215 182 163 66 199 98 146 168 34 131 3 27 93 92 20 77 175 238 111 157 100 212 166 255 192 219 225 96 189 168 182 84 180 135 217 230 176
split_gain=219.939 37.4205 26.6053 14.7588 12.7926 14.6822 14.7979 12.9459 13.1867 14.1686 14.826 16.055 14.8365 14.8128 16.2916 15.2662 15.4757 12.8388 12.3725 12.0261 17.188 16.3237 15.7999 15.2314 14.5932 12.3998 18.6978 16.7252 11.8322 11.5979 29.2101 17.1473 14.4706 12.4044 12.7738 12.8792 12.4042 11.8676 14.8756 11.6577 11.4941 18.0952 15.7932 11.3929 10.8472 12.3323 10.7957 10.6246 10.5715 14.2012 22.209 13.2097 13.1389 13.0177 12.0266 11.2697 12.2008 15.4795 13.0524 12.412 11.5359 11.0738
threshold=36.050000000000004 6.4500000000000011 37.522774327122157 1.5500000000000003 0.19239797760924524 -0.34810497939473861 -0.47413255353659395 2.9128402557363731 0.26120401337792648 2.5000000000000004 1.2323085087343644 176.50000000000003 1.2907979760349011 -0.69990270725213122 -0.11004728174447891 0.050306842944226854 0.111332078694332 -0.31622776601683777 0.051299832853230913 -0.80160177374068087 -0.82471713816170433 3.5000000000000004 0.069729593811724791 -0.47213848465154679 -0.35532881233544256 -0.49152294576982392 0.25859188744428369 -0.36701675119869531 0.16688089117395033 -0.96068380667301001 0.037719378667247665 -1.0000000180025095e-35 -0.77757113348184448 38.250000000000007 -1.525155345561255 461.00000000000006 0.47222222222222227 9.7521348893423632 -30.60372162559506 3.8333333333333335 1.0000000180025095e-35 -0.97091974411396087 0.060095392530705928 6.5404830362277178 -0.042376344244101492 1.1380952380952396 -0.28322460055463139 -1.1493380112857319 -0.54328981455605441 -0.72631340138780454 -0.73223990808992434 -0.52595993036453015 1.0000000180025095e-35 -0.24487225992182673 -0.93536157250624818 1.5919894566604194 1.3543981481481484 -0.41457139011835215 -0.47442836932077898 -0.53218652339063355 -0.44012280371831708 0.36769754006334143
decision_type=2 2 2 2 2 2 2 2 2 2 2 2 2 2 2 2 2 2 2 2 2 2 2 2 2 2 2 2 2 2 2 2 2 2 2 2 2 2 2 2 2 2 2 2 2 2 2 2 2 2 2 2 2 2 2 2 2 2 2 2 2 2
left_child=1 3 18 -1 -3 6 19 8 48 10 11 12 13 -10 -15 -16 -17 -12 -2 20 21 23 25 -6 -25 -23 27 -27 -4 30 32 37 -5 34 35 -32 -37 -31 -39 46 41 42 -20 -41 -21 -46 -34 -33 49 50 51 -7 53 -53 -52 -50 58 -58 -57 -59 -60 -55
right_child=2 4 28 29 5 7 -8 -9 9 -11 17 -13 -14 14 15 16 -18 -19 40 44 -22 22 -24 24 -26 26 -28 -29 -30 31 33 47 39 -35 -36 36 -38 38 -40 43 -42 -43 -44 -45 45 -47 -48 -49 55 -51 54 52 -54 61 -56 56 57 59 60 -61 -62 -63
leaf_value=0.022221943645653958 -0.032698023627674981 -0.0072041865934788715 -0.038736866340716464 0.055616428270615026 0.0036218212929459686 -0.014885988124109451 -0.0097412679097177157 0.089043195664329555 0.0029844215628841786 0.0055739848728849177 0.058146367584453795 0.018604503416767386 -0.0076373660323384822 0.014604578701297811 0.055023060214841372 0.018424982249051727 0.20010873563753814 -0.030982385891443739 0.2157248951211071 0.016470657692434137 -0.0028179983020281802 -0.016231951197904694 -0.013799175522100512 0.059347917089096196 0.19946575648355111 0.0018103543008556177 -0.01108576875851699 0.1919405849463684 0.034502794796120242 -0.0044564267899300505 -0.020861836589582617 -0.018733800001782288 -0.014017712897153693 -0.01736491447060599 0.0049937907044051381 0.013449972164046484 0.1032919782156666 0.092777583708915784 0.01018990839547539 -0.038226025298165184 -0.015470916442886973 0.0035991214596664415 -0.019917010664497026 0.03137966916894213 -0.013531534047232986 0.024554210805099942 0.02500652902770046 0.0015839976318852936 0.0025592852664816272 -0.015306873895075741 0.068217367069991514 -0.0092446426322875582 -0.028420471265322735 0.17034535476151236 -0.011143924640586379 -0.029788841186056188 -0.0098745610467645892 0.014758355336031304 -0.025796081260216059 0.18169641330698408 0.14458145094854338 -0.00010480061743160145
leaf_weight=134.91769967973232 109.07500259578228 754.65914798155427 294.16030551493168 33.208233796060085 4.180227877572178 3.148771956562995 521.40913301333785 3.478326264768838 5.1010719742626014 313.67017011344433 4.2793902512639788 50.394874330610037 5.4710867293179026 4.8072133529931387 6.7044670749455628 1.7233355417847613 6.4366896785795689 16.221298104152083 1.0460022371262336 59.571997247636318 38.880883971229196 3.2201519347727299 15.268549732863901 6.4069951474666587 2.9348660539835683 1.6605384442955253 2.7032535206526518 3.4550284184515494 4.8177778935059896 148.17275620996952 5.13794578611851 65.940692707896233 38.882726393640041 58.430633150041103 424.62055309861898 7.2377553135156623 8.5491177141666395 4.5150991529226294 991.18347462266684 5.2649296075105658 320.61204937566072 16.306718832813203 0.79690551478415717 133.58078999072313 147.87849257141352 23.780464919283986 30.848341047763824 1645.3073162287474 450.77773323468864 190.44194513186812 4.3045217320322982 1.4391354676336039 1.3429350536316631 5.449356395751237 46.374073848128319 7.468435214832426 2.5992811471223831 1.9009299613535402 1.1401663422584536 3.009145086631178 1.522617461159826 1.0480131972581146
leaf_count=545 6290 14324 24679 190 68 67 8273 52 85 5364 62 821 68 86 95 24 92 232 48 989 640 55 237 80 51 26 44 50 365 983 33 448 221 381 2646 44 46 30 6296 33 16111 831 37 808 2397 388 173 10695 7853 3746 79 30 27 100 910 119 47 33 28 44 36 24
internal_value=-0.000189839 0.00277982 -0.0258618 0.00602983 -0.00167242 0.000444986 -0.0046022 0.00413004 0.0037878 0.010881 0.0270752 0.0366495 0.0649998 0.0809097 0.0997527 0.124318 0.168485 -0.0103057 -0.0180622 0.0040306 0.0207841 0.0434511 0.0188911 0.0862977 0.118882 0.0619125 0.0928541 0.141429 -0.0374289 0.00541576 0.0109688 0.00396022 0.0252219 0.00408445 0.00694119 0.0442009 0.0656552 0.00869719 0.0106621 0.0201166 -0.0132527 0.0244325 0.140907 0.02845 -0.00171566 -0.00811478 0.003285 0.000787674 -0.000290115 -0.00850109 0.0118776 0.0690716 0.0967238 0.11927 -0.00311681 0.00415237 0.0422718 0.08646 0.0042449 0.131345 0.0831378 0.145838
internal_weight=7208.88 6462.06 746.815 3735.8 2726.26 1971.61 831.351 1140.25 1136.78 414.81 101.139 80.6387 30.2439 24.7728 19.6717 14.8645 8.16003 20.5007 447.837 309.941 78.7105 39.8296 26.3075 13.5221 9.34186 11.039 7.81882 5.11557 298.978 3600.88 745.761 2855.12 241.785 503.976 445.545 20.9248 15.7869 1143.87 995.699 208.577 338.762 18.1496 1.84291 138.846 231.231 171.659 69.7311 1711.25 721.967 253.549 63.1068 12.4282 9.27944 7.93651 50.6786 468.418 17.6406 7.50936 10.1312 4.91008 2.66278 6.49737
internal_count=119679 71318 48361 23572 47746 33422 13298 20124 20072 6929 1565 1271 450 382 297 211 116 294 23317 5025 1251 611 412 199 131 175 120 76 25044 23027 4575 18452 1425 3150 2769 123 90 7309 6326 1235 17027 916 85 841 3774 2785 394 11143 13143 4983 1237 248 181 154 989 8160 307 124 183 77 64 124
is_linear=0
shrinkage=0.05


Tree=44
num_leaves=63
num_cat=0
split_feature=5 5 80 174 44 5 5 71 102 29 101 101 66 168 206 32 207 250 20 146 246 158 152 213 66 81 133 174 165 24 100 99 182 149 97 10 73 75 158 28 66 149 66 154 99 62 94 158 206 254 31 201 145 258 82 118 250 109 206 245 120 100
split_gain=203.371 33.5407 26.0955 17.193 27.6417 14.0493 13.6914 13.3965 12.487 15.0208 11.8312 11.6599 11.2187 10.4777 13.7956 14.1075 15.3569 13.4926 13.5544 11.6788 12.4734 12.3241 11.9013 11.3369 10.299 16.7705 14.2112 14.3197 14.5771 13.4058 10.3474 11.4611 11.5578 10.2724 14.2126 15.5862 20.8896 16.9193 13.8396 22.8843 18.5281 15.8715 16.166 15.425 12.8743 14.3189 13.82 12.498 14.8693 18.1376 13.6332 11.7525 15.2924 13.2347 14.2004 12.7269 13.8645 16.0625 13.3474 12.4221 12.1992 11.6225
threshold=36.050000000000004 6.4500000000000011 37.522774327122157 -1.9237225366929844 4.5000000000000009 20.950000000000003 1.7500000000000002 8.2800966183574882 19.000000000000004 0.44882435737827903 0.11447190631685622 0.10789874324606706 0.16688089117395033 -0.81349851769429138 -1.1772364159841591 34.350000000000001 -1.045154193912432 -0.63141681872441169 4.166666666666667 -0.44379475156045384 -0.45442929322333536 -1.1837365409291085 1.4361795820685168 -0.92350637849240536 0.13592542797132609 0.61804023148086629 -0.53575616769295642 0.40824829046386285 0.70262889843406517 6.9000000000000012 0.55902777777777868 -0.01894720088992535 0.2339562212009639 0.091006085096131326 0.26713615023474185 1750.0000000000002 0.10793410725964685 134.50000000000003 -0.2851370609971518 6.354166666666667 0.13654895443844348 -0.30151134457776335 0.083361581920903968 0.15802110944948392 0.2335377774763551 8.0951190476190487 13.240183557007489 -0.57293185556797366 0.53869210398477141 -0.32424416614178836 35.351190476190489 -1.1325092084046287 0.81042652181305741 -1.0000000180025095e-35 0.25833333333333336 0.29285714285714287 0.14073537318672116 0.071280634276073104 1.7047834339022339 2.0887971233301328 1.6000000000000005 0.93095238095238042
decision_type=2 2 2 2 2 2 2 2 2 2 2 2 2 2 2 2 2 2 2 2 2 2 2 2 2 2 2 2 2 2 2 2 2 2 2 2 2 2 2 2 2 2 2 2 2 2 2 2 2 2 2 2 2 2 2 2 2 2 2 2 2 2
left_child=1 6 7 4 -3 33 11 24 -6 -10 -11 -1 -4 14 -8 16 -16 -18 19 20 21 22 -19 -17 -2 26 27 28 29 -26 -28 -32 -33 34 51 44 37 38 47 40 41 43 -43 -40 45 -36 -47 48 49 -37 -51 52 53 54 -5 56 -56 -58 -59 -53 -55 -61
right_child=2 3 12 5 8 -7 13 -9 9 10 -12 -13 -14 -15 15 23 17 18 -20 -21 -22 -23 -24 -25 25 -27 30 -29 -30 -31 31 32 -34 -35 35 36 -38 -39 39 -41 -42 42 -44 -45 -46 46 -48 -49 -50 50 -52 59 -54 60 55 -57 57 58 -60 61 -62 -63
leaf_value=-0.01111453555044537 -0.015557427991554544 -0.0041179315721374078 -0.038257507258182694 -0.030614978005814621 -0.02814374823722959 -0.0097676118361435405 -0.028827124670956161 -0.03621658483176509 0.11464048935097899 0.087053731180756849 -0.0015238364636939337 0.020401415551730692 0.032142288158338965 0.0037649639019936478 0.065738434307675259 -0.032363306134704672 -0.037295595732730544 -0.030623851130138591 -0.015123478911299355 -0.0051977159106383246 0.015177460172269669 0.13180026197157135 0.07606142165984249 0.021646704952794537 0.044965053024537238 -0.025586942313462532 -0.033005006703660557 -0.024147155736505947 -0.018845038682151399 0.27879425359236065 -0.013347771243655313 0.21462608753032297 -0.015415821503591751 -0.0047249631647938873 -0.0045526629744315431 -0.017566275121174962 -0.00017435125955016893 -0.018948993124233704 0.20935596960930658 0.035754591375196064 -0.033053473931777495 -0.0384529427022424 0.11117125569009503 0.066544427164698813 0.063935902122266339 0.066188678387296696 -0.039862944392184706 -0.028147936275886427 -0.023025493985385736 0 0.15493819093325797 -0.0042326571605726801 -0.026196648092316352 -0.006947167962379164 0.03520320857309598 -0.017039966959184107 0.012814922176312506 0.17066304397370871 0.025890784437375792 0.010092753794032877 0.080564557400838066 0.093282691398179574
leaf_weight=32.608415335416794 338.67927943635732 38.749887263402343 283.2443199204281 5.5667630471289149 2.9589006826281574 498.62723771855235 19.111838191747665 77.891963390633464 10.645604304969313 5.2438078168779603 9.158528443425892 237.42661637067795 4.9820666015148154 2996.6958706751466 7.7932581081986418 9.122996084392069 22.264885447919369 3.8245582655072194 53.391249604523182 32.481685347855091 30.93094926327467 4.6003332361578932 4.9511688649654388 290.30452681332827 1.5610003005713231 10.966988799162207 4.8044756539165991 1.0719014145433901 0.73453828878700722 1.2568487068638203 1.8029511077329519 0.67512620426714398 0.56840548850595951 852.64608688652515 198.64320361614227 3.3271061964333049 66.738340564072132 11.903962150216101 5.4226363971829414 48.096785269677639 1.7628418691456307 2.7837415076792249 2.6185934133827686 4.7718991339206696 6.9601495638489714 12.631598118692635 3.1716146059334269 10.805714342743157 5.5583668090403071 1.8565374352037931 4.7147099301218987 781.10220062732697 18.514822755008936 38.806769501417875 25.026907935738564 5.7147285789251319 4.1370716840028754 6.274013899266718 2.6701297275722027 15.230746410787107 3.422673311084508 5.055059775710105
leaf_count=134 17517 605 24679 75 37 14795 126 4751 103 66 119 971 365 19436 49 61 147 23 341 204 182 28 27 1843 74 527 208 44 31 42 79 21 23 12629 2855 49 912 172 73 670 25 44 37 69 91 172 50 160 73 25 63 12104 255 531 329 67 52 72 32 221 46 68
internal_value=-0.000175466 0.00264609 -0.0252073 -0.0015767 0.0232895 -0.00221245 0.00571512 -0.0174596 0.060217 0.0715268 0.0339602 0.0165503 -0.0369164 0.0048673 0.0117343 0.0134905 0.00146633 -0.0021938 0.00401015 0.0174014 0.0338284 0.0725535 0.0306788 0.0198822 -0.0133227 0.018075 0.0558796 0.11675 0.156328 0.196276 0.0103218 0.0711567 0.147244 -0.000459042 0.00232948 0.0102821 0.0216063 0.0355495 0.0428047 0.0549925 0.10317 0.119932 0.0393275 0.154871 0.00148825 -0.000802722 0.0435015 0.0113416 0.0392853 0.0736365 0.116695 -0.00109055 0.0141413 0.0225418 0.0398501 0.049396 0.0596676 0.100294 0.134896 -0.00320509 0.00172953 0.0344664
internal_weight=7195.07 6466.83 728.24 2721.32 66.7567 2654.56 3745.51 440.013 28.0068 25.0479 14.4023 270.035 288.226 3475.47 478.777 459.666 160.238 152.445 130.18 76.7887 44.307 13.3761 8.77573 299.428 362.122 23.4422 12.4752 4.62429 3.55239 2.81785 7.85096 3.04648 1.24353 2155.94 1303.29 391.768 170.361 103.623 91.7189 65.4565 17.3597 15.5969 5.40233 10.1945 221.407 214.446 15.8032 26.2624 15.4567 9.89835 6.57125 911.522 110.134 91.6191 49.3896 43.8229 38.1081 13.0812 8.94414 801.388 42.2294 20.2858
internal_count=119679 71318 48361 47746 930 46816 23572 23317 325 288 185 1105 25044 22467 3031 2905 1001 952 805 464 260 78 50 1904 18566 1049 522 191 147 116 331 123 44 32021 19392 5540 2372 1460 1288 918 248 223 81 142 3168 3077 222 370 210 137 88 13852 1459 1204 627 552 485 156 104 12393 577 289
is_linear=0
shrinkage=0.05


Tree=45
num_leaves=63
num_cat=0
split_feature=5 5 5 69 216 226 182 246 217 36 116 195 257 241 3 176 138 202 239 194 137 70 69 221 65 111 48 216 76 195 65 223 178 196 28 4 145 149 182 125 241 135 195 88 160 222 65 180 207 221 88 241 106 80 92 49 251 252 96 116 205 200
split_gain=196.715 50.5469 19.6447 19.0837 18.017 16.4589 20.42 17.9003 16.7954 16.1148 16.0114 13.9138 13.6014 20.4477 20.3371 17.4166 20.2006 16.5678 13.4709 12.7435 11.9484 11.8362 13.2055 25.031 21.9164 13.9163 13.0763 11.4748 12.2102 12.8801 12.8012 12.6677 13.1642 13.6993 20.3043 15.7159 14.8823 14.5743 13.9899 16.4918 16.005 13.6508 12.9125 12.589 14.2716 12.4855 18.2361 12.096 13.8255 15.7173 17.9815 17.6669 14.9508 13.6981 12.0659 11.9371 13.3955 14.2639 11.9156 13.2279 11.8478 11.8298
threshold=22.750000000000004 100.95000000000002 2.8500000000000001 7.1764340518816239 1.4052546017535308 0.99560512365109288 1.8425417672237723 -0.59722242906174194 -0.53218652339063355 99.500000000000014 1.2400000000000002 1.6807258523535338 -0.53218652339063366 0.43872626759419059 483.00000000000006 0.55913590886541031 -0.68006662572515142 -0.71757693085607932 1.9942746553863178 0.68582655793791258 -1.3652261276246225 0.06634687648583569 7.1404083931151003 0.43636053903827504 654.50000000000011 7.5804460374352862 0.23431372549019611 1.2761534482547943 0.0968564845292956 -0.55528295723200649 292.50000000000006 -0.88531461719006965 0.66124297671403431 -0.12495662161712268 3.6125000000000003 9.5000000000000018 -1.2177810533264604 -0.71821392630119318 -0.72321127999054224 0.88625000000000009 -0.57959462011139673 -0.69358045202075902 0.32365034431895329 80.304166666666688 -0.83308391766411816 -0.089152337373463245 230.50000000000003 -1.0013927249309071 -0.84540568890499068 -0.29097193790485149 63.802380952380965 0.023919511308587108 1.0000000180025095e-35 3.6695402298850581 35.656980987181548 1.8062500000000001 0.54252104778296462 -0.56488010672335698 0.1856158484065461 1.1050000000000002 1.1782929718310708 -0.46556068116873567
decision_type=2 2 2 2 2 2 2 2 2 2 2 2 2 2 2 2 2 2 2 2 2 2 2 2 2 2 2 2 2 2 2 2 2 2 2 2 2 2 2 2 2 2 2 2 2 2 2 2 2 2 2 2 2 2 2 2 2 2 2 2 2 2
left_child=2 3 4 5 -1 6 21 8 -8 -10 27 -6 -7 -14 15 16 -15 -18 -9 -19 -12 -2 26 -24 25 -25 -23 28 29 58 47 -30 33 34 42 43 -35 41 -37 40 -40 -38 45 44 -36 -33 -47 48 52 -50 51 -51 -31 -54 -39 56 57 -29 59 -4 -34 -61
right_child=1 -3 10 -5 11 12 7 18 9 -11 20 -13 13 14 -16 -17 17 19 -20 -21 -22 22 23 24 -26 -27 -28 55 31 30 -32 32 60 36 35 38 37 54 39 -41 -42 -43 -44 -45 -46 46 -48 -49 49 50 -52 -53 53 -55 -56 -57 -58 -59 -60 61 -62 -63
leaf_value=0.0065463721420281938 -0.024574488207313606 -0.038943845938397531 0.003169377885713288 -0.020492360829109199 0.031724805660009459 -0.012217578616334112 -0.021079521949823141 -0.014492182085654235 0.25950563460254589 -0.014306004134348111 0.0099370118830703087 -0.018689436691796648 0.014464762067438098 0 -0.0054876523298854306 -0.020638543553650943 0.0063024296728305951 0.3627330639469768 0.14949816106237743 0.052653261946412878 -0.012682408247356076 0.0030209145977739662 -0.0075018116584710769 0.32045022281199986 -0.0040391020942677882 0.0096507548408075843 -0.021923837889584546 -0.020393277561683739 -0.0063277921929811498 -0.024549008540022746 0.0019839015245890919 -0.023061558817911859 0.0049707088780860872 -0.040735322164408339 -0.011955072179664463 -0.02865003754147934 0.064411067335534075 0.0075612281675667041 0.0052670060261110633 -0.007275094413962839 0.14213750545237219 0.01522619886322414 0.12741180774770258 -0.011196349206582875 0.022480793906629895 0.11094678821287479 -0.016012648079268409 -0.0095130907273322778 -0.039293512160675288 0.1217705222182814 -0.0084792646721050611 0.0022460512228004883 0.15359581537854922 -0.00020798220744799027 -0.022775816271699219 -0.0063722161494069495 -0.022920493039921028 0.09135508076090007 0.022663841621199311 -0.020573832862999381 -0.015916902472118518 0.11073541882231992
leaf_weight=1124.2409387975931 109.72467187605798 261.69349766522646 680.01596757769585 477.61518724728376 117.85142095386982 14.378839728422461 0.86236548237502608 7.302205588668583 1.4000964947044847 0.52061042562127102 71.290235929191113 14.67507456243038 16.329807485453788 0.99437314271926913 2.394203182309866 0.8323751501739024 0.67125659901648793 1.4031254658475512 0.47501126863062371 0.88684360962361086 301.74885458499193 128.97223500721157 5.9717341214418393 0.73730457574129127 1.2443681927397845 0.57821148354560137 87.087575628422201 3.4321921803057203 167.309675373137 2.465980362147091 947.16016163304448 5.0288041308522251 441.45165918767452 14.792042668908833 34.022607062011957 3.0255464538931873 19.458199165761471 485.07859497889876 3.0023686103522769 3.8341602869331828 8.0304622575640661 49.874976277351379 5.4644453376531592 43.017112396657467 218.53444814309478 6.8909334689378721 3.9585565142333508 549.26020789891481 13.497486021369694 6.0941733717918414 17.284067519009113 5.7016119323670864 3.9349589720368385 1.953289709985256 34.114648252725601 471.14642990380526 6.4364337846636763 9.212460245937109 95.890206512063742 2.0455172285437584 79.147350367158651 4.299470141530036
leaf_count=5163 5097 23531 7893 21909 531 528 39 318 57 22 461 66 598 27 88 33 30 49 18 35 3831 5135 245 28 50 25 3398 39 1812 34 10794 51 3980 168 381 39 162 4979 34 27 95 694 55 494 2474 60 38 6464 163 59 184 65 33 37 352 5182 66 86 991 25 696 40
internal_value=-0.000496579 -0.0197218 0.00305584 -0.013831 0.00862149 -0.00547418 -0.00893955 0.0564018 0.145867 0.204089 0.00160179 0.0260067 0.0253574 0.0481014 0.112854 0.163618 0.19974 0.25032 0.0108456 0.296672 -0.00833131 -0.0111805 -0.00453474 0.0530429 0.158119 0.249167 -0.00706525 0.00243806 0.00333319 0.00100891 -0.00163213 0.00665741 0.00815349 0.0116899 0.0197988 0.0164339 0.00715626 0.00843551 0.0608254 0.0800075 0.10884 0.0298205 0.0660477 0.0135338 0.0177933 0.0383357 0.0667602 -0.0073407 0.0157228 0.00342427 0.0240652 0.0690785 0.070801 0.109226 0.00551831 -0.00476662 0.0329726 0.0613847 0.00623489 0.00390272 0.00176112 0.0706851
internal_weight=7197.75 1122.08 6075.67 860.382 1256.77 382.767 344.876 10.5603 2.78307 1.92071 4818.91 132.526 37.8908 23.512 7.18218 4.78797 3.9556 2.96123 7.77722 2.28997 373.039 334.316 224.591 8.53162 2.55988 1.31552 216.06 4445.87 3955.64 2329.6 1547.35 1626.04 1458.73 938.128 334.809 313.467 603.318 588.526 17.8925 14.867 11.0328 69.3332 21.3427 295.574 252.557 15.8783 10.8495 600.192 50.9316 42.5773 29.0799 11.7958 8.35423 5.88825 519.193 490.228 19.0811 12.6447 782.251 686.361 520.599 6.34499
internal_count=120058 61260 58798 37729 5760 15820 14432 454 118 79 53038 597 1388 860 262 174 141 114 336 84 4292 13978 8881 348 103 53 8533 48746 43373 26782 17833 16591 14779 10103 3748 3544 6355 6187 195 156 129 856 204 3349 2855 149 98 7039 575 471 308 124 104 70 5331 5373 191 125 8949 7958 4676 65
is_linear=0
shrinkage=0.05


Tree=46
num_leaves=63
num_cat=0
split_feature=5 5 5 116 133 199 207 227 72 258 49 146 25 133 93 31 209 174 98 36 177 109 183 202 224 199 30 253 183 74 174 227 145 178 73 165 134 69 82 218 132 174 75 70 44 221 62 201 65 199 92 194 124 164 116 165 180 183 252 104 164 139
split_gain=180.921 44.1315 22.2185 15.2808 12.9682 12.6986 14.8607 13.4617 12.4888 31.6435 19.2817 14.3088 11.727 14.0001 13.1789 11.6578 10.8638 10.7158 17.9358 12.0403 14.0406 13.0482 12.3902 11.8745 12.5847 13.9045 17.0111 11.9397 11.242 11.1647 12.4573 12.8078 12.6844 11.082 10.9444 10.8988 11.8777 10.6721 10.4926 10.6113 10.4766 11.4449 20.0561 14.6052 13.947 14.0054 11.6398 10.4899 11.0427 10.4496 15.6237 10.3868 14.7621 13.4351 11.2283 11.2446 10.241 11.4112 10.3153 10.6556 10.1917 10.1503
threshold=45.650000000000013 15.850000000000003 135.45000000000002 0.90000000000000013 -1.0485498681543264 -0.68012086358467816 -0.73067681792965511 0.41920020637723915 46.500000000000007 -0.57079612968924109 3.4641025641025647 -1.0000000180025095e-35 0.39510859539497317 -1.6124280372999162 18.849154457663655 35.087867647058829 -0.9044124402328092 -1.7247581331897883 0.037719378667247665 16.500000000000004 -1.1558439884887359 0.074082596171873683 1.8987525476041285 -0.36015967158234435 0.89477097699749064 -1.222683889838319 110.95000000000002 0.98557202919373699 -0.24626781251816646 0.33163467492260068 0.39339789623472093 1.8276046285001379 -0.55934863419984893 -0.85876897757318393 0.10641729581331504 -1.2658870996723464 -0.72617365328515138 5.4120679199514869 0.75833333333333341 -0.66375091059665348 -1.1391103384290067 -1.1832159566199218 11.500000000000002 0.10795714463944109 4.5000000000000009 -0.30355514368792774 7.3773375024212084 -0.91085501618191367 1043.5000000000002 0.15626301763229755 7.3593295025353056 0.088843537383323581 0.0067500000000000008 0.10552167756589134 1.0000000180025095e-35 -1.5933980724582273 -0.82805453108687321 -0.25409944487358049 1.1847801569938314 8.5000000000000018 -0.43147929825139852 -0.65972893825026657
decision_type=2 2 2 2 2 2 2 2 2 2 2 2 2 2 2 2 2 2 2 2 2 2 2 2 2 2 2 2 2 2 2 2 2 2 2 2 2 2 2 2 2 2 2 2 2 2 2 2 2 2 2 2 2 2 2 2 2 2 2 2 2 2
left_child=1 3 -2 4 -1 6 -3 12 9 10 -9 -12 13 14 -8 -14 49 18 28 20 34 22 35 38 27 26 -26 -25 -6 30 31 -29 -32 -20 -19 51 -37 -18 56 -40 -7 42 44 -44 -42 -46 -47 -45 60 -5 -51 61 -53 54 55 -54 57 -22 -58 -60 -49 -21
right_child=2 5 -4 16 17 40 7 8 -10 -11 11 -13 15 -15 -16 -17 37 19 33 21 23 -23 -24 24 25 -27 -28 29 -30 -31 32 -33 -34 -35 -36 36 -38 -39 39 -41 41 -43 43 47 45 46 -48 48 -50 50 -52 52 53 -55 -56 -57 58 -59 59 -61 -62 -63
leaf_value=-0.0031320980241696206 -0.020636372893455636 -0.023626229614243474 -0.04199809809725992 -0.0048208560893774266 -0.022486652339505257 -0.025942483756391427 0.15352766227944792 -0.010713574812066215 0.0089708394437276739 0.0072289792068401804 0.023790909262575811 0.21745733878652229 -0.033989505657287616 -0.02907920999145331 -0.027489485982178666 0.014538847424225718 0.053585775780208601 0.10803581472336775 -0.040193582885768762 0.013931096609470615 0.13981892132871296 0.0089289878237521301 -0.026045242923900452 -0.019634238967848952 0.072130718679234429 -0.0013570142840985226 -0.036290931474041825 -0.0053734058432553661 0.064344068493653525 -0.026358871338788184 -0.0094160866602011062 0.090593140849788353 0.10750955484921131 0.014179377018415746 -0.013333400589510342 -0.0094156086162389199 0.0035871784146238768 -0.017428847663422391 -0.036423881596572172 0.0055688875769771429 0.00086082522043856168 -0.010110610245256101 -0.02247360833566768 -0.01395756195190896 0.0011701702307173884 0.028055588138914258 0.23278049722132366 0 -0.024416811180325584 -0.0034696952648009386 0.034492721614473004 -0.0023510957115562251 0.016944240177134095 -0.0023389686635795904 -0.0011514354303403397 0.066505345306119942 0.0034105783605116293 0.026379848399292201 0.080335900211128713 -0.02075195003597851 0.1772291215339532 -0.011186629474268968
leaf_weight=501.52559319138527 386.24360295012593 44.926699856296182 181.38025948684663 280.75506607070565 3.7282840795815018 98.6437474982813 1.168314712122082 1.5700964257121111 27.405035873875022 11.458601953461764 1.5874153841286895 3.9860163498669863 12.982092496007679 40.175956461578608 1.3278564941138027 106.40827585291117 4.4894250184297553 4.0909595713019362 9.2402575872838479 101.63720113411546 2.7492441795766354 1834.1518934555352 34.859026085585356 202.93612200021744 13.207357026636602 111.28346409276128 4.0924904942512503 32.33935808390379 25.746995188295841 18.557279758155346 3.197441715747118 2.8781925402581683 5.7264667265117151 109.22567255049944 2.5054208524525166 198.73698089644313 1447.7124698646367 157.50630050897598 17.453005388379097 80.144981607794762 3.5978069826960546 646.84954279009253 22.685427572578195 3.0553043056279421 1.6903754584491251 1.3925523329526188 1.9394315779209135 1.0235078148543837 1.051439896225929 60.299975074827671 47.684130154550076 39.462962310761213 17.164988353848457 19.486189506947994 11.256867855787275 41.984770402312279 46.903585698455572 7.3687951117753965 8.6896148249506933 2.9902897067368022 2.2478652857244006 65.037304230034351
leaf_count=4661 24895 1316 17589 1970 23 2898 25 37 683 275 39 93 345 1039 39 2751 54 39 84 664 24 15160 327 1971 80 851 26 279 149 139 30 21 43 799 23 1874 13139 2167 167 721 83 18800 621 72 36 24 36 25 27 453 324 402 93 114 59 239 437 63 63 24 53 501
internal_value=-0.000468013 0.00185711 -0.027533 0.00361865 0.00448523 -0.00760754 0.00211012 0.00777749 0.0313388 0.0618979 0.13732 0.175069 0.000906944 -0.0212598 0.0754839 0.00898202 -0.00427773 0.00533082 0.0185377 0.00487932 -0.00190842 0.00589082 0.00306704 -0.0028271 -0.00755584 0.00522911 0.0456275 -0.0137597 0.0528194 0.00518566 0.018848 0.00461632 0.0683839 0.00959553 0.0655927 0.00360519 0.00200986 -0.0151134 0.00833079 -0.00218303 -0.0107478 -0.00851948 0.017545 -0.00232498 0.0804012 0.126946 0.174601 0.0543171 0.0970684 0.000252105 0.0134107 0.0124245 0.0230089 0.0341004 0.0441471 0.0527269 0.0231556 0.0674564 0.0144167 0.0544655 0.13386 0.00409194
internal_weight=7183.6 6615.98 567.624 5578.81 5028.07 1037.17 252.996 208.07 46.0072 18.6021 7.14353 5.57343 162.062 42.6721 2.49617 119.39 550.735 4526.55 147.941 4378.6 567.114 3811.49 1977.34 560.518 394.218 128.583 17.2998 265.635 29.4753 62.6987 44.1415 35.2176 8.92391 118.466 6.59638 1942.48 1646.45 161.996 166.3 97.598 784.177 685.533 38.6837 30.0635 8.62017 5.02236 3.33198 7.37812 4.32281 388.739 107.984 296.03 129.356 89.8928 70.4066 59.1498 68.7015 10.118 58.5835 11.6799 3.27137 166.675
internal_count=120058 77574 42484 48257 43289 29317 6642 5326 1127 444 169 132 4199 1103 64 3096 4968 38628 1055 37573 5001 32572 17412 4939 3440 957 106 2483 172 512 373 300 73 883 62 17085 15013 2221 1499 888 22675 19777 977 798 179 96 60 177 105 2747 777 2072 907 505 391 332 611 87 524 87 78 1165
is_linear=0
shrinkage=0.05


Tree=47
num_leaves=63
num_cat=0
split_feature=5 5 5 5 216 195 69 98 91 163 226 1 252 73 7 219 93 205 122 119 241 133 170 133 73 231 195 145 245 200 70 70 222 237 93 92 161 81 121 101 70 131 120 250 174 163 31 213 69 29 197 200 115 130 90 98 131 166 45 241 217 49
split_gain=167.849 39.8372 21.9825 12.8254 15.8691 12.4423 12.0598 13.983 12.8852 12.8532 13.2123 19.2031 18.3857 12.6127 13.2394 12.3249 11.9836 11.8687 11.4308 10.9802 10.9572 10.6158 10.5672 12.3097 11.8714 12.3368 11.0804 17.2265 10.1417 11.0654 13.6012 10.1179 10.6276 16.6053 16.2674 11.5872 9.89488 11.3696 14.1726 12.2749 20.3349 11.0783 9.88354 11.6553 9.87492 10.0253 11.3593 10.6482 9.76259 14.6887 11.5589 9.70379 9.67333 9.63772 9.6146 9.89432 12.698 11.3051 10.6906 9.39429 11.9545 12.0207
threshold=45.650000000000013 15.850000000000003 135.45000000000002 2.8500000000000001 1.4052546017535308 1.6807258523535338 7.1764340518816239 0.043109984378366738 1.9329721559956816 1.0193093928175625 -0.015158960969513583 4.5000000000000009 -0.42560515591361386 0.040057306590257892 7.5000000000000009 1.173837828627627 -7.368808905092517 -0.60050782312968531 0.64583333333333337 1.0000000180025095e-35 1.6444014665429283 -1.1302572253139322 -0.67576898727959323 0.99827015716689849 0.20060060060060061 -1.2707735505821043 -1.2208910087218829 -0.55347983577220361 -0.73024744892600135 0.74932867095384725 0.051957172041441714 0.068551391760011557 1.2904597345279272 -0.60501227228796439 33.4477601394319 18.167704472567316 0.043467729366621792 -0.30340505191372863 7.5000000000000009 0.1233332016356848 0.099934296977660986 -0.67091401787049709 -0.7683333333333332 0.36660821013214634 -2.0540849773483765 -0.44979462758454836 35.202083333333348 -0.051108681575100588 6.576024736986894 0.74780488608613616 0.18329394519432649 -1.0289609381793754 0.29285714285714287 -0.49167260058557588 180.15555555555557 0.015068091630591631 0.22481902549077312 -0.56493834887272631 2.5000000000000004 -1.2287704804748518 -0.33846273440073577 8.2041666666666675
decision_type=2 2 2 2 2 2 2 2 2 2 2 2 2 2 2 2 2 2 2 2 2 2 2 2 2 2 2 2 2 2 2 2 2 2 2 2 2 2 2 2 2 2 2 2 2 2 2 2 2 2 2 2 2 2 2 2 2 2 2 2 2 2
left_child=1 3 31 4 20 19 7 8 9 10 36 12 -12 -14 -15 -10 -17 -13 -9 -6 22 54 -1 26 25 -25 27 -24 -11 30 -30 -2 48 34 35 -34 37 -3 -39 40 41 -40 -27 -44 45 -8 -47 53 49 -33 -51 -50 -20 -48 55 56 57 -5 -59 60 -57 -62
right_child=2 6 -4 21 5 -7 44 18 15 28 11 17 13 14 -16 16 -18 -19 52 -21 -22 -23 23 24 -26 42 -28 -29 29 -31 -32 32 33 -35 -36 -37 -38 38 39 -41 -42 -43 43 -45 -46 46 47 -49 51 50 -52 -53 -54 -55 -56 59 -58 58 -60 -61 61 -63
leaf_value=0.013923237120711009 -0.029164972199986941 -0.019485586086109001 -0.041620387743475665 -0.010940939918483005 -0.027001099836803672 -0.018213089662177911 -0.031161270880655983 -0.0079769684963784254 -0.028721249568064461 -0.025656846988598183 0.00074934767526549113 0.089374428754730964 0.010890739063400793 0.26314826022546173 0.033608607159099593 -0.036709212409965053 0.07962491228922855 -0.0057819261814996163 0.12242501975702824 0.033383991420229464 0.0308958369006559 0.0029123291909970064 -0.025915515029219273 0.012937239182559474 -0.03105926686292736 -0.0342464339151453 0.0043211716953671471 0.068204670456574107 0 -0.0052558398559981534 0.20425900079027692 -0.0047344558664534006 -0.010938960751119208 -0.015374385214404325 0.0074318959402712194 0.24876321807377613 -0.02136067250420607 0.016282430515273467 0.019527380585405596 -0.012299903658865075 -0.026146836493263183 0.23433415890965695 0.025222676962816423 -0.025852606852396681 -0.013553365733324144 -0.023000534975922422 -0.0019362754133701616 -0.012520586887030808 0.083611517573357705 0.1588464654297394 0.0045703070696018521 -0.022661784035591017 -0.01423362965868841 0.15678372451968767 0.072580662986739347 -0.014703488650105437 -0.016959706135341472 -0.0042588608049434389 0.12148007278746915 -0.011292581577739061 0.057865183150518744 -0.034336059923834261
leaf_weight=250.73605437576771 168.21388689056039 14.199959337711332 174.06971783190966 3.5917148925364017 7.2462797462940207 14.630569458007811 3.8920808918774119 350.69516372121871 28.719332283362746 1.1452726144343612 2.7076311931014061 3.2007306190207663 1.2816470172256256 1.9933430403470995 1.2830486372113226 2.6888214163482189 5.0265150927007189 14.083966923877592 2.1269239187240596 111.73853160440922 41.383572280406952 3942.7746793702245 6.264231905341151 71.991667985916138 44.660202398896217 36.397342249751091 618.68566034734249 14.972474277019499 1.0328730158507817 1.2784245908260343 2.2958349324762821 43.3855962427333 0.39903315808624051 6.1875121388584358 2.3454484287649393 0.98587374854832888 23.3528648391366 30.340170882642269 1.0512165296822784 1.680528240278363 1.1867860853672025 2.1273917779326434 22.457878395915031 20.311731353402138 521.47068797983229 2.5960522647947055 1.1099417060613621 1.6165313608944423 1.2002703268080939 1.5972836753353465 2.525954594835639 151.77601875551045 1.790138831362128 3.4353963527828455 2.8711167015135279 17.716067936271429 8.8470703437924367 2.07571053132415 5.6621704772114754 322.9794206134975 16.569218650460247 3.6409004628658286
leaf_count=1145 11799 302 17589 40 34 66 86 9733 732 30 67 76 29 36 32 76 121 342 52 497 188 38484 29 332 205 169 2831 68 31 33 53 2445 25 363 131 48 618 863 29 46 32 54 102 94 15632 62 25 32 77 79 147 9781 41 52 32 184 86 22 54 3393 167 35
internal_value=-0.000443204 0.00176847 -0.0268892 0.00343428 0.0078701 0.0241155 -0.00726413 -0.00162645 0.0116475 0.020565 0.01575 0.0467811 0.109737 0.161797 0.203308 -0.0136005 0.0389482 0.0154896 -0.00692429 0.0294704 0.00592144 0.00213832 0.00493804 0.00222294 -0.00870791 -0.00191056 0.005584 0.0403001 0.0877234 0.116349 0.154633 -0.0200115 -0.0125665 0.0355443 0.106455 0.198628 0.00489308 0.0172891 0.0319118 0.0961921 0.133398 0.186165 -0.015468 0.000815787 -0.0124698 0.0295529 0.0574754 0.0905562 -0.0151359 0.00450521 0.0846504 -0.0212579 0.0687605 0.123764 -0.00578384 -0.00657575 0.0266322 0.0596925 0.0905508 -0.00851454 0.0146972 0.0401835
internal_weight=7170.3 6617.61 552.687 5588.2 1261.48 133.615 1029.41 495.289 140.676 104.242 98.4893 24.5504 7.26567 4.55804 3.27639 36.4347 7.71534 17.2847 354.612 118.985 1127.86 4326.73 1086.48 835.741 195.819 151.159 639.922 21.2367 5.75241 4.60713 3.32871 378.617 210.403 9.91787 3.73036 1.38491 73.9389 50.5861 36.3861 6.04592 4.36539 3.17861 79.167 42.7696 534.121 12.65 8.75792 6.16187 200.485 47.5088 4.12324 152.976 3.91706 4.54534 383.953 381.082 20.1767 11.3296 7.73788 360.906 37.9262 20.2101
internal_count=120058 77574 42484 48257 5760 597 29317 13428 3602 2673 2526 582 164 97 68 929 197 418 9826 531 5163 42497 4975 3830 902 697 2928 97 147 117 84 24895 13096 567 204 73 1944 1326 1024 161 115 83 365 196 15889 257 171 109 12529 2671 226 9858 93 77 4013 3981 202 116 76 3779 386 202
is_linear=0
shrinkage=0.05


Tree=48
num_leaves=63
num_cat=0
split_feature=80 5 5 116 69 29 226 145 77 163 134 196 244 148 168 109 30 203 240 145 201 40 218 231 91 203 83 80 104 183 209 238 71 75 120 196 198 94 165 102 254 251 68 35 194 76 176 93 5 148 204 146 249 241 241 249 36 190 212 25 201 156
split_gain=158.835 40.0112 16.9172 13.7169 11.6702 13.5701 14.2038 18.8917 13.3307 12.7207 13.2666 14.454 11.3152 12.4729 18.3843 16.6657 14.9333 13.6119 12.0332 14.4443 11.1522 11.0656 10.7782 10.6332 10.4909 15.568 12.6987 13.1387 13.7242 12.4518 11.0592 11.757 10.4069 10.0741 18.3114 23.287 15.2843 15.3362 13.2459 14.7602 11.0075 18.1789 17.1704 10.6014 15.4827 13.2327 10.0439 13.0401 10.5825 12.6025 16.0859 11.5677 13.9774 13.4867 13.5787 13.5817 13.2744 12.1045 11.4231 10.2294 13.8366 13.497
threshold=20.895644283121602 15.850000000000003 175.75000000000003 0.90000000000000013 6.7707309413087087 0.52941547831253732 0.99560512365109288 -0.44815115431951486 0.24803100775193801 -0.09541986777416131 -1.4178662886608064 0.073239616017028025 -0.85335771462620402 -0.66673227700749138 0.86612362601591475 0.076943351851100947 111.95000000000002 -0.2340818819451975 -0.24341653460277282 -0.69452486164297544 -0.12334992521255191 19.500000000000004 0.048514171710091127 0.38901891230817137 0.93961218066720253 -0.95009390543075611 1.8750000000000002 9.6267857142857185 5.5000000000000009 -0.76671261384383993 -0.52427349353114161 0.28802017746962044 8.086514342355466 97.500000000000014 -0.48874999999999996 1.1657722485238868 0.4795958897934402 13.612565445026176 -1.0994279137460341 31.000000000000004 -0.31712913391660863 -0.17474263142091642 0.1155039244353815 3.5000000000000004 0.83592638686516019 0.19965635738831619 1.8462719343005245 31.919483046646913 3.1500000000000008 -1.1541946162662799 -0.36784872427687115 -0.13937112849938965 0.46529784081849135 -1.565402157269874 -0.88883424872555505 0.4521454233661642 20.500000000000004 0.079271902524128704 0.19753474043508218 0.37142946922358694 -0.79997072058546626 -1.1018067758924566
decision_type=2 2 2 2 2 2 2 2 2 2 2 2 2 2 2 2 2 2 2 2 2 2 2 2 2 2 2 2 2 2 2 2 2 2 2 2 2 2 2 2 2 2 2 2 2 2 2 2 2 2 2 2 2 2 2 2 2 2 2 2 2 2
left_child=1 3 32 12 5 9 24 8 -8 -3 11 22 13 14 15 17 18 -1 -17 -20 -21 23 -11 -15 25 -7 29 -28 -29 -26 31 -31 -2 34 38 40 -37 43 39 -12 41 -36 -43 -38 45 -45 48 -48 51 50 -50 52 -14 58 56 57 -55 -56 -53 60 -52 -62
right_child=2 4 -4 -5 -6 6 7 -9 -10 10 33 -13 46 21 -16 16 -18 -19 19 20 -22 -23 -24 -25 26 -27 27 28 -30 30 -32 -33 -34 -35 35 36 37 -39 -40 -41 -42 42 -44 44 -46 -47 47 -49 49 -51 59 53 -54 54 55 -57 -58 -59 -60 -61 61 -63
leaf_value=0.039092317342392061 -0.017425158143717142 -0.018575814722566746 -0.045005650794850333 -0.0042335628318362116 -0.010778859691675781 0.18107282612773307 0.015632362614480113 0.0048860427861990817 0.19110421950017659 0.22027171290769876 -0.017310312221379326 0.01251630576129961 0.024358463515534362 0.00029098566598013959 -0.031160443551325068 0.0021538987488699292 -0.022670781247912709 -0.031412542576845337 0.00083440053211796732 0.054099574366296088 0.16778983001650435 0.066916699810113209 0.00049327645291373956 -0.012577431277810566 0.10667478161024979 0.014529525967539062 -0.021444837232244201 0.19045058871434239 0.017673330283780934 -0.0078392310971997833 -0.013477963210462155 0.1180688962488016 -0.037050782188690699 -0.023348219110603165 -0.021193799637489186 -0.030331757545616556 -0.00053646646398679721 -0.026289378209167297 -0.012827592855769045 0.15135158329215015 -0.0094191409423110967 0.16765824935662071 -0.012425024469184302 0.21952748769161998 -0.0020969276647345167 0.00024602457585070475 -0.027133380971658169 0.012872235025452879 0.11706233567532121 0.0035500752868080619 -0.0331525108701166 -0.038036341421641001 0.0064729152741139148 -0.013072132217108149 -0.0069825039760309559 0.011205697860599594 0.029845694360929865 0.026866747919986379 0.031654977420711154 -0.029943765122054627 0 0.12824146500087291
leaf_weight=13.774559233337641 250.9124218961224 109.1381817329675 118.6631159260869 549.57715107128024 737.3972420906648 1.1292494013905523 1.9023962169885633 5.9333200845867378 2.6683336831629276 1.0055757891386736 2.065538307651877 5.1090854648500681 230.79060001671314 566.66058751940727 12.590254139155148 3.8621980883181157 3.4975671768188468 11.740495134145021 2.9413234591484096 5.1856820508837727 6.4661220088601032 4.6399009004235259 0.84269915707409371 222.56444760411978 1.4973183907568444 4.9470479656010857 2.4444093145430079 1.6632612366229294 2.5514577301219106 3.5740648284554402 62.596240444108851 2.4820471853017807 94.982242224738002 33.828130230307579 4.0637424252927303 1.6087314225733269 1.069242512807248 1.2155078575015066 70.176983067765832 1.6873691119253633 21.28342419303954 3.0717069432139379 1.6959109585732219 4.6792938802391291 1.1318987943232057 0.83745133318006981 52.059617776423693 32.096778325736523 4.3577861189842251 2874.3673479445279 3.3271387144923246 28.141379937529564 210.22817507386208 21.106631800532341 266.12189428508282 321.07523736357689 100.88238681852818 28.284295544028282 6.4758470952510825 6.5526249632239333 3.4003858081996476 4.3107902146875805
leaf_count=150 18027 3064 12520 4968 23360 30 51 155 58 25 53 140 1082 5223 142 35 36 119 27 52 66 52 23 2163 42 149 54 46 87 72 1905 42 7857 935 112 43 26 35 1990 45 577 74 48 110 28 18 411 232 36 28726 28 133 965 101 1263 1483 462 136 32 67 32 35
internal_value=-0.000416849 0.00154669 -0.0286567 0.0032577 -0.00718719 0.00020839 0.0165048 0.068696 0.134885 -0.00556696 0.00359923 0.0664974 0.00407502 -0.00116527 0.0206043 0.034797 0.0657512 0.00650047 0.0830695 0.102652 0.125862 -0.00284235 0.157176 -0.00334295 0.00909095 0.0674021 0.00360677 0.0647751 0.110262 -0.00295831 -0.00691841 0.0524743 -0.02292 0.000191927 0.00732654 0.0338769 0.0943726 0.118126 -0.00746507 0.0733598 0.0101864 0.0540961 0.111685 0.14185 0.162479 0.192153 0.0051433 -0.0118448 0.00549521 0.00384793 0.0407817 0.00941761 0.0158779 0.00570525 0.00715322 0.00410503 0.0223335 -0.00363366 -0.0243361 0.0163355 0.0444287 0.0784397
internal_weight=7156.93 6692.38 464.558 5597.08 1095.3 357.9 93.3891 10.504 4.57073 264.51 155.372 6.95736 5047.5 853.923 60.0582 47.4679 21.9529 25.5151 18.4553 14.5931 11.6518 793.865 1.84827 789.225 82.8851 6.0763 76.8088 6.65913 4.21472 70.1497 68.6524 6.05611 345.895 148.415 114.587 40.6569 10.5421 8.93339 73.9299 3.75291 30.1148 8.83136 4.76762 7.71789 6.64864 5.51675 4193.58 84.1564 4109.42 2896.32 21.9487 1213.11 441.019 772.088 737.47 615.481 121.989 294.406 34.6172 17.5909 11.0383 7.71118
internal_count=120058 81654 38404 48257 33397 10037 2691 264 109 7346 4282 188 43289 8065 627 485 216 269 180 145 118 7438 48 7386 2427 179 2248 187 133 2061 2019 114 25884 4094 3159 1071 260 217 2088 98 811 234 122 182 156 128 35224 643 34581 28924 198 5657 2047 3610 3445 2882 563 1399 165 162 95 67
is_linear=0
shrinkage=0.05


Tree=49
num_leaves=63
num_cat=0
split_feature=80 5 5 199 83 227 159 25 5 78 132 171 50 174 98 71 98 5 69 30 206 14 254 134 237 75 221 164 237 246 225 203 233 98 5 216 66 82 138 251 52 71 216 218 104 217 166 257 192 166 199 38 189 166 203 170 192 138 203 163 49 72
split_gain=147.672 35.9152 16.8478 13.236 16.3893 14.4815 13.8433 19.0634 12.1222 17.9085 12.1087 12.0351 12.0129 11.2461 21.6531 11.4427 23.151 12.163 12.3389 13.745 14.4948 12.3429 12.0457 11.8404 11.7566 11.233 13.0226 11.1825 11.6353 19.1701 17.766 11.502 11.031 11.0742 10.982 11.376 10.9743 10.8939 10.3693 14.3942 10.1807 10.1637 10.1323 10.1742 13.5117 10.1528 13.7301 12.0057 11.0774 13.6302 10.2259 10.8019 10.017 11.2824 9.94373 10.2136 12.2961 12.7668 12.2699 12.4231 12.0294 19.1611
threshold=20.895644283121602 15.850000000000003 175.75000000000003 -0.68012086358467816 1.8750000000000002 0.41920020637723915 0.14236852643941816 0.76751068376068388 25.850000000000005 1.0000000180025095e-35 -1.1391103384290067 -0.52538379448317041 -16.999999999999996 -1.7247581331897883 0.037719378667247665 8.5447419619086649 0.034162276993159359 7.2500000000000009 6.4821546518210988 71.350000000000009 -0.30148795406083367 7.5000000000000009 3.0157731379151902 2.6840219571715012 -0.43472967584395078 62.500000000000007 0.7354669186295365 -1.3484535964284214 -0.1850635208300406 -0.22042289967603029 -0.39293047996215152 1.4675922308957057 -0.28301261635371361 0.041247710999749047 2.8500000000000001 1.4052546017535308 0.027535572573103854 5.8958333333333348 -0.54641626162994406 0.4937762762215156 2.5000000000000004 8.086514342355466 1.2761534482547943 -2.2797058252581679 8.5000000000000018 -0.8799437298859053 -0.9079826248869588 -0.68515716100012469 -1.2811191703820819 -0.10535182442017323 -0.39764520481100968 1.5000000000000002 -2.0060603694237273 -0.32271552991087499 -0.53641083307626169 -1.0895600999079529 0.35241714222243387 -1.1461925512513291 1.1046616126347859 1.1851695817505394 2.6035714285714291 42.500000000000007
decision_type=2 2 2 2 2 2 2 2 2 2 2 2 2 2 2 2 2 2 2 2 2 2 2 2 2 2 2 2 2 2 2 2 2 2 2 2 2 2 2 2 2 2 2 2 2 2 2 2 2 2 2 2 2 2 2 2 2 2 2 2 2 2
left_child=1 13 41 4 5 11 -6 8 -8 -10 37 -3 -13 14 -1 23 25 18 -18 -20 21 -21 32 34 -25 -17 -27 -7 -29 -30 -31 -32 -23 -34 35 54 -19 -5 39 -35 52 -2 43 44 -36 -44 47 -47 49 -48 -49 -52 53 -12 -15 -56 57 60 -58 -60 -57 -62
right_child=2 3 -4 10 6 27 7 -9 9 -11 40 12 -14 15 -16 16 17 36 19 20 -22 22 -24 24 -26 26 -28 28 29 30 31 -33 33 38 42 -37 -38 -39 -40 -41 -42 -43 45 -45 -46 46 48 50 -50 -51 51 -53 -54 -55 55 56 58 -59 59 -61 61 -63
leaf_value=0.049014501113617041 -0.016845608488071716 -0.031235147690607423 -0.044739388940947263 -0.028084467881933833 0.0011283092848899906 0.10239132473342172 0.044865527710587938 0 0.32357472363523854 0.0059789844122204693 -0.029229651737742918 0.12171447323318066 -0.0017581578768177089 0.019511624380652341 0.0065169650062928217 -0.031607323515169698 -0.019631085536322024 0.041086851136941965 -0.026732506224168957 -0.019553131322826892 -0.0059031070098367446 0.0083487167493420163 0.0019141493912322892 -0.0075870060669323783 0.1127905341448263 -0.007358366477291026 0.11050430304251609 -0.0033420175652629906 -0.00056981513919655998 0.0088063500955223566 0.18267001075229441 0 0.0053135288908023656 0.14566312728759478 0.0075510453353018134 0.021596948163143212 -0.022921839034944654 0.086645577314101871 0.018505265774714855 0.033817606599375237 0.057804790046984779 -0.036532480126464741 -0.027462718246796955 0.0025592340617023291 0.12819185451429402 0.10866916768501328 0.0014894105713382127 -0.033305925636744255 -0.0073300576805213754 0.069724425003990703 -0.0092086361043251068 0.11081910167368166 -0.0086567415264075988 0.11987894045836887 0.020151958957902665 0.057174023153215327 0.020143781614716201 -0.005343416469154965 -0.0046035467110004218 0.054985548305063518 -0.031856824768309533 0.022426774625438267
leaf_weight=36.75446679443121 246.71083895489573 37.857292911037803 113.53667394537479 102.0298985466361 6.4111144877970201 3.144850827753543 2.0327428802847867 2.8290910217911005 0.85538798570632912 0.6768660694360733 1.5014304080978038 0.99381002597510715 162.20086623169482 113.88880483806133 149.50133747234941 91.823876172304153 16.921691983938217 6.898902289569377 9.2977719455957395 4.8998425826430312 14.649459041655062 5.6203227043151882 7.2978670448064795 3.1489143893122673 3.8668159022927275 10.512090679258106 1.956600286066531 30.655718304216862 10.685651052743198 3.8584999181330204 3.8645928576588613 1.0061742924153803 3.6838322728872326 12.161143012344843 6.7149813771247846 123.95564435422421 43.458336070179939 1.1438464391976584 3.6989402398467055 4.7880541533231726 4.8897078121080986 91.613410400226712 45.370903167873621 3542.4618228822947 2.7484766840934753 3.8278554119169703 24.659178793430328 5.4680851362645617 347.04535951465368 9.530928432941435 3.256432492285966 2.8333585448563099 708.12705498468131 2.1777757424861184 86.82149201631546 13.320542410016058 154.93504945933819 475.65274921059608 125.52430053055286 8.3946370333433133 21.679276689887047 56.312711745500565
leaf_count=214 18027 1161 12520 3357 165 71 39 77 25 25 45 26 4509 524 1125 1065 129 113 75 38 115 46 40 32 30 108 20 791 273 103 90 22 35 97 72 551 747 40 25 40 150 7857 473 34343 25 40 243 52 3390 93 32 26 22368 60 392 58 707 2183 572 38 98 251
internal_value=-0.000390043 0.00147889 -0.028023 -0.00683369 0.00281104 -4.98272e-05 0.055869 0.102504 0.165706 0.243018 -0.00998116 -0.00622598 -0.00023909 0.00309262 0.0151468 0.00267467 -0.00802557 0.00574101 0.0174482 0.0271666 0.0363859 0.0509958 0.060675 0.00316791 0.0639309 -0.025566 0.0175969 0.0228763 0.0158771 0.0451458 0.0959278 0.150836 0.0743061 0.088413 0.00307222 0.00730859 -0.0134261 -0.025945 0.102077 0.11799 -0.00764313 -0.0222832 0.0018173 0.00270688 0.0519695 -0.00531016 -0.00270078 0.0420992 -0.00462729 0.0220937 0.012756 0.0536847 -0.0081802 0.0647188 0.00560867 0.00390473 0.00222905 -0.00204298 0.0106096 -0.000451317 0.0149667 0.0070621
internal_weight=7144.15 6692.29 451.861 1086.94 267.073 254.267 12.8052 6.39409 3.565 1.53225 819.87 201.052 163.195 5605.34 186.256 5419.09 237.669 133.376 83.0189 66.0972 56.7995 42.15 37.2502 5181.42 7.01573 104.293 12.4687 53.2155 50.0706 19.4149 8.72927 4.87077 29.9523 24.332 5174.4 1180.49 50.3572 103.174 20.6481 16.9492 716.696 338.324 3993.92 3551.93 9.46346 441.992 396.621 15.3857 381.235 34.1901 11.5579 6.08979 711.806 3.67921 1056.53 942.641 855.819 566.965 288.854 133.919 91.3125 77.992
internal_count=120058 81654 38404 33397 7377 7046 331 166 89 50 26020 5696 4535 48257 1339 46918 2693 1500 640 511 436 321 283 44225 62 1193 128 1350 1279 488 215 112 243 197 44163 5374 860 3397 162 137 22623 25884 38789 34440 97 4349 3876 150 3726 336 110 58 22473 105 4823 4299 3907 2590 1317 610 407 349
is_linear=0
shrinkage=0.05


Tree=50
num_leaves=63
num_cat=0
split_feature=5 5 71 174 98 100 71 41 204 176 71 170 123 245 250 71 63 65 98 180 79 90 252 201 195 110 244 224 174 194 36 251 239 96 169 152 48 242 120 70 224 215 215 215 45 162 257 101 210 122 5 72 73 74 100 145 19 163 202 20 174 145
split_gain=123.449 43.1203 17.7871 12.2764 18.3222 12.0648 11.8505 12.9465 12.9243 11.4904 11.4427 11.4165 11.4144 18.1809 11.3093 11.3 14.7216 11.1568 13.1291 26.4819 18.013 17.3132 17.3078 16.3163 14.7379 12.6717 12.5143 13.6297 11.8817 12.1263 11.1839 12.2545 12.358 11.0829 11.7507 19.1178 14.7635 14.3786 13.681 16.2282 15.3491 13.3215 11.6457 11.5295 14.1037 11.5228 13.1583 12.0469 12.7853 11.4648 11.3016 15.333 13.1955 11.4931 11.5604 12.2106 13.8293 11.0636 12.4738 14.6323 14.6205 13.1815
threshold=63.750000000000007 12.550000000000002 8.3202547721674893 -1.7247581331897883 0.038134781884781893 0.85164835164835051 6.3847319347319358 0.10912698412698414 -0.11831249823923186 1.4507532147233628 5.6314460393407773 0.414820090158948 0.087121212121212141 -0.73917455696776635 2.4949083454998155 8.106922599921079 0.061969147797986866 240.50000000000003 0.032719550159807521 -0.902166357512313 5.5000000000000009 38.780625000000008 2.1271129340677923 -0.15235672374237189 1.8324447158194399 0.076545895569569547 -0.78687129360254959 -0.4951334606695687 -0.39339789623472016 -0.40936676618273199 301.50000000000006 1.3691175941630054 1.4956973541046532 0.28464818763326233 0.28307129421993354 0.17778975055469001 0.42206477732793529 1.7544044971054324 -0.60499999999999987 0.064535774625751455 -0.88716578646312427 -0.3088695552973007 -1.4564938920208714 -0.49152294576982392 7.5000000000000009 1.5008528516760475 -0.55589389638375686 0.11571150167815512 -0.45492833135067573 0.19375000000000003 5.5500000000000007 168.50000000000003 0.16990566037735852 0.57953761214630795 0.36931818181818349 -0.24079067345160579 0.58333333333333337 -0.61665759540294796 -0.26742938994224352 1.8333333333333337 -0.23526818477622299 0.32334519205990081
decision_type=2 2 2 2 2 2 2 2 2 2 2 2 2 2 2 2 2 2 2 2 2 2 2 2 2 2 2 2 2 2 2 2 2 2 2 2 2 2 2 2 2 2 2 2 2 2 2 2 2 2 2 2 2 2 2 2 2 2 2 2 2 2
left_child=1 3 17 4 5 11 7 8 -6 33 -10 -1 13 -11 -4 16 -2 18 19 20 -3 -22 -21 26 -20 28 -23 -28 -24 -30 -19 32 -32 34 42 36 37 -36 39 -37 41 -41 -5 44 -35 47 -47 48 -45 57 51 53 -53 54 55 -49 -57 -42 59 -59 -61 -62
right_child=15 2 14 9 6 -7 -8 -9 10 12 -12 -13 -14 -15 -16 -17 -18 30 24 22 21 23 25 -25 -26 -27 27 -29 29 -31 31 -33 -34 43 35 38 -38 -39 -40 40 49 -43 -44 45 -46 46 -48 50 -50 -51 -52 52 -54 -55 -56 56 -58 58 -60 60 61 -63
leaf_value=0.021715450193350472 0.055757424039455467 -0.02630833815160602 -0.021954669812201399 0.033158078390393551 -0.020104759352224819 -0.0001554430062517539 -0.0028961006032277347 0.0015227798025200703 0.017887931329378749 0.076785785349485214 0.092893038182125492 0.091524440776965033 -0.014354520206016762 -0.00083672964921457915 0.058645982153655588 -0.04038444845236424 -0.023372945754050339 -0.0080617526102023575 -0.0030229258272257364 0.0013343619261247887 -0.01849700362454712 0.024132799772147433 -0.023714813516480155 0.030718012856797091 0.091711686512930851 -0.010815709934653313 0.01880060426484377 0.24193175958829638 -0.0010702362856161065 0.18084244167016902 -0.0028520716093150909 0.14200260166357076 0.13522060973589706 0.027019785422213845 -0.0028418942742480862 -0.016793127666675848 0.043345305585377192 0.074224307248377336 -0.0048585624580692139 0.090906675071869752 -0.019299851341128278 -0.0014713278212340661 0.001965664522205928 -0.0057650671477968282 -0.008843476192944599 0.12942206333807943 0.012489099966762576 0.055827108411998894 0.076050246246995454 0.060619910212729403 -0.0049059575180157994 0.098876575028197231 0.012383413386906288 0.055105591829370471 -0.007864077689276253 0.033693982894600953 -0.026375505082545186 -0.018631115841961143 0.0057354857260013608 -0.0054480697711673937 0.086032347399758999 0.01319645902247483
leaf_weight=10.569962024688722 5.0694793183356515 2.9989097919315091 177.76891595870256 29.199180271476507 4.8092765845358398 9.2255712002515775 84.949583522975445 26.695310074836016 8.9176457747817057 8.0958551019430143 13.752345010638235 15.693552125245331 159.14895522221923 43.377206683158875 3.4931514272466293 122.93821446970105 234.11692735925317 783.27973453234881 440.93595922458917 103.24374902434647 2.1792994234710923 1.5750694274902324 0.95901399292051781 3.785039808601141 3.1420088205486527 2.7421864802017808 1.0678160786628703 3.7345743309706467 1.0834889998659489 3.2523713987320644 12.301128538325425 1.3010300742462266 0.84964266233146268 154.95640305429697 44.980711586773396 37.519382771104574 66.111480016261339 5.9654852375388137 189.62997699901462 11.654305156320335 25.079334989190102 5.4449574016034594 3643.8069886192679 206.59712601825595 32.515122402459383 2.9782328605651855 7.0013198629021627 18.941888563334942 3.8838047347962847 11.523468233644961 60.046587731689215 9.9101368784904498 8.1906619966030103 14.173510953783987 54.259901940822601 20.357335656881332 16.357685022056103 9.1697743162512761 101.23715059831738 9.1475256830453855 21.545769520103935 9.3803115598857385
leaf_count=60 451 54 6308 217 35 50 636 163 47 70 78 79 1217 337 128 12596 20968 22390 12139 2707 64 43 23 119 83 64 28 89 29 70 353 35 24 1046 428 314 518 50 1453 92 192 55 29717 1431 276 25 53 105 41 86 689 57 43 75 309 118 94 60 743 74 170 72
internal_value=0.000415041 0.0019396 -0.00538 0.00411552 0.0171216 0.0487139 0.00873695 0.0267909 0.0502472 0.00366081 0.0656019 0.0654397 -0.00773814 0.0125074 -0.0200607 -0.0279852 -0.0214498 -0.00341852 0.00191065 0.0160505 0.0755438 0.100784 0.00720467 0.126177 -0.00213686 0.073569 0.170311 0.204971 0.112841 0.142766 -0.0072349 0.0348779 0.0146405 0.00416026 0.00324651 0.0100698 0.0279127 0.00734098 0.00516257 0.013033 0.0185932 0.0627583 0.00222395 0.0104581 0.0207592 0.00583942 0.0564504 0.00447007 -0.00387929 0.0142177 0.0131607 0.020806 0.0626973 0.0142031 0.00843448 0.0242705 0.00680885 0.0108175 0.0159642 0.0363608 0.0492132 0.0652021
internal_weight=7128.62 6766.49 1549.69 5216.8 174.613 35.4891 139.124 54.1746 27.4793 5042.19 22.67 26.2635 210.622 51.4731 181.262 362.125 239.186 1368.43 570.699 126.622 15.3407 12.3418 111.281 10.1625 444.078 8.03706 6.37746 4.80239 5.29487 4.33586 797.732 14.4518 13.1508 4831.57 4221.4 548.39 117.058 50.9462 431.332 241.702 204.183 17.0993 3673.01 610.17 187.472 422.698 9.97955 412.719 210.481 187.083 202.238 142.191 18.1008 124.09 109.917 55.6569 36.715 175.56 150.481 49.2434 40.0736 30.9261
internal_count=120140 86125 44750 41375 1148 189 959 323 160 40227 125 139 1624 407 6436 34015 21419 38314 15512 3290 397 343 2893 279 12222 186 160 117 122 99 22802 412 377 38603 34241 4307 996 478 3311 1858 1544 147 29934 4362 1322 3040 78 2962 1472 1397 1490 801 100 701 626 317 212 1311 1119 376 316 242
is_linear=0
shrinkage=0.05


Tree=51
num_leaves=63
num_cat=0
split_feature=5 5 71 65 19 120 60 76 245 122 227 72 71 174 98 163 223 209 83 71 63 102 111 255 242 133 259 71 35 250 150 194 136 207 168 242 165 29 170 241 237 41 73 83 120 70 152 42 92 72 38 199 71 99 93 100 98 101 145 176 225 164
split_gain=114.516 38.8721 15.8343 13.4997 15.7878 13.9522 13.9568 20.5285 12.6729 14.4536 12.315 11.5893 11.5339 11.5283 15.6196 11.231 15.1789 15.5116 14.3234 11.1845 13.3481 11.0451 18.3155 19.4297 13.761 10.9547 10.9399 12.5135 10.8923 10.8641 13.1915 13.0876 11.0759 10.8488 10.7619 19.0313 10.614 13.5368 10.6053 12.8916 14.8836 10.5439 11.8196 10.5147 12.0182 11.863 14.3781 11.4255 11.2332 10.8688 17.6575 20.2749 23.5338 10.4668 10.3597 11.6642 10.3254 10.252 10.1748 10.0147 11.3072 11.9963
threshold=63.750000000000007 11.950000000000001 8.3202547721674893 240.50000000000003 1.0000000180025095e-35 -0.8472222222222221 1.2611305361305514 0.12385166455962918 1.9760428402151982 0.17914438502673799 0.67184781392405302 65.500000000000014 8.176050314465412 -1.7247581331897883 0.038134781884781893 -0.53627243910164568 1.0699076890407073 0.51066128638437236 0.17500000000000002 8.106922599921079 0.061969147797986866 27.500000000000004 7.9593178266066023 -0.56908546371917668 -0.63602368867700798 0.75262064253201155 0.86215042180422796 6.3847319347319358 4.5000000000000009 2.1143896645048001 -0.14549240691632023 0.34094056142458934 0.24464422136037786 -1.1574844566063789 1.7120005914754435 -0.38484616289794965 -0.066355225274752697 0.7777890512265514 -1.6035182319767223 -0.61724352008372196 -0.73823702913256961 0.10912698412698414 0.057205789804908751 0.62500000000000011 -0.61833333333333329 0.11261082652835232 0.46746020431034219 1.0000000180025095e-35 30.481963940956209 33.500000000000007 2.5000000000000004 -0.33555064849568667 6.2699307647420648 -0.04071896090172579 13.858158431980158 1.2426470588235292 0.0593418896446248 0.10113431683677847 1.831572985055917 1.4507532147233628 0.20305590134839763 0.025383134939651195
decision_type=2 2 2 2 2 2 2 2 2 2 2 2 2 2 2 2 2 2 2 2 2 2 2 2 2 2 2 2 2 2 2 2 2 2 2 2 2 2 2 2 2 2 2 2 2 2 2 2 2 2 2 2 2 2 2 2 2 2 2 2 2 2
left_child=1 13 3 4 5 6 10 33 12 -10 15 21 34 14 25 -3 -17 -18 -19 20 36 22 23 -12 -25 -1 27 41 -27 -4 -31 32 -32 -8 -7 -36 -2 56 39 40 -5 42 -16 48 45 -45 47 -47 -6 50 51 -50 -53 -37 55 -35 -38 -22 -41 -15 61 -61
right_child=19 2 29 38 43 8 7 -9 9 -11 11 -13 -14 59 26 16 17 18 -20 -21 57 -23 -24 24 -26 28 -28 -29 -30 30 31 -33 -34 54 35 53 37 -39 -40 58 -42 -43 -44 44 -46 46 -48 -49 49 -51 -52 52 -54 -55 -56 -57 -58 -59 -60 60 -62 -63
leaf_value=0.062932289801490432 -0.004836680963395912 -0.040557490079955336 -0.020801610408489334 -0.027946325109859324 -0.017649913252157392 0.010012094880120507 0.10514035645739495 0.14438538401946605 0.12280132870594405 -0.019241812305879874 -0.0134682791354723 -0.016458298298171675 0.084451651757350532 0.0040109411875137039 -0.0055307950046579587 -0.0095696872435964871 0.011444709779351171 0 0.23221662786299874 -0.039958724120737268 0.062941747530304265 -0.0090707381211241282 -0.032517956503625323 0 0.20753578722527277 0.050723526911885919 -0.028309711848706412 0.00080863795643575586 -0.043548023864913035 -0.035472902025188567 0.19660539451169567 -0.025150451977718053 -0.015398455466984913 -0.0026135607638875101 -0.00084092087593737655 0 0.247248103494079 -0.020308133385420549 -0.0080041819593922037 -0.016966079761075979 0.14495928331784347 0.0091167862333978982 0.074539908509491104 0.017558199260990014 -0.014593368936877788 0.20970707981645972 -0.010520111954164196 0 -0.02813584865166063 -0.00743071056469417 -0.025052841692160117 -0.0041721948692722876 0.2501530209676403 0.18367369153943974 -0.040096964461667432 0.15931819000207881 -0.0099072580443445163 -0.023967808176748578 0.098218088988719601 0.011181002730299703 -0.024394540147086984 -0.018984380519677938
leaf_weight=25.227922268211842 3.4901909111067653 25.398815680295229 180.59883348923177 1.3297901470214126 159.30232899356633 188.87420268263668 1.5268186237663037 2.791924010962247 4.6532716611400238 2.1858713291585445 1.6546008875593532 7.5021725110709658 4.8357799025252453 4757.8837794065475 5.7035757713019875 112.37732066679746 6.7343346178531629 0.99299643468111731 0.92023882921785116 118.16757789161056 2.4839554596692315 3.7619355013594022 1.8872708138078449 0.95911843609064762 3.5983044402673872 4.8858057484030706 16.392103224992752 72.817865882068872 5.3849882036447525 2.4313300820067525 1.5983769260346887 1.1202182238921521 0.5738905332982539 3.1770267011597757 4.90045693423599 0.98454963508993421 0.66377815417945274 0.83284662757068861 822.64059251919389 10.549840838648377 3.0354600856080678 24.04381600022316 18.623435080051422 14.63566873688251 16.236988819204271 1.8444581106305116 1.5703290747478602 0.88519280590116967 1.3555333744734523 12.470922004431484 2.9330345224589109 1.211451495066288 1.9602367049083111 2.363362852483986 7.879757328890264 0.64026317372918118 0.36592365894466639 226.353196692653 1.2971106376498927 93.695338349789381 64.450217612087727 49.538059495389462
leaf_count=131 297 769 6391 32 4088 4794 49 72 94 46 42 192 156 37304 37 3269 157 40 27 12596 226 107 52 25 86 22 120 531 31 78 41 38 33 95 132 27 54 69 23075 314 81 146 98 374 393 39 44 23 35 316 83 26 42 53 238 18 31 20742 29 702 470 418
internal_value=0.000402602 0.00185162 -0.00487226 -0.00309135 0.00259316 0.00857623 -0.00152887 0.0415805 0.0173641 0.0801015 -0.00594774 0.030491 0.0148307 0.00398621 0.016644 -0.0109745 -0.00444366 0.0557393 0.152487 -0.0273456 -0.0208171 0.0595458 0.0894603 0.126582 0.171602 0.0457846 0.0088129 0.0140657 0.00137481 -0.0185561 0.0441083 0.098613 0.151822 0.010899 0.0126799 0.0655392 0.050985 0.122482 -0.00719535 0.0316363 0.0959635 0.033501 0.0560924 -0.00827267 0.0163372 0.042512 0.107165 0.160876 -0.0131937 0.021326 0.0651844 0.118506 0.174099 0.141699 -0.0083204 0.0509429 0.193542 -0.0227329 0.0019197 0.00354074 -0.00717485 0.000654183
internal_weight=7121.19 6768.83 1630.18 1443.86 605.007 390.6 181.803 16.0158 208.797 6.83914 165.787 19.3634 201.958 5138.65 173.08 146.424 121.025 8.64757 1.91324 352.357 234.19 11.8612 8.09929 6.21202 4.55742 35.4987 137.581 121.189 10.2708 186.323 5.72382 3.29249 2.17227 13.2239 197.123 8.24837 5.35274 1.86255 838.853 16.2122 4.36525 48.3708 24.327 214.406 35.1726 18.9356 4.29998 2.72965 179.234 19.9312 7.46026 4.52722 3.17169 3.34791 11.697 3.81729 1.0297 228.837 11.847 4965.57 207.684 143.233
internal_count=120140 86125 46115 39534 16003 10540 5238 472 5302 140 4766 504 5162 40010 1116 4262 3493 224 67 34015 21419 312 205 153 111 184 932 812 53 6581 190 112 74 400 5006 212 451 154 23531 456 113 281 135 5463 873 480 106 62 4590 502 186 103 68 80 351 113 85 20968 343 38894 1590 1120
is_linear=0
shrinkage=0.05


Tree=52
num_leaves=63
num_cat=0
split_feature=5 5 70 201 69 205 5 163 109 88 133 202 205 40 163 154 252 94 223 84 201 214 43 139 170 182 205 198 249 204 249 237 131 62 240 98 12 72 256 74 63 122 244 157 206 92 111 225 135 81 131 259 94 170 241 202 148 188 41 258 238 181
split_gain=106.02 34.9077 12.6439 15.106 10.9082 10.7589 10.6961 11.4756 11.1821 11.4122 10.3364 13.342 13.4598 11.5594 10.9146 12.6939 17.6028 13.767 13.492 11.8255 11.8199 18.8061 13.3917 12.985 15.2087 13.3659 12.04 11.9041 11.7491 11.359 13.0877 13.5253 14.8504 14.4908 11.4082 12.5757 10.9513 12.7204 10.8341 10.3788 11.1993 10.3308 12.4622 14.5187 13.6291 11.8922 10.3884 11.815 10.2197 10.2006 15.5819 12.5521 16.4422 14.9055 9.96379 9.87519 9.87497 11.193 29.1208 15.8424 14.1246 13.9171
threshold=63.750000000000007 12.550000000000002 0.034505655538764488 -0.85914394491798285 6.9047868101215393 0.29920766424307244 2.1500000000000008 -0.23422221707179869 0.059605246071938713 115.16318681318684 -0.83528601752830622 2.1486042609848233 0.36922607083625442 2.5000000000000004 1.1851695817505394 -0.17687264311746917 2.4749231129937472 -25.092243127810935 -0.40741171455758723 3.6469907407407414 -1.6083094390291206 -0.25096427124384157 0.095454545454545472 -0.73728441865473582 -0.33015502061883512 0.36663898535096334 0.42122771727542335 -0.25730707965362998 0.7934104378188952 -1.3163235196533474 -0.88939422343363506 -0.78878519426355043 1.2710068037531148 7.9385370899338232 0.4785152544044608 0.1023234091917349 1.5000000000000002 110.50000000000001 -0.27230567001251943 0.16498247762920623 0.090831257783312594 0.19375000000000003 1.491218357601807 -0.10628515228466683 0.52322364588635117 7.2265525916066524 6.3644268774703567 0.11815139613727844 -0.79649450659484333 -1.1095396576001428 0.56868454416065817 -0.53218652339063366 -14.588324192674223 0.16973292351103833 -1.8085396167174508 0.86945797306790962 1.1419779147146234 -0.13328082749675366 0.45804195804195807 -0.44815115431951486 -0.53826592947154339 2.7631482554773554
decision_type=2 2 2 2 2 2 2 2 2 2 2 2 2 2 2 2 2 2 2 2 2 2 2 2 2 2 2 2 2 2 2 2 2 2 2 2 2 2 2 2 2 2 2 2 2 2 2 2 2 2 2 2 2 2 2 2 2 2 2 2 2 2
left_child=1 6 3 5 54 -3 7 -1 -9 -10 11 13 -13 -8 20 16 18 -17 19 49 21 22 27 24 26 -26 -23 28 -12 30 -22 -32 33 34 35 38 -20 -38 -33 -15 41 42 46 44 48 -45 47 -41 -44 -16 51 -51 -53 -54 -2 -48 57 58 -4 60 -60 -59
right_child=4 2 56 -5 -6 -7 10 8 9 -11 14 12 -14 39 15 17 -18 -19 36 -21 29 23 -24 -25 25 -27 -28 -29 -30 -31 31 32 -34 -35 -36 -37 37 -39 -40 40 -42 -43 43 45 -46 -47 55 -49 -50 50 -52 52 53 -55 -56 -57 -58 61 59 -61 -62 -63
leaf_value=0.019681466911640983 0.087045105077226223 0.0001522969459332326 -0.011322826848428764 -0.020669553365665731 -0.031939647430089438 0.1507600560668782 -0.013724013580499734 0.021014195640638212 0.0026585562504926972 -0.050136362337860021 -0.004302881287561444 -0.004272368900661472 0.088365315990811252 -0.014741000287694931 0.006628940349153835 -0.036021784384226527 0.074422824515584574 0.037083362538036173 -0.012206396564189519 -0.042298633481671635 -0.021578505634263657 0.11827186583676563 -0.031901316877520618 0.016367636328331998 0.055571122524566453 -0.030853907854708758 0.020458650583542414 0.001764627101946227 0.057722968119751861 0.0018992262042720129 -0.0079337999664426812 0.11204776291030019 0.11091035875115092 -0.028542902609516238 0.097918445423712586 -0.020848290010369325 0.0056401970679480253 0.10671473526058939 0.027538546791418851 0.0064677613938198542 0.069437109859258966 -0.013273922930524219 -0.037689643517383159 -0.030793418105568779 0.11262721436461512 0.030938032558469303 0.0059236705497079638 0.12278242591957914 0.055032594836341556 0.010759052335826368 -0.013219366555603747 -0.00072725601155945751 0.14360993327157556 -0.0020536920209538343 -0.014009547646084209 -0.017578499416642839 -0.017705331612541269 0.00064392481099197272 -0.021902641895627187 0 0.17170150622373426 0.099482407860721142
leaf_weight=200.54951949417591 1.5105501450598229 2.7253367509692903 373.3232974531129 157.49886083044112 254.80864678043872 1.1978217326104639 202.93301683291793 87.256245478987694 329.36256293952465 9.5596761107444745 11.42215120047331 7.3359621912240964 6.9897090569138527 90.15724590420723 27.837960936129093 6.2213359028100959 8.1417643912136537 70.296197693794966 107.00819636881351 5.5371466055512419 14.533019203692673 10.964211091399195 21.664644010365009 51.076283399015665 10.024953480809929 6.6127892583608618 5.1085845306515685 116.36564878746867 20.470394764095545 3300.4329101219773 17.772522538900375 4.239517122507098 5.9882495999336234 7.7726925797760478 6.8956102505326262 8.6734935082495195 13.203799095004799 3.1762033216655245 19.052643734961752 5.7134667821228486 5.4354365542531005 77.958006255328655 3.5895032659173021 11.437339797616007 7.3142196871340266 19.900969140231609 195.46648643165827 2.7678476087749004 7.7470609694719323 7.010080415755513 7.1431867182254782 3.504154127091172 9.6311732903122884 1.9896962456405152 86.561488724313676 56.842684034258127 108.52115275058895 879.32198891695589 0.87651004642248143 3.7648548167198879 3.4469594806432724 2.5771809732541433
leaf_count=851 139 69 11062 5664 25948 28 1782 369 1402 41 90 66 56 867 180 57 58 649 864 49 150 72 158 369 73 52 38 831 146 27603 162 37 53 75 62 86 106 25 176 49 41 652 26 103 56 155 1735 19 71 65 74 32 90 24 7928 528 2965 24688 23 106 93 52
internal_value=0.000391382 0.00176724 -0.0048647 -0.0180652 -0.0266912 0.0684339 0.00371001 0.00983752 0.00515826 0.0010116 0.00287418 -0.0027069 0.0434173 -0.00373729 0.0038774 0.0135518 0.00665145 0.030687 0.00327679 0.0220022 0.00315285 0.0135453 0.0038904 0.0327899 0.0570382 0.0211356 0.090495 0.00933276 0.0359013 0.00236876 0.0203229 0.0292246 0.0417815 0.0306577 0.043043 0.0284424 -0.00629172 0.0305394 0.0471056 0.000456471 0.00397367 0.0028697 0.0069649 0.0295838 0.0633463 0.00799815 0.0025137 0.0539004 0.0245933 0.0289424 0.0490734 0.0690945 0.0934775 0.120087 -0.0112624 0.00056064 -0.00329574 -0.00204094 -0.00918673 0.0792539 0.134771 0.00105077
internal_weight=7114.22 6771.34 1533.25 161.422 342.881 3.92316 5238.09 626.728 426.178 338.922 4611.36 701.589 14.3257 687.263 3909.77 270.701 194.183 76.5175 186.042 62.6534 3639.07 253.71 169.923 83.7868 32.7105 16.6377 16.0728 148.258 31.8925 3385.36 84.9277 70.3947 52.6222 46.634 38.8613 31.9657 123.388 16.38 23.2922 484.33 394.173 388.738 310.78 49.9891 18.6508 31.3383 260.79 8.48131 11.3366 57.1163 29.2783 22.1351 15.125 11.6209 88.072 252.309 1371.83 1263.31 381.412 8.08832 4.32347 881.899
internal_count=120140 86125 44750 5761 34015 97 41375 2663 1812 1443 38712 6206 122 6084 32506 2273 1567 706 1509 514 30233 1829 1225 604 235 125 110 1067 236 28404 801 651 489 436 361 299 995 131 213 4302 3435 3394 2742 411 153 258 2331 68 97 465 285 211 146 114 8067 2263 38989 36024 11284 222 116 24740
is_linear=0
shrinkage=0.05


Tree=53
num_leaves=63
num_cat=0
split_feature=5 5 71 71 63 62 223 165 199 62 65 150 74 150 213 94 70 80 181 179 198 108 192 203 180 181 199 202 98 174 98 248 29 66 202 76 133 230 181 250 101 165 21 95 176 225 184 229 71 181 259 137 151 225 192 194 70 250 250 74 111 238
split_gain=98.1808 31.5213 14.664 11.3688 12.8244 10.1867 21.7341 14.377 22.6483 19.8924 13.1259 13.4932 13.9576 15.1453 17.3836 18.6648 16.3612 14.3739 21.296 18.4293 17.1496 16.2325 18.2932 12.299 16.7711 22.8548 16.2592 10.9189 10.1957 10.0182 14.5073 12.028 10.125 9.81884 11.2434 9.75009 10.4063 9.63046 10.4514 9.55398 9.52752 9.44598 12.1207 11.1115 9.32183 10.4316 11.7668 13.0133 9.79253 12.1629 11.1369 18.0989 15.3891 15.3729 15.1408 14.0137 13.9838 12.7161 11.6674 11.8661 11.5683 11.1518
threshold=63.750000000000007 12.550000000000002 8.3202547721674893 8.106922599921079 0.061969147797986866 8.1002184355864184 1.4218077884243054 -1.2293004721190122 -0.04392335287284891 8.2493961352657035 49.500000000000007 -0.36840668273336991 0.18345909559741602 -0.15402761656229771 -0.75267507389761334 -4.6062970168599238 0.081147074510084363 6.4021276595744689 0.25752767280914385 0.24316009547175751 0.73660285973978923 0.051553385835583103 0.79184718492093542 -0.68765723674753521 -0.56390823111763655 -1.0000000180025095e-35 0.81995561527011962 0.98375030328842461 0.040479572510822522 -1.7247581331897883 0.034724174371147769 -0.64038699987619074 0.56841566929802234 0.079065670525846315 1.3411354174589116 0.020478054235392788 -0.41530852617694175 -0.23417379209270184 0.3335542302714532 2.4949083454998155 0.10113431683677847 -0.066355225274752697 0.77781526465737005 3.5000000000000004 1.4507532147233628 0.20305590134839763 0.40824829046386168 1.6313659888232717 6.4104870384917527 0.83546885054689379 -0.45729841484251316 -0.77041657336045111 0.88481243443476421 -0.36910401265630904 -0.15254436517520489 0.44593296654953435 0.17047317436661699 -0.052348243508987639 -0.39302722120149119 0.090593434343434351 6.9094065656565666 -0.57632145974386428
decision_type=2 2 2 2 2 2 2 2 2 2 2 2 2 2 2 2 2 2 2 2 2 2 2 2 2 2 2 2 2 2 2 2 2 2 2 2 2 2 2 2 2 2 2 2 2 2 2 2 2 2 2 2 2 2 2 2 2 2 2 2 2 2
left_child=1 29 5 4 41 10 7 8 9 -7 11 -3 13 14 -13 -16 -15 -18 -19 20 21 -20 -23 24 25 -9 -27 28 35 30 32 -32 -1 -33 -35 -26 -37 -8 -39 -4 -6 -2 43 -43 48 46 -46 -48 49 50 51 52 53 55 -54 -31 -57 58 60 -60 -55 -61
right_child=3 2 39 -5 40 6 37 23 -10 -11 -12 12 -14 16 15 -17 17 18 19 -21 -22 22 -24 -25 27 26 -28 -29 -30 44 31 33 -34 34 -36 36 -38 38 -40 -41 -42 42 -44 -45 45 -47 47 -49 -50 -51 -52 -53 54 57 -56 56 -58 -59 59 61 -62 -63
leaf_value=0.058164588596485538 -0.0037210502367059106 -0.014592703631925314 -0.020229967122715964 -0.039209353677066502 0.060149716376498366 0.21943352503793376 -0.00049390473596832641 -0.030553601494941404 -0.033982322473380192 -0.022279634777768967 -0.0062548798571062216 0.22884998549122224 0.0029616208893483483 -0.003464839142002843 0.12660507385210609 -0.03744088320112117 -0.0091072312751299973 -0.0074665884386347333 0.020322272138079751 -0.015738352650735279 0.00021362564716670467 0.24504749704989207 0 -0.0087755500881626768 -0.033205067261261156 0.22045941458269158 -0.018188670788677697 0.11893475104242433 -0.029098909886121124 0.01742596544567029 -0.01380741142535173 -0.001101177503848713 -0.010420063832536342 0.036681777745396389 -0.038566535630856595 -0.025745018786280074 0.1236476740009137 0.1627546260249548 0.0052669896816293213 0.051615172818118962 -0.02260338343988505 0.26083917511714144 -0.020145358768070405 0.0049776611407913608 -0.0039254149251656259 -0.023827739309024862 -0.015667547426076785 0.088716129146673192 0.0020051498029460026 -0.019104934556445106 0.0040923459246549557 -0.0074309678014022182 0.14497214150871099 0.046712873119242576 0.014596846338371503 0.062371247272958501 -0.0021171332503020566 -0.001031876627921215 -0.04803399047578881 0.078531306110620008 -0.0010678834962612267 0.026926471614655757
leaf_weight=26.216526798903942 3.3847714168950915 44.967466214671731 168.5857765506953 110.56864074338228 2.571264552883803 1.922132505103946 2.0247435718774796 1.6347720772027967 2.1363703375682226 0.91148657165467728 1069.0970377316698 1.1209882311522958 74.273584296926856 23.696400421671569 2.3164188824594021 2.8488827161490908 5.8982849195599583 4.7399803921580306 1.7040483867749552 1.9400811698287714 1.7912610154598949 4.5226451046764851 0.90740612149238575 78.036607207730412 2.007727603428072 2.2899801637977393 0.68080213665962208 1.0250830594450224 12.228146827779709 104.09740197658539 42.549283470958471 41.36080127581954 6.2184795066714278 55.381563622504473 4.5723290853202334 1.1631243098527191 2.9317577295005322 3.3882134817540637 1.564904444850981 3.7882044687867156 215.49482524301857 0.43049328494816907 0.82383183576166619 0.71811274625360966 134.08475405350327 64.058780640363693 4.4337943941354734 6.4382524564862251 3287.6664339490235 43.001570411026478 927.07838840410113 92.370149176567793 3.6299535259604454 13.863514386117457 4.9634365178644639 41.009103801101446 10.243207603693007 159.03066697716713 3.634759157896041 11.954705737531183 84.277124479413033 74.26201106607914
leaf_count=128 297 1104 6308 12596 226 36 53 49 59 25 30708 23 1915 729 49 81 99 141 49 64 47 111 28 2180 63 67 19 25 367 654 313 282 40 354 31 34 67 74 48 128 20742 30 71 53 1072 477 31 44 27242 341 6804 1031 26 91 38 264 61 973 27 74 530 447
internal_value=0.000378014 0.00168543 -0.00463565 -0.0260443 -0.0193611 -0.00287557 0.0113569 0.00531832 0.0807448 0.154848 -0.00419573 0.00863092 0.0170239 0.0367719 0.104464 0.0439184 0.0251918 0.0557435 0.0796281 0.115471 0.143208 0.174056 0.21086 0.000846263 0.0314787 0.107792 0.173703 0.00867168 -0.00306938 0.00352568 0.015218 0.00821682 0.0449475 0.0175598 0.0303224 0.0451371 0.0835079 0.0910291 0.12308 -0.0183336 -0.0213347 0.0509065 0.116046 0.179968 0.00311521 -0.00719332 0.000236337 0.0479916 0.00356087 0.00680504 0.00754832 0.0128349 0.0165156 0.0152713 0.0795612 0.0283197 0.0495932 0.00935107 0.0181199 0.0310536 0.00603437 0.0349576
internal_weight=7106.53 6772.54 1526.14 333.992 223.423 1353.77 113.946 106.968 4.96999 2.83362 1239.82 170.727 125.76 51.4864 6.28629 5.1653 45.2001 21.5037 15.6054 10.8654 8.92536 7.1341 5.43005 101.998 23.9614 4.60555 2.97078 19.3558 18.3308 5246.4 176.299 143.864 32.435 101.315 59.9539 6.10261 4.09488 6.97786 4.95312 172.374 218.066 5.35721 1.97244 1.14861 5070.1 209.016 144.957 10.872 4861.08 1573.42 1530.41 603.336 510.966 502.372 8.59339 155.35 51.2523 347.023 187.992 89.8515 98.1406 86.2167
internal_count=120140 86125 44750 34015 21419 38314 3166 2991 120 61 35148 4440 3336 1421 153 130 1268 539 440 299 235 188 139 2871 691 135 86 556 531 41375 1148 980 168 667 385 164 101 175 122 6436 20968 451 154 83 40227 1624 1147 75 38603 11361 11020 4216 3185 3121 64 979 325 2142 1169 548 621 521
is_linear=0
shrinkage=0.05


Tree=54
num_leaves=63
num_cat=0
split_feature=5 80 245 25 109 76 107 130 5 71 19 199 34 205 209 233 194 50 24 61 252 225 252 250 108 221 226 2 73 213 72 180 206 84 3 179 1 213 139 225 159 254 206 49 68 227 198 4 79 201 176 224 94 259 67 62 31 203 135 207 170 135
split_gain=90.7383 28.3738 13.9363 17.3377 19.4841 13.9259 16.0354 12.2361 11.2812 10.6497 11.6402 16.3733 17.0031 18.2187 25.8696 18.1554 16.4846 15.2602 18.6535 13.0708 12.9717 13.7539 12.9525 12.8044 12.7562 15.2988 13.9226 13.2782 20.2052 19.9138 22.9779 18.7731 20.2758 18.6529 17.4885 14.6264 12.2623 12.1201 11.9611 13.3178 12.9699 14.7239 11.4236 13.6208 11.1769 11.3747 10.9764 12.5876 15.7017 11.2926 18.9458 13.3702 17.7162 19.3447 15.7634 13.0193 13.336 10.9698 12.0776 14.2145 12.3122 13.6061
threshold=63.750000000000007 4.7527777777777791 2.0887971233301328 0.44231383511569283 0.076307002633426366 0.025183658369007985 2242.5000000000005 0.8825878547222068 191.15000000000001 8.2646076003034796 1.0000000180025095e-35 -0.92420187699044998 37.650000000000013 0.37964897022527005 -0.24114178462433236 -0.35389967240465586 0.72571805579366588 -2.9999999999999996 6.4500000000000011 1.3500000000000003 -1.0893033352944863 -0.35417886056457742 -0.58959000471238887 0.058190360354095284 0.072007465401863854 -0.37981847008900227 -0.6324554936273844 54.500000000000007 0.086576317383404003 -0.25814848980580107 40.500000000000007 -0.30032440216549644 -0.63889871068633808 0.87037037037037057 497.00000000000006 -0.44265236592194973 7.5000000000000009 -0.35186751429727031 -0.71949648814961276 -0.81533885970048925 0.22178009933529533 -0.27750005114600734 0.70918044342854025 4.6568627450980404 0.10227836959465561 1.2349136905597409 1.2320986259213249 -1.4999999999999998 9.5000000000000018 0.18686382009550043 0.80889056688766348 -0.068301626253496214 11.887638611903723 -0.41892383224409441 0.060351859143837554 7.3707409213596549 34.375595238095244 -0.69458667076421998 -0.19808092198878993 0.31928197843323852 1.0000000180025095e-35 0.31537094805193283
decision_type=2 2 2 2 2 2 2 2 2 2 2 2 2 2 2 2 2 2 2 2 2 2 2 2 2 2 2 2 2 2 2 2 2 2 2 2 2 2 2 2 2 2 2 2 2 2 2 2 2 2 2 2 2 2 2 2 2 2 2 2 2 2
left_child=1 -1 9 -4 -5 -6 7 -7 -2 10 11 12 23 22 -15 -16 17 -17 -19 -20 -13 24 36 -3 25 -22 -27 38 29 30 -29 -32 -33 -31 35 -34 -14 44 -28 -40 41 -41 -11 -44 45 -25 47 48 49 55 51 -51 53 -53 -55 56 -12 58 -49 -60 61 -61
right_child=8 2 3 4 5 6 -8 -9 -10 42 46 20 13 14 15 16 -18 18 19 -21 21 -23 -24 37 -26 26 27 28 -30 33 31 32 34 -35 -36 -37 -38 -39 39 40 -42 -43 43 -45 -46 -47 -48 57 -50 50 -52 52 -54 54 -56 -57 -58 -59 59 60 -62 -63
leaf_value=0.0033744277577250669 -0.01965208130140246 -0.0084095039309283696 -0.019637964266027402 0.0091513823273866087 -0.012626070493547274 0.19648231682431536 -0.024168234603707095 0.011584086355550543 -0.041054693147894963 -0.019007126461605166 0.15995014548262743 0.072965588919400914 0.12040687521372002 0.0054766555146451151 -0.027058630163837163 0.024288730580247914 0.013508631601290101 0 0.29717265230494355 0.042742832475065384 -0.012113437679470969 -0.0089372658811952607 -0.0081313085100200768 -0.026744823268178737 -0.0040049093486842829 -0.007101669175304086 -0.025231027285416537 -0.01844215753609928 0.0028762609498767331 -0.0066088887447119165 -0.017961203423923742 -0.025607417166491082 0.0047731806042994986 0.18771672762193869 0.010534199004657482 0.26871201785165444 -0.0039479347807435828 -0.012580149943587193 -0.038880066932196249 0.023831935285701135 -0.003951051177953465 0.16180046568390005 0.13276758593469931 0 0.071389901499282024 0.11256706674107808 -0.030684890682510447 -0.005936235210743694 -0.034995247941595198 0.016937515840602258 -0.031249456203416733 0.019325991071473186 0.022640917784612909 0.016647916763229725 0.24953364714512483 -0.0083046268740769574 0.023053396664295327 -0.016605606607469056 0.0058015349963893639 0.19374583454471861 0.0056692631939990164 -0.018330841869025862
leaf_weight=5219.7098924145103 240.11398167582229 68.653705457225442 11.274721371009948 11.021366228349509 1.6892596250399927 4.5842922441661358 1.0180654004216192 1.2915615560486911 85.245460002217442 176.75707174744457 1.1029566321522022 4.5622745519503942 3.5855969320982721 7.3972620069980648 1.2905015395954258 1.5686056455597279 1.9986468721181152 0.86386279948055378 3.2691285572946072 1.05671951174736 27.811564982868731 439.68963597808033 19.150271598249674 6.9417107058689025 138.30294108949602 17.980872969143093 10.266896038316192 6.533043488860133 9.7449171869084221 1.3657564464956546 2.1445445837453025 1.1594228046014921 0.69908915646374392 5.8463408658280969 1.3408519579097626 2.7227594135329061 3.251215985044837 11.555926712229846 3.237393418326973 4.1807409878820172 4.331336104311049 3.6484766677021971 1.6865933630615453 6.7459805887192488 15.695204738527535 0.79612425155937661 53.361099878326058 56.647130077704787 17.729712358675897 10.427956206724053 6.3940271148458114 2.4395055454224375 5.6179489707574248 1.1332092341035558 2.9590687081217766 54.153932207264006 16.699503780342638 260.25308714527637 11.15637235529721 2.4468349106609817 2.4356094049289823 0.70933689735829819
leaf_count=41881 22976 1669 261 275 46 87 26 28 11039 6511 23 135 84 125 43 46 62 24 74 27 882 12742 459 167 4052 561 278 178 255 50 71 37 19 160 35 70 85 278 98 109 144 103 50 224 296 15 1300 1330 776 271 162 59 142 28 65 1261 372 6837 459 86 98 34
internal_value=0.000366985 0.00160809 -0.00431854 0.0283882 0.0558636 0.108109 0.136179 0.164163 -0.0253836 -0.00500293 -0.00343653 0.000193505 0.0152785 0.0411734 0.0793129 0.127805 0.151573 0.184755 0.220689 0.255655 -0.00305292 -0.00367577 0.0133955 0.00408959 0.00588759 0.0191278 0.0307545 0.0426536 0.0639763 0.0897322 0.0498353 0.101619 0.141983 0.153985 0.181012 0.229194 0.0676747 0.0283059 0.0148324 0.04176 0.064931 0.0997362 -0.0162167 0.0375575 0.0483629 -0.000596854 -0.00941228 -0.00682945 0.00708823 0.0148008 0.0406131 0.0616389 0.0954196 0.146035 0.20196 0.00392521 0.0398566 -0.0118004 0.00516528 0.0412144 0.0995108 0.151937
internal_weight=7099.45 6774.09 1554.38 30.8793 19.6045 8.58318 6.89392 5.87585 325.359 1523.5 1338.31 832.643 147.074 43.4318 17.4447 10.0475 8.75696 6.75832 5.18971 4.32585 685.569 681.007 25.9871 103.643 241.317 103.014 75.2024 57.2216 31.5567 21.8118 14.5997 8.06667 5.92212 7.2121 4.7627 3.42185 6.83681 34.989 25.6648 15.3979 12.1606 7.82922 185.19 8.43257 23.433 7.73783 505.667 452.306 118.658 100.928 28.9717 22.5777 12.1497 6.53178 4.09228 71.9564 17.8025 333.648 73.3953 16.7482 5.59178 3.15617
internal_count=120140 86125 44244 723 462 187 141 115 34015 43521 36736 23433 3454 1029 401 276 233 171 125 101 19979 19844 628 2425 7102 3050 2168 1607 875 620 410 232 161 210 124 89 169 756 732 454 356 212 6785 274 478 182 13303 12003 3159 2383 727 565 294 152 93 1656 395 8844 2007 677 218 120
is_linear=0
shrinkage=0.05


Tree=55
num_leaves=63
num_cat=0
split_feature=5 71 80 199 33 255 249 152 197 204 202 195 80 244 167 151 31 172 92 71 83 165 200 196 101 250 149 195 21 189 101 259 157 249 250 67 206 207 57 231 69 192 214 33 201 98 71 110 218 20 21 154 175 170 245 80 176 202 213 74 98 88
split_gain=92.9669 23.489 16.8162 14.7767 12.0239 11.7648 14.73 13.3413 11.4454 11.3286 15.0423 11.2705 13.7435 13.1169 14.604 17.7319 13.0331 13.3058 14.097 12.717 12.9801 15.4346 14.0642 13.5683 12.9223 16.1639 16.7208 12.6435 12.4018 12.3972 13.3201 14.5848 12.3583 12.1117 11.9819 14.6543 11.377 11.3432 11.715 11.6063 11.0719 13.0518 11.7883 11.0627 11.6885 10.9921 15.8267 15.7396 21.0341 10.986 10.9324 22.7623 15.9939 15.2369 21.6565 14.7592 13.3743 12.8089 12.3021 10.9757 13.5489 10.8864
threshold=39.250000000000007 7.9547032828282829 8.2762289068231869 -0.29319925203197095 58.850000000000001 0.44206650183257007 0.099350141682482976 1.9446782333557213 -0.78474631002241557 -0.37588502617257274 -0.31528409577218075 -0.72440051144679929 1.4588963963963966 1.5549515466791981 -0.34543645953122043 -1.4955212709789085 34.316025641025654 -0.073122330425293647 -4.8959681672179984 8.2344714506172867 0.62500000000000011 -0.64193746688048414 -1.7733531241673413 0.53940606841920447 0.1160525919228451 0.74582842890447776 -0.33297281665187922 2.0286562584661065 0.68754084967320261 0.40112639548681867 0.11586674343138283 -0.41892383224409441 0.8436713825705594 1.7058549398743001 0.98793406580022802 0.1035042620586194 -1.3335746517881411 -0.47400111112553028 4.1500000000000012 -0.27475380990793424 7.1953033088235303 0.72229166870948325 -0.21613103578548101 84.050000000000011 -0.81121783240047229 0.073763611841057494 9.5181270536692235 0.075006894649751812 0.25368547493380578 12.16666666666667 0.62857443482443498 0.58124862821740875 -0.075153000835135916 -0.6389415187887747 -0.034313993345950575 18.12701612903226 0.67734564013013931 0.79162056732680297 -0.56795460992912872 0.26099033816425127 0.060719587465911003 49.603333333333346
decision_type=2 2 2 2 2 2 2 2 2 2 2 2 2 2 2 2 2 2 2 2 2 2 2 2 2 2 2 2 2 2 2 2 2 2 2 2 2 2 2 2 2 2 2 2 2 2 2 2 2 2 2 2 2 2 2 2 2 2 2 2 2 2
left_child=2 3 11 50 9 -5 -7 8 -8 -4 -11 13 33 14 15 -1 -15 -18 -19 20 21 23 -23 28 27 36 34 29 37 30 -22 -32 -31 49 -27 -36 -26 38 -14 -40 41 -35 -43 44 -28 -21 -47 48 -48 -13 -2 52 53 -52 56 -54 57 -55 59 -53 -61 -25
right_child=1 -3 4 5 -6 6 7 -9 -10 10 -12 12 19 16 -16 -17 17 18 -20 45 24 22 -24 61 25 26 43 -29 -30 32 31 -33 -34 40 35 -37 -38 -39 39 -41 -42 42 -44 -45 -46 46 47 -49 -50 -51 51 58 55 54 -56 -57 -58 -59 -60 60 -62 -63
leaf_value=0.065437044783308376 -0.0094692889515193782 -0.035128811212022097 -0.029162063885494756 -0.021371575723058922 -0.0071223273312877354 -0.032597767990104422 -0.011353636418793176 -0.020052960664416145 0.24429845455232524 0.21931897500028852 0.012572567795489098 0.0029654169686140252 -0.0011180369560917986 0.070037434596526726 0.0070830016129127711 -0.010639896864586468 0.026699402674744882 -0.041627862458902237 0.01093633175207707 -0.01874711785778543 0.009358560513109444 0.10211414429837998 0.001660520740686956 0.018873058776429873 0.08318402118503597 0.16085558120689689 0.11467533097761418 0.068850350183476558 0.073032072502449571 0.14036295113115804 0.16447755512749582 -0.0039068524649708914 -0.0054102448605471351 0.00031687752055488969 0.076847584732260041 -0.027556508856948814 -0.011648659896614996 -0.016526247634626727 -0.015289597167148856 0.13717619528563546 0.031792090468202153 0.012726971718796089 0.076178963269146902 -0.025630162433859821 -0.021470368071372842 -0.0024209420023340467 0.20862834884186215 -0.018729463180638183 -0.025576872094168219 0.074352997704387289 0.019046091849865495 0.013607215693969388 0.11800412087039683 0.31676954989460759 -0.00068493217399742006 -0.031764571389743645 -0.0091613054081838476 -0.0066965853886759574 -0.017296321956752955 0.22622156403045512 -0.016788184920197357 -0.004178946779274279
leaf_weight=6.9721219949424258 84.759497028775513 167.87588272197172 1.5251639094203708 237.76610411377624 548.18766393885016 2.0657646725885561 0.41482433397322904 0.8109236517921089 0.84915621345862757 0.83225027658045325 2.0541321057826272 1811.4542635828257 87.358497703447938 10.891621507704256 1058.7914438489825 192.18650902993977 102.69599734060466 15.816948700696228 51.720692714676261 164.27886585518718 155.60941102541983 2.4964070040732613 1251.7048062067479 69.663824062794447 2.2436730731278649 1.9638673551380623 2.4792825095355511 10.784378442913292 3.2479128055274478 2.7948644720017901 1.9321584589779375 2.109721476212143 2.1375433579087257 123.19515211880207 8.6532460842281562 4.4274287559092036 124.45169411599636 388.9321400243789 1.6956012770533564 2.1028451509773722 70.386945486068726 21.492739148437977 10.73686373233795 13.825719624757765 2.302250504493716 41.182865956798196 2.0401632823050018 2.0717984214425087 1.0596989709883926 4.4136528596281996 2.4649347015656531 5.9046419947408131 1.3381519643589834 1.7070029219612486 1.1085926811210809 4.5689429393969476 0.34013400552794326 0.26539272628724564 26.004264105577022 0.60774341411888577 0.63724661804735661 184.67321773804724
leaf_count=51 5641 17322 55 19700 16624 147 30 49 53 29 65 9964 1138 85 10060 2106 792 134 416 2631 1772 38 16373 825 30 20 24 112 38 29 21 28 25 631 102 50 1513 4615 18 26 364 107 54 164 32 670 35 36 17 27 139 460 58 115 76 365 24 21 2038 37 41 1972
internal_value=0.000303188 -0.0196294 0.00194304 -0.0125386 -0.00639432 -0.0198157 0.0553296 0.126628 0.190232 0.0677452 0.114566 0.00271025 0.00149533 0.00656958 0.00474419 -0.007638 0.0191242 0.0154475 -0.00172872 -0.000959551 0.000105239 -0.00142676 0.00194564 -0.00716219 0.00918701 -0.0010499 0.0292084 0.0185283 -0.0120747 0.0148049 0.0120495 0.0922523 0.0860837 0.00454867 0.0666284 0.0417074 -0.00929182 -0.0128115 0.00299092 0.0790718 0.0154501 0.00786142 0.035672 -0.00264689 0.0558826 -0.0126945 0.00859323 0.0832921 0.140635 0.00318251 0.001043 0.0207502 0.0774094 0.129435 0.185541 0.0136116 0.249581 0.283954 -0.000934056 0.0527843 0.147537 0.00216468
internal_weight=7111.07 539.489 6571.58 371.613 552.599 241.907 4.14067 2.0749 1.26398 4.41155 2.88638 6018.98 4579.9 1439.08 1257.95 199.159 181.125 170.234 67.5376 2538.22 2327.59 1991.88 1254.2 737.674 335.715 160.347 33.6518 175.368 483.337 164.584 159.651 4.04188 4.93241 2041.68 15.0445 13.0807 126.695 480.089 91.1569 3.79845 225.812 155.425 32.2296 18.6073 4.78153 210.633 46.3545 5.17166 3.09986 1815.87 129.707 44.947 11.7932 5.88606 3.42112 5.90709 2.31253 1.9724 33.1539 7.14963 1.24499 254.337
internal_count=120234 46316 73918 28994 16773 19979 279 132 83 149 94 57145 43501 13644 12217 2157 1427 1342 550 32354 28965 25043 16411 8632 3922 1935 392 1987 5835 1875 1821 49 54 11147 172 152 1543 5797 1182 44 1156 792 161 220 56 3389 758 88 52 9991 9015 3374 798 375 236 423 160 136 2576 538 78 2797
is_linear=0
shrinkage=0.05


Tree=56
num_leaves=63
num_cat=0
split_feature=80 80 71 70 110 259 172 171 188 153 170 156 222 246 242 107 69 219 166 225 251 258 63 259 153 178 173 206 71 98 199 99 33 164 71 226 177 24 242 104 238 130 243 245 250 248 3 139 217 238 92 76 132 248 168 201 195 68 201 174 161 244
split_gain=85.6057 21.4641 17.0806 13.6293 17.9419 21.007 13.4331 13.1114 12.9691 18.0361 19.0032 20.8764 21.4741 18.9174 17.4156 15.6188 12.7379 12.9431 13.529 24.1348 12.2514 12.0681 11.7858 11.4168 18.13 13.9867 11.272 10.6095 10.2882 10.7754 11.1954 17.7982 16.4697 23.1131 16.4635 15.3271 14.5424 16.4114 15.1859 18.4643 13.7799 14.8818 15.1633 14.8428 12.9654 14.6048 23.142 17.1713 19.5113 12.2657 10.283 14.1864 32.883 14.4827 11.318 10.0969 10.0448 12.5114 12.3949 12.2297 16.1091 11.6536
threshold=20.895644283121602 8.2762289068231869 8.0066006780399501 0.1359369958642537 0.045353443397387012 -0.25409944487358049 0.38516444325982163 -0.62116384368186572 0.97510877005755414 0.55070800514345419 -0.35811090384936289 1.4176715446563692 -0.41234879527649287 -0.60013462723640132 1.3677832479454313 2139.5000000000005 6.2222714299773658 0.30726690220612013 -0.31646937173148804 -0.58425721620479865 -1.3112708800339834 0.965934974105643 0.066592747260556154 -0.44927764405728321 -0.50442641468807359 -0.51984427561407831 -0.30215249498010571 -0.06466189584830026 9.6096109839816943 0.094429795350847986 -0.6890139272410315 -0.060361688673633139 109.85000000000001 -0.069811362117157591 7.974440633676303 -0.33445128056669249 -1.0000000180025095e-35 6.5500000000000007 -0.55913590886540987 8.5000000000000018 -1.0505934216290116 -1.1650458342039884 0.41596314167396808 -0.51394659190769598 0.5526090338745403 -0.68389162397271519 443.00000000000006 -0.97003557617970204 -0.5035944552095829 -1.1250985278796313 9.9401633563124232 0.026402927849424888 0.3578739589461683 -0.77490688021201792 -0.81747886641130096 -0.96512021069148923 -0.72440051144679929 0.085913072939354351 -1.9612645218010567 1.6020819787597214 -0.25864683225655366 1.5549515466791981
decision_type=2 2 2 2 2 2 2 2 2 2 2 2 2 2 2 2 2 2 2 2 2 2 2 2 2 2 2 2 2 2 2 2 2 2 2 2 2 2 2 2 2 2 2 2 2 2 2 2 2 2 2 2 2 2 2 2 2 2 2 2 2 2
left_child=1 56 16 7 5 -5 27 -3 28 10 11 12 -10 -14 15 -15 17 18 -2 21 -12 26 -21 24 25 -6 -20 -7 29 30 36 32 -32 34 35 -34 -9 -38 -39 40 -40 42 43 -42 45 -43 -47 -48 -49 -35 -33 52 53 -52 -55 -50 61 58 -58 -59 -61 -1
right_child=2 3 -4 4 23 6 -8 8 9 -11 20 -13 13 14 -16 -17 -18 -19 19 22 -22 -23 -24 -25 -26 -27 -28 -29 -30 -31 31 50 33 49 -36 -37 37 38 39 -41 41 44 -44 -45 -46 46 47 48 55 -51 51 -53 -54 54 -56 -57 57 59 -60 60 -62 -63
leaf_value=0.0044878321949058482 -0.016332090926180095 -0.026696119019341699 -0.037925145344148523 0 0.039123831373563234 0.011106532934172238 -0.023472749111418344 -0.028842441375014266 0.0075456449088244565 -0.026246296352276467 0.12241917507213761 -0.019848505579532025 0 0.33764384381161605 0.0035741212459883993 0.030632322115108676 -0.018901740697791408 -0.033261727421880716 -0.009879323699963579 0.1232584246800984 -0.011174439962136861 -0.013858463278178338 -0.0049482026005855167 -0.014078465701903157 -0.00032692855043514027 0.21154424936184513 0.24982201920509939 0.18333227375641126 -0.043433766117205556 -0.021324040827227449 -0.0032792847594909527 -0.01567588706346093 0.22005257215588717 0.11601332882166354 -0.0070372901151176878 0 -0.016534805319394701 -0.0043108941602369175 -0.034974031638182128 -0.013485401991845732 0.018205470107145138 0.0020699056441141491 0.006915032407510068 0.25561677929566118 -0.015220207621263091 -0.023413854998634659 -0.026993756535958143 -0.025617156798760945 0.014190029175412911 -0.03384097699644241 0.0030610230018545941 -0.0070787147085751628 -0.033049853589073065 -0.01363380548414741 0.20609963523640104 0.18721359840557567 0.023424145318972765 0.0031214609776986837 -0.0018773351668885702 0.0043286903379159414 0.042758147926188525 0.017980925187782684
leaf_weight=1261.7161581823602 6.4274992677383169 89.650043291039765 123.04199201194569 6.6598370438441634 4.4428943665698171 1.3279074691236017 0.99601244181394566 16.705085072666407 2.3148654382675886 10.995580563321708 0.98942645825445374 2.3622587500140071 0.99779214709997166 1.9428740292787559 0.72878333739936341 0.77704018540680397 237.05936321662739 7.8413665965199462 0.36138005508110005 1.2741211652755682 11.435173757374288 0.51041790889576066 7.8396310182288289 38.511314849369228 13.564501312561331 1.0735827321186686 1.8123172046616716 4.0539032537490112 18.853984381072223 97.838091949932277 15.655843780376019 224.99060658738017 3.2074594032019372 0.76844515372067679 1.3877121759578583 0.969969687983394 20.222135085612535 16.890545517206192 2.3445291938260224 8.2038603164255601 1.091333161108196 5.4111450668424448 1.4775069486349819 2.2311959927901652 4.555982429534196 2.75552568119019 1.2415899224579394 1.1426323279738486 1.1889349129051012 4.9923311620950681 1.6710450891405342 25.965142630971968 4.7232895726338029 0.49373987969011102 3.2443897752091271 8.1431513894349123 48.50708339177072 2280.4087188038975 2138.7788613326848 68.276352128013968 45.06854491494596 182.96888058446348
leaf_count=12226 517 3571 14545 200 141 42 32 573 79 378 35 91 35 59 21 25 21893 570 24 98 422 38 600 1204 386 31 126 100 916 3567 590 8244 92 25 51 33 589 508 72 244 35 173 42 53 124 93 27 31 30 191 61 926 177 21 104 205 346 20522 21709 529 413 1429
internal_value=0.000300253 0.00161846 -0.0225604 -0.00671879 0.0139296 0.0646258 0.122739 -0.00909559 -0.00606955 0.0240168 0.0499133 0.10084 0.140775 0.195096 0.239229 0.283092 -0.0152403 0.0173414 0.0399709 0.0699149 0.00741831 0.178658 0.022896 0.00146062 0.0322116 0.10076 0.215562 0.15002 -0.00808839 -0.00660074 -0.00276766 -0.00765785 0.0302484 0.0735054 0.137643 0.178747 0.0121509 0.0213761 0.0350412 0.0515656 0.0685114 0.0778569 0.153646 0.201045 0.05732 0.0741142 0.0988541 0.127583 0.147097 0 -0.0116948 0.0127379 0.0600428 0.134585 0.179269 0.169161 0.00257659 0.0014281 -0.0013035 0.00392567 0.0198932 0.00621144
internal_weight=7103.08 6716.92 386.168 691.191 70.63 13.0377 6.37782 620.561 530.911 32.5438 21.5482 9.12361 6.76136 4.44649 3.4487 2.71991 263.126 26.0667 18.2254 11.7979 12.4246 2.68412 9.11375 57.5923 19.081 5.51648 2.1737 5.38181 498.367 479.513 381.675 288.07 26.9818 11.3259 5.56514 4.17743 93.6052 76.9001 56.6779 39.7874 31.5835 29.239 4.80004 3.32253 24.439 19.883 14.4718 11.7163 10.4747 5.76078 261.088 36.0976 10.1325 5.40917 3.73813 9.33209 6025.72 4581.04 2187.29 2393.75 113.345 1444.69
internal_count=120234 81823 38411 24649 2136 374 174 22513 18942 1145 767 310 219 140 105 84 23866 1973 1403 886 457 188 698 1762 558 172 150 142 17797 16881 13314 10515 982 392 176 125 2799 2226 1637 1129 885 813 130 88 683 559 386 293 266 216 9533 1289 363 186 125 235 57174 43519 22055 21464 942 13655
is_linear=0
shrinkage=0.05


Tree=57
num_leaves=63
num_cat=0
split_feature=5 71 5 69 173 178 153 257 69 95 249 120 25 36 254 38 238 249 122 63 205 122 241 252 189 181 72 198 227 136 248 89 63 139 214 206 199 98 101 4 99 209 174 249 239 257 69 94 245 156 197 227 5 219 224 121 164 98 132 230 157 65
split_gain=78.2368 22.2659 14.3697 14.0558 14.5348 13.8167 15.9734 15.3333 14.444 12.6748 12.424 12.5291 19.9632 32.8224 28.2542 19.1069 17.6201 13.9808 12.5347 12.4967 12.3985 12.2493 12.0554 11.5796 10.7368 12.4467 11.6276 10.352 12.5124 12.1692 10.2336 10.0782 9.91454 9.75452 10.7302 12.7412 9.6666 22.4544 11.6152 11.0462 13.0722 11.8558 10.9956 10.8916 10.8159 14.3397 15.5905 15.3885 16.2844 11.2795 13.1281 12.9775 16.4333 11.8006 11.6323 12.1547 14.0504 12.6386 13.9262 14.5515 11.5615 11.4085
threshold=39.250000000000007 8.106922599921079 8.6500000000000004 6.779826714997859 -0.44941254605597653 0.03984450253365935 -0.4087673560737009 -0.28301261635371361 7.5711379760861304 7.5000000000000009 -0.59317451204854033 -0.64722222222222203 0.65715114993365786 69.500000000000014 -0.26654315570020276 1.5000000000000002 -0.87699718755160749 0.47946656902912743 0.087121212121212141 0.083241867645695036 0.24781958042883559 0.095454545454545472 0.5472997198895545 -1.0893033352944863 -0.074466123572694332 -2.3439801641351941 140.50000000000003 -0.20335465296029484 -0.57812939553926068 -0.47460150942211404 -0.92358794742856387 75.250000000000014 0.070373555086313877 1.2556562238868916 -0.52609688345519634 -0.39435166816652911 -1.3276523681826726 0.015068091630591631 0.1174001056152086 -2.4999999999999996 -0.028713606654783123 -0.97231102494662369 -0.24250379203604214 -0.06603381797442176 0.3899458921134456 1.3703143220002503 8.706925097054123 26.846016299425667 0.82715461559943271 -0.6251539743131852 0.57724012980817452 -0.52293863714863187 6.0500000000000007 1.4795044016282703 0.97016220086842231 5.5000000000000009 0.2473626594961493 0.073763611841057494 -0.24208424846973423 0.73368085890759571 -0.063870902373104652 464.50000000000006
decision_type=2 2 2 2 2 2 2 2 2 2 2 2 2 2 2 2 2 2 2 2 2 2 2 2 2 2 2 2 2 2 2 2 2 2 2 2 2 2 2 2 2 2 2 2 2 2 2 2 2 2 2 2 2 2 2 2 2 2 2 2 2 2
left_child=2 3 36 4 -2 -5 7 8 -7 21 -6 12 17 14 15 16 -14 -12 31 -13 -21 -10 -19 27 25 26 -25 28 -4 -30 33 -18 -31 34 -8 -36 37 38 -1 40 -39 -42 -40 44 45 -38 47 -47 -49 53 54 52 61 -46 55 56 57 -51 -59 -60 -58 -52
right_child=1 -3 23 5 10 6 30 -9 9 -11 11 19 13 -15 -16 -17 18 22 -20 20 -22 -23 -24 24 -26 -27 -28 -29 29 32 -32 -33 -34 -35 35 -37 43 39 42 -41 41 -43 -44 -45 49 46 -48 48 -50 50 51 -53 -54 -55 -56 -57 60 58 59 -61 -62 -63
leaf_value=0.077255003111150217 -0.035675054560137739 -0.035626348407877866 -0.028763640404673288 -0.022642485663748577 -0.01974927542953455 0.0094788265143972983 -0.021599214192086998 -0.015626565389783641 0.3212639731550766 -0.0099715922856895879 -0.0080435324072831247 -0.0098544863882055952 -0.010211629623559272 -0.015412708332112722 -0.0082558864792991165 0.0022270381049452909 0.38362228497373158 0.017172662820017764 0.01507577720828714 0.13308943474008725 -0.027459543897113921 -0.0064741074313790963 0.13958229376868755 0.0084406868645365094 -0.00052592890030313027 -0.012645620610129794 0.12313547111233213 0.0018092108501263828 -0.007002080454352938 0.014707269731034991 -0.016014764784493506 0.019763699529483213 0.20307057707153522 -0.028867320268340588 0.22277381456491407 0 -0.005677833910381274 0.05477895745166822 0.066778325320067153 0.0034956094927356164 -0.01054313765946914 0.060944184697755525 -0.010061699689364656 0.0045398091914345953 -0.024600887722491332 0.010805085449407127 -0.042396384416109822 0.11259074315454898 -0.011973331304722711 0.012587172352327473 0.0075205033853451139 -0.012006981028765532 -0.039952685519869004 0.066462594950347717 0.032706113972054612 -0.0044340825799337484 0.036523638836359416 0.0040626700097600088 0.086846507993070976 -0.0087039028604769496 -0.039978669388881685 0.086486107217221372
leaf_weight=16.827832482755184 19.151424906682223 137.11405915906653 1.3994971290230749 234.68265567393973 23.272123514674604 1.4170768866315486 0.91159369796514522 2.0059747421182683 0.73543404741212703 0.36755037400871515 16.624148510862145 31.967910162638873 0.37377653503790531 3.3531416873447597 1.4885721462778727 0.80635641142725933 1.747480451129378 5.502539409324525 0.44507355010136951 2.2329855551943179 1.3817131598480044 0.25957181351259351 2.6386794378049672 8.6845705024898034 1664.7844263575971 297.54253405332565 2.0997567754238835 8.0344659127294999 1.3023891448974607 1.1732240393757813 26.480150182265788 0.35792480781674374 2.3022219836711884 1.5535920425318179 0.99468648619949807 0.9614875824190704 950.97129422798753 23.686971843242645 6.3678925633430508 334.44055032730103 24.624737508594993 6.4884635880589476 11.838926255702971 2614.0602679476142 43.166080549359322 122.42222110927105 11.445485416799782 6.8006841689348203 3.5837884619832039 59.105203326791525 8.822370067238813 108.49505506828427 5.8362768813967696 2.8875164762139311 65.901684105396271 96.233668245375156 6.1869518458843258 11.877233162522314 21.041766703128818 4.5410894975066176 14.974877774715422 9.3742057234048826
leaf_count=90 1383 15454 31 20697 1676 97 66 145 52 30 1139 2106 27 237 126 63 103 321 25 127 92 22 151 176 34963 6595 37 166 18 22 1888 30 48 129 62 68 7273 149 36 2126 148 54 75 17608 340 879 86 52 24 435 58 716 62 21 437 707 48 85 148 33 118 54
internal_value=0.000291389 -0.0183817 0.00176723 -0.0120974 0.00279951 -0.0182384 0.0104149 0.0867116 0.146483 0.222531 0.0111427 0.0217786 0.0433277 0.104987 0.173185 0.23308 0.278674 0.0185443 0.313371 0.000819888 0.0779846 0.27287 0.0683236 -0.00178248 -0.00211888 -0.0106742 0.0397506 0.0416619 0.0853251 0.118803 -0.00359185 0.349659 0.158095 0.0591185 0.103217 0.150704 0.00330462 0.0104902 0.0482903 0.00696009 0.0275723 0.00564295 0.0186306 0.00256958 -0.000742921 -0.00344436 0.0111829 0.0161202 0.0718875 0.00569339 0.00833097 -0.00458136 0.027882 -0.0174939 0.0144579 0.00868805 0.0194036 0.0274677 0.0498786 0.0700083 -0.0167477 0.0508473
internal_weight=7098.15 518.828 6579.33 381.714 111.344 270.37 35.6871 4.78561 2.77963 1.36256 92.1924 68.9203 33.3377 8.57233 5.21918 3.73061 2.92426 24.7654 2.55048 35.5826 3.6147 0.995006 8.14122 1987.32 1973.11 308.327 10.7843 14.2118 6.17733 4.77784 30.9015 2.10541 3.47545 4.42136 2.86777 1.95617 4592 424.275 35.0347 389.241 54.8002 31.1132 18.2068 4167.73 1553.67 1095.22 144.252 132.807 10.3845 458.444 412.39 132.528 24.0329 46.0536 279.862 213.961 117.727 96.5653 37.4601 25.5829 21.1618 18.1966
internal_count=120234 46316 73918 30862 7606 23256 2559 346 201 104 6223 4547 2222 611 374 248 185 1611 158 2325 219 74 472 42056 41771 6808 213 285 119 88 2213 133 70 325 196 130 31862 2678 201 2477 351 202 111 29184 11576 8314 1041 955 76 3262 2901 890 174 361 2011 1574 867 701 266 181 166 112
is_linear=0
shrinkage=0.05


Tree=58
num_leaves=63
num_cat=0
split_feature=80 80 69 188 153 254 84 222 182 93 197 36 77 40 249 199 19 240 258 33 216 16 155 109 61 33 243 64 63 137 258 215 29 164 99 251 137 32 182 107 174 237 207 107 180 258 49 174 171 38 215 64 94 121 111 69 74 68 107 161 116 95
split_gain=73.3589 20.0404 17.3774 11.8918 17.5635 29.865 24.7103 23.4899 21.8466 16.0173 15.7186 15.4518 12.7768 11.787 12.6544 12.3716 14.2772 16.0348 13.2376 13.7286 13.1139 12.9026 14.8123 14.6875 16.3545 16.5051 14.7275 12.3855 12.0195 11.7275 12.2187 11.4994 12.306 11.3543 11.4662 12.5552 10.963 10.9223 11.0519 14.2923 12.9258 12.2769 10.685 10.3839 10.2153 11.6385 11.6867 11.6146 14.1667 19.051 15.6389 16.8749 10.0661 10.516 12.8516 12.1885 9.90243 10.5988 12.4262 9.41432 9.23277 9.2285
threshold=23.716517857142865 8.2762289068231869 6.2222714299773658 0.97510877005755414 0.42203944626869067 -0.27984603207558184 0.49907407407407417 -0.50009071095277302 0.52358132380745459 9.3817196742894939 1.1277082374196057 126.50000000000001 0.30754265190062863 5.5000000000000009 -0.9536432205987796 -0.85346149383417458 1.0000000180025095e-35 -0.067677636889219975 -0.87038827977848898 119.05000000000001 2.2604948433258985 2.5000000000000004 0.90501711263897933 0.14316770186335406 3.3000000000000003 71.550000000000011 0.76887195872097636 8.1983555839526527 0.076302999294769289 1.1547219388902736 -0.52284864661676844 -0.71949648814961276 0.48958803258145367 -0.35772538410839538 0.078302650603162119 0.74083671158848108 1.3657665920276283 35.350000000000001 -0.20089109733382146 302.50000000000006 0.54006172486732218 -0.93873169387745004 1.0820119053803869 917.50000000000011 1.0548316944394365 -1.1725554802410738 4.2565789473684221 -0.062842417882078325 -0.13749158520213625 3.5000000000000004 0.68515716100012514 7.8788403061759471 -16.425935791377572 7.5000000000000009 8.657402646373237 6.636217959628282 0.39489928525016249 0.027067730380983399 44.500000000000007 -0.033637192892090516 -0.5183333333333332 5.5000000000000009
decision_type=2 2 2 2 2 2 2 2 2 2 2 2 2 2 2 2 2 2 2 2 2 2 2 2 2 2 2 2 2 2 2 2 2 2 2 2 2 2 2 2 2 2 2 2 2 2 2 2 2 2 2 2 2 2 2 2 2 2 2 2 2 2
left_child=1 -1 37 13 5 10 -7 -8 9 -9 -5 12 -11 14 -3 16 17 -16 -19 21 29 28 23 24 25 -23 27 42 -20 52 33 -22 -33 -31 35 36 -35 -2 39 41 61 -39 -27 -30 -15 46 -46 -47 -49 50 51 -50 53 -17 55 -55 -54 59 60 -58 -59 -41
right_child=2 3 -4 4 -6 6 7 8 -10 11 -12 -13 -14 44 15 20 -18 18 19 -21 31 22 -24 -25 -26 26 -28 -29 43 30 -32 32 -34 34 -36 -37 -38 38 -40 40 -42 -43 -44 -45 45 47 -48 48 49 -51 -52 -53 56 54 -56 -57 57 58 -60 -61 -62 -63
leaf_value=0.0023431855461969108 -0.026396427296832475 -0.022943405414666052 -0.026512770462774074 -0.03151910311298816 -0.020297514849473449 -0.034884979797225033 0.00072149237463882919 0.0037622860214179864 0.038960350748997716 0.34235399778035691 0.095189059997496814 0.0082936601727912809 0.034952403749496201 -0.023304531106538857 0.0040898213497964414 -0.036732847632231003 -0.021059010100478767 -0.03718202127792284 -0.025635813519255597 -0.025931944276496883 -0.0029507283898298955 -0.021936052729836335 -0.005907875110286398 -0.025414371352912798 -0.02446814538755368 0.24360717572061558 0.030415123627133663 0.0024711163707190993 0.13115876729776504 -0.023885684244988478 -0.00069290287175434407 -0.0027325407980409375 0.18728893167444949 0.25058386975979308 -0.018224590128473522 -0.01464157275800013 -0.0095598040506915134 0.10353046515650564 -0.023670581022640674 0.18017199058137176 -0.010280571671738256 -0.033312329806091348 0.023849995852193433 -0.02503597595639187 0.19490876705833379 -0.031508398998501101 -0.018871043733939864 -0.017028515447824268 0.27954557975895539 -0.029664171433829836 -0.018939783051789911 0.0020715205328161123 -0.0064674558792759797 0.079667840991783367 0.13252288823469663 -0.026152721595497391 0.14715435829779255 0.13822707655716962 -0.011351653682868838 -0.020218062508094645 0 0.022329679221692128
leaf_weight=6039.2894866960123 9.5339788245037216 74.45771545637399 295.07885983586311 11.660964340902867 16.677596041001379 2.3798783998936406 2.7549893874675027 0.74769613798707624 2.7834375174716115 2.4106340128928432 2.032227403484284 0.61460037622600783 0.69143978226929892 160.25178404152393 34.307965843006968 49.352761813439429 18.53933179564774 2.8448873143643167 4.8740631584078127 3.0793282603844991 3.2318790350109339 0.89981012791395087 2.4047384718433014 1.131510704755782 1.0525048123672593 6.0620187129825336 1.9671682007610796 0.77241337671875943 2.2366694677621131 1.0660476703196762 7.0718968007713539 1.1759493602439755 1.4847752032801507 1.6363382795825607 0.70832456462085236 0.54200041480362404 0.35134579241275776 1.2407545009627936 4.7436898183077565 3.3094646162353456 1.6169094592332838 5.0867884308099764 0.90813274309039105 1.1010507168248294 0.60922104865312821 11.796564515680078 0.73175831325352192 4.9910606928169727 1.2523445747792692 1.5944092655554412 0.73631770070642222 0.79242096003144968 244.81267736759037 2.3763777809217581 0.87749153561890203 12.963119760155676 1.9885577671229842 1.8665973544120791 13.874581054784356 0.79854032117873686 1.9810547996312404 1.6807069331407545
leaf_count=57174 871 3235 33015 432 590 90 108 32 96 72 63 26 24 6560 1026 1918 585 93 139 91 120 31 80 33 29 153 50 23 45 63 420 42 51 84 40 34 20 101 430 273 150 462 19 31 25 487 31 210 38 68 30 26 8937 62 27 491 56 48 435 28 59 152
internal_value=0.000284597 0.00139631 -0.0229832 -0.00641951 0.0188487 0.0438955 0.0970611 0.129226 0.171456 0.230901 -0.00717525 0.26505 0.300278 -0.00802309 -0.00405436 -0.000728976 0.0165881 0.0277883 0.0542916 0.0652927 -0.0048667 0.0780678 0.10429 0.124292 0.140072 0.157527 0.175121 0.20363 0.0229412 -0.00623769 0.0415364 0.0633923 0.124135 0.098914 0.136619 0.174273 0.215118 0.0146959 0.0373516 0.0601826 0.106401 0.00330551 0.222187 0.0845872 -0.0188764 0.0120937 0.117887 0.000148057 0.0396931 0.0964562 0.158806 0.209654 -0.00801541 -0.0254166 0.00886483 -0.00558064 -0.00361696 0.0288948 0.0116488 0.105204 0.0808521 0.140447
internal_weight=7091.89 6769.6 322.291 730.309 42.7535 26.0759 12.3827 10.0028 7.24781 4.46437 13.6932 3.71667 3.10207 687.556 504.8 430.342 82.1816 63.6423 29.3343 26.4894 348.16 23.4101 15.1983 12.7936 11.662 10.6095 9.70973 7.74256 8.21178 342.268 11.376 5.8926 2.66072 4.30406 3.23801 2.52968 1.98768 27.2123 17.6783 12.9346 6.60708 6.32754 6.97015 3.33772 182.756 22.5041 1.34098 21.1631 9.36655 4.37549 2.78108 2.04477 330.892 65.5698 16.217 15.3395 265.322 20.5093 17.7222 2.7871 3.84765 4.99017
internal_count=120234 84780 35454 27606 1533 943 448 358 250 154 495 122 96 26073 18598 15363 2428 1843 817 724 12935 633 418 338 305 276 245 195 215 12722 661 213 93 241 178 138 104 2439 1568 1138 575 563 172 76 7475 915 56 859 372 162 94 64 12061 2498 580 553 9563 626 542 84 107 425
is_linear=0
shrinkage=0.05


Tree=59
num_leaves=63
num_cat=0
split_feature=80 80 71 69 198 253 111 221 109 70 110 215 31 34 216 204 162 255 10 40 2 71 134 203 130 197 145 207 227 71 33 32 171 249 196 253 107 145 101 258 36 88 162 1 207 163 242 101 252 182 257 84 77 88 207 182 161 195 111 34 201 254
split_gain=67.6628 17.8454 17.5332 15.0259 12.1958 12.4043 15.8679 13.872 13.2919 11.0554 12.2993 15.2798 12.8174 12.7818 11.7912 11.7274 13.5426 12.7541 15.3256 18.9277 15.7581 15.5448 12.1557 12.5123 12.8427 11.6838 15.009 15.0845 11.6007 11.5935 10.7542 15.0176 10.7716 11.163 13.8906 16.7469 12.8299 12.6942 11.9802 13.7245 10.9075 13.4763 14.054 10.4816 14.9856 14.1204 14.9329 14.7741 10.4456 10.338 16.3884 20.4009 11.9453 12.4734 13.5616 10.8027 13.842 9.57076 9.51867 9.33721 9.30827 9.15484
threshold=23.716517857142865 8.2762289068231869 8.0066006780399501 6.2222714299773658 0.37412709891506352 -0.11705844960728294 7.5219315121200472 0.071992238610450454 0.049085331846068052 0.10592179958276705 0.037071394214251367 -0.29509323958628814 27.358571428571434 38.350000000000001 3.5445903006608872 -0.45938292310928347 0.2055528346930969 -0.46285701706080412 1750.0000000000002 3.5000000000000004 54.500000000000007 6.2369945101677891 0.4240093368410956 -0.36942432928503804 0.99451845991079957 0.53543353917811343 -0.3088695552973007 0.79029812214740802 -0.23624096648551249 7.1148437059188634 58.850000000000001 34.350000000000001 -0.65839696722301555 -0.51438215106739305 1.5585326565257966 -0.19901980021701338 48.500000000000007 0.32334519205990081 0.12159512453630102 -1.0922106581337703 64.500000000000014 83.035087719298261 0.12747057008861087 11.500000000000002 0.44224193806749407 -0.4427553340077211 -0.42084059034536619 0.11339312490628282 -0.34812565952020097 -0.44439497359561109 -0.55589389638375686 1.4594907407407411 0.27748430456066603 47.40384615384616 1.063955664172719 -0.69452486164297567 0.35812262793918248 -1.2043910090229144 7.5497524752475256 42.750000000000007 -0.48416464422975636 -0.25084726965403897
decision_type=2 2 2 2 2 2 2 2 2 2 2 2 2 2 2 2 2 2 2 2 2 2 2 2 2 2 2 2 2 2 2 2 2 2 2 2 2 2 2 2 2 2 2 2 2 2 2 2 2 2 2 2 2 2 2 2 2 2 2 2 2 2
left_child=1 -1 3 4 5 -2 -7 8 -8 30 11 -11 -12 25 15 16 17 18 20 22 21 28 23 24 -20 26 58 -28 -14 -18 31 -3 -32 59 37 36 -36 49 39 61 41 43 -43 -41 45 -45 47 -47 -33 50 -35 52 55 -54 -55 60 -57 -53 -13 -34 -52 -39
right_child=2 9 -4 -5 -6 6 7 -9 -10 10 12 13 14 -15 -16 -17 29 -19 19 -21 -22 -23 -24 -25 -26 -27 27 -29 -30 -31 32 48 33 34 35 -37 -38 38 -40 40 -42 42 -44 44 -46 46 -48 -49 -50 -51 51 57 53 54 -56 56 -58 -59 -60 -61 -62 -63
leaf_value=0.002222732280009423 0.0051538765424105478 -0.0045296907222192604 -0.039256963471064971 -0.018472399064790306 -0.0049826887246743681 -0.0071902287086744524 -0.010311461041445452 -0.01467946437141264 0.27141489190171125 -0.010994468853848825 0.11423624955289169 0.097137699612626291 -0.020295119977321141 -0.033744841518985429 0.13178907826952849 -0.012645230738096159 -0.03060233092231009 -0.027660016634899927 0.23185196609125291 0.0062396999599338976 -0.037505316157242445 -0.01439541999862207 -0.0019078280003233144 0 0.00258001526258601 0.0022890841172637081 0.20696386922358745 0.0088010259564201866 0.16283779324632452 0.097491705606014001 -0.028960796691907542 0.19054730458037542 -0.018950456887590075 -0.027318689903155557 -0.024146105920883107 0.0075101983758384507 0.14670614416637479 0.14723216881971066 -0.014144902552031133 0.0053771749528194676 -0.021435102644838611 -0.0030638852006078061 0.20520717890635162 -0.025535788097954249 -0.022890224679607343 0.0015354014786034932 0.0060125230121221623 0.24983422786921561 -0.015907016949631606 -0.018708773082657209 0.08612367013947525 0.098565835599182194 -0.022930527474157927 0.19142853978220081 0.0071034032168548027 0.0088335197983020856 0.17371839708414916 -0.029453868339712655 -0.024159633481984868 0.086093449162905733 -0.031447919834121978 -0.019159635394599073
leaf_weight=6048.0623690495268 4.290556768886745 4.4664510488510123 102.66868665162474 190.90137481829152 13.308362890966235 1.4261852717027088 0.37841393565759096 0.5463700434193014 1.46772925555706 10.102884679101409 1.3852458829060186 1.965787835419176 0.80419984180480275 2.1434969734400502 0.61628858093172212 111.87209690641612 15.853390102274716 5.4025091910734764 3.5596360852941871 4.1139024291187525 6.5624436633661389 3.2077499963343143 1.1329134684056041 0.93635222874581625 0.78273265995085228 3.5182398380711666 3.6077127335593104 1.3974274406209586 2.694961556233471 0.98315379302948791 68.201565881259739 1.2535506840795276 172.44274302851409 19.826391384005547 1.0398352276533867 13.117503916844724 3.7292002756148577 2.4983629593625669 28.462528942152858 27.811681187711656 12.50754582416266 1.1863412279635661 1.1276251599192617 1.1769434884190557 2.6881260797381401 0.81714008469134558 1.5455821314826592 1.9703033985570071 0.58625105116516341 139.3569116005674 1.1481528216972972 0.64134220965206523 0.98106427118182082 3.2832718854770064 1.4797884728759525 3.0702563449740436 1.4230384845286606 12.721803793683646 2.781869288533926 1.1542885825037945 6.7452411614358425 0.74211202561855216
leaf_count=57174 361 205 13783 19943 1080 110 29 47 101 331 39 53 30 76 20 3658 583 166 105 154 261 125 37 31 29 105 99 40 72 32 3033 45 7344 796 35 380 93 90 1100 1054 518 43 41 49 94 34 64 70 22 5146 36 22 42 98 46 111 53 472 86 45 267 26
internal_value=0.000277851 0.00133351 -0.022337 -0.013986 0.0248195 0.0694554 0.124602 0.1836 0.228578 -0.00607425 0.00442122 0.035963 -0.000773249 0.065839 -0.00251942 -0.00390113 0.0170596 0.037248 0.0527079 0.0950956 0.0144266 0.064162 0.1429 0.170128 0.199679 0.0835114 0.109409 0.163149 0.124482 -0.0177956 -0.00969427 0.0505614 -0.0105101 -0.00773501 -0.00171451 0.0397412 0.110859 -0.00458179 0.0116768 0.0253697 0.0176623 0.0307702 0.128217 0.021078 0.0674234 0.109 0.144417 0.197989 0.140565 -0.0116696 0.0073416 0.0294844 0.0627493 0.117455 0.146199 0.0301281 0.0840809 -0.016527 0.0333564 -0.0177343 -0.006023 0.112415
internal_weight=7087.68 6772.69 314.988 212.319 21.4176 8.10926 3.8187 2.39251 1.84614 724.628 185.425 25.5174 159.908 15.4145 158.522 157.906 46.0339 29.1974 23.7949 10.5255 13.2694 6.70691 6.41163 5.27872 4.34237 13.271 9.7528 5.00514 3.49916 16.8365 539.203 6.30625 532.897 464.695 291.098 17.8865 4.76904 273.212 82.5343 54.0718 50.8313 38.3237 2.31397 36.0098 8.1981 5.50997 4.33303 2.78744 1.8398 190.677 51.3204 31.494 18.1308 5.74412 4.76306 12.3867 4.49329 13.3631 4.74766 173.597 7.89339 3.24047
internal_count=120234 84780 35454 21671 1728 648 287 177 130 27606 6132 790 5342 459 5303 5283 1625 1010 844 356 488 227 202 165 134 383 278 139 102 615 21474 272 21202 18169 10780 508 128 10272 3183 2083 1967 1449 84 1365 311 217 168 104 67 7089 1943 1147 653 186 144 467 164 494 139 7389 303 116
is_linear=0
shrinkage=0.05


Tree=60
num_leaves=63
num_cat=0
split_feature=80 80 119 195 251 104 62 102 84 139 98 169 174 111 121 94 204 202 248 250 203 136 3 197 213 201 158 177 158 237 212 215 255 227 242 98 139 206 212 175 258 198 90 111 98 71 98 20 77 135 14 194 102 196 21 94 21 34 231 77 219 248
split_gain=64.0358 19.3638 10.9335 11.2405 11.8233 14.4016 19.2191 16.182 15.9049 16.7044 21.5513 16.5937 15.4908 13.4117 12.7985 11.7128 11.5863 12.0009 11.8652 11.4295 11.6523 25.4138 13.031 11.9722 11.1888 15.8741 10.4382 14.0479 10.3289 10.3003 10.1718 10.0674 14.0787 9.97388 9.86357 9.9069 15.1427 12.1071 19.7293 12.0129 11.6126 11.2282 12.3726 13.6091 18.4465 9.62772 24.0852 13.5769 14.7575 16.2635 13.997 11.5852 9.61728 9.53547 14.7771 17.9557 13.0944 17.401 12.203 16.2597 12.0845 15.0014
threshold=32.629100529100533 3.4743421052631587 0.21111111111111114 -1.0823363889701285 -0.78766664173024992 7.5000000000000009 7.6237042539046795 38.000000000000007 2.7789351851851865 -0.86156977559515957 0.12051885145143337 -0.49990111969906725 -0.44922355437109812 7.5264087781290696 3.5000000000000004 4.3763480073670147 0.032026853712836242 -0.083476853534282205 -0.8153451556418726 -0.88433574054193065 -1.4700307871266025 -0.20143004973922887 477.00000000000006 0.07360878752773467 -0.80349984434358268 0.10211570659443801 0.71324040490475127 -0.30151498249342962 -1.4751229203369784 2.4535551728959946 -1.470433269616463 1.5132808995772347 -0.54631159795010531 -0.23619476828337074 -0.24626781251816643 0.031548965740142217 -1.1607185375835607 0.31711718794859423 0.54199298260759676 2.0852565728688433 -0.64914421710088466 0.72139864141831167 65.361250000000027 7.6104582113461863 0.017727623456790128 8.5941193421962669 0.030899583633958633 8.1666666666666696 0.11779788838612369 -0.60053782324371585 9.5000000000000018 -0.69875042750578509 35.500000000000007 -0.081187535975231886 0.53869508329647664 -33.011825892036377 0.4993139349756997 37.250000000000007 -1.9397994840713932 0.25376922494128346 2.6427908369026252 0.50297151655026562
decision_type=2 2 2 2 2 2 2 2 2 2 2 2 2 2 2 2 2 2 2 2 2 2 2 2 2 2 2 2 2 2 2 2 2 2 2 2 2 2 2 2 2 2 2 2 2 2 2 2 2 2 2 2 2 2 2 2 2 2 2 2 2 2
left_child=1 29 3 4 -3 12 16 8 9 -8 11 -11 14 -13 15 -6 -7 -18 -19 24 21 22 -21 30 25 -5 -16 -28 -4 45 33 -26 -33 -22 35 36 -25 39 41 -38 -40 42 43 -39 -45 53 -47 48 49 50 52 -52 -48 54 55 -1 57 -57 59 -59 -55 -62
right_child=-2 2 28 19 5 6 7 -9 -10 10 -12 13 -14 -15 26 -17 17 18 -20 20 23 -23 -24 34 31 -27 27 -29 -30 -31 -32 32 -34 -35 -36 -37 37 38 40 -41 -42 -43 -44 44 -46 46 47 -49 -50 -51 51 -53 -54 60 -56 56 -58 58 -60 -61 61 -63
leaf_value=0.085159935913966006 -0.027103124914207223 -0.021549635169729537 -0.035097777436705356 -0.025494536744616769 -0.0007614216761337168 -0.039564096006004627 -0.0014407704998544468 -0.0035262551715873093 -0.029376323264954207 -0.00067915358369519878 -0.025872526759397593 0.041839146827704517 -0.013000809989470001 0.2412216730792531 -0.011833604748331755 0.19244968494859205 -0.034773009988259836 -0.010906529744487402 0.14948445843552513 0.014465608102658851 0.098321718890226117 -0.018690744748243626 0.19272292481179365 0.11977259654675301 0.00068550587410145776 0.18213786596739634 -0.024470909847702445 0.17909321536195105 0.001677703045677153 -0.024280161479702356 -0.014406012639021741 -0.026313360441267787 0.16535738985515802 -0.031531328444601506 -0.014135902784586997 -0.0034556705946917794 -0.0056553945074468565 0.0057957847395123186 0.0084512578028211258 0.097664540689334611 0.19277309600005757 -0.019672294892295144 -0.018671515711135001 -0.023215344541529393 0.19786287837854838 -0.033362977275802404 -0.0019261194228095435 0.069444278434686424 -0.020199077386590953 -0.040413480449895359 -0.0046825491343973095 0.095890560814440751 0.076397328861955924 0.0012631391600257005 -0.010030066729486847 0.0098476057019169939 0.031519091258385555 0.11106795820073719 -0.0035747862499949652 -0.03157353966880757 0 0.11106767195573651
leaf_weight=6.4605609700083724 211.66153765656054 23.216340609826148 18.492529335431755 1.1027101054787629 1.0704506160691374 7.4197568763047475 2.0391050670295963 4.2749031437560907 1.4691254561766971 1.0552484877407557 1.1689637191593645 1.6154181687161315 40.251674906350672 5.0819273693487048 7.6696788035333139 1.4337179949507115 2.166698997374624 1.5200043236836793 2.1917931763455272 1.9140336290001871 2.9520887825638056 6.7861644309014064 2.0269693695008755 2.4231917280703774 28.801667999941859 1.3295917864888904 1.071071998216212 0.92902894411236037 916.36298176832497 34.460420850664377 603.32085381494835 1.1755504691973331 1.2837826302275051 1.6724523557350028 141.25711646862328 243.9428958655335 55.872365181799978 3.1776003176346475 1.4050066517665984 1.9592285752296437 2.0312317796051493 9.3137511461973173 3.5528029510751367 0.96943752747029099 2.5659680217504501 62.182390306144953 24.313945293426517 6.7680328600108615 44.147195674479008 8.5531893484294397 3.5857703313231459 10.343141872435806 3.6379634588956824 2884.2233144193888 126.86715748906136 1018.1908700242639 52.854844700545073 4.2484262660145751 400.58160958439112 2.5732141956686974 6.4641515314578992 4.6264508962631226
leaf_count=50 28128 708 373 27 32 243 45 149 43 27 36 43 1104 108 200 37 56 33 45 34 82 294 28 34 854 36 41 26 21877 257 18822 32 41 39 3576 6852 1566 72 35 40 45 182 79 30 54 577 205 71 375 102 31 89 27 20060 1090 7418 430 32 2985 18 54 28
internal_value=-8.06753e-05 0.000755405 -0.00316026 -0.00626361 0.00924312 0.0181303 0.0451537 0.0792724 0.106263 0.125798 0.152598 0.179961 0.00201566 0.205463 0.0492634 0.131784 0 0.0479063 0.0943672 -0.0077366 -0.00863464 0.0409298 0.12761 -0.00917075 0.0205089 0.106546 0.0170764 0.0965951 0.000908172 0.00255547 -0.0137969 0.0105646 0.091172 0.053215 -0.00314006 0.00162018 0.0164139 0.0118294 0.0416737 -0.000469543 0.137428 0.0187643 0.0527309 0.0886897 0.144387 0.00275969 -0.00911508 0.00589387 0.00061506 0.0189703 0.0318743 0.0710854 0.0103817 0.00319358 0.00627577 0.00767808 0.00727878 0.00635509 -0.00236398 0.0594649 0.00147447 0.0513691
internal_weight=7078.08 6866.42 2161.34 1226.48 105.645 82.4286 30.0029 16.7047 12.4298 10.9607 8.92156 7.75259 52.4256 6.69735 12.1739 2.50417 13.2983 5.8785 3.7118 1120.84 1087.14 10.7272 3.941 1076.42 33.6933 2.4323 9.66978 2.0001 934.856 4705.08 607.945 31.261 2.45933 4.62454 468.471 327.213 83.2706 80.8474 23.0158 57.8316 3.43624 19.5796 10.2658 6.71301 3.53541 4670.62 163.532 101.349 94.5812 50.434 41.8808 13.9289 27.9519 4507.09 1611.78 1484.91 1478.45 1425.59 407.403 6.82164 2895.31 11.0906
internal_count=120107 91979 58080 35830 2976 2268 828 451 302 259 214 178 1440 151 336 69 377 134 78 32854 31864 356 62 31508 990 63 267 67 22250 33899 18943 927 73 121 12565 8989 2137 2103 497 1606 80 417 235 156 84 33642 1477 900 829 454 352 120 232 32165 12023 10933 10883 10453 3035 50 20142 82
is_linear=0
shrinkage=0.05


Tree=61
num_leaves=63
num_cat=0
split_feature=6 6 125 165 70 89 181 123 189 213 157 244 0 256 247 70 205 31 207 162 77 110 240 74 84 109 218 70 169 76 108 258 36 30 249 225 166 206 240 6 107 227 197 258 69 244 130 241 155 95 240 207 241 251 239 195 51 249 132 49 249 108
split_gain=56.9141 17.5364 11.7452 13.2812 11.6063 14.7286 14.4096 16.1037 16.6081 15.7348 14.8093 15.1135 14.3492 14.0196 17.7421 19.5799 15.796 13.6175 13.8104 21.783 17.1175 14.6098 16.7145 14.7691 13.6383 17.3226 14.9268 13.5969 13.1166 12.6242 13.8885 15.8442 13.3325 12.3302 12.2314 12.3516 11.6302 11.5911 11.4672 11.3704 13.5003 14.6075 11.1363 11.0153 14.7065 11.7305 15.4442 10.7 10.7926 11.4841 10.6898 10.4782 10.3932 11.2934 10.3137 10.4988 12.7761 10.5731 10.3009 10.5694 10.2779 10.1648
threshold=3.8210030072102503 5.1904536818982168 0.027750000000000004 -0.75030518524251733 0.10418417366946781 33.250000000000007 0.48317907210988481 0.13809523809523813 0.28363910813046228 -0.72455481016518597 -0.79108844184277205 0.26726124191242445 4.5000000000000009 -0.24626781251816646 0.76887195872097625 0.076741397579610751 0.70681790971878777 31.586974789915971 1.063955664172719 -0.23445188784420981 0.23218517264725799 0.090703586598958844 -0.15165583812507918 0.46201923076923085 0.46712962962962973 0.088610500865966932 -0.096603176360062895 0.080468335131986923 1.8090305432448404 0.33687943262411352 0.052651667336279635 -0.68006662572515142 42.500000000000007 166.35000000000005 1.6353099269211786 -0.40824567454407101 -0.48138888343729958 -0.81030907216155723 2.6585314802299362 2.7819152571143779 4.5000000000000009 0.053933101355353195 1.0850392010739023 -0.58470712594513086 6.6601395334488043 -0.51829170929632007 -1.331682502744632 -0.41883687740821807 -0.99919453214297671 4.5000000000000009 0.28604747402037117 0.19774135058135342 1.7349025624670915 -0.59970349579608362 2.2757366115157347 0.16937003064067171 -1.4999999999999998 1.5741683090135694 0.51924836536759633 4.452272727272728 -0.86883341717009432 0.12907011964258672
decision_type=2 2 2 2 2 2 2 2 2 2 2 2 2 2 2 2 2 2 2 2 2 2 2 2 2 2 2 2 2 2 2 2 2 2 2 2 2 2 2 2 2 2 2 2 2 2 2 2 2 2 2 2 2 2 2 2 2 2 2 2 2 2
left_child=2 60 3 39 5 6 13 -8 9 -9 -11 27 17 -5 28 16 37 -6 19 34 42 22 43 24 -23 36 -27 -12 -15 47 -31 -32 -33 -7 -19 -36 -26 -16 -20 40 41 -1 -21 -22 51 -46 -47 48 49 -14 -44 -45 -49 -54 61 -56 -57 -58 59 -50 -2 -4
right_child=1 -3 54 4 12 33 7 8 -10 10 11 -13 29 14 15 -17 -18 18 38 20 21 23 -24 -25 25 26 -28 -29 -30 30 31 32 -34 -35 35 -37 -38 -39 -40 -41 -42 -43 50 44 45 46 -48 52 58 -51 -52 -53 53 -55 55 56 57 -59 -60 -61 -62 -63
leaf_value=0.12097587970965061 -0.028886759503039861 -0.039423412415874062 0.0022142516308420067 -0.016944701050892737 0.12005023461270059 -0.0056126353979650623 -0.0054215670119409391 -0.027904996062634503 -0.014040751698782947 -0.0070454119625483593 0.2509562950428989 0.035252451599547645 0.0040698825246138918 -0.0020827299051933592 0.00063178154474493068 -0.014501045478454325 0.00056431493339775102 -0.014545653853396352 -0.0087998117206125395 -0.011347436700040361 0.0088630193463561571 -0.0081160496014346124 0.0045033117658714013 -0.034719729023921994 0.024957332690746202 0.1305650686853464 0.0070474650731988569 0.032468471887783672 0.13518408909085672 -0.02959557063547967 -0.032795188678600713 0 0.15913075687681469 0.054287408666035056 0.13667563836698113 -0.0051536359208899894 0.20444919815593021 0.21232205299430201 0.10864898515483634 -0.023964817509634313 -0.0066425859789906328 -0.033871108695851714 0.0071235278025919132 0.08756897630365354 0.033007481650888175 0.011180597584284382 0.17442056546742118 -0.012760487368595856 -0.026338815122430262 0.16581495882573558 0.13240896891439899 -0.026701916042671053 0.14203702825870854 0 -0.02370713194758621 0.072775416858908135 -0.011119676799530517 0.040117967636031863 -0.017575599125001878 0.028188196915932131 -0.0081164196196735587 0.011945260283324044
leaf_weight=3.2416378371417514 77.592735792510211 77.457990082446486 4279.1715832361951 36.367678576149046 2.0923618450760832 946.53453793097287 7.596157765947285 1.309833395294844 3.0108570195734492 1.3760446049273003 3.4061405006796113 2.3527074689045548 2.3694414608180518 28.547607001848522 0.83034861367195878 3.0738666085526347 1.7641489105299113 44.084479600191116 65.626380811445415 26.115458894520998 8.4165313467383402 2.4898433927446666 27.756489653140306 1.8561817351728667 1.5029474571347234 3.2816374283283976 6.210284054279323 1.3110906910151241 0.84780248999595542 3.3273027390241605 1.7736641578376291 1.7765921987593172 4.107852429151535 7.6627699630334964 1.860943706706166 3.0245359111577264 4.947475289925932 3.1256592236459237 1.1432539485394944 111.46503350883722 262.54837514832616 1.752782132476568 4.6014707423746577 2.1086943782866028 4.6922587342560318 2.0632063634693631 6.4120149202644763 178.16987656243145 9.9513479694724065 1.2533355876803396 1.9209344219416378 4.6926557570695877 1.2726381737738846 3.6848176661878815 74.130208661779761 4.953292626887559 64.657304257154465 10.880520720034836 29.120903593488038 47.620114722289145 257.19446635153145 285.74957945849746
leaf_count=40 7777 12183 34022 891 24 21806 198 32 68 41 68 53 38 725 22 66 43 824 1152 512 166 55 506 22 30 53 107 31 18 52 34 27 61 136 29 43 74 63 22 3403 3549 22 76 28 94 41 109 3248 177 16 29 80 21 74 553 31 487 73 541 841 22440 2060
internal_value=-6.78856e-05 -0.018074 0.00104863 -0.00222497 -0.000180287 -0.00319331 0.0154769 0.0517189 0.0840047 0.113221 0.136274 0.162204 0.00598608 0.00495888 0.0258453 0.0841952 0.132242 0.0153364 0.0138123 0.0218336 0.0341868 0.0469959 0.0326927 0.0829458 0.0962293 0.112338 0.0586019 0.207406 0.006029 -0.00148315 0.0487245 0.0828186 0.118095 -0.00507004 -0.00571349 0.0620647 0.172262 0.177991 -0.0051415 -0.0106075 -0.00495544 0.0692137 0.00353676 0.0589961 0.0784576 0.107637 0.140583 -0.00368863 0.0102943 0.0848732 0.0573833 0.0147693 -0.0106304 0.0543779 0.00239514 -0.0102578 0.00220622 -0.00324631 0.00618839 0.018389 -0.0130169 0.00282696
internal_weight=7071.24 412.245 6659 1939.45 1560.45 1049.12 94.9199 20.3628 12.7667 9.75582 8.44598 7.06994 511.328 74.5571 38.1894 8.79402 5.72016 226.9 224.808 158.038 109.068 76.4302 56.1419 20.2884 18.4322 15.9423 9.49192 4.71723 29.3954 284.428 10.9854 7.65811 5.88444 954.197 48.97 4.88548 6.45042 3.95601 66.7696 379.008 267.543 4.99442 32.6379 28.3854 19.9688 13.1675 8.47522 273.442 90.3151 3.62278 6.52241 6.80135 183.127 4.95746 4719.54 154.621 80.4911 75.5378 86.6924 57.5715 334.787 4564.92
internal_count=120107 42400 77707 40481 33467 24261 2319 491 293 225 193 152 9206 1828 937 194 128 4076 4052 2878 1982 1365 1024 341 319 264 160 99 743 5130 174 122 88 21942 896 72 104 85 1174 7014 3611 62 617 518 352 244 150 4956 1613 54 105 108 3343 95 37226 1144 591 560 1559 1018 30217 36082
is_linear=0
shrinkage=0.05


Tree=62
num_leaves=63
num_cat=0
split_feature=80 80 249 36 241 161 242 69 238 45 255 179 84 120 225 239 125 10 167 158 202 65 254 249 202 219 132 237 98 76 64 241 221 240 134 226 80 49 33 237 256 251 245 30 243 159 227 241 138 204 94 192 102 249 65 75 223 241 65 61 198 68
split_gain=55.745 16.3124 12.0232 11.2247 20.881 15.5665 10.992 10.8488 12.9923 13.5634 16.755 15.9295 15.3147 15.6079 14.8717 18.3294 14.3588 13.8253 11.7819 11.5411 10.9159 10.9368 17.5529 15.9733 20.4693 16.0862 12.3969 12.2001 11.339 11.2187 11.0972 10.8188 12.0151 10.5842 10.5756 10.1257 10.1176 11.0216 12.9169 12.6619 12.6117 9.96403 10.0651 10.602 9.95806 9.93975 10.5587 9.43291 9.63326 11.7285 10.6606 9.25661 11.6663 14.8488 12.606 9.8739 9.22853 11.3125 9.07996 8.98043 14.8618 16.6643
threshold=32.629100529100533 7.883484162895928 -0.61232345765535501 300.50000000000006 0.91298448377379948 -0.70169179279498051 -0.53874906258382171 7.1764340518816239 -1.254734549173407 7.5000000000000009 -0.36213796801307357 -0.017719951000682192 1.4168981481481484 -0.55857142857142839 -0.56949220915963583 -0.061121967192113942 0.027750000000000004 1850.0000000000002 -0.30252928775712945 1.1260000450924581 -1.5282300616562188 79.500000000000014 -0.26524307268475239 0.63056764683390065 0.42140890754410038 0.17095291578818805 -0.71912464167256029 0.94823589427353139 0.034162276993159359 0.090194749168001978 8.4287379287379309 0.094996391001899966 -0.23355574337659832 -0.51683914131704756 -0.4733303886341575 0.3373305423801341 9.4821200510855697 12.256578947368423 97.550000000000011 0.83691099767343735 -0.25409944487358049 -0.81259441846975156 0.42631513877444155 97.350000000000009 0.041227341002706162 -0.045984595101876746 -0.42803009244648188 -0.20332113006465333 -0.8104265218130573 -0.046885348171681503 0.94486012435930034 1.1401284606402455 27.500000000000004 -0.46284995511051441 638.50000000000011 76.500000000000014 0.81650197428945892 1.4543300233542997 532.50000000000011 1.8500000000000003 -0.0085695716277381217 0.056295829412495793
decision_type=2 2 2 2 2 2 2 2 2 2 2 2 2 2 2 2 2 2 2 2 2 2 2 2 2 2 2 2 2 2 2 2 2 2 2 2 2 2 2 2 2 2 2 2 2 2 2 2 2 2 2 2 2 2 2 2 2 2 2 2 2 2
left_child=1 33 -3 7 5 -5 -6 8 -4 10 16 12 13 14 15 -11 36 41 -12 -15 31 22 -22 29 25 26 -25 30 -23 -24 35 -9 -33 -1 -16 -28 47 59 -39 40 -40 -18 43 -43 -34 -31 -47 48 -10 -50 -51 -30 53 -53 -55 -56 -54 -58 -42 -38 61 -61
right_child=-2 2 3 4 6 -7 -8 20 9 11 18 -13 -14 19 34 -17 17 -19 -20 -21 21 28 23 24 -26 -27 27 -29 51 45 -32 32 44 -35 -36 -37 37 38 39 -41 58 42 -44 -45 -46 46 -48 -49 49 50 -52 52 56 54 55 -57 57 -59 -60 60 -62 -63
leaf_value=0.0056944971379126862 -0.025912055155059455 -0.015131851761412457 -0.033277970175336576 0.093166395379238848 0.2331318466043901 -0.036697170228597302 0.016439340260885994 -0.008915778319251326 -0.015333645130065389 0.24489270657694828 0.056474840773468343 -0.033573144380498424 -0.02805947405167088 -0.024850024107844936 0.11360926663374656 0.0084828341102779481 -0.023159514953582816 -0.032136551521681295 -0.035903574031915853 0.11029622448053059 -0.01603220665601213 -0.033967559441339668 -0.018659832474310131 -0.00088446414303065552 -0.01801668758671135 -0.01221552982540338 0.26719915310992476 0.014356285588079177 -0.014019204183223883 -0.018676577971199055 0.003520682652899921 -0.022997326716169716 0.193555322781992 0.00054559924921515309 0.0013704286705460819 0.0098669387146139761 0.013173253274991019 -0.0025363090087704796 -0.017563723358296007 -0.022216272276068601 0.23067442425328646 0.20045322690951839 0.021795194235393996 0.013862667223876891 -0.014243378517329382 -0.022422898573310739 0.14196317601002392 -0.029310304197717116 -0.0016397046409307823 -0.0042172182507251325 0.16167417252937644 0.20568798228986479 -0.030174329943784328 -0.0022587827208618906 -0.01658175851076301 0.18506734342734654 -0.027822694619213828 0.13854738996281843 0.022458321791357844 -0.023670400264655889 0.010883516400410428 0.1802976010925213
leaf_weight=1264.594855055213 201.46941092517227 242.69971201336011 20.885693154297769 2.4052935224026433 0.9159615803509954 6.1442332691512993 1.156235409900545 3.838455884717404 8.4907245449721831 1.3473142841830852 3.0750898709520724 38.219673974439502 14.118311644066123 10.441059278324246 1.995144040323791 1.4443835904821742 0.96434975415468205 1.8200636096298692 23.11717159114778 0.83105680439621288 39.704815522767603 64.692371869459748 14.396527044475084 1.0925423586741079 3.6049195313826194 1.6958043687045572 2.9050433794036503 1.190927851013839 141.74335336964577 2.2245936030521989 0.64978957455605257 0.99191569909453425 1.6365948254242542 4737.0370558947325 7.4097222462296495 0.55653904285281885 112.68508332688361 3.1749903056770554 0.66402310226112637 0.93437153659760941 2.1395626123994593 3.1234262567013484 2.2659973679110408 1.1997127886861561 0.51725323777645815 0.94100001826882396 2.589345038868486 20.797059075906873 4.0723866932094106 1.2277048546820863 2.2447478249669075 0.54106783680617709 11.07326277438551 7.2224283572286385 0.60966846905648686 0.88602439220994711 1.3949829703196877 1.0791151830926535 0.97804596368223418 1.0351835470646622 6.9210033435374481 2.6388007286004722
leaf_count=12100 28128 11661 787 91 30 269 53 170 180 49 85 1590 554 409 72 66 26 48 587 35 1654 2837 651 46 122 66 100 35 6225 82 19 54 71 43699 289 17 4465 128 27 42 42 61 47 30 24 43 98 508 108 31 49 23 513 295 25 32 65 37 39 48 276 94
internal_value=-5.42582e-05 0.000707757 -0.00572145 -0.00200323 0.0466544 0.00524484 0.158557 -0.00293664 0.00380785 0.00670696 0.0134252 -0.0112089 0.011683 0.0359653 0.0729263 0.158392 0.0189606 0.0763587 -0.023196 -0.00630307 -0.00952364 -0.0110355 0.00591605 0.033087 0.0770582 0.117292 0.149319 0.176292 -0.016351 0.0048938 0.210235 0.0481912 0.104422 0.00163212 0.0342917 0.238432 0.0152957 0.0217714 0.0760152 0.120966 0.154636 0.103787 0.123628 0.161944 0.153373 0.0585953 0.101765 -0.00759994 0.0203311 0.0581497 0.114075 -0.00923149 0.0196532 0.06002 0.0302299 0.127159 -0.00982182 0.0622956 0.187886 0.0176754 0.0598622 0.128989
internal_weight=7064.46 6862.99 861.362 618.662 10.6217 8.54953 2.0722 608.04 300.262 279.376 203.569 75.8067 37.587 23.4687 12.1966 2.7917 177.377 9.37355 26.1923 11.2721 307.778 300.794 71.5518 31.847 11.6956 8.09065 6.39484 5.3023 229.242 20.1515 4.11137 6.98422 3.14576 6001.63 9.40487 3.46158 168.004 131.171 7.89099 4.716 3.78163 7.55349 6.58914 4.32314 2.15385 5.75494 3.53035 36.8326 16.0356 7.54484 3.47245 164.55 22.8065 9.25919 8.71812 1.49569 13.5474 2.4741 3.11761 123.28 10.595 3.67398
internal_count=120107 91979 36180 24519 443 360 83 24076 10772 9985 6921 3064 1474 920 476 115 6249 212 672 444 13304 12985 2933 1279 405 283 217 171 10052 874 136 319 149 55799 361 117 6037 5161 278 150 108 164 138 91 95 223 141 876 368 188 80 7215 990 375 352 57 615 102 81 4883 418 142
is_linear=0
shrinkage=0.05


Tree=63
num_leaves=63
num_cat=0
split_feature=80 71 98 125 69 102 94 258 229 89 152 252 108 196 190 156 241 163 214 181 109 76 172 5 110 214 115 240 159 222 13 179 199 199 241 258 64 136 259 206 150 174 98 174 72 150 133 245 136 245 67 162 49 179 176 202 151 72 72 218 97 182
split_gain=51.7106 14.9194 23.3528 13.2819 12.0861 15.7952 13.292 12.9538 13.1291 13.4253 12.3673 13.3484 15.4023 12.3272 12.2381 20.2836 17.0011 12.3695 12.1856 14.9105 14.2905 11.6943 14.2084 13.6004 11.6731 12.3837 11.5867 15.2416 11.6106 12.4889 11.6932 11.4815 11.1167 13.298 11.1113 11.3622 12.6325 11.1143 11.3546 11.5285 11.54 10.7974 22.4225 10.5497 10.431 10.4295 10.627 10.2463 22.8751 13.8473 13.2128 19.71 14.6977 22.5285 12.9645 13.7301 11.4283 11.0159 10.168 10.0977 14.1138 10.999
threshold=32.629100529100533 8.5941193421962669 0.039307449146004141 0.028750000000000005 7.1764340518816239 27.500000000000004 -10.32968745427871 1.1725554802410743 -0.99609482604275912 45.750000000000007 -0.47018475173583268 1.7074100370604428 0.076594986697390274 0.1725193794754934 1.146740882874804 -0.9578794087842345 0.49155439514963584 -0.39402708781897983 -1.0777190302385768 0.24949669050696552 0.093693505884345676 0.18075692600912127 0.97425432545409041 10.250000000000002 0.22305140961857381 -0.49390600592696504 0.47222222222222227 -0.67189571388847213 -0.54426048572638608 0.86232909343575714 13.500000000000002 -0.57569391069613407 -0.42326132649304432 -0.44936183621812892 -1.408968767591732 -1.2341237526412394 7.9812470698546658 0.011814058967202052 1.438647022940146 -0.25362768540064323 0.25053762944104674 -1.7247581331897883 0.038134781884781893 -1.7247581331897883 95.500000000000014 0.39359795285880816 -0.80958192496061077 -0.27184204925604522 -0.40270845300430402 -1.0477868370657391 0.090371825656697977 1.0000000180025095e-35 4.452272727272728 0.51879208969053725 0.80083170330902742 -0.083476853534282205 1.7594550058858169 17.500000000000004 55.500000000000007 1.0217811097903258 0.31047544409613381 -0.097077735353273339
decision_type=2 2 2 2 2 2 2 2 2 2 2 2 2 2 2 2 2 2 2 2 2 2 2 2 2 2 2 2 2 2 2 2 2 2 2 2 2 2 2 2 2 2 2 2 2 2 2 2 2 2 2 2 2 2 2 2 2 2 2 2 2 2
left_child=1 3 -3 4 5 10 43 13 -9 -10 11 -1 -13 18 24 16 17 -16 19 20 -7 22 -11 -24 26 31 32 28 -28 30 -30 -26 33 -8 -4 -36 37 38 39 44 -41 42 -5 -6 45 46 -37 48 49 -20 -50 -52 -53 57 55 -51 -49 -54 -25 60 61 -29
right_child=-2 2 34 41 6 7 14 8 9 21 -12 12 -14 -15 15 -17 -18 -19 47 -21 -22 -23 23 58 25 -27 27 59 29 -31 -32 -33 -34 -35 35 36 -38 -39 -40 40 -42 -43 -44 -45 -46 -47 -48 56 50 54 51 52 53 -55 -56 -57 -58 -59 -60 -61 -62 -63
leaf_value=-0.01701834896912385 -0.02527281092550341 -0.02368848138021698 -0.041027835819574705 0.054070235325236971 0.065955775589671847 0.17367630152277133 0.0076775954799975918 0.077402191359080885 -0.020985197394349647 -0.0023190582648752942 0.011476997722788974 0.11477137321794878 -0.026242048736647573 -0.012876736765545314 0 0.0074165789481257577 -0.013989332175936543 0.20366938933633644 -0.021436837623705612 0.0011692172522541481 -0.023600634760612964 0.098032961568780663 -0.030305360469091647 0.022105562368598994 -0.022036363571417184 0.0059863059044068878 -0.034668444839901932 -0.0027520965831171664 0.020647453621773254 -0.031449662472096733 0.14089969658197585 0.15716483255603009 -0.0090181367855280414 0.10191569358227102 0.091294012887306097 0.0031344826544937501 -0.02153896256383292 -0.016982165579101167 -0.039803167941090851 -0.019899315402845348 0.081704578750873225 0.0022382614872727947 0.005833726155994221 -0.02027148145658917 0.00091747058986826847 -0.022403455800556579 0.069798866798285383 -0.012979717764880855 -0.022109303445282301 0.14246482754874068 -0.023703358638358808 -0.028612912221729493 0.0042765087648159415 -0.012514847848256287 -0.013721720039052294 0.034514348854908249 0.090243759244648572 0.2347221129208856 0.20505300699430237 0.058975678044763606 -0.032999020449766235 0.058902291098175831
leaf_weight=69.076305373571813 196.3930212254636 154.85829318501055 11.744236310012637 29.710549531504512 2.6429640902206293 2.4803800489753471 25.689536859281365 6.965649487450718 22.012513942085207 22.163602438755341 413.10002802032977 3.343609149567782 2.8581191739067435 314.12112720310688 0.9454393777996305 29.126604607328773 1.7570529216900466 2.4859638027846804 3.792316839098933 5.3581201788038015 0.8960198676213621 4.2200207328423849 1.2646038606762875 1.6381297586485746 0.85844536777585778 8.023060333915053 2.0451501216739407 22.274338785558939 3.6267427671700698 1.6027433834969986 5.6404281416907907 2.3103202031925312 644.35322329727933 3.4584905626252285 2.9606059105135492 7.5944240149110547 32.627490107435733 22.570686482358724 5.9795241877436629 18.079274363815788 2.2709161695092908 4412.5786095475778 114.75347383506596 173.78158991644159 14.536535751074551 3.8992927884683004 32.371845912188292 90.381820289418101 30.801505384966731 7.0038384720683133 6.2568282634019834 1.4382354849949477 0.71307841502130065 1.6791583830490706 2.8039037212729445 6.2162876576185209 1.7624573800712813 2.2991204094141722 1.3183322204276917 5.9848491875454775 24.011441162787378 9.5575081435963529
leaf_count=1270 28128 3591 299 149 49 54 572 160 528 483 9093 50 50 7086 28 768 50 69 54 124 18 79 12 41 21 165 37 468 64 28 116 53 17215 71 69 104 828 1390 96 228 37 34892 757 5453 183 69 424 2047 1058 72 204 54 19 61 38 78 47 73 33 108 434 208
internal_value=-4.10056e-05 0.000683915 -0.010024 0.00119184 -0.00220714 0.00157194 -0.0062062 -0.00433168 0.0174426 0.00811611 0.00807621 -0.0104264 0.0544698 -0.00708702 -0.00342812 0.0253326 0.10765 0.160165 0.00399084 0.0582614 0.126751 0.0292072 0.0148386 0.0890754 -0.00476585 0.0437447 -0.00555553 0.0129798 0.0602756 0.0799761 0.10092 0.113778 -0.00763613 0.0220347 0.00369233 0.00766223 0.00522205 0.0135292 0.0218183 0.0270003 -0.00503113 0.00268197 0.016092 -0.0185871 0.0381426 0.0500717 0.057639 0.000549957 0.0159785 0.0590595 -0.00456487 0.0370821 0.0944526 0.131458 0.078544 0.0980533 -0.010004 0.196078 0.136157 0.00221861 -0.00470671 0.0168376
internal_weight=7059.07 6862.68 309.493 6553.18 1996.14 1025.97 970.176 537.587 59.5829 52.6172 488.378 75.278 6.20173 478.004 793.751 34.3151 5.18846 3.4314 163.883 8.73452 3.3764 30.6047 26.3847 4.22107 759.436 11.1918 748.244 74.7432 12.9151 10.8699 9.26717 3.16877 673.501 29.148 154.635 142.891 139.93 107.302 84.7318 78.7523 20.3502 4557.04 144.464 176.425 58.4021 43.8656 39.9663 155.149 63.0043 19.8163 43.1879 12.3864 6.12959 4.69136 16.024 13.2201 92.1443 3.0122 2.95646 61.8281 55.8433 31.8318
internal_count=120107 91979 7318 84661 48863 22886 25977 12423 1336 1176 10463 1370 100 11087 20475 915 147 97 4001 196 72 648 569 86 19560 239 19321 1463 245 208 180 74 17858 643 3727 3428 3359 2531 1141 1045 265 35798 906 5502 780 597 528 3805 1711 242 1469 411 207 153 188 150 2094 92 74 1218 1110 676
is_linear=0
shrinkage=0.05


Tree=64
num_leaves=63
num_cat=0
split_feature=5 125 69 98 65 250 72 177 156 176 207 194 146 198 149 195 119 110 167 201 151 74 190 156 12 174 98 240 219 253 212 221 134 174 47 135 182 179 155 67 76 100 57 214 101 226 122 72 257 192 139 171 231 190 178 222 201 238 199 199 180 32
split_gain=45.6857 14.4407 16.5697 13.1113 20.1808 17.7747 19.9946 13.0644 16.9253 14.6117 12.8882 14.1019 21.3798 14.6498 17.1599 12.731 12.6577 12.4156 11.9877 11.8526 14.4955 11.7448 11.7099 17.7147 11.6091 11.4859 19.8026 11.394 15.244 11.0231 11.9367 11.5194 16.4188 10.7691 10.7292 13.0763 10.6952 14.8429 14.5324 14.1871 13.5999 12.0128 11.9341 11.1181 10.8465 18.8797 11.7419 11.079 10.9304 15.9044 10.432 10.406 10.8699 10.3385 10.3177 10.2955 16.2121 11.0075 9.90155 11.3546 10.3958 9.76452
threshold=100.95000000000002 0.027750000000000004 7.1764340518816239 0.040880499059527203 113.50000000000001 1.7579516669713982 32.500000000000007 -0.33376496785768106 -0.23566811789414729 0.55347983577220394 0.52459587651388151 -0.89038883705725635 -0.29808108866980326 -0.044494219909028944 -0.074106432805045946 1.8787229860217061 0.76388888888888895 0.089322250443147275 -0.23911894271592435 -1.3609991494381655 1.2743408633435995 0.10540935672514622 1.146740882874804 -0.9578794087842345 2.5000000000000004 -1.7247581331897883 0.038134781884781893 0.024762062392092544 -1.1193560111956937 0.55767583097814122 -0.71543745287733251 -0.089658107053773264 -0.33876585021827305 -0.30151134457776524 0.21980676328502416 -0.45492939954972039 0.89089091898012962 0.95053790543024863 0.076558474234442023 0.06893911390399747 0.080076335877862601 0.57738095238095266 3.5850000000000004 -0.38113972768587573 0.11681285429753334 -0.54223902265965696 0.24264705882352944 96.500000000000014 1.0909894246053871 -0.43398442004039711 -0.57079612968924109 2.2978367243718303 0.06994302334772777 1.2728289530391097 0.18890308571560041 -1.1966930912079234 0.10211570659443801 -0.10981113604856145 -0.42326132649304432 -0.46621877124698502 -0.070276174159907598 32.850000000000001
decision_type=2 2 2 2 2 2 2 2 2 2 2 2 2 2 2 2 2 2 2 2 2 2 2 2 2 2 2 2 2 2 2 2 2 2 2 2 2 2 2 2 2 2 2 2 2 2 2 2 2 2 2 2 2 2 2 2 2 2 2 2 2 2
left_child=1 2 7 4 5 24 17 16 10 36 11 12 -9 14 -13 22 -1 -7 -16 20 -2 -12 58 27 -4 26 -3 28 -24 30 -17 32 -32 -33 -15 -36 42 38 39 43 -39 -42 -10 -38 46 47 -44 -46 -47 -50 53 55 -53 54 -25 56 -11 -58 59 -5 -61 -60
right_child=19 25 3 15 -6 6 -8 8 9 51 21 13 -14 34 18 29 -18 -19 -20 -21 -22 -23 23 50 -26 -27 -28 -29 -30 -31 31 33 -34 -35 35 -37 37 40 -40 -41 41 -43 44 -45 45 48 -48 -49 49 -51 -52 52 -54 -55 -56 -57 57 -59 61 60 -62 -63
leaf_value=-0.0065366451071026087 -0.018155477751058673 0.049674389230901707 -0.0095599623267028193 0.0051815043562433074 -0.024293812814918603 0.15741886436469862 -0.0071125598775841226 0.18497603138668628 0.0021121815162079543 -0.015457798847872585 0.081495578058663615 0.014260607428009366 0.030341237571271763 -0.0085813166425525514 0.17815664987603391 -0.032770251630309187 0.098311228548815507 -0.0066981083759423219 0.01487131296478671 -0.029117364193263863 0.16182299003590253 -0.021668182817784078 -0.021928669849744092 0.15820920276748518 0.056171545523342907 0.0016656068104719075 0.0058789366123464509 -0.00014224861985949377 0.18547274132773506 -0.022550159764690086 0.14321893497690283 0 -0.028862362071979699 0.18686377394027134 -0.0134483669850094 0.16943733860689036 0.17467833447159686 0.016393012336761575 -0.018895385044001067 0.020243480495445689 0.18786006777302958 0.0073798225229498131 -0.017040851610719568 0.012606263800112481 0.20218964933785874 0.0010531647783953784 0.085092305483895292 0 0.19806822291624257 -0.009660945479761809 -0.02130034398717276 0.10534594417182 -0.033180417680869372 0.0085618832820810471 -0.0090794124720710752 -0.019013668684532206 0 0.15802237115096207 0.017031473001460722 -0.01288064734690202 0.12486784766391146 -0.0085466072325007855
leaf_weight=390.92445947555825 2.2676011188887055 32.461481338366866 95.507927508093417 18.380442286841575 219.29155624751002 3.9549412000924331 5.5859331535175443 3.169433762319386 416.32007039617747 7.2349113421514613 2.2883054334670332 7.0831492729485035 6.1026877090334875 21.2252726466395 3.2905749035999179 1.8040844677016128 1.8975955825299013 1.3240689164958892 1.8845714125782231 149.99749493366107 0.86222853371873487 16.04532615840435 0.85244184825569425 1.8206205302849423 6.2130805589258662 4595.6173230544664 116.02266020420939 1.9636951051652429 2.7448399434797457 4.113415631465613 1.0189931765198688 0.96118663251400027 3.5620603286661208 2.7188105559907854 1.5477677769958975 1.0159003064036358 2.0494488477706909 4.5933961784467083 18.108381731901318 24.503769604023546 2.714099558070302 1.4178470997139809 12.988995721098037 1.9865679233334983 2.1208263044245537 9.8430621745064837 2.5194071326404801 0.89683037530630816 0.98007058911025557 1.4785049399361003 14.922764815855771 2.7414538166485718 1.5956185292452572 9.4317218307405692 1.1356696058064697 115.3249878892675 1.811892366036773 2.0679841609671712 38.643268159125 1.642534759826958 3.434204355813562 624.52917345799506
leaf_count=9028 299 166 3111 447 7657 89 145 62 10286 208 52 201 162 556 59 45 21 32 38 23106 112 340 27 40 195 37036 777 55 72 103 21 28 121 65 18 30 42 102 528 518 68 29 323 47 56 248 34 24 21 34 504 56 30 214 27 3023 65 64 978 45 77 18140
internal_value=-3.21048e-05 0.00056854 -0.00282338 -0.00725473 -0.0154909 0.00167406 0.0596372 0.0015076 0.00561853 0.00311671 0.0299992 0.0440614 0.0965477 0.0281842 0.070338 -0.00350631 -0.00576912 0.120948 0.131542 -0.0269558 0.0573938 -0.004984 -0.00446267 0.0242248 -0.00498868 0.00211087 0.0157552 0.0980833 0.141158 0.0417922 0.068201 0.091949 0.0273221 0.148303 0.00429963 0.0848299 0.00699773 0.0275451 0.0153321 0.0371231 0.0840348 0.14041 0.00438626 0.114241 0.0339087 0.0623891 0.00339767 0.157674 0.0285426 0.105027 0.00607586 -0.0116984 0.0567771 0.0385548 0.10663 -0.0145136 0.0294812 0.1003 -0.00587656 0.0253534 0.0846921 -0.00702524
internal_weight=7052.56 6899.43 2155.33 1065.56 331.878 112.586 10.8649 1089.77 696.951 633.298 63.653 45.3194 9.27212 36.0472 12.2583 733.68 392.822 5.27901 5.17515 153.127 3.12983 18.3336 719.501 32.8718 101.721 4744.1 148.484 5.56098 3.59728 14.1786 10.0651 8.26105 4.58105 3.68 23.7889 2.56367 502.521 55.3735 46.6482 28.5398 8.72534 4.13195 447.148 4.03602 30.8277 15.3193 15.5084 3.01766 12.3016 2.45858 27.3108 130.777 4.33707 12.388 2.95629 126.44 11.1148 3.87988 686.63 23.4572 5.07674 663.172
internal_count=120107 96590 58611 32238 11229 3572 266 26373 17324 15806 1518 1126 224 902 298 21009 9049 121 97 23517 411 392 20626 939 3306 37979 943 154 99 383 280 235 142 93 604 48 12360 1334 1135 607 199 97 11026 89 740 383 357 80 303 55 785 3446 86 281 67 3360 337 129 19687 569 122 19118
is_linear=0
shrinkage=0.05


Tree=65
num_leaves=63
num_cat=0
split_feature=5 124 71 174 44 35 215 75 159 235 179 196 218 248 86 21 123 205 133 135 253 32 160 28 63 205 176 214 227 215 204 2 29 169 34 66 194 131 133 207 132 258 80 75 241 139 25 183 57 224 256 206 150 216 97 88 246 247 167 71 179 28
split_gain=41.1029 17.4517 14.9657 12.7818 17.8014 16.0333 15.4327 11.9014 11.3219 11.6029 16.1164 10.8437 13.4024 13.0028 10.9514 15.6813 10.7733 11.9612 13.3751 10.7595 11.8834 10.6229 10.582 10.58 11.7298 10.054 10.1323 10.0191 11.0751 11.9177 12.4388 11.6357 11.4355 9.85428 10.3302 9.57335 9.45954 9.4257 10.1606 13.3376 21.1375 23.6307 11.965 10.7459 12.8838 13.832 12.5697 10.493 10.5149 10.1749 14.0353 9.76866 12.4773 11.767 11.0192 11.3672 10.8756 12.6707 11.3929 11.1106 14.7619 14.2052
threshold=175.75000000000003 0.0012500000000000002 9.3128289473684216 -1.9237225366929844 5.5000000000000009 6.5000000000000009 -0.72743279032484665 18.500000000000004 0.62478367852435535 1.4146343340742344 -0.37596034571574871 -0.063149873428418421 -1.8212480305486503 -0.94131448086871283 1.0000000180025095e-35 0.1401912901912902 0.22649572649572652 -0.47749954035337233 1.1888466542862564 -0.82253073641534724 2.0968064801548074 34.850000000000001 -1.1351764671570994 2.2678571428571432 0.067856366121916381 -1.0801847972891114 1.062856133312674 -0.25781188973375641 0.62550209498726739 -0.35389967240465586 1.7720035612526812 53.500000000000007 0.40833502916836256 -0.5891637181149092 36.650000000000013 0.095656024954750271 -1.5434264535424844 -0.73478101599046541 1.6423246718344755 -0.37452706827031956 -0.19413734724315826 -0.55589389638375686 35.346989966555192 8.5000000000000018 -0.27203564916596917 -0.78202952509955093 0.35179154995331469 0.94334442451530121 5.7400000000000011 2.4872829736966073 -0.25409944487358049 -0.58469397171073922 -1.6556105413162188 3.5445903006608872 0.77350427350427364 87.602380952380969 -0.53125290911258916 -0.82796347505860057 1.0385776332571826 7.6554229099565889 -0.13678293761304869 4.6458333333333348
decision_type=2 2 2 2 2 2 2 2 2 2 2 2 2 2 2 2 2 2 2 2 2 2 2 2 2 2 2 2 2 2 2 2 2 2 2 2 2 2 2 2 2 2 2 2 2 2 2 2 2 2 2 2 2 2 2 2 2 2 2 2 2 2
left_child=1 2 3 4 -1 -6 -7 -8 9 11 -11 12 21 16 15 19 17 18 -14 23 36 -3 -19 24 -13 -18 -27 28 29 30 -16 -30 -33 34 -4 -34 -21 51 47 40 41 -40 43 44 -41 -46 -47 48 49 -39 -51 52 -5 -54 56 -56 57 -53 59 60 -59 -62
right_child=-2 8 33 37 5 6 7 -9 -10 10 -12 14 13 -15 27 -17 25 22 -20 20 -22 -23 -24 -25 -26 26 -28 -29 31 -31 -32 32 35 -35 -36 -37 -38 38 39 42 -42 -43 -44 -45 45 46 -48 -49 -50 50 -52 54 53 -55 55 -57 -58 58 -60 -61 61 -63
leaf_value=0.0031862263500965029 -0.03772123128617394 0.13999023008865213 0.13403048877761581 0.081602407597431814 0.011312712948593734 -0.019095663795729193 0.14550931309380685 0.031271890198251315 -0.019878264017709129 0.092015594462709835 -0.017119769204951316 0.05108532266474302 0.065880940332408086 0.0054445037383646123 -0.0058644195084416343 0.0013303322977491787 -0.018541190517855858 0.060085444189728499 -0.039383457324888273 0.03005843225175045 0.047391227300357039 0.016853626209583829 -0.01512695109522645 -0.030982640070562513 -0.0023569846186912344 0.076232145707292073 -0.01263310781969447 0.020668303250569797 0.062450737890145117 -0.034233133353510067 0.048234718293361123 0.0008284338437992624 -0.0052637383511631476 -0.022628275149439922 -0.017018999235664078 0.096027491762100015 -0.029150675580549169 -0.0038025707068253083 0.17582779476356541 -0.016230588333646986 0.0143069583517038 0.002188928144683818 0.10942920024559398 -0.0084713228502803425 -0.025459793510108381 -0.013727957245800707 0.13489849401038834 -0.018206693144905233 0.033361001645530623 0.11993980221199718 -0.0072865019467604937 0.00054029062160885122 -0.008684949685998488 0.10938024280583054 -0.022914597234571361 0.048718414109397055 0.0025046357237507445 0.0067153267876082934 0.083817148231379993 -0.0095204305009106184 0.09301160926640234 0.03103885258171293
leaf_weight=83.493108354974538 71.027605198789388 2.4101967625319949 1.1280589220114046 2.9644652511924496 15.515829684212806 2.5172339845448723 7.0209028311073762 4.302423601038754 50.68652624450624 7.5389485955238342 5.0414929278194887 14.402312837541102 13.971493176184596 870.73766556382179 70.656234869267792 1278.9064079439268 3.85842704959214 4.4756989404559127 3.0020995736122122 6.2974735274910918 4.8733559325337401 4.4918908579275012 30.845318045001477 15.650390863418577 30.065487936139107 20.182528932578865 3.3640044983476391 123.42736670933664 10.743464188650249 29.913107346743345 11.467056345194576 64.626891703344882 3.4167502373456937 107.24832993745804 1.8980371844954786 5.2612260915338993 113.65394848631695 2524.847828858532 3.9285597018897533 6.6615377180278292 28.442494435235858 3.3929511504247776 1.4737869724631298 91.573981411289424 2.3121586237102738 1.5409905966371287 5.2717272974550724 123.73931346135214 18.352146587334573 2.9558964534662664 4.4099644739180794 88.985495475120842 259.0929697486572 1.1263664658181358 54.830827051308006 5.1704561365768305 601.47332702763379 47.791517718229443 6.8814863250590852 23.671099823433906 11.300247562117873 48.664903284981847
leaf_count=1354 12522 19 56 39 146 41 72 70 412 51 31 74 93 5560 460 7496 27 27 19 46 29 37 242 84 154 127 28 723 63 193 59 360 22 4722 55 31 857 53505 82 95 653 95 189 1488 25 18 85 2601 350 44 92 2057 6670 23 803 79 11638 902 115 709 153 1168
internal_value=-0.000142806 0.000243227 -0.00179749 -0.00130288 0.0152115 0.0480165 0.0852912 0.108569 0.00329693 0.00373245 0.0498723 0.00350073 0.00779131 0.00723827 0.00119159 -0.00063768 0.0264634 0.0125905 0.0458294 -0.0142076 -0.0225277 0.0727596 -0.00406687 0.00307172 0.0155849 0.0513846 0.0633352 0.00956385 0.00247927 -0.00775971 0.00211881 0.0161174 0.00851046 -0.0198929 0.0573516 0.0592067 -0.025778 -0.00177718 -0.00333478 0.00952204 0.0355627 0.105893 0.000673436 -0.00176945 0.0349977 0.0707996 0.103186 -0.00403511 -0.00333876 -0.00361978 0.0514053 0.00202961 -0.00640767 -0.00773799 0.00453809 -0.0159624 0.00604576 0.0153425 0.0247577 0.0210181 0.0277984 0.0441335
internal_weight=7068.98 6997.95 4193.98 4083.71 112.849 29.3564 13.8406 11.3233 2803.97 2753.28 12.5804 2740.7 957.339 950.437 1783.36 1463.85 79.6996 52.2946 16.9736 184.943 124.825 6.90209 35.321 60.1182 44.4678 27.405 23.5465 319.512 196.085 112.036 82.1233 84.0483 73.3049 110.274 3.0261 8.67798 119.951 3970.86 2818.9 144.598 35.764 7.32151 108.834 107.36 15.7864 9.12488 6.81272 2674.31 2550.57 2532.21 7.36586 1151.95 263.184 260.219 888.769 60.0013 828.768 227.295 138.309 131.428 107.757 59.9652
internal_count=120040 107518 90194 85361 1683 329 183 142 17324 16912 82 16830 6179 6123 10651 8740 563 381 112 1244 932 56 269 312 228 182 155 1911 1188 712 519 476 413 4833 111 53 903 83678 59322 2730 830 177 1900 1711 223 128 103 56592 53991 53641 136 24356 6732 6693 17624 882 16742 5104 3047 2932 2223 1321
is_linear=0
shrinkage=0.05


Tree=66
num_leaves=63
num_cat=0
split_feature=5 124 71 174 44 75 134 136 159 255 24 184 215 149 196 214 134 90 194 223 241 246 160 49 165 166 207 109 249 248 224 123 231 237 80 192 27 66 248 183 224 3 227 145 220 139 216 241 66 89 202 104 201 95 25 84 62 66 240 243 239 73
split_gain=38.6294 15.7275 13.767 11.5455 15.7522 13.1769 12.9386 12.174 10.3203 10.5878 13.9369 12.7802 12.6843 14.5457 19.5244 14.6121 13.6166 13.323 15.7498 11.7082 14.053 11.1927 11.166 11.0477 10.9705 10.8812 10.5487 10.4644 10.3256 14.5157 14.1719 20.3536 17.4278 11.7522 10.2332 10.2303 10.0862 10.0463 9.75575 14.4163 11.6352 11.2629 10.9146 10.9441 9.83759 9.74966 9.97895 10.0005 16.2955 12.3151 14.3571 12.9763 11.7506 9.70176 9.59098 10.0678 9.58162 9.54355 9.43187 9.4226 15.7103 11.4672
threshold=175.75000000000003 0.0012500000000000002 9.3128289473684216 -1.9237225366929844 5.5000000000000009 20.500000000000004 -0.41396943335042408 -0.056376803605762818 0.62478367852435535 1.8377982065104694 4.9000000000000012 -0.40824829046386157 -0.50161813987009807 1.9336143664111864 -0.68773185611939092 -0.26431012065658316 0.1023285636430195 56.834313725490212 -1.0050959946610121 0.6819851630348216 -0.46613647107448536 0.73056596163529697 -1.0149791912699533 2.6035714285714291 0.20969028722489022 -0.023324822960035151 1.063955664172719 0.015209345362017119 -1.0690638416979659 -0.080968784453911966 0.49611210563845387 0.56696428571428581 0.85931017087292105 -0.95676684599820805 1.2419017763845352 0.79184718492093542 0.70714285714285718 0.08306054988856508 0.76887195872097636 0.73977395211563779 -0.92712931947501531 485.00000000000006 1.5432749011797136 -0.55934863419984893 0.87988580774100855 -1.0308935349218484 0.39310638173654516 1.4062428432604765 0.091372413690741242 47.550000000000018 0.2115340643159728 7.5000000000000009 -1.0236848486491823 1.5000000000000002 0.27217102342102345 0.64847883597883615 7.8550394359217899 0.14291451520367185 0.29662903837064225 -0.60554257720605842 0.2922575610947995 0.057205789804908751
decision_type=2 2 2 2 2 2 2 2 2 2 2 2 2 2 2 2 2 2 2 2 2 2 2 2 2 2 2 2 2 2 2 2 2 2 2 2 2 2 2 2 2 2 2 2 2 2 2 2 2 2 2 2 2 2 2 2 2 2 2 2 2 2
left_child=1 2 3 4 -1 7 -7 -6 9 10 12 21 17 14 16 27 -14 18 37 -17 -21 24 26 25 35 -15 -19 -16 -13 30 31 59 33 -32 -22 -12 54 -3 39 40 -31 -41 44 -44 -40 -11 47 -47 49 51 56 -49 58 -24 55 -29 -51 -42 -50 60 61 -30
right_child=-2 8 -4 -5 5 6 -8 -9 -10 45 11 28 13 23 15 19 -18 22 -20 20 34 -23 53 -25 -26 -27 -28 36 29 38 32 -33 -34 -35 -36 -37 -38 -39 42 41 57 -43 43 -45 -46 46 -48 48 52 50 -52 -53 -54 -55 -56 -57 -58 -59 -60 -61 -62 -63
leaf_value=0.0030219479450078806 -0.037239942458239271 0.089418030803953358 -0.019219049531139534 -0.0016824972007950562 0.045944865597533822 0.080230170533307082 -0.022552757614185116 0.15288154075978422 -0.019108643927079214 0.013570590563332499 0.11325837940760053 -0.015061266104068081 0.04527521903343245 0.048555293125204464 0.025455204795757219 0.00024297000036424543 -0.0074960848869164891 0.022186359492629943 -0.026190765592031429 0.0850826881272497 0.036860524166695795 -0.011962682613115483 -0.018124974818839804 -0.0298705385912542 -0.0080290187810717461 -0.044352496077884766 0.090180175611374869 -0.0094073755857655636 0.088054910805798942 0.053723692223992342 -0.016583858698110108 0.08453645369030717 -0.017013543532293108 0.067568783803547153 -0.030259062542792099 0.0029824339850091398 -0.031908776343003896 -0.0074844424148845946 0.0140398254406509 0.10874818020475929 -0.01847615202123155 -0.0093338833197544654 -0.01851904462609829 0.067088890165771589 -0.030717920298721224 -0.0033250939056227898 0.0087727158867677291 -0.032939591599832667 0.062280596152405901 0.059897136428522041 0.087233433308431779 0.047656097652869558 -0.028745176852771455 0.017186192560868615 -0.021084115815237493 0.036142256423330708 -0.016337724445527026 0.047756052600029852 -0.026081445122577138 -0.00017943000920367944 -0.024788086775372017 0.015722110733343106
leaf_weight=83.679788172710687 68.427457776386291 4.5215728394687158 108.25930658122525 3964.4809300168417 13.771309223026039 3.2406679601408568 9.9857103088870591 3.0246882089413729 50.145915181841701 139.02335828915238 9.702589822001757 31.768708957359195 37.839340035337955 8.8957470152527076 15.63475478440523 79.458512677811086 17.248496401589364 17.099720813333992 38.078648544847965 9.1055966690182704 14.841970734298231 4.8810989558696738 21.423225467093289 66.791536629199982 3.2231904743239275 3.6687743971124283 8.6101143322885019 27.918958354741335 10.836463778745388 5.6740337209776035 4.1272372826933852 8.8020455129444581 8.3957593627274019 39.651210934855044 7.8722689747810355 2.8032723553478709 61.809005945920944 4.744024096056819 107.62936811288819 3.7535536307841531 89.262455376796424 3.131505386903882 4.2350422739982632 15.536064170300959 12.835605736821888 1146.9639372103848 253.95903436746448 10.826676180586221 7.130544897168873 6.1606086157262352 14.335642192512749 7.6406816798262289 25.726520951837301 147.2945839879103 50.760870769619942 19.894050531089306 8.8075535381212813 4.804614018648862 3.9955791905522346 78.260824191384017 8.1384279737248999 11.566226427443324
leaf_count=1354 12522 30 4833 83678 84 39 136 70 412 658 69 250 271 49 101 536 128 94 286 56 74 34 145 389 39 26 41 191 77 44 30 47 59 265 68 20 436 32 633 25 575 18 23 84 100 6848 1493 69 41 35 77 45 161 927 339 123 52 26 25 514 60 74
internal_value=-0.000127141 0.000240534 -0.00170019 -0.00122931 0.0144054 0.0448527 0.00614854 0.0729921 0.00313608 0.00354926 0.00725868 0.013849 0.00257882 -0.00264699 0.00182758 -0.00341353 0.0288238 0.0116885 -0.0118476 0.0106863 0.0358103 0.0515609 0.0174766 -0.0217974 0.0711094 0.0197883 0.0476682 -0.0123657 0.0119936 0.0140997 0.0253228 0.0154102 0.0468624 0.0593304 0.0130924 0.0909606 -0.0162185 0.0434205 0.00628982 -0.0050505 -0.0101443 0.0600347 0.0149224 0.0485019 0.00901607 0.000957376 -0.00022799 -0.00209364 0.0143825 0.033394 0.0530114 0.000884316 -0.0103606 0.0125927 -0.00610828 0.00979466 0.016512 -0.0145739 0.030602 0.0090534 0.0321264 0.0531916
internal_weight=7062.12 6993.69 4186.44 4078.18 113.702 30.0224 13.2264 16.796 2807.25 2757.1 1132.53 469.019 663.512 421.74 342.384 287.296 55.0878 241.772 47.3442 111.278 31.8198 20.6102 194.428 79.3561 15.7291 12.5645 25.7098 176.018 448.409 416.64 169.778 117.604 52.1742 43.7784 22.7142 12.5059 160.383 9.2656 246.862 106.626 99.7411 6.88506 140.236 19.7711 120.465 1624.57 1485.55 1231.59 84.6238 47.7712 29.3038 18.4674 36.8526 168.718 98.5739 47.813 14.9682 94.0671 11.1261 108.802 30.5411 22.4027
internal_count=120040 107518 90194 85361 1683 329 175 154 17324 16912 7408 3066 4342 2787 2323 1924 399 1555 348 734 198 162 1207 464 128 75 135 1190 2904 2654 1126 772 354 295 142 89 1089 62 1528 688 645 43 840 107 733 9504 8846 7353 505 278 164 114 227 1072 653 314 87 601 66 725 211 151
is_linear=0
shrinkage=0.05


Tree=67
num_leaves=63
num_cat=0
split_feature=5 124 71 174 44 75 70 219 226 62 181 254 133 239 174 175 168 5 179 166 65 94 235 121 70 151 199 246 102 77 69 197 123 253 250 5 197 248 250 176 4 89 241 249 224 212 62 247 174 173 135 124 201 204 251 197 10 121 14 57 224 70
split_gain=36.3181 14.4021 13.0715 11.0906 15.1962 12.8092 12.4069 10.3522 9.64675 16.7824 14.99 11.2598 10.5638 13.5459 11.2375 10.5637 10.0199 11.5004 10.9082 10.7931 9.79699 10.7754 11.7362 11.8111 11.1384 12.2411 12.6407 11.0744 11.381 15.5383 12.4726 11.1946 10.5696 14.2989 10.5154 10.173 11.8235 10.7746 14.7719 15.9773 19.977 13.9703 14.0755 12.1804 11.567 11.2926 11.1218 12.2197 11.9674 12.5523 11.8183 11.8901 13.6515 11.7202 16.2822 14.602 11.5365 10.6824 10.4622 10.5718 19.6404 15.8678
threshold=186.95000000000002 0.0012500000000000002 9.3128289473684216 -1.9237225366929844 5.5000000000000009 10.500000000000002 0.090256995120780004 -0.17974827711761668 2.1601300215140991 7.8550394359217899 0.39339005634360408 -0.11959329395586075 1.3582956484910236 -0.061121967192113942 1.0544045194316782 -0.57910013919316083 0.42482009579986868 1.5500000000000003 -0.7481312233651034 -0.63172782930320015 1996.5000000000002 -0.45359708652273795 1.4146343340742344 8.5000000000000018 0.045353922706591644 -1.0858817179637186 -1.6853482706364999 0.05793027296277576 22.500000000000004 0.18203058623619375 6.576024736986894 -0.85544076066438912 0.42481203007518803 1.1678994873565607 1.9679278144633818 2.5500000000000003 0.21567474813182722 0.067504007961010262 -0.15336664553091287 0.87047988995525161 3.5000000000000004 59.45000000000001 -0.7741024368188415 1.5741683090135694 0.71659531287847733 1.6886138395157524 7.5981877269566569 1.0317859826965301 -0.68313005106397362 1.8442519709592065 -0.5646071086821608 0.19275000000000003 -1.1325092084046287 -0.046885348171681503 -0.25539865097663245 -0.76153623528066661 2350.0000000000005 11.500000000000002 8.5000000000000018 1.3500000000000003 0.29480599043693506 0.065295301841308925
decision_type=2 2 2 2 2 2 2 2 2 2 2 2 2 2 2 2 2 2 2 2 2 2 2 2 2 2 2 2 2 2 2 2 2 2 2 2 2 2 2 2 2 2 2 2 2 2 2 2 2 2 2 2 2 2 2 2 2 2 2 2 2 2
left_child=1 2 3 4 -1 -6 -7 -8 12 11 -11 -10 20 14 15 -14 17 -13 19 -18 21 24 35 -24 -3 26 -26 31 30 -30 -29 -27 33 -28 -22 36 57 38 43 40 41 42 -40 46 -45 -39 48 -48 -37 50 51 58 -53 -54 -55 -56 -49 -23 -50 60 -60 -62
right_child=-2 8 -4 -5 5 6 7 -9 9 10 -12 16 13 -15 -16 -17 18 -19 -20 -21 34 22 23 -25 25 27 32 28 29 -31 -32 -33 -34 -35 -36 37 -38 45 39 -41 -42 -43 -44 44 -46 -47 47 56 49 -51 -52 52 53 54 55 -57 -58 -59 59 -61 61 -63
leaf_value=0.0028388362975834565 -0.038639965387219366 -0.022229476209010616 -0.018800041691630652 -0.001629680938326969 0.083113952826154622 -0.022694272106302794 0.10110797298098842 0.0011492062209722468 0.033942832805524181 0.045502512728505494 -0.0074388047186444047 0.041831053007842678 -0.022000701134252929 -0.016203846863945999 0.048652323190575976 0.011075987142707818 -0.0057017510927384616 -0.014769899654730405 -0.0053267590160076782 0.078929403809108664 -0.020228200200051148 0.02031043532920707 0.092852108678934994 -0.013133971957666786 0.042931301684203928 0.035446021866295731 -0.0075321532114518454 0.0033012383706143619 0.063223262150570489 0.001382091573495817 0.088568083953641782 -0.0037795192633253666 -0.029662935001960822 0.054210584223866654 0.038758635201403213 -0.016951323049474984 0.0036974587327783075 -0.00088138446472627626 0.022753593142266201 -0.013372484898531659 -0.03571979068689872 0.023619563348087125 0.15812464281376193 0.077415828465597525 -0.0072896581087736516 -0.041736462648025163 0.0040853892399223017 -0.02596966875626738 0.0015711514130913259 0.078202231330757779 -0.021772733495070168 -0.043263149371097057 -0.012578837015843065 -0.0079270594139420891 -0.030858724493567372 0.067705367876968722 0.03775911691101029 -0.028395261123811889 -0.022505387734793773 0.078506243582311563 -0.017065289693363669 0.091925949347832284
leaf_weight=83.901244587730616 59.654474442824721 60.013843060005456 107.15768346423283 3964.5991972857155 11.556956967804583 9.4828920080326515 4.5747896889224648 5.0737172244116646 24.950990407261997 54.055351064074785 17.120184659957886 8.8918630778789503 34.712248297408223 165.34022536268458 12.558030660264192 73.454245139844716 5.3378826007246962 95.597611747216433 17.462481677532196 10.149316180497406 70.339044658467174 267.83767139911652 6.551639720797537 3.5744129568338394 10.858389230445026 19.547324681654572 180.96782431891188 7.0591968074440983 11.458930653985588 56.234571699984372 10.802334804087875 157.15555104007944 52.103851682506502 8.8794624470174295 7.4706574231386176 26.520391996018589 277.66643480956554 530.8424826124683 3.1526928767561966 8.5468764295801503 3.3700661621987811 6.366409362293779 6.9617263786494767 10.135399566963317 5.9068140238523474 16.486465523019433 215.52493398683146 66.369185849092901 15.801950756460426 7.5102616278454652 18.001950262114406 10.467559128999708 23.268177084624767 16.736169919371601 3.7524850331246844 23.835611589252956 6.9934569522738448 10.819263368844984 10.945652160793545 17.756042834371328 4.1487695276737204 10.959745135158299
leaf_count=1362 11375 472 4978 84660 98 151 43 41 185 308 101 37 225 964 83 415 29 523 88 54 429 1154 41 21 60 150 1151 41 82 373 65 1092 319 47 42 178 1205 3641 20 70 26 46 51 63 37 124 1589 452 122 59 213 58 145 103 22 138 54 48 80 124 37 76
internal_value=-0.000116034 0.000217234 -0.00164033 -0.00118383 0.0140792 0.0435931 0.0165281 0.0540579 0.00298667 0.0126992 0.0327724 0.00372377 0.00209943 -0.00693837 0.0057391 0.000311082 -0.0019317 -0.00955498 0.0216652 0.0508802 0.00323329 0.00385073 0.00591914 0.0571726 -0.00202781 0.000354845 -0.00747079 0.00791726 0.0225719 0.0126911 0.0570959 0.000706623 -0.00992074 -0.00434923 -0.0140814 0.00556209 0.0110438 0.00270065 0.00782767 0.0423046 0.0660081 0.0879492 0.122223 0.00575684 0.0473359 -0.002195 0.00425691 -0.00190812 0.0136322 0.018706 0.0153229 0.0203316 0.00724595 0.0156575 0.0305411 0.0535135 -0.0194013 0.0183067 0.0369822 0.0493229 0.0270829 0.0624853
internal_weight=7055.33 6995.68 4186.35 4079.19 114.59 30.6884 19.1314 9.64851 2809.33 233.566 71.1755 162.39 2575.77 286.065 120.725 108.166 137.439 104.489 32.9497 15.4872 2289.7 2211.89 1636.81 10.1261 575.081 515.067 252.81 262.258 85.555 67.6935 17.8615 176.703 241.951 189.847 77.8097 1626.68 556.323 1070.36 523.032 28.3978 19.8509 16.4808 10.1144 494.635 16.0422 547.329 478.592 288.888 189.705 163.184 155.674 137.672 78.06 67.5924 44.3243 27.5881 73.3626 278.657 59.6122 43.8102 26.0542 15.1085
internal_count=120040 108665 91333 86355 1695 333 235 84 17332 1325 409 916 16007 1687 723 640 731 560 171 83 14320 13849 9997 62 3852 3380 1577 1803 561 455 106 1242 1517 1198 471 9935 2407 7528 3763 213 143 117 71 3550 100 3765 3450 2095 1355 1177 1118 905 466 408 263 160 506 1202 439 317 193 113
is_linear=0
shrinkage=0.05


Tree=68
num_leaves=63
num_cat=0
split_feature=6 6 70 24 200 91 68 73 69 69 104 195 98 89 181 133 63 219 4 159 74 121 216 57 73 241 69 73 1 80 84 130 93 69 152 230 218 73 202 201 252 201 251 223 162 239 252 75 80 248 118 62 238 202 139 251 36 170 254 226 183 194
split_gain=34.1618 13.8307 14.3978 15.1643 13.0664 15.492 14.1793 13.0339 11.9422 11.2687 17.5034 23.0166 12.3308 15.6593 14.516 17.4667 14.8579 19.0792 14.2863 14.182 13.2627 12.647 12.572 12.5467 13.7969 12.3994 12.1063 11.2089 15.7207 11.0803 12.7748 10.9807 26.0436 13.764 13.2962 12.439 14.9595 11.3013 10.8779 12.4882 10.6804 16.104 15.6634 13.0911 10.4716 13.1915 15.0932 15.1819 15.2288 10.8122 12.1727 10.3924 10.598 14.6625 11.2156 10.1982 10.147 10.9624 11.369 9.76421 15.7987 11.6286
threshold=5.2308411656580533 3.0130778934489566 0.06634687648583569 5.5500000000000007 -1.0011908505902707 1.8928772989994915 1.0000000180025095e-35 0.067834956668456181 7.1764340518816239 7.1404083931151003 7.5000000000000009 -0.21486974268821221 0.046436867861352989 23.400000000000006 0.11955240309446007 0.40495919703503791 0.072237103080456291 0.39226314633388654 5.5000000000000009 1.3374042738746794 0.17657451673248808 7.5000000000000009 -0.40082309334929217 2.5500000000000003 0.060129832778667985 0.91298448377379948 6.8265431111200003 0.063878363936655982 11.500000000000002 10.054804804804807 0.78951719576719592 1.3772869200801436 44.793670222066801 6.7071279139270779 -0.47912540802549386 0.99414857821831515 -0.04313468181702821 0.1364637565078094 -0.92435837549855893 0.34828371196575475 -0.93944794532324527 -0.11364047202526181 -0.49416139407391807 -0.38978495168476662 -0.23445188784420981 -0.22985503184231934 0.51317996158578416 58.500000000000007 9.7656862745098056 0.79369900193918419 0.18333333333333338 8.1371164220538983 -0.14682840861052474 -0.12647867262871931 -0.60607493789317968 -1.0000000180025095e-35 322.50000000000006 -0.78023472991544895 -0.26740284178366419 2.0755209570323321 -0.24626781251816646 -0.84705333905945934
decision_type=2 2 2 2 2 2 2 2 2 2 2 2 2 2 2 2 2 2 2 2 2 2 2 2 2 2 2 2 2 2 2 2 2 2 2 2 2 2 2 2 2 2 2 2 2 2 2 2 2 2 2 2 2 2 2 2 2 2 2 2 2 2
left_child=1 59 31 56 5 7 44 38 9 12 -11 -12 13 -8 15 16 17 18 29 25 -16 -18 -23 -22 -25 -14 27 28 51 -15 -31 -3 35 -34 -35 37 55 -33 -5 -40 41 42 -10 -44 45 46 47 48 -6 -46 -51 52 53 -27 -54 -37 -4 -58 -59 -1 -61 -62
right_child=-2 2 3 4 6 -7 8 -9 40 10 11 -13 19 14 20 -17 21 -19 -20 -21 23 22 -24 24 -26 26 -28 -29 -30 30 -32 32 33 34 -36 36 -38 -39 39 -41 -42 -43 43 -45 49 -47 -48 -49 -50 50 -52 -53 54 -55 -56 -57 57 58 -60 60 61 -63
leaf_value=0.00052256169650840927 -0.038184549891478313 -0.017071675564205881 -0.019012154855157087 -0.0115196583345292 0 -0.029521983843488482 0.14607676726925589 -0.018941235233555925 -0.021032069541452657 -0.003943027113730584 0.25355323163851018 0.011509344572092758 -0.01620264725194679 0.018740493120489279 -0.031153630663819716 -0.012820782090211015 -0.016684829240738795 0.0019489514367254245 -0.018563766879662127 0.041142363051983627 0.008280967061048158 -0.024932824623601659 0.14981139873289481 -0.023520442099567555 0.16938199946835689 0.016654055167459655 -0.04150620871876886 -0.0048625754825072851 -0.023601044300043852 0.037052820698765823 0.26958767718990545 -0.027150163482334858 -0.019354958378389395 0.0033381847032967933 0.25822458610317323 0.23714257407441774 -0.025667289107951366 0.084395624542303968 -0.0095815692950835009 0.27526768981324573 -0.01053601944551885 -0.022729611422276169 -0.011847694865888034 0.25899523602861396 -0.0063011377517128118 0.01820721829735205 -0.023369122251258291 -0.018118827920105156 0.25612122162972534 0.14798672747520511 0.015126811284513637 -0.0090146566820524365 0.12336734469171007 0.25030773119434957 -0.019783842968319656 -0.010996728697607198 -0.019595951429475109 -0.001565088515287554 0.19484661734296352 -0.0067068621503774198 -0.0044951314158756693 0.019424580038580261
leaf_weight=5644.0436033196747 57.416557540651411 285.89749834127724 123.69804830243811 0.41775991627946485 0.74725321494042951 1.6004401938989756 1.5037465407513071 0.73652887390926469 0.86233233986422453 4.3930390975438049 1.116172581445426 2.1073044459335506 102.38343601534143 1.0739536713808826 18.67454976355657 8.1053280816413444 6.2607148410752398 2.6425295853987336 0.71673642192035902 15.113456393592058 21.364196133334193 1.1318236584775152 1.944311083294451 1.0193628659471863 1.6933923717588184 1.1472275992855432 4.7704897862859061 7.6924315379001191 2.8230015095323315 1.1938876714557412 2.7089139763265848 20.15421375213192 0.76120766764506642 0.76672554947435867 1.0845195390284057 0.54732078872621059 1.2063833726569999 1.5520635917782772 0.34941185591742341 1.1308736605569718 211.51115816831589 2.7355861724354318 0.42739314120262872 0.91980976099148359 20.188068524003032 6.6207658168859762 1.0044868858531115 0.69528952380642284 2.0731505062431097 1.7372631165198971 5.677253033965826 1.5041026356630025 1.5479669487103844 1.7919658161699796 2.352222769055516 0.39942452451214228 2.3410689998418093 1.1316915974020956 0.81102659367024799 123.10874789208174 63.440163645893335 241.74413947016001
leaf_count=52572 11375 20412 5397 27 17 101 56 41 46 229 42 96 4795 28 868 315 254 118 32 832 858 54 62 47 55 64 263 335 138 43 100 1430 41 54 57 34 89 94 18 62 12493 173 27 43 1101 287 47 35 100 91 268 64 48 59 128 26 111 54 32 1011 478 1813
internal_value=-0.000106826 0.000210609 -0.00550314 -0.000994246 0.0030947 0.0816878 0.00221143 0.140156 -0.000386903 0.00782163 0.063954 0.136694 0.00548148 0.0224829 0.0176371 0.0465051 0.073211 0.118387 0.163318 -0.00301909 -0.00032046 0.0248427 0.0939466 0.0236836 0.108738 -0.00863722 0.0232668 0.0411683 0.0710827 0.189072 0.22154 -0.0142062 0.0160543 0.141202 0.192608 -0.0025762 0.0903594 -0.0155885 0.188851 0.22926 -0.00870423 0.0573972 0.134331 0.202501 0.0308014 0.0697295 0.12732 0.167122 0.206886 0.0130259 0.0607384 0.102751 0.125983 0.187757 0.0495932 0.178013 -0.0162171 0.051869 0.117081 0.00107652 0.00834664 0.0144375
internal_weight=7048.32 6990.9 918.562 606.193 478.211 4.23501 473.976 2.63457 435.233 218.776 7.61652 3.22348 211.16 70.0334 68.5297 25.7782 17.6729 8.33602 5.69349 141.126 42.7515 9.33685 3.07613 24.077 2.71276 126.013 23.6294 18.8589 11.1665 4.97676 3.9028 312.369 26.4719 2.61245 1.85125 23.8594 2.15313 21.7063 1.89805 1.48029 216.456 4.94512 2.20954 1.3472 38.7435 11.1409 4.52018 3.51569 2.8204 27.6026 7.41452 8.34349 6.83938 2.93919 3.90019 0.946745 127.982 4.28379 1.94272 6072.34 428.293 305.184
internal_count=120040 108665 52791 30554 24960 249 24711 148 22765 9983 367 138 9616 2890 2834 1006 691 321 203 6726 1828 370 116 960 102 5894 1099 836 501 171 143 22237 1825 152 111 1673 149 1524 107 80 12782 289 116 70 1946 486 199 152 117 1460 359 363 299 123 176 60 5594 197 86 55874 3302 2291
is_linear=0
shrinkage=0.05


Tree=69
num_leaves=63
num_cat=0
split_feature=6 174 98 6 10 75 75 206 68 149 213 101 42 213 92 32 93 77 82 100 70 237 108 110 76 213 2 258 2 246 148 256 166 201 151 163 206 76 246 36 239 200 125 226 207 71 201 137 168 219 73 166 94 76 240 139 203 158 174 108 204 100
split_gain=32.1379 12.7684 15.349 14.6472 12.1888 10.3111 13.2696 20.6227 13.8479 12.922 14.3928 11.6831 11.6265 11.5432 13.9254 11.3742 13.7658 16.4563 14.3388 11.2624 13.3745 10.858 13.5738 17.6777 14.3415 13.883 12.0741 10.8274 10.2952 13.8359 17.2495 15.1603 13.7632 10.7038 10.1787 13.8454 10.0051 9.99864 11.7468 10.1764 10.8023 14.4243 14.2468 11.2742 9.91886 9.91278 9.78421 11.4202 10.1953 9.97632 9.76561 9.62363 9.61291 11.4015 9.70498 11.2082 16.6812 15.4613 9.41275 11.5447 9.8026 9.31252
threshold=5.2308411656580533 -1.7247581331897883 0.037385825066746127 3.1591235665908397 2150.0000000000005 14.500000000000002 20.500000000000004 -0.67854428189654115 0.25176056338028174 -1.4841393430060255 0.46192776814615871 0.11545745920745921 3.5000000000000004 -0.50769555548670042 20.131158009787768 32.850000000000001 31.390250048100111 0.10961908195145399 3.9750000000000001 0.98437500000000011 0.072024480667418359 -0.82316834110004777 0.083879901307078966 0.093191416438658567 0.10504059840449161 -0.47509778541914377 56.750000000000007 1.343669867052997 52.250000000000007 1.6149724118695832 -0.68427969267450883 -1.0000000180025095e-35 1.2767824866832826 -0.12334992521255191 -2.0610820321276981 -0.15487212074080073 0.89794961109873872 0.22756041426927506 -0.56016231792607585 42.500000000000007 -0.35791015817202948 0.51287093325736599 1.0000000180025095e-35 -0.39255099548844496 0.61255802368128742 6.5780081667285364 0.72523078951100528 -0.61190628629972188 -0.73340960944221012 0.45246897467793734 0.70833333333333337 1.2414742247702448 -13.157894736842154 0.30825791855203627 2.1638905729746112 -0.58322473656233853 0.38849861782812062 -0.41861044242680973 -0.20189321327181203 0.074408509250446508 0.052630689379016132 1.6201923076923068
decision_type=2 2 2 2 2 2 2 2 2 2 2 2 2 2 2 2 2 2 2 2 2 2 2 2 2 2 2 2 2 2 2 2 2 2 2 2 2 2 2 2 2 2 2 2 2 2 2 2 2 2 2 2 2 2 2 2 2 2 2 2 2 2
left_child=1 2 4 5 46 12 7 -7 9 10 13 51 15 -8 -15 16 18 -18 -3 20 -13 26 23 28 -25 -26 52 -24 32 30 45 -31 -23 -33 35 -17 -19 -5 39 -39 -41 -42 43 -43 -29 -30 47 49 -49 -1 -11 -10 -9 54 55 56 -54 -57 61 -60 -61 -32
right_child=-2 3 -4 37 -6 6 8 21 11 50 -12 19 -14 14 -16 34 17 36 -20 -21 -22 22 27 24 25 -27 -28 44 29 31 58 33 -34 -35 -36 -37 -38 38 -40 40 41 42 -44 -45 -46 -47 -48 48 -50 -51 -52 -53 53 -55 -56 57 -58 -59 59 60 -62 -63
leaf_value=0.054032318636595633 -0.037718239033242631 -0.010506665537640103 0.0051324634745906414 -0.0080453500281886699 -0.02491521725055984 -0.011380632050432644 -0.017191732034480059 -0.011435890934309965 -0.010901646107182771 0.00039203434283223713 -0.039996224032116501 -0.011805792101336256 0.058097287593908489 0.15777630971480142 -0.00067007874244043991 0.088224247386444632 0.13402735049246858 -0.010850388667806396 0.057318535278277682 -0.018593308986368941 0.097049670057481052 0.063308213943072789 -0.010402635152907777 -0.0016344614627306676 0.0014591509566997101 0.1267328433160399 -0.012456071363750367 0.098338185780608156 0.10933572078057396 -0.021216667350103021 -0.027273647094568577 0.10266459451998158 -0.044753834067711738 -0.0097810033837633144 -0.0046252549575525855 -0.0207019512415271 0.075598911100361044 -0.0040844277327102239 -0.00081745474022577316 -0.0092443966077431616 -0.0049720942054697912 0.0073414523081704935 -0.016020129882683292 0.2606631122921248 -0.017330852201870608 0.013590659916054014 -0.026388400564886727 -0.00022531293995111824 0.13166482416484751 -0.010255349293121439 0.085634884660045554 0.070291551776280242 -0.019100459524796703 -0.042873746942797906 0.11788649747929583 0.024529915697891157 0.063209167524252416 0.12132608405073189 -0.00053038290612336496 -0.0057182787299329312 0.062448846817087116 0.034250239769968709
leaf_weight=21.715099645778537 55.286681556142867 38.03348058834672 185.77865591458976 705.12000298639759 6.1653068051673463 89.856543708592653 1.7678050920367239 6.5323432739824048 18.758963737636808 4032.783171499148 2.3578805327415466 3.2297123838216093 6.7430961467325679 4.0784409083425981 1.8100038431584833 5.8324189558625221 3.8700204119086292 8.1112774312496168 8.7288672998547536 3.4935162886977187 12.247709851711987 17.140200132504109 81.704952906817198 5.2389542814344194 3.0516253188252458 8.1795148421078885 11.153074111789463 3.5854618623852721 4.8634624034166318 4.5594755262136486 40.291499407961965 9.2859915476292372 2.7206112146377555 2.3594263307750198 1402.0022598728538 4.4359026774764043 4.3768844306468955 3.3561534071341175 19.848380362149328 1.5272104321047661 1.2971378439106045 0.63772999215871107 0.59151644306257356 1.8634827393107121 2.5690073668956757 5.8783977851271629 3.4889397993683806 1.7414799230173228 6.1864224504679468 7.6665644347667685 2.3633459545671931 3.4708480648696414 11.857189007103438 2.2981216423213473 5.227445635944604 8.8678986653685588 10.932823192328213 8.2725125141441875 77.161522202193737 7.5518367793411043 14.544990826398132 6.2815358377993098
leaf_count=103 11375 368 2286 46012 52 983 23 68 150 38743 26 34 76 43 21 34 39 91 91 29 98 161 749 56 27 70 105 37 50 54 393 78 23 26 14153 35 41 176 1005 84 79 29 24 75 20 71 65 33 81 39 21 25 133 18 35 75 86 78 722 84 117 62
internal_value=-8.77766e-05 0.000214606 0.0117039 -0.000182208 0.036946 0.000630532 0.0018137 0.0099346 0.000912067 0.000613394 0.0547014 0.0294085 -0.00298777 0.0856943 0.11532 -0.0033095 0.017278 0.055325 0.00298421 0.0571932 0.0746932 0.0152545 0.0111022 0.0180115 0.0663454 0.0960056 0.0336544 -0.00530363 0.0135319 0.0094281 0.00468482 0.0520314 0.04683 0.0805152 -0.00424476 0.0430633 0.0224364 -0.00684492 0.0213572 0.0647659 0.0994853 0.132936 0.179081 0.218047 0.0536828 0.0629856 0.0467863 0.0542698 0.105353 0.0373077 0.000464404 0.0040404 0.0433243 0.0510457 0.056759 0.0459497 0.0211721 0.0756354 0 0.00868167 0.0396966 -0.018325
internal_weight=7042.73 6987.45 232.742 6754.7 46.9638 6020.46 4538.33 451.966 4086.36 4045.16 10.0141 41.2008 1482.13 7.65625 5.88844 1475.39 63.1205 16.3582 46.7623 18.9709 15.4774 362.11 296.968 209.109 16.4701 11.2311 65.1414 87.8594 192.639 172.778 156.573 16.2049 19.8608 11.6454 1412.27 10.2683 12.4882 734.242 29.1216 9.27323 5.91708 4.38987 3.09273 2.50121 6.15447 10.7419 40.7985 37.3096 7.9279 29.3817 4035.15 22.2298 53.9883 47.456 45.1579 39.9304 22.79 17.1404 145.831 99.2583 22.0968 46.573
internal_count=120040 108665 2659 106006 373 58522 43594 4381 39213 38877 113 336 14928 87 64 14852 630 171 459 161 132 3398 2800 1994 153 97 598 806 1841 1657 1499 158 184 104 14222 69 132 47484 1472 467 291 207 128 104 57 121 321 256 114 142 38764 175 493 425 407 372 219 153 1378 923 201 455
is_linear=0
shrinkage=0.05


Tree=70
num_leaves=63
num_cat=0
split_feature=5 71 94 249 259 76 155 130 24 42 182 195 145 101 76 71 21 161 180 259 4 257 97 207 66 174 136 215 34 1 33 76 154 21 237 38 231 133 248 73 121 179 75 34 163 207 171 258 226 222 1 197 84 205 163 174 71 79 65 198 94 10
split_gain=31.4251 15.2689 12.9489 11.8975 12.9074 14.6568 11.3656 13.0942 12.4592 11.0691 12.5317 11.3608 15.1906 11.2294 14.6727 12.6471 16.8 14.0934 13.369 13.0177 11.484 10.9401 10.7846 10.5087 12.0523 15.796 16.2209 13.8666 14.2691 15.8282 13.8209 13.699 12.1008 12.8914 12.0662 12.0593 11.1368 10.9692 12.3127 11.7267 12.6053 10.8096 11.4793 10.4316 10.2392 11.8108 10.2291 10.1551 12.0923 15.3669 14.5867 12.954 10.1289 10.034 11.4144 9.77901 10.861 11.4994 11.3492 11.3038 9.93824 9.76737
threshold=143.75000000000003 8.5687261450381698 4.6722119628950614 -0.96711162019311214 -0.37196350018246349 0.064436282337911224 -0.35060175958622658 -1.0569090456331784 4.5500000000000007 1.5000000000000002 -0.96824583655185414 -0.83226287546705946 -0.92064555787401459 0.11523035622427985 0.058292880258899685 7.3985931521308883 0.50006313131313151 0.82894233254524707 -1.0000000180025095e-35 -0.6851571610001248 11.500000000000002 -0.86156977559515957 0.95833333333333337 1.1235086976944222 0.041476732058191676 0.37017919689925421 -1.3164010973507712 -0.23911894271592435 35.350000000000001 10.500000000000002 116.15000000000002 0.075526546731022395 -0.55061978809677825 0.68754084967320261 -0.020387746175830133 5.5000000000000009 1.0310759871305544 -0.12332638721331353 -0.80562923329436176 0.055696559503666108 7.5000000000000009 -0.20500733556378209 50.500000000000007 37.95000000000001 -0.62459958514852909 -0.85665664865638547 0.28641394737639508 -0.28301261635371361 -0.057164960611651494 0.056577778507903985 4.5000000000000009 -1.4910897058942967 0.41607142857142865 -0.89832256183657255 -1.1227482849744919 -1.7247581331897883 6.9094448725891686 8.5000000000000018 446.50000000000006 0.043124315815744926 8.158508158508166 1350.0000000000002
decision_type=2 2 2 2 2 2 2 2 2 2 2 2 2 2 2 2 2 2 2 2 2 2 2 2 2 2 2 2 2 2 2 2 2 2 2 2 2 2 2 2 2 2 2 2 2 2 2 2 2 2 2 2 2 2 2 2 2 2 2 2 2 2
left_child=1 9 -3 -4 5 6 7 -5 -9 11 -11 12 -1 14 20 -16 18 -18 -17 -19 46 -12 -6 24 25 26 -15 37 31 30 32 53 -30 44 52 47 -36 -26 -39 -40 -41 42 -33 -21 -34 -46 -14 -28 49 50 -49 -52 -27 -29 -55 56 57 60 59 -59 -13 -53
right_child=-2 2 3 4 22 -7 -8 8 -10 10 21 55 13 23 15 16 17 19 -20 43 -22 -23 -24 -25 27 34 35 28 29 -31 -32 41 33 -35 36 -37 -38 38 39 40 -42 -43 -44 -45 45 -47 -48 48 -50 -51 51 61 -54 54 -56 -57 -58 58 -60 -61 -62 -63
leaf_value=-0.012568965259203535 -0.030149530161002747 -0.015713056846489475 -0.018926624761753136 -0.0041092247714352185 -0.011874893091991714 -0.024492350195772845 0.010231696868150394 0.050302315124285568 0.17497958540038347 -0.013970694591758342 0.017612658645959452 -0.00081749955146697805 -0.021812700377337398 0.065131898880100028 0.0051041155012419804 -0.010706348069231306 0.037230945948867493 -0.01758161803518906 0.052037272273830121 0.022504921441876657 0.053875653407251534 -0.0018781576001858644 0.072309101883069854 -0.00234194948893672 -0.0067841868922795248 -0.032221753408903646 -0.018027061791722265 0.012792865342174857 0.015468419392966965 -0.025961311768929268 -0.016838142860770393 0.09289849828552571 0.012047082309605939 -0.033600686976847573 0.15637012287212965 0.10835654865936761 0.0018372815252513234 -0.019801675430237 -0.0021142992913621714 0.075001786383416438 -0.0033686266971516988 -0.030518137224099434 -0.020396062515831617 0.25389245280419631 -0.024864390668958472 0.12682950751708655 0.013915173841272896 -0.0019883593658602244 -0.025056090296196661 -0.009846469593180843 0.19745764912594579 -0.021306129319620691 0.062854234177388557 -0.026304298817484702 0.11716407106212437 0.00060878753463501504 -0.0044580703715686862 0.19717589219158879 -0.0092829780267297962 0 0.034912699292752931 0.088497193535744936
leaf_weight=86.126873783767223 83.773051609750837 247.56681549642235 28.163152869325131 2.5698787001892933 27.934183819219474 4.9515327676199368 6.4716863310895869 5.2917998246848601 4.3647642298601568 207.66574149020016 74.883508928585798 32.684202390257269 93.829095972236246 16.716594271361828 233.07377095520496 19.395612447522581 6.9550299001857621 0.60736145079135928 13.609523283317683 0.92218691343441639 5.5114685650914899 1396.0650233961642 3.3790414142422369 70.48792084492743 97.246091180015355 3.0167442504316595 25.528570970520377 4.4440029920078841 20.374434750061482 17.562036135233939 12.176325367297975 4.9127872087992728 3.8104407656937829 1.9051644150167693 4.9725038153119376 1.9922867771238078 1.5604809382930396 12.710231241770087 13.440601474605499 18.622663701418791 6.6723303366452447 6.2303918311372382 3.0052482262253761 1.5908617624081669 1.056903596036135 10.05268049798906 24.47700978256762 4.7565072644501951 8.6649101227521879 9.0028748172335309 1.9435378811322106 2.2544616069644707 9.6827812027186138 1.1237264624796832 12.016765096224843 3908.0304146320559 47.449008848518133 1.7379760933108621 1.4942844477482138 0.96486885379999865 45.992517850361764 6.2711175978183746
leaf_count=1194 16479 7865 846 30 679 85 199 51 74 3379 1292 237 1482 83 2587 279 180 15 159 21 99 19886 39 808 1729 48 520 70 202 259 192 50 70 62 73 44 35 175 241 242 74 92 30 42 37 163 308 110 149 177 47 56 150 29 155 55486 555 45 68 28 303 135
internal_value=0.000108022 0.000477848 -0.00998943 0.00698145 0.0204472 0.047515 0.0671127 0.0937929 0.118257 0.00100313 -0.00250212 0.00219581 0.00727249 0.00939035 0.00338537 0.00979811 0.0343881 0.0879398 0.0157881 0.163284 -0.010841 -0.000871225 -0.000679158 0.0151547 0.0187536 0.0337275 0.0229509 0.0127879 0.0272265 0.0136576 0.0280841 0.0544045 0.042975 0.073267 0.0734292 0.0103275 0.125266 0.00305529 0.0215245 0.0353677 0.0547971 0.0156412 0.0518722 0.200982 0.0884806 0.111124 -0.0143242 0.00513314 0.0232568 0.0410416 0.0701922 0.100736 0.0392007 0.0828044 0.103549 0.00106126 0.0144836 0.025312 0.098115 0.145313 0.0201828 0.0597479
internal_weight=7031.75 6947.97 330.693 83.126 54.9629 23.6497 18.6981 12.2264 9.65656 6617.28 1678.61 4938.67 900.313 814.186 399.972 276.154 43.0806 10.0754 33.0051 3.12041 123.818 1470.95 31.3132 414.214 343.726 96.3634 77.1309 247.363 98.6709 66.938 49.3759 31.7329 37.1996 16.8252 19.2325 60.4143 6.53298 148.692 51.4458 38.7356 25.295 14.1484 7.91804 2.51305 14.92 11.1096 118.306 58.422 32.8934 24.2285 15.2256 10.4691 12.6995 17.5845 13.1405 4038.35 130.323 82.8738 4.19713 2.70284 78.6767 8.52558
internal_count=120299 103820 9868 2003 1157 439 354 155 125 93952 24557 69395 12673 11479 5172 3283 696 258 438 78 1889 21178 718 6307 5499 1627 1321 3872 1411 985 726 426 534 332 306 1238 108 2461 732 557 316 172 80 63 270 200 1790 1194 674 525 348 238 198 254 184 56722 1236 681 141 73 540 191
is_linear=0
shrinkage=0.05


Tree=71
num_leaves=63
num_cat=0
split_feature=5 71 98 34 224 249 108 223 239 195 138 175 170 249 226 167 151 2 71 20 90 218 248 104 136 135 94 149 224 47 101 102 192 248 100 21 248 166 111 94 73 245 156 226 136 209 206 248 223 202 32 231 3 67 253 181 98 110 181 174 214 134
split_gain=29.2887 13.9193 18.9892 12.4461 11.9731 11.1417 12.0493 10.1729 12.8886 12.9612 11.9617 18.1044 11.8783 11.8103 13.5748 12.0785 11.208 13.7554 16.2328 12.8325 11.402 15.1797 11.1965 11.0274 10.9913 13.4892 10.9484 10.9093 10.8316 17.5007 10.8542 10.9124 10.7665 11.9044 10.5546 19.8875 16.799 16.9683 14.6461 18.0221 17.6008 15.9779 14.268 14.0493 13.7896 14.9103 18.4287 13.6545 12.4963 12.8759 14.6499 11.6931 13.1988 11.6881 11.1026 10.6399 11.4984 12.4635 10.8205 11.7219 10.8074 11.4455
threshold=143.75000000000003 9.3128289473684216 0.076043594548656765 13.350000000000003 0.020855076661725296 -1.2710663707302998 0.067710189474934665 -0.66291016577357531 2.1745921707987215 -1.102963260190428 1.2556562238868916 -0.20187845322086065 -0.6389415187887747 -0.48349377841522789 3.1426895781566504 2.4777401657608058 1.0896332550017143 53.500000000000007 6.7501783166904437 9.5833333333333339 76.760769230769256 -0.75426537395911886 -0.82990398561275458 4.5000000000000009 0.97810577742002425 1.0135434671539636 31.588141021640407 1.9885840141700659 -1.1158686473521782 0.32291666666666669 0.10802542372881357 27.500000000000004 -1.6279458249089882 2.2365859455557211 -0.74264705882352888 0.35119508329647658 -0.55883468278574011 -0.31547489996819317 7.7251397153652972 -1.5099257489069771 0.064341960511840671 -1.1056311879036727 -0.28886315119262057 -0.65405890940032363 -0.49970267895468951 -0.13856632437410352 -0.37514637882933316 -0.88209945768660469 0.2475518824315793 -0.10484985708092154 34.350000000000001 0.4112323315854281 471.00000000000006 0.060351859143837554 -1.054959898154632 0.54026823509924848 0.11250649611209319 0.090703586598958844 0.48317907210988481 -0.50388688482407396 0.17030082971391883 -0.59718724940942303
decision_type=2 2 2 2 2 2 2 2 2 2 2 2 2 2 2 2 2 2 2 2 2 2 2 2 2 2 2 2 2 2 2 2 2 2 2 2 2 2 2 2 2 2 2 2 2 2 2 2 2 2 2 2 2 2 2 2 2 2 2 2 2 2
left_child=1 7 3 -3 -4 -6 -7 12 9 10 -9 23 -1 14 28 16 19 18 20 -15 21 -18 -20 -12 -21 -26 -14 -17 29 30 31 -11 -10 -34 35 -30 38 -38 39 40 41 -37 -43 -41 -45 46 -46 51 -39 50 -50 52 -47 -52 -44 56 57 58 -36 -60 61 -59
right_child=-2 2 4 -5 5 6 -8 8 32 13 11 -13 26 15 -16 27 17 -19 22 24 -22 -23 -24 -25 25 -27 -28 -29 34 -31 -32 -33 33 -35 55 36 37 48 -40 43 -42 42 54 44 45 47 -48 -49 49 -51 53 -53 -54 -55 -56 -57 -58 60 59 -61 -62 -63
leaf_value=0.0015116818376973318 -0.029539936592773187 0.090708346521951574 -0.031676330363129744 -0.025687382244410674 -0.02881972433868267 0.0089522231959946307 0.10669688382382836 0.0093711791306376035 0.045374985180842986 -0.026892344982968289 -0.013193450468325483 0.012063848854312716 -0.01056554522265014 0.003170688757092319 0.060397381386256825 -0.0047103068465703 0 0.011175838463883271 0.10808972212204451 -0.016139563138092106 -0.011508010306099131 0.17405609790033508 -0.02084385873332515 0.21586361621711317 0.13878787347507235 -0.018743433433713687 0.063975555875429399 -0.04350980160785263 -0.010994754134178214 0.11436064257360101 -0.0084193297097674719 0.1356562207291043 -0.016586510808965095 0.03114778561224419 -0.011978158960538068 -0.027120096628914001 -0.029501059438101437 -0.017450085471725624 0.0042550138894628933 -0.039998851872487896 0.0069023008488879158 -0.023154828596033458 0.0093837064163832962 0.011573751807980768 0.20077985639256052 0.21085241082373407 0.017145432215917186 -0.020375348425997551 -0.011836434768413841 0 0 -0.025476804572390224 0.007914547042520384 0.196323676533913 0.17480111779407459 -0.020392725991861205 0.0084625849194564923 0.048214802277110502 -0.033725057508776989 0.044948226632342582 -0.020346885347450102 0.0056615895126719664
leaf_weight=469.50414692191407 81.310500422958285 1.3680568756535638 5.6078099072910872 112.84601864730939 3.0979338386096069 5.6346780890598858 7.2103961138054729 393.15438329568133 7.1794192902743807 1.1000053840689425 0.48083580331876863 5.2604242018423966 456.54925510007888 3709.8628602051176 7.408072718884795 69.562892539426684 1.6462222179397938 83.908966255839914 1.1561622554436324 118.78278668643907 1.3815010320395229 4.5602425718680006 6.6631088173016906 1.4145158738829193 1.6152552738785737 2.3043718081898987 3.9792452403344205 23.824220953509212 110.39698001183569 3.8742012511938801 17.273220534436405 1.8780724513344464 180.68978662462905 13.09424465568736 529.79151059314609 1.2945146989077336 30.391767987515777 6.8781875735148814 39.375290650874376 6.0994670991785815 5.2518352791666976 0.94033515779301602 1.3473082608543325 23.3358697257936 2.9227198222652078 1.2668309304863186 2.5068670865148279 5.616119147278372 1.5238333330489702 4.2498713368549916 0.94933615438640151 1.1621914939023552 1.4475589473731814 2.7464981526136398 8.0779585312120599 118.30931607400998 142.85826437314972 17.788933937437832 5.6782422792166498 15.853401359170674 31.045855030417442 104.59511140314862
leaf_count=8114 16479 25 222 3994 98 139 168 5296 88 27 30 332 9498 44045 74 711 41 2515 49 2896 39 88 278 69 140 225 75 182 1242 52 598 57 2129 107 9317 68 714 168 1067 176 138 42 41 200 60 57 51 305 36 74 30 60 63 55 188 2073 2435 281 105 260 525 1588
internal_value=0.000109852 0.000461777 -0.0153299 -0.0234746 0.0267399 0.0482392 0.0679244 0.000779457 0.00154855 0.00199024 0.0106548 0.0707711 -0.00407553 0.00133055 -0.00290042 0.00265157 0.00307622 0.0195843 0.0616005 0.00264213 0.109148 0.134569 0.00774783 0.17154 -0.0131947 0.0601734 -0.00977341 -0.0150176 -0.00332828 0.0291546 0.0080045 0.0826918 -0.0108606 -0.013192 -0.00399605 0.00496773 0.0169515 -0.00762855 0.0283784 0.0434839 0.0862475 0.118222 0.137603 0.0255274 0.0368543 0.0728649 0.132626 0.0288245 0.0321026 0.0668016 0.112637 0.090689 0.135241 0.156615 0.154803 -0.0063961 -0.00441483 -0.00704055 -0.0105474 0.0234029 0.00551517 0.012228
internal_weight=7028.89 6947.58 135.765 114.214 21.5508 15.943 12.8451 6811.81 5881.78 5680.81 400.31 7.15578 930.033 5280.5 1255.24 4025.27 3931.88 99.3162 15.4072 3832.57 7.58797 6.20646 7.81927 1.89535 122.702 3.91963 460.529 93.3871 1247.83 24.1255 20.2513 2.97808 200.963 193.784 1223.7 257.781 147.384 46.7395 100.645 61.2696 16.912 11.6601 10.3656 44.3576 38.2582 14.9223 5.42959 9.4927 16.3477 9.46954 5.21967 3.87658 2.71439 3.69583 9.42527 965.921 847.611 704.753 551.323 21.5316 153.43 122.384
internal_count=120299 103820 4646 4019 627 405 307 99174 81487 79163 5727 431 17687 73436 22227 51209 50316 3010 495 47306 168 129 327 99 3261 365 9573 893 22153 734 682 84 2324 2236 21419 4835 3593 1077 2516 1449 477 339 271 972 796 596 111 485 363 195 121 180 120 85 229 16584 14511 12076 9682 365 2394 1869
is_linear=0
shrinkage=0.05


Tree=72
num_leaves=63
num_cat=0
split_feature=5 71 98 195 250 239 181 200 163 104 80 25 31 189 165 111 135 249 239 218 156 223 42 206 195 135 205 77 57 230 104 259 170 248 62 111 170 194 75 154 151 231 242 134 251 215 216 182 223 239 74 258 164 242 72 259 246 71 72 197 16 240
split_gain=27.2821 12.976 17.891 13.557 10.9696 11.6269 11.493 10.1722 14.8075 19.3071 13.9815 10.0646 10.0373 13.5914 13.6253 12.5473 21.8756 12.5749 12.534 12.2592 12.9229 10.2481 9.9464 13.1364 13.4364 13.3717 19.2009 13.6886 13.8296 15.7166 17.3584 17.1186 15.2875 13.4762 19.9954 14.2691 14.0674 13.1732 13.4338 12.8347 17.2449 12.8098 12.7191 12.0241 12.7327 14.3212 11.7501 11.3665 11.2342 13.3499 19.8129 13.9757 13.3754 13.4727 12.7777 13.6413 12.3503 12.5164 11.8032 15.4937 14.0191 12.8872
threshold=143.75000000000003 8.5687261450381698 0.037385825066746127 1.2019265765030813 -0.46727886980496486 0.40107152804289165 0.27717936375500768 0.684480358299005 -0.12521918480525279 4.5000000000000009 81.616515837104089 0.7500145891690011 36.975735294117655 -0.22597075368113467 -0.27985608286754754 8.3453829501343701 -0.59422364129213656 -1.1301872072480041 0.41219292111104505 1.0000000180025095e-35 0.4669169914861151 0.33688442384418776 1.5000000000000002 -0.3065422473311355 -0.85260080321569431 -0.53638076632122555 -1.1437550028754808 0.41692229038854811 1.6500000000000001 0.39337542263840819 2.5000000000000004 0.32478054967508568 -1.0108365513569766 1.0000000180025095e-35 6.9819876063633002 7.2086442786069655 0.8042573669717743 -0.27136400804128874 67.500000000000014 0.62905484112053756 1.2513160690362566 -0.91369170040930647 1.1468085767043725 2.0619874203934958 0.88303951290168403 -0.38616513480362907 -0.65972893825026657 -0.96824583655185414 0.055988727927035895 0.18211704235969348 0.41683535762483137 1.8712831442408742 1.34532256028264 -0.63152953365914355 6.5000000000000009 -0.79529718174194419 -0.52132957383317458 6.3847319347319358 119.50000000000001 1.2661337063534732 3.5000000000000004 0.49312066138685717
decision_type=2 2 2 2 2 2 2 2 2 2 2 2 2 2 2 2 2 2 2 2 2 2 2 2 2 2 2 2 2 2 2 2 2 2 2 2 2 2 2 2 2 2 2 2 2 2 2 2 2 2 2 2 2 2 2 2 2 2 2 2 2 2
left_child=1 22 -3 12 5 -5 -6 -2 9 10 -9 -12 13 14 19 -15 -17 -18 21 20 -4 -19 23 48 25 -25 -27 28 29 37 -31 32 -32 34 -34 -35 41 -28 39 42 -41 -36 -39 -26 46 -46 -45 -24 -1 52 51 -51 53 58 -52 -56 -54 -58 59 61 -61 -50
right_child=7 2 3 4 6 -7 -8 8 -10 -11 11 -13 -14 15 -16 16 17 18 -20 -21 -22 -23 47 24 43 26 27 -29 -30 30 31 -33 33 35 36 -37 -38 38 -40 40 -42 -43 -44 44 45 -47 -48 -49 49 50 54 -53 56 -55 55 -57 57 -59 -60 60 -62 -63
leaf_value=-0.0053900153553502819 -0.034464474380514941 -0.021893540356182507 0.17341940175305126 -0.037409175210312624 0.09971896785587768 0.061303872404497362 -0.031130430610372475 -0.010898570438056362 -0.030069208348955951 -0.011036343312723941 0.33768087217093906 -0.0040787374101348096 -0.022346025862276062 -0.006905331206050809 -0.02606815870732045 -0.021062684381490372 -0.021274461413816829 0.24027180697865044 -0.016686179381517754 -0.0022762539906342185 0.0077574422090625874 0.0056522297790898993 -0.013382980103182181 0.0068021844303011742 0.0019965263150103375 -0.033254970878032496 -0.010075776293861043 -0.01213499421586129 0.0099261312260985474 -0.0061537543674294861 -0.013398402003707894 0.0050333091712819779 -0.02245203165191258 0.14941807719129088 0.035045968866338678 0.01285439998234238 0.015892095040891091 0.019711399806876098 -0.014974050222457957 0.19395824748790413 -0.0069649716130920636 0.2596729002825699 0.12935732051860757 0.07515036320842533 0.1200491916898918 0.0067304505636404431 -0.0030627656221507179 -0.00085215161642120249 -0.010383498654218934 0.0040018815278368208 -0.029989969604413025 0.075987381417851718 -0.0185320475404567 -0.0084588013561577857 -0.018911755273492582 0.069211756983328862 -0.019703203158024787 0.093206542671968443 0.059219317691725254 0.11078218940512785 -0.025688805241936875 0.056651488113807727
leaf_weight=894.53969730483368 72.198812329210341 150.13369267433882 3.34220015630126 6.2974968436174112 7.6578609221614879 4.0395139451138675 1.5165326711721716 0.40356445685029063 4.2093207282014182 1.6823497987352309 0.27661670325323939 0.19658922404050827 47.596323973499238 89.265467017889023 3.0865608211606723 4.5329460762441158 0.86366003099828947 1.8835503086447705 0.59865083498880256 2.4955785479396582 1.8380580218508837 0.66650558542460192 205.59314769273624 440.88655400695279 2752.1678643268533 11.610022191423921 12.964292100630695 14.491343839094041 29.385413375683129 4.4437670917250243 1.6774329035542965 4.1177136963233343 0.85441342787816932 2.4297455837950102 1.1549780401401264 5.0148554970510304 1.0983314989134667 13.93849924951793 5.7075520553626111 2.8160650888457885 1.324298513587564 5.0474141733720854 2.4830103991553178 4.8524280595593146 5.8493878627195954 5.0798758803866786 25.812716439832005 1470.4923703889363 57.560289099812508 213.49317435128614 4.2101250812411299 5.982496114447712 5.6530438503250506 339.15955255087465 4.6412691725417963 27.783077768050134 2.754046074114739 9.0310836867429298 11.29363499721512 5.0273649645969263 2.1919609680771828 7.1649327506311229
leaf_count=16517 15209 4506 62 192 159 97 41 73 793 313 52 39 1643 2706 152 51 57 83 27 40 17 35 3379 3516 35489 343 422 352 871 162 51 135 25 65 28 149 28 405 189 92 49 136 47 72 64 61 391 21178 957 2966 63 77 132 4680 32 212 33 208 182 52 41 101
internal_value=0.000111708 0.000446583 -0.00927802 0.00153756 0.0397808 0.00272985 0.0766642 -0.0289255 0.0263461 0.102921 0.213618 0.285913 -0.00343135 0.00494311 0.0557328 -0.00110231 0.0533658 0.125875 0.162841 0.0884158 0.126214 0.199224 0.000927152 0.00205573 0.00383001 0.010884 0.0255914 0.0321532 0.039056 0.0517855 0.0817386 0.0996769 0.120451 0.135085 0.179417 0.0704336 0.203503 0.0303934 0.0501859 0.0683605 0.139867 0.229212 0.0430509 0.00240723 0.0287802 0.0727776 0.0111381 -0.00239926 -0.0016841 0.00307305 0.0121277 0.0063225 -0.00220354 -0.00402482 0.0456812 0.0562596 0.0394671 0.0669525 0.0138683 0.00596648 0.0706539 -0.00213777
internal_weight=7026.56 6947.59 325.815 175.681 19.5114 10.337 9.17439 78.9673 6.76844 2.55912 0.87677 0.473206 156.17 108.573 10.7624 97.8108 8.54531 4.01237 3.14871 7.67584 5.18026 2.55006 6621.78 4945.69 3355.21 561.446 120.559 108.949 94.4578 65.0724 25.8387 21.3949 17.2772 15.5997 8.15514 7.4446 7.30072 39.2337 26.2694 20.5619 4.14036 6.20239 16.4215 2793.76 41.5944 10.9293 30.6651 1676.09 1590.49 695.946 256.11 219.476 439.836 422.398 36.6345 32.4243 17.4382 11.7851 83.2382 71.9445 7.21933 64.7252
internal_count=120299 103820 9868 5362 489 289 200 16479 1270 477 164 91 4873 3230 271 2959 253 202 145 119 79 118 93952 69395 43142 7065 3549 3206 2854 1983 779 617 482 431 217 214 192 1204 782 593 141 164 452 36077 588 125 463 24557 26253 9736 3350 3043 6386 6013 307 244 373 241 1333 1151 93 1058
is_linear=0
shrinkage=0.05


Tree=73
num_leaves=63
num_cat=0
split_feature=5 200 70 71 98 139 195 98 198 223 170 242 233 125 239 49 111 130 55 195 230 184 33 75 91 70 84 196 206 225 167 95 225 181 197 91 196 207 64 111 94 69 219 190 134 219 178 161 246 253 225 248 243 100 201 167 136 227 227 225 3 166
split_gain=25.2976 13.4069 14.3091 12.7526 17.8264 11.4084 11.2658 11.0495 9.61481 9.32478 12.3915 11.2012 13.4566 11.6295 11.1719 10.8375 12.373 14.09 12.61 10.6137 9.68083 9.76612 10.5535 14.4769 17.088 12.6648 12.7298 11.9675 13.373 12.4623 11.3991 11.2925 9.63953 12.776 13.0343 14.7692 21.4699 11.1662 10.3343 10.8001 10.8887 10.2283 9.72369 9.5951 15.1317 11.9656 10.7537 11.426 9.59355 9.56544 9.55989 9.54313 10.859 12.2208 9.54159 12.9316 10.8015 11.5018 16.4226 11.8551 14.0876 10.5804
threshold=165.25000000000003 0.684480358299005 0.10477065826330534 8.5447419619086649 0.035189101135792315 -0.32478054967508557 1.2019265765030813 0.032359450190332546 -0.44097117049850471 -0.66291016577357531 -0.6389415187887747 -0.62300297788176717 -0.41892383224409441 0.087750000000000009 2.1745921707987215 12.510869565217392 7.6278111197275704 0.40873682165069519 1.0000000180025095e-35 -1.102963260190428 -1.6757259130166966 0.27735009811261419 115.55000000000001 40.500000000000007 1.7789732893808725 0.079176361920240676 2.069907407407408 0.77232020217098962 -0.70253561923261698 -0.40824567454407101 -0.33358190418982664 1.5000000000000002 -0.37455547914624554 0.25752767280914385 0.07360878752773467 1.7265250348665926 0.30988900900751254 0.80725440905210633 7.95243482008188 6.9560933818804891 17.037016328276987 6.1672703099211459 0.32535510283450914 -1.0313929701363904 -0.84106796860806676 0.20614404845164533 -0.89198135678959867 0.25509209927172738 -0.85401637508362793 -0.76412989247244723 -0.35417886056457742 2.1287789915502819 1.5036873985548469 1.1291666666666667 -0.89793563661907883 2.364334417476182 1.2831269596658956 -0.72999991595521674 -0.69133620810716656 -0.66024578216502128 445.00000000000006 -0.49566245804459236
decision_type=2 2 2 2 2 2 2 2 2 2 2 2 2 2 2 2 2 2 2 2 2 2 2 2 2 2 2 2 2 2 2 2 2 2 2 2 2 2 2 2 2 2 2 2 2 2 2 2 2 2 2 2 2 2 2 2 2 2 2 2 2 2
left_child=3 -2 7 9 -5 6 -6 -3 -9 10 20 12 13 -12 19 43 -17 18 -18 -11 -1 22 32 27 -25 26 30 29 -29 -24 -26 -32 33 37 42 38 -37 -22 39 -36 41 -41 -35 44 45 -13 47 -46 -31 -43 -30 -16 53 -53 55 56 57 -21 59 -59 -61 -60
right_child=1 2 -4 4 5 -7 -8 8 -10 14 11 15 -14 -15 51 16 17 -19 -20 54 21 -23 23 24 25 -27 -28 28 50 48 31 -33 -34 34 35 36 -38 -39 -40 40 -42 49 -44 -45 46 -47 -48 -49 -50 -51 -52 52 -54 -55 -56 -57 -58 58 61 60 -62 -63
leaf_value=-0.024477573795891709 -0.038761218169760255 -0.016003293370467467 -0.016632524680261562 -0.022349726117192378 0.001344222084618911 -0.025185309482990328 0.04126820228563452 -0.0084331446988158906 0.25659830597436833 0.010037446754165728 0.0014517051818400636 -0.0057669521375275281 -0.0015152520065580711 0.1038212453484938 -0.013277734475955037 -0.025515008263476552 0.18448052493392159 -0.020386308601018071 0.0033889837805499475 -0.0093654006161577753 -0.027488997781727503 -0.017387005303073709 0.022777553819794388 0.16375490615295163 -0.026533261304115777 0.016295630705566149 0 -0.038181784598254824 -0.0016988822910019314 0.070483754622382863 -0.0098539691259811601 0.14112441801330394 -0.0069415183527992697 -0.035962697848808144 0.0056509874918148715 0.11451525313227325 -0.030127406613184894 0.033444980564709369 -7.7324388933028992e-05 -0.002715260032179553 0.004209360986192779 0.010402041592633662 0.027148706531307704 -0.017877267134398109 0.14963462509358605 0.17651934476401088 -0.015588426085846244 -0.025467575443570086 -0.035643262502459229 0.17347163215964262 0.07541070565191671 -0.027694182568898013 0.090353262332113993 0.080691474198718846 5.7598599644407974e-05 -0.022337260831498298 0.10180624177915952 0 -0.0011314309515987556 -0.022430896744235932 0.11169584408699414 0.0088332305612900293
leaf_weight=31.284068293869495 56.149836948607117 0.61321933940052875 3.6169572602957487 143.65800119796768 142.76804292574525 33.824345245026052 19.229754168074578 0.32102209096774459 0.4509163280017674 386.17092037107795 5.381782840471713 1.2808757941238611 89.405346376355737 5.0259803980588913 181.68599300412461 4.2721150135621411 2.1263290708884601 2.0383288068696856 1.525871507823467 120.13674628827721 24.690183533355594 46.863684540148824 16.418940587434918 1.5181431779637922 1.1319282357580949 50.606357339303941 4.5220138668082646 4.5230810991488424 5.625891151838009 1.3336941059678782 1.2464891886338572 6.9735850756987929 159.55091702705249 9.5453582233749348 2.9449692019261482 2.4061962128616861 9.375777396373449 9.6277142856270057 3.3355303029529741 1.0716038849204768 1.9939834177494038 1.2360685910098244 13.482098155189304 313.33907449478284 1.2038760473951762 1.3388431463390587 18.65378257911652 1.1116289324127135 31.639232515823096 7.0799322263337663 11.742220345418897 9.0274121738038939 3.7440841160714617 2.5111396722495547 3626.4623029781505 41.645256824791431 1.919656557496636 6.3170268270187107 367.45859179878607 2.0292785037308922 8.3068884387612325 957.52058704430237
leaf_count=569 12759 126 724 4579 2856 3089 335 64 81 5409 205 35 2043 50 2152 128 61 60 38 1568 491 632 309 52 29 672 147 77 74 29 20 136 2893 292 47 33 115 133 65 25 18 27 259 6287 36 24 363 52 602 97 135 83 24 19 56048 344 169 71 3451 23 100 8865
internal_value=0.000114471 -0.0316425 0.040578 0.0003986 -0.00903732 0.000767393 0.00633813 0.136404 0.201002 0.00088428 -0.00381682 -0.00974628 0.00493887 0.0560924 0.001633 -0.0139882 0.0350142 0.078225 0.126888 0.00205211 0.00191706 0.00389907 0.00655084 0.017606 0.0342985 0.0287199 0.0695596 0.0018212 0.0318359 -0.0117503 0.100132 0.119102 0.000323483 0.0136631 0.0289917 0.0504631 0.0056694 -0.00978976 0.078171 0.0955315 0.116049 0.136631 0.000371687 -0.0155512 0.0146132 0.109041 -0.00138254 0.0817366 -0.0292551 0.153488 0.0514284 -0.0100339 0.0266702 4.92922e-05 0.00144839 0.00479334 0.00558341 0.00538411 0.00671458 0.0546792 0.0852662 0.00606718
internal_weight=7024.04 61.152 5.00212 6962.89 339.48 195.822 161.998 1.38516 0.771938 6623.41 908.473 446.704 99.8131 10.4078 5714.94 346.891 9.96264 5.69053 3.6522 5517.97 461.77 430.486 383.622 137.282 65.9985 64.4804 13.874 71.2831 21.8912 49.3919 9.352 8.22007 246.34 86.7894 52.4715 29.4441 11.782 34.3179 17.6621 14.3266 11.3816 9.3876 23.0275 336.928 23.589 2.61972 20.9693 2.3155 32.9729 8.316 17.3681 196.969 15.2826 11.5386 5131.8 1505.33 1463.69 1461.77 1341.63 16.6532 10.3362 1324.98
internal_count=120299 13754 995 106545 10859 6280 3191 271 145 95686 17360 9382 2298 255 78326 7084 287 159 99 76048 7978 7409 6777 2282 1056 1004 332 1226 286 940 185 156 4495 1602 978 427 148 624 279 214 167 149 551 6797 510 59 451 88 631 124 209 2278 126 102 70639 14591 14247 14078 12510 194 123 12316
is_linear=0
shrinkage=0.05


Tree=74
num_leaves=63
num_cat=0
split_feature=6 224 71 14 33 109 131 175 107 240 250 90 116 155 6 252 241 175 229 192 215 149 244 153 237 64 254 210 153 149 174 259 216 69 32 42 32 161 162 27 21 242 251 246 162 168 223 229 47 3 248 57 192 27 176 254 107 67 2 165 20 174
split_gain=23.5245 11.6364 10.3478 11.2199 12.6025 11.9603 11.4425 12.08 11.052 10.9402 10.4526 11.2394 9.24004 14.4172 10.0134 9.68124 20.3024 12.1251 14.1407 10.799 14.6831 10.6742 11.1819 9.87633 9.97762 12.3534 11.6764 9.73297 11.6041 13.2873 14.6411 12.6938 9.25431 9.23039 9.12408 9.10074 12.6859 16.9454 14.4077 16.4387 18.3095 12.2238 12.962 13.7863 13.0724 12.9297 13.0041 20.3811 23.9564 12.8786 11.9411 11.4569 12.9249 12.7722 11.4591 11.0915 10.9024 11.5623 10.86 10.7561 13.8179 11.336
threshold=4.8101496837149549 1.811515640969422 8.5941193421962669 9.5000000000000018 180.45000000000002 0.098771239097360145 1.552230553124164 0.80183637421906406 308.50000000000006 0.11139530078675586 -0.040301116601908986 67.602380952380969 0.90000000000000013 -1.8103906613305882 1.2946333325561217 -0.67078987191401895 -0.18011477065794496 0.40294785677864825 0.71081159497933866 -1.8107901374395314 -0.348572763030706 -0.73928019080486929 -0.96804003321896215 0.5067303486506286 0.64557647658538764 7.9944382647385988 -0.31964124913999997 -0.80153056246153909 0.5067303486506286 -0.37030878043621024 0.21547290184283321 -0.36010424078586895 -0.77492254084698498 6.4642629082284264 35.050000000000004 1.5000000000000002 34.250000000000007 0.23175597854023833 0.80616830693202457 0.31666666666666671 0.17261231415643183 -0.36978541341296473 0.96570864136956991 -0.55163961079363666 -0.85697104070514463 0.19963735237617264 0.38979542361671254 0.65583818093703528 0.097619047619047633 469.00000000000006 -0.92086073258594314 2.3500000000000001 -0.63423134993119323 0.5277777777777779 -0.56307722444491837 2.4752400232069145 3436.5000000000005 0.11848896653670289 54.500000000000007 -1.5249459531041276 3.8333333333333335 -0.26714044940677012
decision_type=2 2 2 2 2 2 2 2 2 2 2 2 2 2 2 2 2 2 2 2 2 2 2 2 2 2 2 2 2 2 2 2 2 2 2 2 2 2 2 2 2 2 2 2 2 2 2 2 2 2 2 2 2 2 2 2 2 2 2 2 2 2
left_child=2 -2 12 4 6 8 -4 33 -6 -5 -11 -12 32 14 -14 16 -15 18 27 20 -17 22 34 24 -24 26 -26 -18 29 30 31 -29 -1 -8 -21 -34 50 38 41 -40 -41 45 43 49 -44 46 47 48 -38 -43 51 52 54 -53 -37 -52 -39 -58 -51 60 -45 -61
right_child=1 -3 3 9 5 -7 7 -9 -10 10 11 -13 13 15 -16 19 17 -19 -20 21 -22 -23 23 -25 25 -27 -28 28 -30 -31 -32 -33 35 -35 -36 36 37 56 39 40 -42 42 44 59 -46 -47 -48 -49 -50 58 55 53 -54 -55 -56 -57 57 -59 -60 61 -62 -63
leaf_value=-0.0069002860330625417 -0.026900859880589736 0.094574450102569763 -0.019868372858311403 -0.0063065679399615633 -0.036472282313536865 0.11235120404317814 0.088390999081447374 0.10661313535892013 0.05762530098535798 0.017078567126754908 0.13531479142164965 -0.025774407464153683 0.054307797096369084 -0.020978436365455447 -0.01401406002206409 0.096990913335406909 -0.010619926525046182 -0.013192397635684416 -0.010792450258019459 -0.0045247261132372475 -0.010276485236463913 -0.011973172053963825 -0.014599989304332567 0.11127723318454166 -0.0080826212101760952 -0.041096357497498071 0.10112580555419204 0.15108245060652548 0.11776419673938475 -0.021860712001761585 -0.017636072671528523 0.03414054370315011 0.0031167967210983787 -0.032057556886710546 0.15463760368185736 -0.035440880749759894 0.012642801196203325 -0.0086539749293874334 -0.030331524824260103 -0.017095653888108003 0.092655741796273464 -0.0096822291563252935 0.035202038244636018 0.0044472053821794184 -0.027269099585514441 -0.009790331940708781 -0.0075874448650461368 -0.01090778610366382 0.082380578668286075 0 -0.014813254360776863 0.082152459172094919 -0.014499650524681809 -0.029802877062234757 0.054302597605416739 0.0040089072310265537 0.0090088976094088273 0.10756298184598229 0.13977003046084932 0.027226069147795458 0.10663754433484354 0.0010646085538577243
leaf_weight=310.32135925954208 93.412122095236555 1.0384215193334956 201.60173259861767 51.068522219546139 6.1650397991761547 2.4640461551025501 1.0662794564850608 2.6921816128306091 4.5193477519787848 24.258751010056589 3.1129285842180243 1.023402066901326 15.93083466589451 32.932140473742038 7.1915648113936177 4.6621347754262388 4.1018799133598796 12.608168397098778 9.3361834064125997 1.262922810390591 6.7543292935006303 485.10897948592901 31.368340592365712 1.106920514255761 3.4402342792600384 3.0133175146765998 5.9481970425695172 4.4960417780093866 7.8190306746400884 5.1479944675229552 3.3756229784339657 5.5950627001002431 4231.6261847517453 5.8774955151602626 1.3854450373910365 3.7560350722633329 29.866446252446622 329.45337896607816 5.0198776493780342 4.6144743394106653 14.063720501493661 2.9307758938521129 10.397109750658272 6.4429782442748529 30.601090014912188 173.90071891248226 54.934990100562572 26.781294664368033 20.759145026560873 1.720470077358186 352.99319309554994 8.8248954676091653 38.552043179981411 2.7770876307040444 14.899467852432279 99.520351994782686 13.888370851986112 2.9204120906069866 5.1345398747362196 74.433710080571473 6.2559910845011473 92.910076756961644
leaf_count=4375 19405 201 5938 1594 138 44 30 54 118 652 69 26 77 579 73 63 31 227 113 56 89 6421 796 22 70 78 122 91 83 104 98 130 57637 200 35 73 547 5629 103 40 159 46 96 34 331 2438 756 298 328 24 5718 139 623 31 182 514 284 46 63 890 40 1028
internal_value=0.000115929 -0.0245361 0.000456291 -0.0085493 -0.0142584 0.0315172 -0.0172663 0.0334525 0.00442717 0.00748659 0.0318343 0.0972266 0.000871439 -0.00477115 0.0331509 -0.00622246 0.00932057 0.028464 0.0417593 -0.00868441 0.0374091 -0.00974999 0.0126189 0.0055299 0.000318139 0.0366982 0.063701 0.0578181 0.0686203 0.0427712 0.0676273 0.0956185 0.00148974 -0.00413345 0.0969311 0.00195176 -0.00149604 0.00207212 0.00744162 0.044828 0.0657965 0.00570242 0.0143655 0.0198651 -0.0108465 -0.000836482 0.0108768 0.0239741 0.0423776 0.0751201 -0.00770579 0.0115443 0.0019127 0.0547193 0.0350957 -0.010663 -0.00660572 0.0314911 0.10863 0.0164359 0.0592644 0.0128234
internal_weight=7021.19 94.4505 6926.74 303.85 224.386 13.1484 211.238 9.63596 10.6844 79.4636 28.3951 4.13633 6622.89 652.585 23.1224 629.463 85.4121 52.48 39.8718 544.051 11.4165 532.634 47.5254 44.877 43.7701 12.4017 9.38843 30.5356 26.4338 18.6147 13.4667 10.0911 5970.3 6.94377 2.64837 5659.98 1428.35 907.03 560.767 23.6981 18.6782 537.069 230.827 189.829 40.9982 306.243 132.342 77.4069 50.6256 9.78579 521.323 68.8095 57.2075 11.602 18.6555 452.514 346.262 16.8088 6.85501 180.043 12.699 167.344
internal_count=120299 19606 100693 8863 6522 300 6222 284 256 2341 747 95 91830 9358 150 9208 1456 877 650 7752 152 7600 1179 1088 1066 270 192 537 506 423 319 221 82472 230 91 78097 20460 13180 7221 302 199 6919 2552 2125 427 4367 1929 1173 875 133 7280 1048 878 170 255 6232 5959 330 87 1992 74 1918
is_linear=0
shrinkage=0.05


Tree=75
num_leaves=63
num_cat=0
split_feature=5 5 170 138 168 116 253 110 10 242 166 174 116 254 120 206 179 73 199 239 98 71 231 226 252 110 212 91 149 195 71 36 166 226 1 181 100 219 151 36 94 120 69 73 72 199 207 120 251 200 222 81 253 249 151 219 252 77 259 250 110 14
split_gain=28.1081 11.0541 10.3617 12.6179 12.0629 10.1088 10.6737 11.1344 10.4011 11.1658 10.4588 9.70024 10.314 11.3983 9.54813 10.8113 9.00921 9.12054 8.86204 14.114 15.8324 15.9999 11.6089 11.2803 11.0463 10.6992 8.92007 8.63083 8.51741 11.2371 8.48513 9.98631 16.2509 10.5099 8.83791 8.42699 8.22446 14.3486 13.1298 9.19711 10.3195 9.27086 11.1603 13.0821 8.76458 9.92277 8.50434 13.815 13.8972 10.412 11.4555 9.30074 12.133 10.5736 9.01691 8.50434 10.7731 9.18982 8.35619 8.30868 9.65384 13.5086
threshold=120.05000000000001 1.7500000000000002 -0.26617692554767497 -1.2114509846747599 -0.33372579439958233 0.79000000000000015 -1.7298367343411585 0.076545895569569547 1250.0000000000002 -0.51842147705229547 -0.42613625438421382 -0.31597738758103749 -0.12928571428571436 2.9859463363805578 1.6000000000000005 0.96379284868117465 -0.95252870804451173 0.051332725245768727 -1.9199594327345408 -1.2322069909744335 0.033337595604429976 7.8396753955264602 -0.25350572426181239 -0.37842992926163399 1.0190069461484497 0.069392223934112651 -0.43295211753099672 0.9062897516636782 -1.2890844721086772 -0.13100911776678145 6.9359681004445521 34.500000000000007 -0.45258688744944647 -0.60976601678075182 6.5000000000000009 0.48317907210988481 1.6306818181818168 1.7720798378426721 -0.22175207316333664 321.50000000000006 12.640491065801468 1.635 6.545514591089229 0.057205789804908751 54.500000000000007 -0.98686737517466294 -0.021094992238698422 -0.30499999999999994 1.297114794645106 -0.59181661937679364 0.80545175998457297 -1.0359583791551781 -0.77142315710830134 -0.664128415048304 -1.5433932506520505 -0.14053231704793026 -0.57206501457542414 0.37317003499250168 -0.25409944487358049 1.690907843221195 0.05836874727297723 9.5000000000000018
decision_type=2 2 2 2 2 2 2 2 2 2 2 2 2 2 2 2 2 2 2 2 2 2 2 2 2 2 2 2 2 2 2 2 2 2 2 2 2 2 2 2 2 2 2 2 2 2 2 2 2 2 2 2 2 2 2 2 2 2 2 2 2 2
left_child=1 2 -1 -4 -5 18 7 -7 9 10 27 -6 13 -13 -11 16 -16 -18 19 22 21 23 -3 25 -22 -21 -27 -8 29 -10 31 32 33 -2 -34 -29 -20 39 58 41 -41 44 43 -43 45 -38 54 49 -49 50 -48 55 53 -53 -47 -51 -57 -58 -39 60 61 -56
right_child=30 5 3 4 11 6 8 -9 28 14 -12 12 -14 -15 15 -17 17 -19 36 20 24 -23 -24 -25 -26 26 -28 35 -30 -31 -32 -33 34 -35 -36 -37 37 38 -40 40 -42 42 -44 -45 -46 46 47 48 -50 51 -52 52 -54 -55 59 56 57 -59 -60 -61 -62 -63
leaf_value=0.022050907349602748 0.09839371748838352 0.0021993976196945943 0.028067106107881757 -0.043158512341272763 0.024960251328191796 -0.025198724475159268 -0.019107855661272922 0.15317424468911636 0.10295737800970406 -0.0051306226934355291 0.0055962109655347328 0.034119793706780706 -0.033626177728986427 -0.013128018518644728 -0.032024949311329161 -0.027811457469862522 -0.014226287945123659 0.10490239547608773 0.00087488834442054719 -0.029123880975896313 -0.014345327475095869 -0.032195138679243111 0.11685841890949521 0.077000508550921623 0.030798970994872527 -0.0090740567595607603 0.08330830478515909 0.1063488720777962 -0.010163891901154815 -0.034228069786338515 -0.034080182839198385 -0.021021376836663511 -0.010031857150338115 -0.038613661134776996 0.22440009737374098 -0.011512082695729691 -0.032045230852783532 0.026831021447793875 -0.012134921882509338 -0.0063596077050544 0.094569389420393363 -0.017529727136113421 0.00012730029393222131 0.13374726242285975 -0.021330733905331602 0.055600708292456259 0.1185352272372215 -0.03844944790831345 0.065238179691434348 -0.00029550251332603988 -0.017528698079704638 -0.004207210102249774 -0.021694459069709918 0.14538376231382069 -0.019240587409737768 -0.010934482657682966 0.11428357250818857 0.021662454673075395 0.13469251460286577 0.053220525981362579 -0.03339920939708816 0.065654975294477821
leaf_weight=109.9202541410923 0.98606418399140228 3.7777760773897171 35.359252721071243 17.085077807307243 29.419870153069496 1.0029340740293258 1.8712723399512494 1.1288094744086263 2.7677174969576299 132.6334195244126 15.227832108736036 19.300327718257904 25.643968269228935 33.307925298810005 1.4849624903872598 3.8858646699227384 1.6576448823325316 6.8107598135247827 5449.5271629067138 6.5683108177036074 60.19370138971135 6.6676812143996349 4.7891319906339032 16.297634989954531 16.384325928986073 3.8039351366460323 5.8048094585537893 7.6920729721896333 526.73488183086738 1.7562543265521515 76.642322780797258 12.833290165755896 0.37344640772789972 3.7331678434275091 0.62091724155470729 1.5258596800267694 26.9243955896236 4.62825907766819 6.1476658256724459 5.3162992103025299 3.5124908434227109 1.8500971151515866 17.311823406256735 2.8771643824875355 147.48859676159918 3.6368392743170253 4.3812218648381522 18.261440182570372 2.9153648652136317 9.6624884046614188 1.7619779673404989 2.2420805497094993 20.333382711745799 1.2504358198493744 13.597164273262026 3.9358416497707358 6.9184084385633451 5.1316496580839157 3.0745985899120569 3.0605034776963285 44.295404316391796 5.8963199499994507
leaf_count=453 190 45 145 70 121 21 33 19 68 2083 280 79 105 137 23 48 34 95 81258 54 732 105 51 121 146 32 58 122 8012 43 16626 2343 70 684 106 33 340 44 148 112 40 39 252 34 2280 26 99 250 34 63 25 66 424 31 269 25 40 30 28 48 900 119
internal_value=2.74483e-05 0.000401411 0.0102992 0.00211384 -0.00536689 -1.46371e-06 -0.00565333 0.0864079 -0.00606133 0.00455572 0.033908 0.000925727 -0.00824818 0.00442559 -0.000878315 0.0371377 0.0631749 0.0820158 0.000670433 0.0138286 0.00887187 0.0343266 0.0723345 0.048688 -0.00434948 0.0170511 0.0488565 0.0686935 -0.00952594 0.0522401 -0.0268144 0.00316226 0.0532661 0.00133782 0.172965 0.0871325 0.000386053 -0.00685322 0.0412843 -0.00886988 0.0388221 -0.0102184 0.0204405 0.080946 -0.0123912 -0.00471552 0.000429336 0.0118988 -0.0216515 0.0249184 0.0818191 0.016273 -0.00601305 0.0686779 -0.0119883 0.0366119 0.0579186 0.0799054 0.0809883 -0.0165043 -0.0206966 0.00814501
internal_weight=7011.63 6916.44 270.037 160.116 124.757 6646.41 706.18 2.13174 704.049 172.79 26.317 107.672 78.2522 52.6083 146.473 13.8392 9.95337 8.4684 5940.23 124.287 115.72 39.1424 8.56691 32.4747 76.578 16.1771 9.60874 11.0892 531.259 4.52397 95.1892 18.5469 5.7136 4.71923 0.994364 9.21793 5815.94 366.412 13.8505 352.561 8.82879 343.733 22.0391 4.72726 321.694 174.205 147.281 76.7943 21.1768 55.6175 6.1432 49.4743 23.8259 3.49252 70.4862 25.6484 15.9859 12.0501 7.70286 66.8494 63.7889 19.4935
internal_count=120411 100392 1110 657 512 99282 10914 40 10874 2751 468 442 321 216 2283 200 152 129 88368 1344 1248 370 96 265 878 144 90 188 8123 111 20019 3393 1050 874 176 155 87024 5766 220 5546 152 5394 325 73 5069 2789 2449 1087 284 803 124 679 521 97 1362 158 95 70 72 1336 1288 388
is_linear=0
shrinkage=0.05


Tree=76
num_leaves=63
num_cat=0
split_feature=5 3 244 131 166 91 155 197 98 30 218 172 199 165 111 122 249 73 231 98 244 230 205 190 218 30 2 252 155 130 119 123 248 178 165 239 110 111 161 69 1 60 124 110 65 34 219 71 101 252 258 138 66 150 197 64 216 25 197 242 73 36
split_gain=25.9513 10.3106 13.8454 16.0903 17.0315 13.0999 13.0997 14.2944 12.6983 13.827 13.3759 14.9983 12.6206 13.402 12.1827 12.3329 16.4524 13.0135 12.0012 13.308 11.4829 10.5761 10.2976 10.1116 10.0067 10.5252 10.5368 12.6036 12.3256 13.1549 16.8142 11.2345 10.5438 10.2451 9.94896 12.1746 13.918 13.7875 13.2657 12.2271 12.0376 10.985 10.7916 14.0564 11.0315 10.6821 13.2704 10.6252 10.1599 14.9408 13.761 9.8896 11.2527 15.3924 12.4332 11.0121 10.0299 9.88155 9.84807 9.8456 10.6527 10.4127
threshold=120.05000000000001 449.00000000000006 -0.45972112215626476 -0.51199927900023623 -0.023324822960035151 1.5667401545041193 -1.3812936812689609 0.60504391461357587 0.013000157736999843 107.15000000000002 0.048514171710091127 -0.6521807898670805 -0.79824745881803294 -0.95633421811365016 7.1787352555701185 0.17914438502673799 0.46529784081849135 0.058700467634752652 2.242029889709714 0.079033906324465289 -1.068328608239153 -0.40883245469185919 0.71917165988678189 1.146740882874804 -1.0585119627923791 68.65000000000002 56.750000000000007 -0.91914800077140379 -1.0210344104697617 -1.2288209634304474 0.29285714285714287 0.12132352941176472 1.0156455991286013 0.76765171305991975 1.6334176075916755 0.7234651498333563 0.11121248986212491 6.9790168745414531 1.1400374254347407 9.6769331086402417 2.5000000000000004 -0.24999999999999287 0.0027500000000000003 0.43303571428571436 1996.5000000000002 36.550000000000004 0.90121868965823737 6.2530242427198681 0.13033681694819141 -0.52080396754265135 -0.72265940373295956 -0.86980763356942103 0.12612827010732772 -1.0238632653837645 -1.1342693777042741 8.0391518170786238 -0.43139395648450696 0.36414619694031464 -1.0271696343502239 -0.62300297788176717 0.18443159126902156 69.500000000000014
decision_type=2 2 2 2 2 2 2 2 2 2 2 2 2 2 2 2 2 2 2 2 2 2 2 2 2 2 2 2 2 2 2 2 2 2 2 2 2 2 2 2 2 2 2 2 2 2 2 2 2 2 2 2 2 2 2 2 2 2 2 2 2 2
left_child=1 2 18 4 8 -6 -7 -8 10 24 12 -12 -4 -14 15 -5 17 -17 -1 20 -20 -11 -18 51 -10 -26 27 -27 29 -29 31 -31 33 -28 42 39 37 -37 40 45 -39 -42 43 48 -44 46 58 -45 -3 50 -50 52 54 -54 55 -16 -55 -58 -36 -9 61 -61
right_child=-2 34 3 14 5 6 7 59 9 21 11 -13 13 -15 23 16 22 -19 19 -21 -22 -23 -24 -25 25 26 32 28 -30 30 -32 -33 -34 -35 35 36 -38 38 -40 -41 41 -43 44 47 -46 -47 -48 -49 49 -51 -52 -53 53 56 -56 -57 57 -59 -60 60 -62 -63
leaf_value=-0.013448006194533596 -0.026131625052486049 -0.0011279176690493743 0.14963394460211152 -0.00015610412501296792 -0.031112105845584964 -0.046191398914580552 -0.0035517031274811201 -0.027464590989353044 -0.020290099939251835 0.015629982225435893 0.093481211918969132 -0.044631588706978025 0.099876795898968682 -0.0140529350035992 0.0060161906540683709 -0.00029604585782139084 -0.010147072160514635 0.12924631812600959 -0.028997811651732399 -0.030783252270557743 0.11622474779544452 -0.03450176528240078 0.069085943402747083 0.031581329508615009 -0.025018247164991309 0.10735149955191992 0.1415318942331838 0.0024338736711766325 0.010667599000666494 0.06750200633631985 0.11086268563236218 -0.033380408653282609 -0.017580395078146693 -0.0015406463675108452 0.083549447295319157 -0.032914695501892931 -0.0043638029734852863 1.8198586896157698e-05 0.00059620356386741815 0.12309794162019178 0 0.18585393913927573 0.0043299907359876889 -0.013532900939317055 -0.016118848320585334 -0.010920486851931588 0.10320280233926436 0.10385423604654101 -0.012319660230707368 0.0038090494234197681 0.16160531706993297 -0.018351905429359418 -0.023255447363023533 -0.01501358304233915 -0.012321355300540789 0.11836187899750253 0.1278686515123327 0.037463302713670148 -0.0032303244072627232 -0.003433267454900012 -0.005472334203440077 0.11807098824185672
leaf_weight=352.93211317108944 92.492685104021803 3288.2669839584269 3.7927744123153397 110.95528622716665 39.743920906446874 8.6836590273305756 28.044712121598423 2.4409995563328275 14.904569074511526 16.984848441556096 1.8483155453577635 5.3360443357378236 3.8183243591338396 4.965752087533474 6.7066417057067138 2.6315465918742138 15.371474413201215 5.5905949966982007 1.2921763313934205 3.3588405125774443 4.4490863434039039 24.473052999936044 4.470654448028653 13.45542979147285 10.543822164647279 3.2065283157862714 4.2379029882140449 11.394752290099861 112.19597808644176 4.3907691109925526 10.387578229419885 4.6958173206076026 1.7883558352477846 1.5258401762694118 2.921480621211237 1.6255155913531805 6.5662365909665814 1.4521608604118208 2.4684555376879871 1.2393227135762561 0.92069403361529012 5.119459454435856 2180.0814391695894 2.521733912639319 66.950408337637782 43.199667793698609 3.9611764713190487 4.5760853234678507 1.3846232914365826 10.017324043437837 2.6514135627076021 217.39712946955115 13.009151959791778 5.7907019928097716 155.36544334329665 2.3990054614841938 3.1860399991273942 18.729430070146918 18.728097806219012 2.0305332420393771 3.238483503460885 7.9132450073957443
leaf_count=7367 20019 62713 38 1742 707 65 460 34 274 211 21 69 29 108 77 56 174 80 35 73 104 351 40 185 153 48 71 102 1926 40 76 44 22 13 67 43 130 26 57 37 32 115 13100 29 387 1297 81 62 22 159 43 4558 94 62 1624 30 26 167 475 37 22 102
internal_value=3.40151e-05 0.000388483 -0.0036798 -0.000372895 0.00836028 -0.0098157 0.00653834 0.0179353 0.0153533 0.0117469 0.052889 -0.00140802 0.082093 0.0401062 -0.00543817 0.0073924 0.0363869 0.091707 -0.0119329 0.0418482 0.083345 -0.0139612 0.0099233 -0.00954786 0.0177643 0.021347 0.0246985 0.0213245 0.0186299 0.0461699 0.0701477 0.016731 0.0793277 0.108289 0.00130496 0.0178746 0.053286 0.0841058 0.104919 0.00800694 0.134584 0.161628 0.00103786 -0.000776611 0.00371159 0.00412882 0.029158 0.0650102 -0.00093916 0.040036 0.110347 -0.0109407 -0.00301332 0.0201761 -0.00887138 0.0448934 0.0408428 0.055831 0.0114311 0.0546999 0.0711309 0.0947562
internal_weight=7006.82 6914.33 1269.68 907.645 332.587 92.0956 52.3516 43.668 240.491 220.73 19.7612 7.18436 12.5769 8.78408 575.059 139.02 28.0643 8.22214 362.032 9.1001 5.74126 41.4579 19.8421 436.039 179.272 164.367 153.824 146.271 143.065 30.8689 19.4742 9.08659 7.5521 5.76374 5644.65 88.2023 18.1525 11.5863 9.96077 70.0497 7.49231 6.04015 5556.45 3309.42 2247.03 68.8104 25.6108 7.09782 3302.32 14.0534 4.03604 422.584 205.186 40.7153 164.471 9.10565 27.7062 21.9155 21.6496 15.6233 13.1823 9.94378
internal_count=120411 100392 21517 13938 5023 1427 720 655 3596 3331 265 90 175 137 8915 2092 350 136 7579 212 139 562 214 6823 2769 2495 2342 2236 2188 262 160 84 106 84 78875 2360 403 273 230 1957 173 147 76515 63028 13487 1920 623 91 62937 224 65 6638 2080 349 1731 107 255 193 542 195 161 139
is_linear=0
shrinkage=0.05


Tree=77
num_leaves=63
num_cat=0
split_feature=80 69 132 88 75 242 209 49 243 84 217 217 246 215 175 149 172 240 161 177 240 195 160 95 201 70 5 194 170 34 181 120 4 227 150 94 33 215 242 194 67 222 231 203 207 192 95 29 242 72 200 180 160 249 218 132 68 67 215 69 70 131
split_gain=24.316 14.8343 12.3712 17.8172 18.8908 22.5352 23.2137 22.0779 17.9592 13.3118 11.1734 9.54742 19.0944 16.349 14.1716 13.6795 10.7166 9.44491 12.4657 9.57724 12.2899 14.473 11.7026 10.4058 9.36071 10.4019 9.3464 12.378 8.88997 8.79307 11.6314 13.475 11.0858 9.7227 8.49773 10.834 8.42498 8.32204 9.1242 8.31801 8.75505 9.1094 8.21977 12.1443 11.9595 16.5453 14.9961 15.3563 14.571 13.3574 12.2005 11.8162 10.6618 13.6986 10.3815 13.4431 13.2916 13.1502 13.0159 13.3064 15.8799 13.4076
threshold=27.010869565217394 6.8928920337185291 -0.73511185715636462 64.103333333333353 34.500000000000007 -0.63152953365914355 0.6558886954707519 9.4472222222222246 0.52183820036760398 2.6044642857142866 1.3601332514503037 -0.77492254084698498 -0.58976009491334191 -0.26273006582979269 -0.10213413620331123 -0.52318019233152946 0.97425432545409041 -0.32553916912761477 -0.033637192892090516 -0.09549517713200166 -0.67189571388847213 0.21409642983320662 0.34999063134233749 9.5000000000000018 -0.40316220652322921 0.034505655538764488 1.7500000000000002 0.44593296654953435 -0.26617692554767497 13.250000000000002 0.58554780368594517 -0.54722222222222217 2.5000000000000004 0.43984754667578246 2.2182324777662381 -5.3069014178597893 114.75000000000001 -0.47869377028245236 -0.36294977194418893 -1.2009764754406584 0.10206359760531535 -0.13533476509817968 0.31312590517554639 -1.1396028907900129 0.43025111888886641 -0.37387046318197353 7.5000000000000009 0.48750583566760047 -0.45515261163563253 37.500000000000007 0.80098513673435756 1.8089430300240679 -0.76842738087845908 -0.30114482079254251 0.16951587014197664 -0.8137234610152474 0.13253490151080516 0.080017211703958716 -0.53218652339063355 8.0791872937293743 0.060012771392081742 -0.35739661885014212
decision_type=2 2 2 2 2 2 2 2 2 2 2 2 2 2 2 2 2 2 2 2 2 2 2 2 2 2 2 2 2 2 2 2 2 2 2 2 2 2 2 2 2 2 2 2 2 2 2 2 2 2 2 2 2 2 2 2 2 2 2 2 2 2
left_child=26 2 3 4 -2 -6 -7 8 9 10 -8 12 13 -3 -15 16 36 18 19 -4 22 23 -21 24 -22 -26 27 28 -1 30 31 32 33 -28 -13 -36 -16 38 -29 40 41 -19 43 44 -31 50 47 -47 49 -48 52 54 -46 -54 55 56 -44 58 -57 60 -60 -62
right_child=1 11 17 -5 5 6 7 -9 -10 -11 -12 34 -14 14 15 -17 -18 39 -20 20 21 -23 -24 -25 25 -27 29 37 -30 42 -32 -33 -34 -35 35 -37 -38 -39 -40 -41 -42 -43 51 -45 45 46 48 -49 -50 -51 -52 -53 53 -55 -56 57 -58 -59 59 -61 61 -63
leaf_value=0.029738837558607647 -0.0046278236826448162 -0.023629329076903047 -0.01634887811139597 -0.025289596831284445 -0.026094061571921373 -0.0014457667515754087 0.40128902237726516 -0.014115094291917617 -0.0086609801364698584 -0.0042598325131342485 -0.0021107556740767143 -0.03009325458699896 -0.027273114002033885 -0.013751425491112235 0.38906439191311515 -0.0086301825305527217 -0.0037904285882894629 -0.018832188599763596 -0.020435253205975248 -0.034636556951157978 -0.0052264442564553398 -0.01657164988519607 0.14266983748992373 -0.0084195973833992785 -0.0042868866935038509 0.33156174361318325 0.038080493802301031 -0.027813989337681817 0.0073961118412975788 0.0039539579518230667 -0.033361141874729064 -0.0035995450143951392 -0.0065839881069408197 0.11397816668462922 -0.028618496254225464 0.13441100398986836 -0.00095395277107192939 -0.015808713815517152 0.036960005781190707 -0.035074720167972438 -0.030283817256953435 0.16122413971268054 -0.020164238220717046 0.00073962228970315654 0 -0.025736648785656121 0.14691556664101607 0.062071573190655586 -0.019620042240041421 -0.0036375429450259569 0.015950504509348967 0.01951402402075101 0.00014346093034625949 0.14148581898441867 -0.0080631927430256795 -0.0073185929314411582 0.017704460785833282 -0.0028677910085230722 -0.0045112288830912971 -0.0013734548090287534 0.043599908094379629 0.015243493195347868
leaf_weight=77.493554905056953 3.4809788586571795 1.0706180671695622 2.0911333088297397 5.1766789900138965 1.2757038353011001 1.1411296862643223 1.4244367738720036 0.52695636171847571 0.32681701844558109 0.200755746802315 0.14710982376709569 137.38260684954002 5.722063916269688 0.51222485909238458 0.35478818393312395 0.32636903226375558 0.18878377857618034 0.7542976550757885 7.4985328253824246 2.4980731923133139 0.22464239317923773 0.63385845092125226 0.2708026252221315 0.31867876346223045 0.2018549570348116 0.81886065658181906 12.686805697157984 6.7810585796833065 106.84650565683842 94.812979087699205 7.4336412539705625 16.758518800139427 5.7335873600095502 7.2529871622100464 1.5511252121068539 0.86915956903248925 0.12049488769844174 61.129229784011841 17.426620200276375 25.247706467285756 1.7412988974247126 0.86778508243150942 137.89671995397657 4235.7610768177547 2.3321730913594356 22.272915522567931 4.0673500616103411 5.3299518804997197 3.0807371111586672 1.9205757873132823 8.278371040709315 57.834449712187052 2.1849417472258201 8.4181231297552603 713.24622026784346 103.64056813810021 26.865165757481009 711.12470864551142 51.684975007083267 110.22789354249835 70.765509454533458 105.70337585732341
leaf_count=320 494 186 279 726 172 105 192 90 44 33 22 23121 905 86 52 50 32 108 1005 335 18 74 35 38 39 77 152 28 439 1698 80 162 64 54 317 155 19 251 72 3271 212 105 2331 53400 30 287 50 122 36 28 116 818 33 108 10016 1745 349 9663 1062 2005 986 1509
internal_value=4.06301e-05 -0.0168839 0.00469371 0.0444131 0.0854802 0.13898 0.189676 0.2516 0.302948 0.34461 0.375447 -0.0251789 0.0244234 0.116239 0.187514 0.248729 0.307394 -0.00851943 0.0230947 0.0667594 0.0994637 0.166776 0.0146314 0.220515 0.258984 0.293417 0.000554141 0.00965872 0.0169254 0.000175796 0.0208835 0.031051 0.0531439 0.0700513 -0.0283102 0.0506467 0.353174 -0.00599463 0.0182336 -0.0250093 0.0401243 0.100338 1.24112e-05 0.00124202 0.0150503 0.0327649 0.0116196 -0.00702925 0.0639394 0.104301 0.0669246 -0.00256767 0.0957028 0.115313 -0.00320817 -0.000572742 -0.0138899 0.00133606 0.00810171 0.0128471 0.0197153 0.0268244
internal_weight=7001.96 204.966 56.8681 13.7006 8.52389 5.04291 3.76721 2.62608 2.09912 1.7723 1.57155 148.098 8.29534 2.57328 1.50266 0.990436 0.664067 43.1675 14.5564 7.0579 4.96677 2.1979 2.76888 1.56404 1.24536 1.02072 6796.99 269.677 184.34 6527.31 49.8655 42.4319 25.6734 19.9398 139.803 2.42028 0.475283 85.3369 24.2077 28.6111 3.36338 1.62208 6477.45 4388.46 152.698 57.8851 36.6715 27.6029 9.06866 5.98793 21.2136 2088.99 12.9352 10.6031 2031.16 1317.91 164.762 1153.15 442.022 338.382 228.154 176.469
internal_count=120411 32397 7474 1878 1152 658 486 381 291 247 214 24923 1330 425 239 153 103 5596 1900 895 616 246 370 172 134 116 88014 1110 759 86904 512 432 270 206 23593 472 71 351 100 3696 425 213 86392 55908 2508 810 523 409 114 78 287 30484 171 141 29666 19650 2680 16970 7307 5562 3557 2495
is_linear=0
shrinkage=0.05


Tree=78
num_leaves=63
num_cat=0
split_feature=5 3 218 131 241 250 31 175 179 69 132 197 121 203 250 49 111 224 26 206 49 111 55 101 166 175 122 245 3 195 165 202 225 199 133 247 226 65 250 50 65 157 195 252 65 49 202 99 169 74 108 108 31 92 10 243 146 124 153 124 145 252
split_gain=23.3572 9.54556 13.6895 12.0074 12.6268 14.3439 10.8007 10.4328 11.0104 14.8651 12.2212 14.437 11.8908 14.9866 11.7735 11.0873 11.4161 10.7842 14.8736 10.5765 10.3041 10.1971 10.4368 10.1796 10.7598 12.3198 11.2791 13.6159 14.1138 10.2815 12.3813 10.2138 11.2265 10.0077 14.8285 9.77353 13.3255 9.6687 9.81918 9.61241 9.5953 14.2695 10.5531 10.2209 10.1823 9.88387 13.0124 9.3024 9.17449 10.7854 15.2597 9.29793 9.37313 9.09342 9.04415 9.04163 12.4847 11.515 10.3319 11.5733 14.6714 14.285
threshold=191.15000000000001 449.00000000000006 0.15768403074443291 -0.73478101599046541 -0.15821922920246762 0.41702519282370382 35.63397435897437 -1.6903534250500136 -0.055729894145242868 6.9047868101215393 0.51441414945946506 -0.49200952903545669 6.5000000000000009 1.07669004532076 0.78011582366808696 7.3245614035087732 7.0407333665173395 -0.78004281716808077 0.10555555555555557 0.011979146782324252 9.925824175824177 7.4335784313725499 1.0000000180025095e-35 0.12098615407276478 -0.3025184763396907 -0.99301658773390311 0.17914438502673799 1.7283347998179215 445.00000000000006 -0.10910701113023595 -0.52553519729034748 0.14624532670293078 -0.45124164959046625 -0.80947532065317229 -0.40487294562466553 2.1136245104660389 1.0429310059640631 43.500000000000007 -0.48888835874398823 15.000000000000002 191.50000000000003 -0.7606011157380641 1.2739982985501836 2.1271129340677923 414.50000000000006 2.0200000000000005 -0.23589149930800446 -1.0000000180025095e-35 -0.27739774458337496 0.19844299042772326 0.087315020102854496 0.070513624810989953 34.551315789473698 30.481963940956209 3340.0000000000005 1.6334183098045578 -1.7411112920972427 0.00075000000000000012 0.73925828212068956 0.067750000000000019 1.1558876252702566 -0.66044050345210337
decision_type=2 2 2 2 2 2 2 2 2 2 2 2 2 2 2 2 2 2 2 2 2 2 2 2 2 2 2 2 2 2 2 2 2 2 2 2 2 2 2 2 2 2 2 2 2 2 2 2 2 2 2 2 2 2 2 2 2 2 2 2 2 2
left_child=1 2 3 4 23 -6 20 -5 9 10 11 21 13 -13 19 16 -12 18 -11 33 37 -9 -23 31 26 -26 27 28 -25 -27 -31 32 -1 34 -14 36 47 38 -4 -10 42 44 43 45 -42 46 -19 -15 -22 -50 51 -51 -53 -43 -39 57 -57 -3 59 60 61 -59
right_child=-2 55 6 7 5 -7 -8 8 39 17 15 12 14 35 -16 -17 -18 40 -20 -21 48 22 -24 24 25 29 -28 -29 -30 30 -32 -33 -34 -35 -36 -37 -38 54 -40 -41 41 53 -44 -45 -46 -47 -48 -49 49 50 -52 52 -54 -55 -56 56 -58 58 -60 -61 -62 -63
leaf_value=0.070280215289192829 -0.037036869308513347 -2.2472279571587795e-05 0.09320143736205394 0.072685207815965325 -0.0095433791102938221 0.023908493904664208 -0.01860801990637392 0.1041140435535291 -0.015536014199614616 0 0.026354474586221366 -0.010620585489892059 0.13158178666731499 0.09119086630306647 -0.022373696499256298 0.084911507798822658 -0.032280336033370702 -0.027731877422153123 0.12893113088510702 0.018683966519331817 -0.02537948110157795 -0.022186836446353983 0.06779827399458381 0.029031520831355125 0.063506557525683002 -0.045933455282965552 -0.0038198488758769858 0.13701040064930797 0.10940648693719229 0.064995304812331442 -0.036366939858545874 -0.048144310996021795 -0.019602491813026045 0.02028325638719539 -0.018288153037419094 -0.027809833450851432 -0.011848479394864643 -0.013555201658230698 -0.0010979669638307016 0.060242629097975488 -0.024348948798725283 -0.028729155780040139 0.071164656036430435 0.063924050468696175 0.14178043317161415 -0.013490719927971621 0.10501638462092439 -0.0034156577456254133 -0.016550342035175462 0.030396711724030492 -0.014227946887858528 0.018475598216276593 0.15077500579565795 0.027781377940910748 0.08264444678489416 0.067155991750844246 -0.0044261059389123321 -0.0074813339406271211 0.001836050633990915 0.0050411432213722093 -0.018153891549868014 0.026590866261184589
leaf_weight=5.0857945429161191 41.205649005016312 2953.7723765061237 3.5563717787154019 3.4028532239608458 114.22208842053078 43.387710800394416 222.7151324688457 6.3823449881747392 200.44039875268936 7.1562096015550178 9.9358242172747833 73.929474253207445 7.5245037218555799 11.589194881729783 7.6602298049256197 1.7422962770797301 34.268272772897035 2.6076676654629409 2.2513949004933238 21.970703598577529 6.8729417815338811 5.5302645340561849 5.5152041846886277 37.852660442935303 5.5507566584274199 11.153670240659272 10.791142140980808 3.544049101881682 5.8082698201760641 5.7134664878249168 4.528091846965248 8.521276976913212 7.2138338757213223 6.5567099568434051 1.6991189694963384 4.5876903478056184 6.2622598842717698 126.21828322508372 6.6869164891540986 3.2837239080108693 1.0521256960928433 99.388680359814316 3.9768508749548337 4.2266188100911668 1.282465688884258 72.903277704957873 3.207404763903468 3.0586978360079256 6.5698237014003125 6.6792604201473313 5.4048777343705288 2.24308090377599 4.9725609007291496 6.7947526322677723 1.4933338146656741 5.135058380663394 770.5932571045123 35.436519348062575 1135.8537066443823 548.15865187044255 24.843677692580968 205.69123918563128
leaf_count=80 11079 65253 51 52 2423 667 4612 98 4567 252 105 1185 109 109 78 21 468 45 69 246 131 98 77 773 91 257 152 38 92 66 117 130 147 109 21 38 46 1674 93 84 47 2309 80 73 45 1662 44 25 188 105 52 24 67 84 19 32 7415 307 7043 3127 217 1643
internal_value=4.58429e-05 0.000271508 -0.00363192 -0.000168497 0.00875038 -0.000210357 -0.0113776 -0.00397208 -0.00452007 0.000166856 0.00956421 0.0160068 0.0105797 0.000765948 0.0314795 -0.0129384 -0.0186988 -0.00936065 0.0402543 0.0428315 -0.00186116 0.0578169 0.0242277 0.0220275 0.0296528 0.00315108 0.041619 0.0519739 0.0420462 -0.0144208 0.0204868 -0.00878497 0.0196772 0.0730368 0.104396 0.0331241 0.0473803 -0.00789601 0.0365747 -0.0140019 -0.0119671 -0.0218128 0.000376165 -0.00376559 0.0805622 -0.00821905 0.0494197 0.0721603 0.0228979 0.0363773 0.0545684 0.0808233 0.117511 -0.0248409 -0.0117581 0.00115052 -0.00385997 0.00194478 0.00492575 0.00922274 0.017771 0.0215527
internal_weight=6997.66 6956.46 1276.97 883.56 263.373 157.61 393.413 620.187 616.784 413.06 208.213 162.266 144.839 99.4273 45.4113 45.9464 44.2041 204.847 9.4076 37.751 170.697 17.4278 11.0455 105.763 84.9421 26.946 57.9961 47.205 43.6609 21.3952 10.2416 20.8209 12.2996 15.7803 9.22362 25.4978 20.9102 137.955 10.2433 203.724 195.44 108.518 86.9218 82.945 2.33459 78.7184 5.81507 14.6479 32.7425 25.8696 19.2998 13.8949 7.21564 106.183 127.712 5679.48 775.728 4903.76 1949.98 814.13 265.971 241.128
internal_count=120411 109332 24295 17279 5033 3090 7016 12246 12194 7543 2833 2239 1966 1403 563 594 573 4710 321 485 2404 273 175 1943 1586 531 1055 903 865 440 183 357 227 239 130 218 180 1837 144 4651 4389 2485 1904 1824 92 1751 89 134 567 436 248 196 91 2393 1693 85037 7447 77590 12337 5294 2167 1950
is_linear=0
shrinkage=0.05


Tree=79
num_leaves=63
num_cat=0
split_feature=139 249 139 252 214 167 50 100 123 21 125 100 63 224 21 176 171 252 253 30 203 172 123 82 95 38 252 35 227 199 229 98 108 240 89 204 64 82 205 3 244 131 231 111 190 98 148 107 107 224 119 120 136 248 153 199 131 120 204 108 40 145
split_gain=17.0185 11.7547 14.3718 17.884 16.4636 18.6168 14.1284 13.1562 12.3475 16.1449 11.1021 10.6825 13.4352 10.3917 11.7484 13.8564 10.712 9.56325 9.40799 9.21671 13.1677 12.4133 13.2831 12.1064 10.7011 11.1775 8.58846 8.44174 8.37059 8.25963 19.216 11.5854 10.5034 11.3911 10.7494 12.4069 8.34624 8.29446 11.0402 7.96938 12.6344 13.4093 11.3713 10.5098 11.7945 9.93332 9.72334 10.6771 14.1934 16.8248 15.3608 11.3932 11.6707 10.7406 15.2143 10.1063 9.62019 11.7029 11.9877 11.648 11.9353 15.1415
threshold=1.0000000180025095e-35 -0.86883341717009432 1.6392487848898327 -0.43885678565288461 -0.65215652768909316 -0.23911894271592435 3.0000000000000004 0.63961038961038963 0.48529411764705888 0.63472805788982278 0.7107500000000001 -1.6899038461538465 0.083600537079529871 0.18078648373529579 0.57478715170278638 -0.069109437762055734 -1.0162726568529472 1.9017557744308393 -0.13951019951321367 70.65000000000002 -0.18257344355995717 -0.24104612482622631 0.24264705882352944 0.40833333333333344 4.5000000000000009 7.5000000000000009 -0.5022530575108185 9.5000000000000018 2.6623222638373414 -1.6853482706364999 -2.6020852139652103e-18 0.0083974358974358999 0.1248678646934461 0.67678801270412203 47.150000000000013 -0.39961568028185745 8.4449112978524763 9.8333333333333339 -0.42959994500996512 449.00000000000006 -0.45972112215626476 -0.51199927900023623 2.242029889709714 7.1705931263858105 1.146740882874804 0.080200486283373992 1.2915114670200305 2173.5000000000005 78.500000000000014 0.45121975750706816 0.11805555555555557 1.382857142857143 -1.3164010973507712 0.23221018200641216 0.44461327732817019 0.96608908398069471 0.093529162754067738 -0.87499999999999989 0.032026853712836242 0.085414166836690786 4.5000000000000009 0.64914421710088499
decision_type=2 2 2 2 2 2 2 2 2 2 2 2 2 2 2 2 2 2 2 2 2 2 2 2 2 2 2 2 2 2 2 2 2 2 2 2 2 2 2 2 2 2 2 2 2 2 2 2 2 2 2 2 2 2 2 2 2 2 2 2 2 2
left_child=29 11 10 4 5 -4 7 -7 -5 -10 19 12 -2 16 -15 -16 27 -11 -12 20 21 22 -3 -24 25 -25 -14 -6 -21 30 -1 -32 33 36 -35 -36 -33 39 -39 40 42 46 -31 56 -45 -44 47 48 49 50 -42 52 -52 -49 -55 -54 -43 -58 -59 60 61 -60
right_child=1 2 3 8 13 6 -8 -9 9 17 18 -13 26 14 15 -17 -18 -19 -20 28 -22 -23 23 24 -26 -27 -28 -29 -30 37 31 32 -34 34 35 -37 -38 38 -40 -41 41 43 45 44 -46 -47 -48 53 -50 -51 51 -53 55 54 -56 -57 57 58 59 -61 -62 -63
leaf_value=-0.020013071875263522 -0.0056720736001066203 0.0024670780676765841 0.0060705592694446997 -0.027373454549709117 0.16901400721056528 0.33476488235015173 -0.010208145561284873 -0.0063912743797225439 -0.023523349281964704 0.17345184003845121 -0.0216892459649001 -0.036343861594911368 0.20830631929489896 -0.008767598881921029 0 0.23240410818849033 -0.01535799474651996 -0.016197404167214935 0.14858410705487909 -0.017138408638220668 -0.040105672520925437 0.003743778001824836 -0.013321672514273089 0.30581357345935556 -0.0083402661406922259 -0.0062724411695196467 -0.012093046171737397 -0.016988441879995601 0.095768499024319706 -0.013628136036436773 0.071520351374165153 0.014053535180374437 -0.017119170698095949 -0.0050255847184842092 -0.022550451484629041 0.074896434429277195 -0.04028644570478733 0.12713441638358347 0.0033016975978471877 0.00099272241111632948 -0.008885390479392144 -0.016632747730024766 0.079941544023686431 -0.010778549238603176 0.036403078118504198 -0.026392519267840853 -0.020756942484969482 0.010223707979524644 -0.0013204433433643237 -0.0084504102429787779 0.017899587723167906 -0.027917248605231943 0.098268847397872477 0.013059889787925154 0.10269506107996258 -0.0073085636986384974 -0.0054190559670881031 -0.0075222023750461733 0.00093696195491295333 0.0038656868704908202 0.10684543983706918 0.092037312250774536
leaf_weight=44.494301502592862 9.1539254153612966 1.7440049112774425 1.5642570764757695 18.593239539070058 0.57328659575432428 0.8037118546199078 0.37565750977955747 0.25786261190660298 2.8860220192000261 1.6427660556510093 0.92157010384835303 63.214906367706135 0.33498864178545773 1.522237308090552 0.97258154675364494 0.9227266681846229 10.388273352058603 0.615192221244797 0.98444700194522627 177.06746661174111 4.2846768752206108 5.3239928672555825 0.49042949383147094 0.95099304919131078 0.31577132618986059 0.25384816923178732 0.44662518124096173 0.65531344618648291 0.66471794317476351 310.14027032954618 8.0362938418984395 137.40321967191994 24.058116778731346 7.9519441500306156 3.3002708554267945 20.291246690787371 6.4520030487328759 1.9967868253588674 4.8648784775286904 5275.7738204216585 10.403254019096492 30.779653700999916 5.1464000968262544 386.95938554173335 12.710185242816804 2.7112461039796472 25.951400645077229 24.31098557729274 169.77276034792885 23.343751396052539 9.3883917480707151 2.8261020556092253 19.634296895936139 9.5894101867452282 9.373334873467682 2.2993662990629664 40.178295835852623 15.331263053696601 12.411737659946089 13.195620838552712 8.9469861052930337 6.3364925961941472
leaf_count=520 1513 195 141 1949 55 65 34 27 260 133 94 9745 49 138 108 65 1121 64 90 22833 429 589 46 86 36 25 79 82 50 4891 63 1240 199 74 37 143 68 38 78 62270 177 400 80 5025 150 47 273 307 2225 240 49 36 246 139 74 38 567 224 135 116 85 56
internal_value=5.13656e-05 -0.0114214 -0.00588502 0.0203445 0.0565097 0.148021 0.234585 0.286567 -0.00810585 0.0538443 -0.0116635 -0.0288039 0.0176488 0.0298364 0.0951942 0.154608 0.00419163 0.131134 0.0854021 -0.0130972 0.0255119 0.0578817 0.116658 0.180318 0.225263 0.26477 0.143461 0.104454 -0.0161547 0.000582095 0.0094445 0.015851 0.0132375 0.0175031 0.0443308 0.0606984 0.0113205 0.000232828 0.0515614 0.000169243 -0.00359612 -0.000351647 -0.0120592 -0.00519402 -0.0091785 0.0438495 0.00793498 0.0106673 0.0064114 0.0255561 0.0432787 0.0591134 0.0677415 0.0332558 0.0605421 0.0871468 0.00726233 0.0150356 0.0295798 0.0434573 0.0613547 0.0350815
internal_weight=6994.29 307.925 234.775 41.7731 18.0359 3.00149 1.43723 1.06157 23.7372 5.14398 193.002 73.1504 9.93554 15.0344 3.41755 1.89531 11.6169 2.25796 1.90602 191.096 13.3637 9.07904 3.75505 2.01104 1.52061 1.20484 0.781614 1.2286 177.732 6686.36 251.987 207.493 199.457 175.399 31.5435 23.5915 143.855 6434.38 6.86167 6427.51 1151.74 833.743 317.998 526.85 399.67 7.85765 306.893 280.942 237.668 67.8952 44.5514 34.1482 31.3221 43.2737 18.9627 21.9337 127.18 96.4004 56.2221 40.8908 27.6952 18.7482
internal_count=120411 40101 28715 4242 1836 267 126 92 2406 457 24473 11386 1641 1569 311 173 1258 197 184 24289 1406 977 388 193 147 111 128 137 22883 80310 2344 1824 1761 1562 254 180 1308 77966 116 77850 15580 10562 5018 6758 5175 127 3804 3531 3011 786 546 369 333 520 213 284 1583 1183 616 392 276 191
is_linear=0
shrinkage=0.05


Tree=80
num_leaves=63
num_cat=0
split_feature=5 116 253 246 133 81 133 239 136 246 247 77 256 217 181 64 64 245 200 180 164 241 111 206 165 124 69 136 231 253 96 132 202 201 66 96 224 241 134 133 246 251 133 92 227 65 255 200 207 100 63 62 202 163 63 75 240 45 64 194 161 196
split_gain=18.6536 12.795 11.1493 10.849 13.864 14.7865 13.3901 12.3182 11.5113 11.7213 12.7675 13.4953 13.9759 12.4148 10.0643 10.0515 11.7785 10.0112 13.7446 9.8215 14.061 12.5805 14.987 9.49887 9.39674 9.14588 9.25613 9.07111 9.03499 10.1698 8.98349 10.9405 9.23028 8.95104 9.41333 8.24313 17.786 12.882 16.0472 12.2227 16.0287 11.7197 13.845 11.6058 11.0841 10.4581 10.8363 13.0715 14.4203 12.8507 14.7268 13.5001 10.6243 14.5595 14.4377 17.7503 18.5738 17.8557 16.5564 16.3698 11.2016 11.1758
threshold=191.15000000000001 0.88444444444444459 -1.7298367343411585 1.2786436418201248 0.49771962562793781 -1.394878087252678 -0.39490332522808369 -0.40844428383924608 -0.044920982127012871 1.9382489103604967 1.9129229450106946 0.17867118914604951 -0.35389967240465586 1.2341237526412401 0.55293469754249414 7.8855974291557125 8.0257326793378301 1.1546117084273162 0.80098513673435756 0.10890635925874036 -0.61122064152265265 0.85556275651422331 7.1112456281947809 -0.57138349365614782 -0.27985608286754754 0.98625000000000018 7.8733900834669184 -1.3340860002580568 1.116999608670959 -0.74441046560947044 0.1092852011494253 -0.46341156165714364 -0.15284100506428311 -0.89793563661907883 0.087767870809735207 0.33030303030303038 -0.48167701439079741 -1.2786094438058899 -0.51379752500370734 0.48627042204304921 -0.65833911040453919 0.96570864136956991 0.24046805797162787 26.223731080194103 0.87161683668231571 258.50000000000006 -0.53636384090743283 -1.1998728594473833 -1.1077902825855201 -1.6899038461538465 0.083375720583248561 7.636726563219792 -0.15284100506428311 0.045780861059977397 0.076541566039985354 30.500000000000004 0.10233341010038892 8.5000000000000018 7.9944382647385988 -0.69875042750578509 -0.27468590666600562 -0.46957850639593024
decision_type=2 2 2 2 2 2 2 2 2 2 2 2 2 2 2 2 2 2 2 2 2 2 2 2 2 2 2 2 2 2 2 2 2 2 2 2 2 2 2 2 2 2 2 2 2 2 2 2 2 2 2 2 2 2 2 2 2 2 2 2 2 2
left_child=1 3 -3 35 6 25 19 24 9 10 11 -7 -13 17 -4 27 -17 -12 -19 23 21 22 -21 30 -8 26 -6 -11 29 -22 31 32 -5 34 -2 45 -37 44 -39 40 41 42 43 -40 -38 46 47 -1 49 51 -51 -49 53 -50 55 60 57 58 59 -57 61 -55
right_child=33 2 14 4 5 8 7 -9 -10 15 13 12 -14 -15 -16 16 -18 18 -20 20 28 -23 -24 -25 -26 -27 -28 -29 -30 -31 -32 -33 -34 -35 -36 36 37 38 39 -41 -42 -43 -44 -45 -46 -47 -48 48 52 50 -52 -53 -54 54 -56 56 -58 -59 -60 -61 -62 -63
leaf_value=-0.035471151484249668 -0.025874557674231347 0.082282826220132013 -0.0042578385940445261 -0.016937780149068864 -0.031488218065135271 -0.030838227918473845 -0.005321819178926092 -0.01888177082693844 -0.016043421285825886 0.077154662599559776 0.17915059033651773 0.13994175793537286 0.03621573395844678 -0.0069422879168644439 -0.024104604740641657 0.13748778372715606 0.0093179847661161077 0.004942215637056966 0.13657863623152341 0.00050539560866637257 0.097290423412045857 -0.024102862590634683 0.12487314874096048 -0.0066364388886398801 0.048555104998526999 0.023590140521445847 0.040389656562599026 -0.02048437900047255 -0.036785713775779876 0.005733881980270192 0.091214721482801242 -0.021199893107039458 0.11312977377468908 -0.039512854373175116 0.13979672510021268 -0.013390396405048017 0.065861664316166094 -0.01349578712029692 -0.0073267519524771009 -0.00034533216844326396 0.013238871194085372 0.10898549464494212 0.1009816523217533 0.08614732148480958 0.015962570235034359 -0.0018222832197493982 0.0041339059460687479 0.18514205790085769 -0.0068112517417794191 -0.0016922295122189933 0.086443032671943393 -0.0056333985206366566 -0.012966808210168651 0.14644352838697311 -0.002198074376744638 0.04965124048985875 0 0.006132640330244259 0.0063526187948247555 0.26986574444884814 -0.020045190862614647 0
leaf_weight=31.32932533021085 1.2688056647311885 2.562509450595825 608.2807215184439 1.7037035156972704 22.714402720332149 5.247938227839767 18.935671841260049 87.948625008342788 9.0526643902994675 1.7567731663584769 3.7969399914145452 3.0290064904838827 27.270168362185359 2.2087477948516598 70.687220980413258 2.0418118163943282 4.9887306513264775 4.5051375217735767 2.7850514315068722 3.3739676736295214 3.1835679821670047 2.2971288827247909 8.4770635995082539 52.723968148231506 12.736371889710425 23.187158614397049 4.5647367984056464 16.233685395680368 6.3584272728767237 12.04453390161507 4.1769074918702236 8.5105431696865708 2.6893208008259544 36.98938571754843 0.55342289293184865 95.397570346947759 16.902719421777874 75.974900156725198 15.868295121239507 138.7167118601501 216.565036540851 6.2395713119767597 4.7745400206185868 3.1371269896626464 32.90895709535107 2953.5361664518714 1977.989687362453 1.5119752935133903 87.292603764450178 21.396116718184206 5.0378765352070323 1.3010654223617164 188.2227322445251 1.4901943383738396 22.379491731757298 1.8514316026121367 3.7666005543433121 2.3418200188316405 1.3796396716497836 2.8592655207030466 9.3300923190545308 2.7496718291658899
leaf_count=1534 315 47 9898 30 128 75 185 1078 488 9 37 28 264 23 1233 19 59 44 20 34 64 29 90 681 224 102 25 173 108 173 42 145 34 10609 117 1360 167 795 227 1242 2037 62 43 37 284 47640 27408 65 2952 821 158 67 5387 49 722 54 145 90 50 94 312 71
internal_value=0.000401647 0.000597416 -0.00590315 0.00130442 0.00973894 0.0224527 0.0021193 -0.00927395 0.0353166 0.0418082 0.0559003 0.0381692 0.0508848 0.0969695 -0.00636385 0.0130161 0.0596491 0.116946 0.0662427 0.0150455 0.035996 0.0730235 0.0926495 0.00389282 0.0170138 0.00094454 -0.0182808 -0.00712586 0.00934769 0.0299984 0.0352405 0.0115046 0.0679725 -0.0337241 0.0543751 0.000791375 0.0063092 0.010015 0.00735096 0.0114988 0.0181565 0.051901 0.0329272 0.0113875 0.0339563 0.000159827 0.00263993 -0.00502853 -0.0022193 0.0307846 0.0174613 0.117258 -0.00530265 0.0053286 0.0271306 0.0519192 0.0933117 0.130794 0.170398 0.208041 0.0105157 0.069712
internal_weight=7001.14 6962.32 681.53 6280.79 358.543 133.383 225.16 119.621 82.9167 73.864 48.843 35.5471 30.2992 13.2959 678.968 25.021 7.03054 11.0871 7.29019 105.539 35.7347 14.1482 11.851 69.8044 31.672 50.4663 27.2791 17.9905 21.5865 15.2281 17.0805 12.9036 4.39302 38.8116 1.82223 5922.25 606.485 511.088 461.276 385.301 246.585 30.0195 23.78 19.0054 49.8117 5315.77 2362.23 384.24 352.911 29.247 26.434 2.81304 323.664 135.441 48.1482 25.7687 12.1988 8.43216 6.09034 4.7107 13.57 4.23987
internal_count=120503 109462 11178 98284 4411 1494 2917 1487 1239 751 491 367 292 124 11131 260 78 101 64 1430 498 153 124 932 409 255 153 182 345 237 251 209 64 11041 432 93873 6254 4894 4443 3648 2406 369 307 264 451 87619 39979 12571 11037 1111 979 132 9926 4539 1587 865 433 288 198 148 432 120
is_linear=0
shrinkage=0.05


Tree=81
num_leaves=63
num_cat=0
split_feature=5 116 253 249 104 246 133 133 246 138 81 245 98 239 49 139 5 209 204 30 180 164 226 33 111 222 63 197 124 256 206 149 165 246 161 181 165 179 132 80 64 226 257 81 192 213 224 92 20 72 76 30 204 3 83 157 146 252 138 248 222 89
split_gain=17.3772 11.6228 10.2247 13.0092 10.9968 9.95665 13.9098 12.0708 11.5108 10.9106 11.891 11.3041 13.6905 10.2005 9.84502 9.60214 9.36553 9.26929 10.5495 10.918 9.07491 11.5051 9.72756 14.1927 10.8414 8.73067 8.68884 10.2811 9.01072 10.3828 9.89904 9.72785 9.3638 8.52681 8.94557 8.42603 8.36026 8.35518 8.34432 8.3243 8.23043 8.23007 11.8832 14.1003 13.7186 10.9185 9.57662 15.2109 12.1083 12.0996 12.0187 12.6574 11.5266 24.475 12.4789 10.4675 10.1502 10.099 12.8958 10.92 9.53379 9.41653
threshold=191.15000000000001 0.90000000000000013 -1.1935408066799329 -0.61232345765535501 5.5000000000000009 1.2786436418201248 0.49771962562793781 -0.39490332522808369 2.5475092812084692 -0.71949648814961276 -1.394878087252678 0.041208432559969831 0.054674812118523305 -0.40844428383924608 8.7165178571428594 -0.53218652339063355 3.9500000000000006 -0.41634590691779405 1.1662528462517019 83.850000000000009 0.10890635925874036 -0.40858796017301863 -0.43634799669261731 108.85000000000001 7.4605423572440612 0.50337500450592076 0.068210212345786017 -1.1342693777042741 0.00075000000000000012 -0.23911894271592435 -0.53565315975315297 -0.640585346880995 -1.0258971211897672 1.0443903619732102 0.53789896584941765 0.55934863419984915 -0.27985608286754754 -0.61363776976992734 0.25000000000000039 2.4555335968379453 7.4882336655592479 2.0161913366857482 1.6392487848898327 -0.80938168473988237 -1.0446589949421325 2.745029061912001 -0.32853817403440072 1.3764631433757553 3.8333333333333335 6.5000000000000009 0.064436282337911224 109.95000000000002 0.098639680474240751 483.00000000000006 0.87500000000000011 0.32958613508037715 -1.3171544195967504 -0.4129147463002189 -1.2341237526412394 -0.75009067250496775 -0.4750843879667534 76.65000000000002
decision_type=2 2 2 2 2 2 2 2 2 2 2 2 2 2 2 2 2 2 2 2 2 2 2 2 2 2 2 2 2 2 2 2 2 2 2 2 2 2 2 2 2 2 2 2 2 2 2 2 2 2 2 2 2 2 2 2 2 2 2 2 2 2
left_child=1 5 3 33 -5 41 7 20 9 10 14 -12 16 36 25 -6 -13 18 19 -14 26 22 24 -24 -22 -8 27 -7 29 -28 -30 -31 -33 -3 -35 -4 -9 -27 -21 -23 -25 -1 44 -44 -43 46 49 52 56 -46 55 -52 53 54 -48 -50 -49 59 -59 -54 -47 -58
right_child=-2 2 35 4 15 6 8 13 -10 -11 11 12 17 -15 -16 -17 -18 -19 -20 38 21 39 23 40 -26 37 28 -29 30 31 -32 32 -34 34 -36 -37 -38 -39 -40 -41 -42 42 43 -45 45 60 47 48 50 -51 51 -53 57 -55 -56 -57 61 58 -60 -61 -62 -63
leaf_value=0.00022959270340209144 -0.033130520259609879 0.047813389078525469 -0.0051549330099119918 0.11018375989134986 -0.033191919791337246 0.081853921093376372 -0.017117100781462977 -0.0066992635974218763 -0.016834694372413989 0.0044313742817475368 -0.004685205707852338 0.088257818103061658 0.033707605326527161 -0.018011558740594215 0.080080106944606572 0.077778437605452194 0.0081962526974330551 0.0070502905510268056 0.047078600012473465 0.064855422658704823 0.0093427959902783794 0.030590965769785983 -0.0083568919094187313 -0.00090736439115702639 0.16759790737254954 0.05681423738054249 -0.01157886685979293 -0.033804882217705404 0.041525505517866108 -0.025282488711840613 -0.027312968219970452 -0.012719712955723076 0.08478013676092222 -0.041493951952738646 0.046361823874107803 -0.024651608667246767 0.043203620005119091 -0.020704014946705006 0.20557908114814771 -0.034096902591007845 0.12184921934735782 -0.016128707421501742 0.049923479035140966 -0.02390849855740303 0.076030483334940779 -0.014741604721565242 0.11941879913208697 0.056393839613256759 -0.035075960167568067 -0.017249616816094659 0.014908350734713166 0.068845442777337146 -0.00069140614407433437 -0.015714423802596519 0 0.027862687439882391 -0.022817343327102953 0.0663010844434304 -0.0099704276305685822 0.08186289776393682 0.10148479932939028 0.032541654992746409
leaf_weight=5498.3060756020714 37.438114364398643 4.9646269716322484 578.41358304931782 5.1093764635734242 3.8771466556936502 1.1494516641832913 18.626758262515068 19.254495777655393 16.15372346737422 37.568265829002485 6.730164421722292 4.0996745973825481 2.8235342428088206 87.850032946327701 4.0915690436959258 2.2515324270352721 14.368262086063622 3.0998312793672111 7.1745470501482478 3.027571065351367 1.800534345209601 11.558787517249586 8.1178278489969653 1.7585533233359445 2.717572518158704 10.000826224684713 8.2062496861908603 19.364756025373936 6.2870508693158653 2.6892092805355814 17.387646717019379 2.5920553123578456 13.04016884695738 11.806527735665439 2.8011839271057388 60.663722031749785 13.40059762727469 4.3426308184862128 4.6748937349766493 7.2175094725098452 3.920541375875473 64.182043008971959 28.93191534280777 7.4935722155496469 2.7205263236537567 2.1232368345372379 11.087027176981794 4.1455196179449549 18.790831308346245 52.358546687057242 78.349919034168124 11.946789232082663 6.3313098018988958 6.5011535594239822 2.5864547942765048 8.9497768580913526 63.223086864221841 5.6763212829828218 31.492195671889935 9.3044890798628312 4.7067997497506431 7.768003079108893
leaf_count=89560 11041 93 9387 74 44 25 99 189 169 655 87 20 27 1091 21 45 178 63 58 27 22 80 96 23 34 47 167 287 39 74 104 29 224 260 83 1054 229 23 47 222 33 657 166 162 51 36 160 24 266 779 779 104 62 79 39 76 434 37 280 92 42 48
internal_value=0.000393463 0.000579189 -0.00567569 0.0219801 0.0624422 0.00124671 0.00925031 0.00164787 0.0217997 0.0271104 0.0371339 0.0539446 0.0639841 -0.00916718 0.0152691 0.0120664 0.0298464 0.091305 0.104627 0.13593 0.0137558 0.033448 0.0605791 0.034525 0.118559 0.00495836 0.00303496 -0.0235885 0.01426 0.0337757 -0.00788754 0.0538969 0.0685199 -0.0029153 -0.0224353 -0.00704907 0.0143059 0.0331991 0.164649 0.00500568 0.0886439 0.000751374 0.00741623 0.0343679 0.00481963 0.00896972 0.0075054 0.0114392 0.00400388 -0.0112794 0.0139649 0.0227752 0.0307327 0.0621687 0.0980869 -0.0143335 -0.0115568 0.017697 0.00297853 0.050102 0.0674469 -0.0163225
internal_weight=6999.4 6961.96 669.888 30.8104 11.2381 6292.07 365.095 228.313 136.782 120.629 83.0603 45.9985 39.2683 120.505 37.0618 6.12868 18.4679 20.8004 17.7005 10.526 107.808 37.0913 18.315 13.7969 4.51811 32.9702 70.7166 20.5142 50.2024 26.5277 23.6747 18.3214 15.6322 19.5723 14.6077 639.077 32.6551 14.3435 7.70246 18.7763 5.67909 5926.98 428.67 36.4255 392.244 328.062 321.232 266.153 193.174 55.0791 118.037 90.2967 72.979 20.1746 13.6735 27.7406 75.1366 52.8043 37.1685 15.6358 6.83004 70.9911
internal_count=120503 109462 11040 599 163 98422 4489 2968 1521 1352 697 507 420 1509 190 89 198 222 159 101 1459 510 208 152 56 169 949 312 637 494 143 327 253 436 343 10441 418 70 74 302 56 93933 4373 328 4045 3388 3310 2480 1731 830 1225 883 749 278 199 342 506 471 317 154 78 482
is_linear=0
shrinkage=0.05


Tree=82
num_leaves=63
num_cat=0
split_feature=5 116 253 246 133 81 138 133 239 131 241 151 246 249 108 245 108 77 137 123 173 108 74 253 202 224 149 174 153 252 192 218 227 201 244 200 213 201 238 201 259 116 240 149 222 196 139 151 195 219 202 31 104 195 227 135 239 149 218 12 104 65
split_gain=16.2577 10.5308 9.54148 9.21847 11.2163 12.1838 13.4875 11.0922 10.2903 9.03027 10.3862 10.8931 10.9036 11.4139 11.134 9.77843 15.0504 11.1896 8.94001 15.4834 12.2897 10.9201 12.7449 10.6161 10.3013 11.084 13.8154 8.91601 9.66005 9.50001 13.9525 13.164 11.4588 11.163 9.48881 9.50847 8.90638 8.82113 8.82047 8.78653 8.88301 10.7818 8.77577 8.70417 14.3206 8.59558 8.59443 11.7213 8.5964 8.546 8.47791 8.45032 9.09269 10.1698 9.03138 9.58013 8.16819 9.00917 8.12294 13.2793 11.9282 8.03657
threshold=191.15000000000001 0.88444444444444459 -1.7298367343411585 1.2786436418201248 0.49771962562793781 -1.394878087252678 -0.40896076783160712 -0.39490332522808369 -0.40844428383924608 0.35716697686545706 -1.2133202335334301 -0.020860182125476433 2.4656781378886632 -0.56358428048502163 0.060329464376396517 1.6884849087520815 0.074920344870093622 0.41194295900178257 -1.2847376973436655 0.12132352941176472 -0.49948717894716826 0.098054977618056885 0.38565439142461971 -1.103204638437324 -1.2220978322826224 0.82376946255976091 1.4453299630723182 -0.30151134457776524 -0.8299718005706167 -0.72632026910549485 0.019355647103194432 -0.04313468181702821 -0.82695950601414914 0.6212136544472403 -0.96804003321896215 -0.60206009193768295 -0.43467443830530322 -0.89793563661907883 1.1660854119336024 -0.25157111682822614 -0.4697359518673942 1.2150000000000001 -0.37260346108888348 -0.73309981359471343 -0.27614039803128121 0.13927507791855465 -0.71949648814961276 -1.170555808563966 -0.65634701958230279 0.16203737411819533 0.66998464836965799 36.101923076923093 1.5000000000000002 -1.0085342257446188 0.1394898541477074 -0.52858447666434671 -0.039400612999407579 -0.58583802813694807 -2.2797058252581679 1.0000000180025095e-35 7.5000000000000009 218.50000000000003
decision_type=2 2 2 2 2 2 2 2 2 2 2 2 2 2 2 2 2 2 2 2 2 2 2 2 2 2 2 2 2 2 2 2 2 2 2 2 2 2 2 2 2 2 2 2 2 2 2 2 2 2 2 2 2 2 2 2 2 2 2 2 2 2
left_child=1 3 -3 58 7 46 9 51 50 10 -7 12 13 -12 -15 17 -17 -11 19 23 -21 22 24 -4 -22 39 36 -20 34 30 -30 -32 -33 42 -29 43 -27 45 -16 -26 -41 -42 -34 -36 -45 -2 48 -48 -6 -23 -9 52 -5 -54 55 -55 57 -10 59 60 -1 -60
right_child=37 2 18 4 5 6 -8 8 56 15 11 -13 -14 14 38 16 -18 -19 27 20 21 49 -24 -25 25 26 -28 28 29 -31 31 32 33 -35 35 -37 -38 -39 -40 40 41 -43 -44 44 -46 -47 47 -49 -50 -51 -52 -53 53 54 -56 -57 -58 -59 61 -61 -62 -63
leaf_value=0.014773273409297473 -0.025128453647614166 0.074085586180442378 0.018282691275286391 0.09635661243393244 0.05886903026079892 -0.0027077453795302797 -0.022273704742137232 0.032657496387027161 0.028044891746131957 -0.018236727165932515 0.01391253848258996 0.0048511925794348897 -0.003970775641214095 0.025742136369152815 0.13039761276894515 -0.0034963517296918351 0.12353272865982362 0.068063568617615186 -0.020413109444062161 -0.036536400315989918 0.10399355076147648 0.010280430466472396 -0.0045550026661718987 -0.030878005745936601 -0.00051065515019298408 -0.032548922684717839 0.083389592020667966 0.10779146372904679 -0.01668630447867726 -0.010926911602956588 -0.0048536857132552317 -0.016458157882724221 0.010577430996779267 -0.0078973170533963143 0.012669551851269115 -0.0086152275851077553 0.044142517254108719 -0.038725332533982054 0.01579221235231339 -0.015665038992249039 -0.01634402251530245 0.076824841652438913 0.16851220796180816 0.2076446190475438 -0.020056565165309848 0.13313305034090422 0.01888608916770497 -0.054609287843829152 0.00044374817941562574 -0.04267417741318133 -0.019937493642654722 0.00057737334115573577 0.087850453527285488 0.052464808239697382 -0.010616223070406931 -0.024847736067296199 -0.0061094397246933326 -0.04910932536057034 0.0028862418080789539 -0.023985412263784645 0.11846948639595328 -0.00087892675123607805
leaf_weight=6.401361003750937 1.2018235691357393 2.7541215652599922 13.428700037300585 3.6441833372227839 7.9250531941652325 6.990547899156808 9.5421473647002113 21.763661818346009 3.663374591618779 18.382368292659528 5.2439511753618744 7.1373453959822681 3.7068657539784899 4.999289812520149 15.573580022901298 4.467008585110305 3.604131106287241 3.6563284732401362 139.45862142043188 12.314065396785734 3.5550857707858077 15.866673506796362 38.452542297542095 46.344248723238707 41.175042741000652 5.4992346763610831 14.45303951948881 2.0596804900560555 13.713648820528762 248.25166215747595 6.1549994233064345 1.8020695792511094 1.304501483682541 1.3784249688033012 4.3350881489459425 15.592080585658545 8.0966950282454508 34.414773921482265 2.3134072981774798 5.1493180170655277 3.5320285186171523 12.401307180523871 4.3370460574515173 0.90116035542450845 0.7744419127702773 0.60974835231900204 8.6376707255840319 11.716641940176485 22.023779727518559 12.959262311458586 10.611678629647939 57.919950655894354 4.1502897893078616 16.184356237761676 20.55467940820381 4.4677594506647464 56.94664781820029 25.386784128146246 2354.7529338647146 5.7240423727780572 4.604880329919979 3553.7783830116969
leaf_count=163 314 47 74 34 39 69 429 287 76 211 64 107 39 58 135 39 33 32 3078 73 18 86 206 274 229 34 74 58 325 5321 133 43 29 41 217 442 46 10609 23 30 22 71 77 26 31 118 41 61 114 73 122 894 50 133 176 143 668 334 38093 194 114 55309
internal_value=0.000382381 0.000559205 -0.00536451 0.00119779 0.00894251 0.0202338 0.0316015 0.00204901 -0.0084373 0.0386253 0.0524632 0.0623041 0.0744918 0.0847843 0.0995515 0.0163325 0.0600417 -0.0013692 -0.00580631 0.0020851 0.00966722 0.0134324 0.0195046 -0.0196321 0.0293579 0.0252582 0.0509013 -0.00999522 -0.00509385 -0.00775327 0.018982 0.0509547 0.0869303 0.112837 0.0248812 0.0123359 0.0126753 -0.0325701 0.117461 0.0130042 0.0384534 0.0561308 0.139837 0.0608741 0.132373 0.0547673 0.000549618 -0.0237624 0.0174684 -0.0139913 0.0151878 0.0136753 0.028736 0.0212338 0.0124834 0.0351334 -0.0174613 -0.0386039 0.000723382 0.0345212 0.0648288 0.000621011
internal_weight=6998.75 6962.52 676.045 6286.48 361.213 135.92 85.617 225.293 118.372 76.0748 45.965 38.9744 31.8371 28.1302 22.8863 30.1098 8.07114 22.0387 673.291 233.227 173.454 161.14 132.314 59.7729 93.8618 90.3067 28.049 440.063 300.605 276.942 28.6907 14.977 8.82204 7.01997 23.6625 21.6028 13.5959 36.2263 17.887 62.2577 21.0827 15.9333 5.64155 6.01069 1.6756 1.81157 50.3031 20.3543 29.9488 28.8259 32.3753 106.921 49.0013 45.3571 41.2068 20.6521 85.9968 29.0502 5925.26 16.7303 11.0062 5908.53
internal_count=120503 109462 11178 98284 4411 1494 1239 2917 1487 810 495 426 319 280 216 315 72 243 11131 1310 962 889 730 348 524 506 154 9821 6743 5969 648 323 190 147 774 716 80 11041 158 352 123 93 106 274 57 432 255 102 153 159 409 1430 536 502 452 276 1078 410 93873 471 277 93402
is_linear=0
shrinkage=0.05


Tree=83
num_leaves=63
num_cat=0
split_feature=5 222 62 133 216 75 226 226 38 224 164 258 160 239 214 64 72 132 49 64 206 216 213 36 134 247 244 195 33 13 153 13 62 154 222 201 76 202 196 224 135 77 132 77 181 202 170 254 120 207 258 170 207 133 36 258 252 215 170 213 100 21
split_gain=15.1218 9.93145 11.5308 12.4393 13.8098 12.148 12.4177 11.6091 11.1942 11.8475 11.5794 12.9242 11.0487 11.6591 11.0269 10.3917 10.2605 10.0834 10.0799 12.5774 15.0842 14.2784 14.1445 13.2866 15.1437 12.9673 11.471 11.3136 13.0186 13.9784 11.8164 18.7029 19.6599 16.3846 13.7931 12.5433 11.1401 11.1273 10.978 15.798 12.3893 12.6968 14.792 12.2097 13.9234 11.6038 11.5962 11.2472 10.7822 14.1709 14.2635 13.3002 11.7869 11.3459 10.4435 10.0381 9.93078 9.67921 16.9966 12.9652 13.6655 9.74382
threshold=191.15000000000001 1.3116828177417408 8.1122730627306279 -0.052996417858778781 0.39310638173654516 122.50000000000001 -0.36476252694595929 -0.083022356398853317 4.5000000000000009 -0.30423935449965511 -0.053002694855791031 -0.88949917999332129 0.15192371179429601 -0.10047714379557864 -1.2398659914304406 8.1445222575722322 19.500000000000004 -0.28564442169854415 3.1715686274509807 8.0513207839491852 -1.131011329652698 -0.27230567001251943 0.10545570014860542 141.50000000000003 -0.86769167861361407 -0.74077602654979924 0.071347880655932797 -1.2208910087218829 148.95000000000002 14.500000000000002 1.1434460400242092 16.500000000000004 7.5464009372542247 -0.011877409170954433 -0.41234879527649287 0.46016599171826106 0.33687943262411352 0.22603004165189869 0.8849517029118249 0.57812986846383851 -0.46962305412253141 0.25376922494128346 0.64309342928623381 0.26816912138141197 0.054340439571097625 0.47586349100905995 -0.99120801154752136 2.6668134865563755 0.063333333333333366 0.82333019299104448 -0.28301261635371361 0.35673197793390393 1.2812138210488853 -0.97255369981839446 41.500000000000007 1.1725554802410743 2.9382394127499283 -0.80547865972497978 -0.053893604061727156 1.0645471451774606 1.0645833333333352 0.47069237951590892
decision_type=2 2 2 2 2 2 2 2 2 2 2 2 2 2 2 2 2 2 2 2 2 2 2 2 2 2 2 2 2 2 2 2 2 2 2 2 2 2 2 2 2 2 2 2 2 2 2 2 2 2 2 2 2 2 2 2 2 2 2 2 2 2
left_child=1 2 18 5 7 14 17 -5 9 -6 11 -11 13 -9 -4 -13 -12 -7 19 20 21 -1 23 24 -21 -26 -23 28 30 37 31 35 33 34 -33 -20 -29 -30 39 40 41 42 46 44 -40 -41 -27 -43 49 -38 -51 53 -50 -52 -55 -32 -22 58 59 60 61 -3
right_child=-2 57 3 4 8 6 -8 12 -10 10 16 15 -14 -15 -16 -17 -18 -19 27 22 56 26 -24 -25 25 38 -28 36 29 -31 55 32 -34 -35 -36 -37 48 -39 43 45 -42 47 -44 -45 -46 -47 -48 -49 52 50 51 -53 -54 54 -56 -57 -58 -59 -60 -61 -62 -63
leaf_value=0.0060563079055651232 -0.031957612000784785 0.024964151617971088 0.068561094988056584 0.0015703333202014319 0.0049254955451954463 0 -0.0066527135995640453 -0.012493640951824387 -0.028956995905480305 -0.020034860471000476 0.090903998150081586 0.046099220093168997 0.067336893745175208 0.03210986140548161 -0.0067991285465428186 0.13895127743350341 -0.019633290665712289 0.14567006192321594 0.013973510435714494 -0.027659820776708824 -0.00077824737252108216 0.10642033944007559 -0.0087366188218331361 -0.024498960675208663 -0.005751416662122053 0 0.012932959745164459 -0.0024418278161122248 0.133048799019232 -0.039561793864548361 -0.028345463588704774 0 0.0096758933491489299 -0.0049576248651809277 0.15181284344703355 -0.022531975241825809 -0.021149976785055424 0.0099766335313349348 0.10356886688348724 -0.038016677766591629 -0.017401634829507323 0.0018234261169706202 0.0064179739038522296 0.11704982732087597 -0.015872022099884243 0.036239268179389501 0.15132793852737214 0.092145594422474997 0.029692280972060354 0.012174617933698307 -0.018981699145040356 -0.0048315933232483642 -0.026073367789517674 0.010981335235837006 0.13131640769017924 0.031154186877934843 0.046731240040248805 0.0036192231950044071 -0.0069178777786213777 0.080294639035690285 0.081055872287275177 -0.025878807829079215
leaf_weight=20.883296996122226 34.983354721218348 38.88642055913806 3.9784951056353739 153.05104787554592 10.795532177900894 1.6756431227549908 4.6850856849923712 21.893475082935765 4.352465806528925 1.9749848118517572 2.0182688129134503 6.6911621363833538 12.2709136698395 40.088226767024025 186.48651875066571 8.8684053807519359 5.9506903437431902 2.8958102031610906 94.526413274928927 8.3332421011291427 684.84592120419256 8.0094977840781194 35.534568474628031 10.165726777166126 12.608924080152063 1.4331512525677599 5.858676149044185 4601.772749012569 4.7147932134103012 1.9603778470773248 33.703164698090404 1.757263256702571 14.743875151965765 2.9800004863645908 7.4115324183367184 30.188394095748663 9.1096460204571468 3.0986780670937151 2.9701468618586677 9.5524679031223076 4.4455496917944464 10.499350629746912 3.2977994410321108 9.9821070954203588 5.6241183411329985 9.4861582610756141 8.3793954253196734 4.2502057626843444 14.814204795286058 17.21902610687539 1.5301742833107699 3.8422849979251614 22.594354485627264 2.4789307517930892 10.477770126890389 7.9538376173004499 10.178460905328391 634.05682428949513 38.027440059464425 11.836885660421101 7.8735145889222613 11.36440084595233
leaf_count=345 11041 309 57 2630 218 29 69 284 73 32 33 79 165 427 3554 101 100 51 1487 119 8390 143 489 164 191 15 93 78517 84 41 291 23 358 79 106 904 118 55 30 109 189 112 38 81 64 77 84 23 168 182 17 41 255 23 103 58 102 6681 392 103 88 219
internal_value=0.00036991 0.000537614 -0.000114154 0.00742647 0.0144487 -0.00199496 0.0509901 0.00952174 0.0409876 0.0500599 0.0680698 0.0898959 0.0256062 0.0163272 -0.004849 0.104519 0.0148186 0.101554 -0.000729181 0.00423685 0.00161288 0.0332861 0.018109 0.0275935 0.0336793 0.0401897 0.0707886 -0.00161126 0.00991071 0.0634982 0.00686201 0.013353 0.0503957 0.094939 0.125193 0.0049883 -0.0021138 0.0914778 0.0485092 0.0352245 0.0559954 0.0680776 0.102759 0.0812969 0.0313776 -0.000806396 0.131086 0.0323661 0.0160277 0.0323491 0.0463993 0.0759992 -0.00366128 0.0966881 0.111088 -0.0164036 -9.15837e-06 0.0060012 0.0197796 0.0342545 0.0235944 0.0130877
internal_weight=6997.92 6962.94 6220.89 467.677 267.955 199.722 9.25654 227.304 40.6515 36.299 25.5035 17.5346 74.2526 61.9817 190.465 15.5596 7.96896 4.57145 5753.22 866.339 729.776 34.7515 136.563 101.028 90.8626 82.5294 13.8682 4886.88 203.038 9.77385 193.264 151.607 26.8927 12.1488 9.1688 124.715 4683.84 7.81347 69.9205 51.3441 32.3055 27.8599 13.1103 18.5764 8.59427 19.0386 9.81255 14.7496 82.0664 44.6578 35.5482 18.3292 37.4086 14.4869 12.9567 41.657 695.024 742.045 107.989 69.9612 58.1243 50.2508
internal_count=120503 109462 101670 7902 4142 3760 149 3506 636 563 345 212 876 711 3611 180 133 80 93768 10858 9073 581 1785 1296 1132 1013 236 82910 3486 180 3306 2957 566 208 129 2391 79424 139 822 647 461 272 137 175 94 186 99 135 907 484 366 184 423 143 126 349 8492 7792 1111 719 616 528
is_linear=0
shrinkage=0.05


Tree=84
num_leaves=63
num_cat=0
split_feature=5 116 253 107 197 180 221 201 71 98 62 80 139 255 224 209 257 259 253 227 29 153 226 226 111 170 201 201 215 119 102 70 81 133 91 231 30 98 5 195 250 64 31 145 196 237 132 167 75 95 195 237 75 31 175 94 110 222 176 47 49 215
split_gain=14.1329 9.46191 8.83561 11.2953 9.29133 8.94473 8.71307 8.64973 8.55551 12.7199 8.44905 17.4062 13.328 16.5105 11.1749 10.3545 14.8309 15.3028 12.9125 9.25334 17.8685 21.054 10.752 10.6542 12.8907 10.8891 9.63674 17.0997 10.5482 8.80055 15.6324 8.77746 9.23192 8.47612 8.88611 8.42607 8.3187 10.7931 8.9366 8.3834 8.20716 9.57164 8.16751 8.09459 15.0262 15.2235 14.9612 13.7597 11.9091 11.7319 14.2672 12.5247 10.9367 10.4528 9.89909 9.67389 9.34772 9.09671 11.6276 11.8294 12.8125 10.644
threshold=191.15000000000001 0.90000000000000013 -1.1935408066799329 97.500000000000014 0.17215751181594471 -0.33330864746092254 -0.54691569289104935 -0.89793563661907883 10.032433380084154 0.075436732188376932 8.1185813363650272 60.415559772296028 1.0922106581337709 -0.54433622349837352 -0.17320416042890222 0.94980580388534508 -0.49314108563992209 -0.24626781251816646 -0.33196224156865517 -0.78469236041919266 0.55555747249826204 -0.58037567339122964 -0.68133405044548445 -1.0000000180025095e-35 8.2148770127432602 -1.022878134845949 0.17585371599468205 0.82115457583825302 0.51509372113159368 0.18333333333333338 26.000000000000004 0.014519104084321477 -0.38177511585145996 -1.5181138441083757 2.2393910851452623 -0.38945368369603967 119.55000000000001 0.10084627847785745 5.4500000000000011 1.8324447158194399 -0.5264627037101729 7.6961578029252591 33.652083333333344 2.1540975069588173 -0.11645281678693055 -0.10816299682583778 0.36596435077724404 -0.47287308490814423 5.5000000000000009 7.5000000000000009 1.8324447158194399 1.2309759442675452 67.500000000000014 35.601785714285725 -0.3689137699477984 12.260501418767516 0.092452068142297075 0.50337500450592076 1.7863229651135695 0.21240601503759401 5.1702898550724647 -1.5132808995772342
decision_type=2 2 2 2 2 2 2 2 2 2 2 2 2 2 2 2 2 2 2 2 2 2 2 2 2 2 2 2 2 2 2 2 2 2 2 2 2 2 2 2 2 2 2 2 2 2 2 2 2 2 2 2 2 2 2 2 2 2 2 2 2 2
left_child=1 8 3 6 -5 -6 -3 -2 10 42 43 14 -13 -14 15 31 17 18 -17 20 22 -22 -16 36 25 -25 -26 28 35 -24 -31 32 -12 -27 -35 -28 37 39 -39 -21 -11 -42 -10 57 47 52 53 54 -48 50 51 -50 -46 -47 -45 56 -49 58 59 -1 -61 -59
right_child=7 2 -4 4 5 -7 -8 -9 9 40 11 12 13 -15 19 16 -18 -19 -20 23 21 -23 29 24 26 33 27 -29 -30 30 -32 -33 -34 34 -36 -37 -38 38 -40 -41 41 -43 -44 44 45 46 48 55 49 -51 -52 -53 -54 -55 -56 -57 -58 61 -60 60 -62 -63
leaf_value=-0.0019463631635486369 0.054842896692694425 -0.028996544489482801 -0.0064546929805797282 -0.021893482462505345 0.10751959918035559 0.0045777208799847617 0.09038355339856663 -0.037907138810562478 0.073093420038070331 -0.020425755363611596 0.097588227333898464 -0.018277605273146962 -0.013036595758714723 0.29080358770584636 -0.021544363298933111 -0.011037181406993059 -0.031264576105138116 -0.020274321165932647 0.26756486132596552 -0.002782405021302504 0.0013095458426871228 0.24028447508633249 -0.015741011091145472 -0.03319841876938686 -0.0012853719656176093 0.13290159788444139 0.18556102125268301 -0.040185245374396258 -0.013030547563604503 -0.016258466220225188 0.097938278998753972 -0.016941581641333043 -0.030367789877627085 0.02827597414386078 0.090334560502648958 0.038470125838246806 -0.031890273867202466 0.063934991686600426 0.0048860172706049615 0.042297395997959127 0.0031951418267705256 0.13517415014779832 -0.032406628571565288 0.0079539564690591074 0.00071702693830689394 0.040979204129862487 -0.033172579125194661 0.049780145663718051 0.13518146614428481 0.00099653728153165371 -0.027952041000845751 0.026061903882825067 -0.042432856529817348 -0.040392713920425594 0.14591789556331725 -0.012019822003677804 -0.015123080104972425 0.040936489455743637 -0.022099825070121343 0.013218712456252321 -0.0018686099075665569 0.0027471897466565206
leaf_weight=2931.4650188777596 1.8093619993887831 1.334833546541631 632.10872479621321 14.636071656132119 2.2891231756657362 6.4659077362157387 6.5090132169425514 32.080694692209363 0.96090887836180527 3.2787809874862432 2.5438559837639332 0.72709584934636839 0.48428794252686203 0.45184124214574695 8.6258634307887458 0.40457203169353295 1.8693840913474549 0.83395897969603572 0.71387245086953033 155.13690506573766 1.6727523701265457 1.210274449083953 4.0673411954194334 3.6611398980021468 55.423726599197835 2.0944497790187588 2.0590947531163692 2.7713018362410367 1.4841171330772338 3.861943904310464 8.7404323932714743 77.880457320250571 1.6404539942741383 31.742924481630325 6.810782308690249 2.5696895266883057 15.65059591969475 12.12618435919285 13.258440930861978 10.04166979040019 2.7877723351120931 1.9830862509552387 45.368266364559531 2.1381639996543527 41.571136612910777 5.0190922454930833 3.1434269901365068 27.220541469054297 8.5765524175949412 5.961091795237734 1.9733912386000145 4.5824697101488701 21.494037506636232 10.505148667376487 3.3642352158203712 13.145283833611755 6.2747854404151431 17.434914077166468 63.501895387656987 291.58905398915522 269.70984250330366 2085.6469213829841
leaf_count=55048 432 40 10441 312 37 106 104 10609 43 171 31 134 92 73 130 43 186 95 56 2294 59 42 96 33 548 22 29 50 24 49 124 1386 76 332 59 40 188 68 290 122 79 60 2191 43 587 52 39 505 108 71 19 55 294 183 55 202 111 173 789 3712 3754 23307
internal_value=0.000358911 0.00051861 -0.00515552 0.0203656 0.00186519 0.0402687 0.068521 -0.031382 0.00111764 -0.0184433 0.0012917 0.0080431 0.135656 0.205488 0.00722219 -0.00879916 0.0624617 0.13409 0.206788 0.0112622 0.0382938 0.138962 0.0217818 0.0087134 0.0213148 0.0417781 0.0067148 0.0522101 0.0945614 0.0444347 0.063953 -0.01289 0.0502774 0.0492862 0.0413721 0.126133 0.00198102 0.00494086 0.0346372 0.000166073 0.036238 0.0728381 -0.0286147 0.000789592 0.0120278 0.000812997 0.0247385 0.033618 0.048597 0.0619588 0.0841133 0.102059 -0.0143442 -0.0128942 0.102544 0.0233998 0.0373907 0.000478902 -0.00106158 -0.000671437 0.00596978 0.00308547
internal_weight=6996.49 6962.6 663.344 31.2349 23.3911 8.75503 7.84385 33.8901 6299.26 54.3788 6244.88 430.559 1.66323 0.936129 428.896 85.8866 3.82179 1.9524 1.11844 343.01 28.1786 2.88303 25.2956 314.831 108.617 44.3093 64.3079 8.8842 6.1129 16.6697 12.6024 82.0648 4.18431 40.6482 38.5537 4.62878 206.214 190.563 25.3846 165.179 8.04964 4.77086 46.3292 5814.32 154.969 102.826 39.7612 52.143 24.2369 21.0935 15.1324 13.159 63.0652 15.5242 5.5024 46.6406 33.4953 5659.35 3556.27 3492.76 561.299 2103.08
internal_count=120503 109462 11040 599 455 143 144 11041 98422 2544 95878 6771 299 165 6472 1873 380 194 99 4599 500 101 399 4099 1137 446 691 143 93 269 173 1493 107 413 391 69 2962 2774 358 2416 310 139 2234 89107 2324 1408 527 916 292 253 182 163 881 235 98 818 616 86783 63303 62514 7466 23480
is_linear=0
shrinkage=0.05


Tree=85
num_leaves=63
num_cat=0
split_feature=5 73 197 205 150 200 94 170 248 258 159 199 89 243 132 252 133 192 195 50 215 131 107 181 167 28 71 16 213 192 259 232 192 214 125 165 35 198 218 239 137 259 226 148 222 216 63 252 69 68 36 36 174 72 174 11 163 218 254 206 181 229
split_gain=20.2444 14.5724 12.1278 11.9448 10.6444 18.8363 12.375 10.1995 10.0714 11.1973 13.5175 15.8668 13.309 20.4046 12.6621 14.0118 9.87653 9.51846 9.51798 9.34385 9.69818 9.21714 15.714 10.4317 9.16169 10.449 8.88586 8.38696 9.6059 8.92232 10.6921 13.9729 11.0087 10.0394 9.41211 12.2935 10.5292 8.68061 9.19044 11.1468 14.7218 11.2341 9.36632 11.0849 16.0278 9.47656 8.93287 11.3197 10.7679 9.8562 8.83746 8.6954 8.66808 8.4966 10.7777 19.3193 14.4018 14.0681 13.5642 10.7718 16.2158 12.6487
threshold=59.550000000000004 0.086576317383404003 -1.4656218011190476 0.01447315754904788 2.0989315370454822 -0.055500076955985488 -5.3069014178597893 -0.17200235408690676 -0.66297254695938035 -0.37196350018246349 0.24935230041439854 0.5201905467778295 47.95000000000001 0.73507667019802669 0.44946657497549614 -0.56993787175993282 -0.5922425568631039 -0.96132417818068761 -1.0919173926348302 -20.999999999999996 -0.35389967240465586 1.1436686362089215 368.50000000000006 0.27717936375500768 -0.33358190418982664 8.5857142857142872 7.2424887169568022 5.5000000000000009 0.63512985458149396 -0.59699463170182676 -0.348572763030706 0.58564334094620829 -1.5192467895194277 -0.52609688345519634 1.0000000180025095e-35 -0.80813591014869735 6.5000000000000009 -0.45867053939029612 -1.0585119627923791 -1.318366683176118 -0.97134090036009824 -0.71949648814961276 -0.34220723755025739 -0.70608264308782609 0.60133481186931148 -1.0000000180025095e-35 0.073072040145849601 -0.51582066999060061 6.882386516250337 0.091607978330460485 294.50000000000006 42.500000000000007 -1.0375390378362879 55.500000000000007 -1.0155667656746827 1.0000000180025095e-35 0.023630447064755086 0.083461762757063365 -0.27768899694202326 0.29107606507258421 -0.36023538584479936 -0.16906529695187794
decision_type=2 2 2 2 2 2 2 2 2 2 2 2 2 2 2 2 2 2 2 2 2 2 2 2 2 2 2 2 2 2 2 2 2 2 2 2 2 2 2 2 2 2 2 2 2 2 2 2 2 2 2 2 2 2 2 2 2 2 2 2 2 2
left_child=19 4 3 -3 18 -6 -7 -5 -4 17 11 12 -11 14 15 -14 -8 -10 21 20 -1 -2 -23 26 25 -12 -24 53 37 30 33 -32 -33 -30 -31 -36 -37 50 -39 40 -40 -42 -41 44 -44 -46 51 48 -48 -50 -29 -45 -34 54 55 56 -21 -57 -59 -56 -61 -62
right_child=1 2 8 7 5 6 16 -9 9 10 24 -13 13 -15 -16 -17 -18 -19 -20 27 -22 22 23 -25 -26 -27 -28 28 29 34 31 32 52 -35 35 36 -38 38 39 42 41 -43 43 46 45 -47 47 -49 49 -51 -52 -53 -54 -55 59 57 -58 58 -60 60 61 -63
leaf_value=-0.023480945830910725 -0.0055848713333702489 -0.0058722938212389325 -0.030433799233491883 -0.011390553558457805 -0.026285804874807969 0 -0.0076614317738668671 0.2283695468876705 0.068683009956754165 -0.0011725536038797845 -0.023956482446473581 -0.026918106990535953 -0.0065781935499458133 0 0.010123863003762281 0.33819005218418519 0.2693896454230984 -0.034561044310749786 -0.024906763390104215 -0.01278018902526196 0.089032247530669295 -0.028768812903482772 0.0087155783655871646 -0.013957304416205244 -0.039443819409608977 0.15407111327938111 0.2665805410420225 -0.023266863997623802 0.081420868706730432 -0.028544924813815833 -0.022779478571995058 -0.023850518529707584 0.0036732113329123435 -0.021271468268820617 -0.017955209574250126 0.076518813266870267 0 -0.033885496764593757 0.091723841214818663 -0.011247476607040639 0.088375278556636863 -0.026380710220118592 0.0031251699897742995 0.012589622388828143 0.1660071982564239 0.013380151412323505 -0.012118191644387504 0.002781209175440124 0.14224720321989662 0.005730574055006616 0.048634190531078078 -0.031716747016006859 0.15763250148508526 -0.00040713024320023698 0.00016979409952800804 0.050096137003894162 0.018291151808074151 -0.028452694398348299 0.030118709208682738 -0.0074443113385463449 -0.0030559951211349937 0.011007418246949141
leaf_weight=2.2265995237976313 13.577445270726459 1.3649400614667677 11.758897258667274 0.41949926665984094 3.3773186402395368 0.99838061747141182 0.29499840247444808 0.77588882297277428 1.8970589893870045 1.1377300384920106 1.0892823114991168 1.3570025800727306 0.26267269905656565 1.0596657621208576 0.57552241487428535 1.3019974594935781 0.54874510527588316 8.7541081572417152 171.3496630853042 75.537183670792729 4.9122220780700436 1.5568302597384893 0.56689241854473926 0.51934358500875522 4.0141916142310965 0.68620551144704212 0.5616377021651715 104.35086493240669 2.1468261945992699 17.423710852861404 2.2630417887121421 0.97879747301340092 1.2301002414897082 8.7287574876099843 13.772887044586243 9.3861634526401776 7.8027717778459182 22.240234602242708 6.2956335991621044 153.6205867654644 1.7413560701534159 8.5954563217237556 7.2875334611162526 18.46869672415778 2.5580681273713708 1.7953063417226074 2.6106790807098168 23.648814811371267 3.6625064350664616 2.0764950271695852 3.4988722968846551 24.777216099202633 4.6211472912691534 2859.6184942014515 1938.4754307013936 47.623195003718138 71.664287435822189 14.079846492037175 27.692044417373836 186.95382875390351 194.11227888893336 882.50105396378785
leaf_count=40 2058 198 1736 59 696 152 32 84 250 126 128 184 25 127 77 130 68 1157 27232 909 66 238 46 81 568 72 67 1966 32 475 37 20 21 142 121 97 115 415 35 2736 23 221 131 231 28 23 41 273 47 30 51 319 95 33161 27224 521 743 198 257 2011 2552 9276
internal_value=0.000698216 -0.0138619 0.0147542 0.10266 -0.0193311 0.0453208 0.141419 0.17509 0.00521897 0.0248715 0.0571557 0.105545 0.145202 0.186324 0.250353 0.298365 0.218194 -0.0114266 -0.0213813 0.00119583 0.0547518 0.0137094 0.0785301 0.15437 0.000289386 0.0737685 0.204347 0.00113038 -0.00541109 0.011721 0.0389635 0.0760661 0.108182 0.00372802 0 0.0163254 0.0435451 -0.00847055 -0.00376678 -0.00102122 0.0373355 -0.000517504 -0.00383814 0.00918422 0.0525252 0.118256 0.00181248 0.021536 0.0681418 0.101775 -0.0204629 -0.0128253 0.131256 0.00160514 0.00327965 0.0135604 0.00233435 0.0317599 0.0100558 0.00251446 0.00610455 0.00846668
internal_weight=6990.78 229.806 36.4547 2.56033 193.351 5.21944 1.84212 1.19539 33.8943 22.1354 11.4843 5.69459 4.33759 3.19986 2.14019 1.56467 0.843744 10.6512 188.132 6760.98 7.13882 16.7821 3.2047 1.64787 5.78968 1.77549 1.12853 6753.84 455.583 68.3542 19.9687 9.09309 6.83005 10.8756 48.3855 30.9618 17.1889 387.228 279.379 257.138 16.6324 10.3368 240.506 86.8853 11.6409 4.35337 75.2444 31.9985 8.34968 5.739 107.85 43.2459 5.85125 6298.26 3438.64 236.597 147.201 89.3951 41.7719 3202.04 1263.57 1076.61
internal_count=120274 35591 4921 341 30670 948 252 143 4580 2844 1437 669 485 359 232 155 100 1407 29722 84683 106 2490 432 194 768 200 113 84577 7725 1155 347 173 136 174 808 333 212 6570 4553 4138 279 244 3859 1123 182 51 941 391 118 77 2017 550 116 76852 43691 2628 1652 976 455 41063 13839 11828
is_linear=0
shrinkage=0.05


Tree=86
num_leaves=63
num_cat=0
split_feature=80 70 66 231 233 231 71 70 50 215 16 149 2 250 47 206 240 158 166 195 158 138 245 72 202 203 198 95 219 227 24 119 48 189 200 77 249 257 239 135 163 69 254 180 217 237 73 68 244 151 258 220 104 158 151 195 252 63 203 70 100 84
split_gain=17.9165 11.9614 10.8654 11.1319 9.01937 8.72564 8.55004 9.4972 8.31079 8.47736 8.17156 8.63836 13.0457 12.1283 13.5999 12.2057 11.9832 17.0969 10.5031 16.3583 11.435 10.0651 10.802 10.0399 10.6162 16.0081 12.594 11.6485 11.2846 15.4697 12.4144 11.9001 11.1621 10.9273 11.9545 12.6278 11.4482 10.6114 10.3555 10.851 10.3481 11.6997 9.90444 9.89793 13.3805 11.1731 9.83924 10.3674 10.1871 9.65271 10.7358 9.61219 9.71501 9.54563 9.53482 13.0026 9.48116 12.8792 11.8973 9.45839 9.06699 8.84531
threshold=20.895644283121602 0.034505655538764488 0.18528922180607577 -0.03992780849382261 1.973874001616615 1.0484743816073763 7.0293863659453431 0.093212111239098255 -20.999999999999996 -0.35389967240465586 5.5000000000000009 0.77573731701476756 57.250000000000007 -0.37261583906072671 0.13961038961038963 0.059298825784672257 -0.4007111826595306 -0.65722047258373506 -0.31547489996819317 -0.516041698743963 -0.56450193413395233 -0.89659764705419265 0.73293473764648065 305.50000000000006 0.52156568272303916 -0.65939879940360024 0.97388487539346003 20.500000000000004 -0.67403984202129918 -0.73952619797836805 2.2250000000000005 0.47222222222222227 0.37268518518518523 0.0097416822680797995 -0.82201976036133451 0.31263766519823794 0.061998731369009692 -0.58322473656233853 0.2709896384392928 -0.68100450519032496 0.90749302719392522 6.5173472222222228 -0.4559128186959579 1.8770120752163961 -0.47869377028245236 0.19981283910930669 0.083499335989375839 0.13253490151080516 1.9341324973018239 -0.82128246368483848 -0.82310120515485374 -2.4801223612589856 7.5000000000000009 0.24719251714846693 -0.65572683386022157 -0.79859718624100517 0.8399443399851112 0.082885111920317903 0.48978943382644474 0.086979872040349335 -1.1213235294117643 1.1671296296296299
decision_type=2 2 2 2 2 2 2 2 2 2 2 2 2 2 2 2 2 2 2 2 2 2 2 2 2 2 2 2 2 2 2 2 2 2 2 2 2 2 2 2 2 2 2 2 2 2 2 2 2 2 2 2 2 2 2 2 2 2 2 2 2 2
left_child=8 -2 4 -4 -3 -5 7 -6 9 -1 11 12 51 14 15 18 -16 -18 19 -14 -21 22 -15 24 43 27 28 32 30 38 -27 49 -26 34 -34 36 -36 -33 -30 -40 41 56 -23 -13 60 -46 -43 48 -48 -32 -51 52 -10 -22 -31 -56 57 -28 -58 -47 -45 -17
right_child=1 2 3 5 6 -7 -8 -9 10 -11 -12 23 13 21 16 61 17 -19 -20 20 53 42 -24 -25 25 26 40 -29 29 54 31 37 33 -35 35 -37 -38 -39 39 -41 -42 46 -44 44 45 59 47 -49 -50 50 -52 -53 -54 -55 55 -57 58 -59 -60 -61 -62 -63
leaf_value=-0.022956686472827312 -0.035107839085966715 -0.010486936204983007 -0.018088327255599213 0.15485571643938653 0.19405363415291438 -0.017424369310990829 -0.0079956512508491621 0.0080231211876003964 0.00057031920339679671 0.081756764918580749 -0.0053725193222605473 0.00049006935144090891 -0.0012792310280337065 0.078637092854309101 -0.0086372138407465222 0.044681992543231769 -0.0046357536954105497 0.15673929468004566 -0.00051356539348283703 0 0.18553740744279962 0.062876666360602795 -0.018346473143313346 0.028039445337431936 -0.021903990404137652 -0.034802947872542948 -0.027632521719201126 -0.048392471539654265 -0.0042023733198187216 -0.013810784420316852 -0.0053386365986757044 -0.019810394486047159 -0.036683901228066577 -0.015185499829232766 0.044696616429560632 0.016264817454883684 0.15014220248447532 0.080589250047743644 0.085887756386596986 0.00045659491187440465 0.039871767787772433 -0.0085378673770688442 -0.014809498758114912 -0.015591491895447949 -0.023233346706779429 -0.015718207901716869 0.083186617453974723 0.0073950981428815236 -0.013333039725030896 -0.033272735867599067 0.059637159268936625 0.0024527476770408287 0.12320687250190952 0.035037990243591381 0.018392608897201988 -0.047376973612346107 -0.024373143770338869 0.039729211308148833 0.046880422149564817 0.072256390632099696 0.067443976529932712 -0.041227108155549919
leaf_weight=2.1891508111730218 45.354549542302266 214.79240869637579 2.2198141389526427 1.8890639990568154 0.61606714245863203 0.67106031673029054 2.6600990754086524 1.4545493673067538 3.3242462780326596 5.1746161226183167 450.99918500427157 1449.4449129607528 4.545256552286447 7.1023696996271592 2.1658231839537621 3.3784557357430449 2.037848299369216 5.532332453876732 7.1582059198990491 1.6851327801123268 3.6852047750726342 3.5913140904158345 3.838471245020628 28.702378841117024 5.8342230683192637 15.957820036448537 59.846340271644294 3.6440507667139164 23.208804667927325 402.00883924495429 58.237673001363873 2.9964485932141534 1.9115325594320953 4.5953094186261287 6.1033536614850181 6.3608395876362911 6.2986457291990519 9.148974930867551 7.5523665510118008 6.8026904072612506 17.78078259434551 19.475940091535449 37.231582943350077 3.5053450064733651 17.885024437680844 4.4436106812208873 12.287444949150084 16.862141838297248 3.0186151713132849 3.3090996239334336 11.847914285026489 3849.6421289304271 2.3197308843955398 2.1972215427085757 8.3554423628374916 43.665405409410596 9.2157027069479245 7.0877372380346051 12.861698858439921 6.6715737096965313 16.973841956816614 8.5840237215161306
leaf_count=40 9464 27906 173 150 62 57 413 150 59 65 7634 12128 80 71 27 47 27 81 128 21 52 46 35 230 62 123 423 38 206 2966 464 29 26 43 61 65 55 61 49 75 124 158 506 34 159 40 86 114 20 40 120 53875 41 35 82 467 67 49 73 49 129 114
internal_value=0.000672472 -0.0119389 -0.00709684 0.0605594 -0.00886061 0.116083 0.0530531 0.110172 0.00118096 0.0510062 0.00111797 0.00158701 0.00300874 0.0214485 0.0414482 0.0236436 0.0905781 0.117243 0.0474371 0.0740336 0.114721 0.00503895 0.0455058 -0.000836855 -0.00121384 -0.00591644 -0.00746778 0.0267664 -0.0108121 -0.0139436 0.00429408 0.0119634 0.0369607 0.0510581 0.0660341 0.0780785 0.10583 0.0558162 0.0165018 0.0483949 0.00500944 0.00031671 -0.00651567 0.00125193 0.0230188 0.000666465 0.019072 0.0356923 0.0641944 0.0039867 0.0382396 0.00255845 0.0626853 0.143308 -0.0165042 -0.0365713 -0.0106005 -0.0199461 0.0171533 0.0382789 0.0529341 -0.0150036
internal_weight=6989.94 269.658 224.303 4.77994 219.523 2.56012 4.73072 2.07062 6720.28 7.36377 6712.92 6261.92 3948.02 92.7332 40.9695 31.2335 9.736 7.57018 19.271 12.1128 7.56756 51.7637 10.9408 2313.9 2285.2 786.276 751.528 34.748 593.091 491.594 101.498 85.5401 31.1039 25.2697 20.6744 18.7628 12.402 12.1454 37.5639 14.3551 158.436 140.656 40.8229 1498.92 49.4794 29.0002 51.6441 32.1682 15.3061 73.3947 15.157 3855.29 5.64398 5.88243 454.03 52.0208 89.0115 66.9341 22.0774 11.1152 20.4792 11.9625
internal_count=120274 38375 28911 380 28531 207 625 212 81899 105 81794 74160 55245 1270 612 477 135 108 316 188 108 658 106 18915 18685 6146 5796 350 4682 3845 837 714 312 250 207 181 116 90 330 124 1114 990 552 12539 411 248 378 220 106 624 160 53975 100 87 3515 549 612 472 140 89 163 161
is_linear=0
shrinkage=0.05


Tree=87
num_leaves=63
num_cat=0
split_feature=5 195 130 107 95 215 248 68 71 63 257 150 203 197 200 168 88 222 94 69 145 120 250 251 249 248 91 69 67 217 74 71 206 133 69 93 98 180 200 223 223 249 201 176 169 230 164 241 101 133 222 163 212 247 25 99 207 224 223 224 102 251
split_gain=16.7225 10.4781 15.3844 14.9576 10.9016 10.168 11.5663 9.80747 9.21785 10.4438 13.4903 10.0034 11.8134 12.1426 11.3748 11.6384 9.56681 9.35409 10.5636 11.6143 12.1933 11.8887 11.3459 9.26901 10.2262 12.9502 9.71543 8.70476 8.39618 8.39053 8.04104 9.6417 12.293 7.66644 9.1889 7.50837 7.38738 7.04311 6.96857 11.8051 11.1016 7.37088 6.82355 6.81123 16.1078 13.7006 9.02474 9.11343 10.446 9.2202 8.90773 13.4113 13.3267 11.2248 11.7134 14.1931 15.8132 16.9102 10.824 11.5451 10.7682 10.4387
threshold=59.550000000000004 -1.0919173926348302 1.0561084534628236 250.50000000000003 2.5000000000000004 -1.0000000180025095e-35 0.25329401773785781 0.092087264040907377 8.1258136940651529 0.062757581639364055 -0.72265940373295956 2.0989315370454822 -0.069349591694029461 -1.5465039054751653 0.038972738509692177 -0.82812767864848313 55.812698412698417 1.4310128616607358 -1.5099257489069771 6.779826714997859 -0.5035944552095829 -0.57888888888888868 -0.53589264115614821 1.5045325303965238 -0.046341354537796899 0.20820765346055509 1.7320150964665249 6.147133472678413 0.083021205957307539 -0.28301261635371361 0.21884245562130181 7.2696828552049153 0.3581433362682645 1.7151728960591377 8.2845136413369591 31.390250048100111 0.057994744406975267 0.28255404194885431 -0.28279588247434545 0.19884913825367612 0.65109897352902013 0.3423538950359461 0.15403632194547492 1.0334911592433595 -0.89393111364756261 0.37806454303821774 -1.8175367339485813 -1.2456482324025926 0.1150535046469434 1.7581087302158933 0.93590643366035764 0.32847221011369426 -0.21164614062312351 1.3245694811680873 0.20576213002683594 0.092642937856960983 0.82333019299104448 1.5497612430909362 -0.85178414447229922 -0.74590261522576207 19.000000000000004 -0.14564381625088388
decision_type=2 2 2 2 2 2 2 2 2 2 2 2 2 2 2 2 2 2 2 2 2 2 2 2 2 2 2 2 2 2 2 2 2 2 2 2 2 2 2 2 2 2 2 2 2 2 2 2 2 2 2 2 2 2 2 2 2 2 2 2 2 2
left_child=43 2 38 -4 -5 6 7 -6 9 10 36 12 23 29 -13 28 -15 18 19 20 -18 22 -22 33 -25 26 -26 -24 -16 -14 31 32 37 -11 -35 -19 -3 -21 -2 -40 41 -41 -36 -1 45 -45 -46 48 49 -48 51 -49 58 54 60 -56 57 -57 59 -53 -52 -55
right_child=1 8 3 4 5 -7 -8 -9 -10 11 -12 14 13 16 15 -17 17 35 -20 30 21 -23 27 24 25 -27 -28 -29 -30 -31 -32 -33 -34 34 42 -37 -38 -39 39 40 -42 -43 -44 44 46 -47 47 50 -50 -51 53 52 -54 61 55 56 -58 -59 -60 -61 -62 -63
leaf_value=0.0016093298728247309 -0.030678814216504348 0.19834310761847193 -0.013764099541425951 -0.015532462098291167 0.31639457887153016 0.0045712002111924907 -0.0081729222529008053 -0.0044753825032885029 -0.034642772461615089 -0.030420336936827365 -0.0030645799723085939 -0.018089474611556168 0.16015246091156932 -0.032218520613607735 0.25239951239861419 0 -0.022385143611338851 0.18195346660153017 -0.020391896438210072 0.22615136041495268 0.0080656440983535131 0 -0.0036981300320967875 -0.036259847291612864 0.20939630848315019 -0.0063698784678573456 0.00068180085091305441 0.31442456088178966 -0.0071852885709504447 -0.016996524956553769 -0.039140960283489214 -0.028296539295987078 -0.0201943052008925 -0.010765352038988664 -0.010745241385442835 -0.01313949417353024 -0.010214250103470629 -0.0071339351403883148 -0.0093567410484920802 0.22678457882037134 -0.018529596709848824 -0.0076267403182538347 0.19450157252240929 -0.0042493465314898705 0.039429306274205739 0.12735925186496883 0.040968803360442098 -0.017450138764595589 -0.0067009970414658605 -0.036796032483160747 0.050240676145253529 0.0005270546914765261 -0.016984534278175759 -0.0050922677413318893 -0.024594015739007033 0.054153348930617441 -0.021855459442608638 -0.023715342701327632 0.0060937890700844778 0.095940634569719005 -0.037089419767388727 0.054719847198849626
leaf_weight=6115.5963714490645 9.4039533000905102 0.78810000256635226 1.8707589711993922 0.58713968307711217 0.89352757227607094 0.68469718587584782 0.31036449200473715 0.20617083390243351 50.504067856585607 94.051124128978699 3.3274550281930706 2.2593166178558013 1.0951588419266043 12.932814004831014 0.47020348883233953 1.0873567766975609 0.96989792189560864 0.48177349450997908 12.461962835863234 0.61032566707581304 0.62866408587433442 0.92942571872845436 0.18587230541743338 2.9090844073798507 0.90271792374551185 2.5203514047898352 0.86658735596574843 0.63097425131127238 0.28079673671163619 0.65589468739926715 3.9077455289661884 1.5063894037157295 0.83341405377723277 2.912080724490806 0.39657781412824977 0.48511851951479912 0.37692818138748407 0.28011023416183889 5.192186225671322 0.60142331873066701 0.73271233402192593 0.2938673582393676 0.20612401980906725 3.4089328357949844 10.411224850453435 3.3084607413038611 29.259667781181633 281.28345241118222 36.471278645098209 3.5055722184479228 3.0490747960284343 5.6668521016836166 58.494147997349501 11.777189752086999 23.707739467732608 30.840115735307336 14.723719450645147 8.2003017282113415 73.984955691732466 6.5518236672505719 30.929882388561964 16.962631899863482
leaf_count=77494 1631 68 286 83 88 82 35 30 11527 13659 395 380 106 1623 55 142 104 26 1528 85 72 97 24 429 92 313 116 54 31 82 560 257 123 376 57 60 42 39 657 37 81 31 28 46 99 41 309 3419 413 30 31 75 733 73 251 289 125 78 765 69 226 117
internal_value=0.000644912 -0.0127872 0.0202332 0.0921234 0.151021 0.189254 0.237751 0.280375 -0.0162833 -0.00996179 0.0577755 -0.0124344 -0.0148169 0.00857449 0.0564935 0.123996 0.000848501 0.0195092 0.00985207 0.0448862 0.109421 0.155414 0.213276 -0.0234813 0.0281175 0.0713223 0.146136 0.277092 0.203813 0.109922 0.00430138 0.0548665 0.113083 -0.0275858 0.037094 0.124613 0.155006 0.185166 -0.00382695 0.0317467 0.118418 0.183777 0.13389 0.0010905 -0.00375935 0.0680265 -0.00461777 -0.00540816 0.0115726 0.0316573 -0.00751028 -0.0111044 0.00123202 0.00337674 -0.00383353 0.00687825 0.0210432 0.0374886 0.0137034 0.0554549 -0.0278977 0.0306945
internal_weight=6991.36 223.231 20.7768 4.55266 2.6819 2.09476 1.41006 1.0997 202.454 151.95 4.49248 147.458 143.36 38.5955 4.09767 1.83836 36.8445 23.9117 22.9448 10.4828 3.34483 2.37494 1.44551 104.765 7.19874 4.28966 1.76931 0.816847 0.751 1.75105 7.13798 3.23024 1.72385 97.5659 3.51478 0.966892 1.16503 0.890436 16.2241 6.82019 1.628 0.895291 0.602702 6768.13 652.537 6.71739 645.82 635.408 69.2365 32.7652 566.172 425.981 144.698 140.191 111.451 77.4719 53.7641 39.0404 86.2036 12.2187 33.979 28.7398
internal_count=120274 35591 3041 604 318 235 153 118 32550 21023 505 20518 19910 4840 608 228 4652 3029 2943 1415 351 247 150 15070 950 521 208 78 86 188 1064 504 247 14120 461 86 110 124 2437 806 149 68 85 84683 7189 87 7102 7003 752 339 6251 5061 1642 1190 1000 743 492 367 909 144 257 190
is_linear=0
shrinkage=0.05


Tree=88
num_leaves=63
num_cat=0
split_feature=5 73 71 65 205 68 221 163 132 1 195 130 107 181 136 63 174 166 201 50 214 99 251 14 136 154 55 189 67 224 20 200 201 203 16 198 245 164 201 250 166 242 180 110 224 145 116 80 257 35 249 146 148 182 222 81 169 217 65 130 176 74
split_gain=14.6023 13.7796 11.1823 14.5602 17.8729 18.0044 19.5569 22.2237 9.03036 8.55153 8.39578 10.8605 13.0041 11.9946 11.7917 8.02706 8.02352 16.5019 8.64287 7.32867 8.18284 7.26716 19.5987 12.7769 15.3523 17.8318 12.0816 7.83136 7.22433 7.18885 6.89425 8.26367 7.52351 6.78069 6.73881 8.95955 9.61441 9.68098 13.4983 9.07759 8.06164 9.27561 8.05378 12.5424 12.064 13.4599 10.0105 9.14505 7.73182 7.85076 7.61076 12.1674 8.00922 7.54164 7.93136 7.53789 7.44664 9.85342 16.8323 9.0825 7.40322 8.57535
threshold=59.550000000000004 0.086576317383404003 8.2344714506172867 261.50000000000006 0.34879906062509924 0.067366699739095301 0.071992238610450454 -0.58319547868671651 0.60560485531746699 15.500000000000002 -1.0919173926348302 1.0561084534628236 250.50000000000003 0.26771832330897544 0.88767581773548421 0.067108032164348311 -1.7247581331897883 -0.82958803685257421 -0.066065872571825432 -20.999999999999996 -0.38629995344913576 0.04444157566065797 0.7124964294310282 9.5000000000000018 1.1597832380825934 -0.12203097536707427 1.0000000180025095e-35 1.9973733114262398 0.21466973886328727 2.4872829736966073 9.1666666666666696 -0.15640240340870584 -0.33108882005950141 -0.65939879940360024 5.5000000000000009 -0.45867053939029612 1.8843358339694916 -0.35772538410839538 -0.14261423051976643 3.2965312043070019 3.2002135102467864 0.78853252842619004 -0.43855340345782262 0.12909946236559142 -1.4366158510416662 -0.5205843696897543 2.7750000000000008 2.007352941176471 1.2167673728914399 6.5000000000000009 -1.3014946211706329 1.0352061505279824 0.5004479200906653 -0.84165046200093807 0.080552954504337818 -1.7792992459556849 0.22163374762892665 1.5132808995772347 369.50000000000006 -0.0742627543824846 1.0334911592433595 0.38565439142461971
decision_type=2 2 2 2 2 2 2 2 2 2 2 2 2 2 2 2 2 2 2 2 2 2 2 2 2 2 2 2 2 2 2 2 2 2 2 2 2 2 2 2 2 2 2 2 2 2 2 2 2 2 2 2 2 2 2 2 2 2 2 2 2 2
left_child=19 10 3 4 30 6 7 -6 -9 -5 11 28 -13 14 -14 -16 17 18 -12 20 -1 29 27 -24 25 -25 33 -23 -2 -18 -3 -32 -33 -27 40 55 39 53 -39 42 60 48 46 44 45 -44 50 -46 49 -42 51 -37 56 54 -38 -36 57 -52 -59 -58 -21 -62
right_child=1 2 -4 9 5 -7 -8 8 -10 -11 16 12 13 -15 15 -17 21 -19 -20 34 -22 22 23 24 -26 26 -28 -29 -30 -31 31 32 -34 -35 35 36 37 38 -40 -41 41 -43 43 -45 47 -47 -48 -49 -50 -51 52 -53 -54 -55 -56 -57 59 58 -60 -61 61 -63
leaf_value=0.094033430851291316 -0.02033581480084834 -0.018065115626913666 -0.042224713777715736 -0.014435052527738912 -0.013986494304635206 0.010417537233616457 -0.01726608285404516 0.35114561477080469 0.018341804401796793 0.093750317644089129 0.21711264549965079 -0.028031820237968449 -0.012935966007017963 -0.018717089599997922 -0.0057578862088344075 0.25958480987771271 -0.027550670576844967 -0.023159544186662839 -0.010798656167083601 0.0018652857034041953 -0.0019207499821862904 -0.03285473553348129 -0.002495366454183863 -0.013906357273227261 -0.018591039141252742 0.021926328402666843 -0.0057474963766194591 0.093752895186450039 0.087010160344502152 0.086917340881598068 -0.024323184281146069 0 0.17982345642500547 0.38446145154183764 0.035268453906567736 0.11031729263011431 0.098886664573535565 0.012205002688220256 0.12244298616987236 0.074263942059025007 -0.01026254190427898 -0.020798124073521995 0.14683445853864868 -0.045289775515705066 0.0066674252001765119 -0.0091567915835246271 0.089136220209207959 -0.015838314632918002 0.12237132019379995 0.077630139945159743 -0.0028360377815971134 -0.022390576253799966 -0.033158291665791532 -0.039373812428644336 -0.02199676197702656 -0.019137149230591108 0.1111864063425565 0.14230381337820755 -0.016880432213474527 -0.018414281353298503 -0.0071286534641728768 0.0071673603572463759
leaf_weight=3.476158119738102 12.450484071392566 5.3323179383296537 5.8539776818361124 15.756108564557509 0.51982236048206742 2.2008885350078344 0.66976058832369734 1.2260160148143757 0.387286444194615 1.0480361322406668 0.47689996333792806 1.4738784735091019 0.47445880016312036 0.74684717296622682 0.23910962347872544 1.0689891402143983 143.61309872264974 2.856924236752092 0.3982459646649662 5693.4731609825976 4.1371270660310975 13.465031680418178 2.1350922831334165 0.51504253130406152 0.74087079777382303 0.31808978854678582 0.24025731277652085 0.35519375838339406 0.77225815574638623 0.41880759480409224 1.1218961114063861 0.92793925455771387 0.71254792809486367 0.36875490448437631 5.7640612423419944 3.1052666697651139 1.7805453613400462 6.7218400053679943 4.2180703962221724 2.7693096427246919 5.2324568433687073 4.4900664547458282 1.7324389955028889 20.597930770833045 72.945047117769718 2.4662560625001779 2.7070077722892156 114.5937256901525 2.602741837501525 3.4701458038762212 60.963429709430784 2.3996343319304287 13.315730661153792 5.6561006996780652 1.9737580353394149 118.22692872164771 2.5680262930691242 2.2472513848915687 2.9177392898127437 1.6832889402285207 470.44418492075056 133.72208708990365
leaf_count=44 1994 653 1255 1998 65 241 88 103 51 128 40 239 44 110 27 83 25298 403 64 69968 62 1725 232 52 110 31 30 44 77 38 164 102 73 29 27 51 18 80 48 44 70 65 41 297 472 63 57 2646 36 56 1024 59 211 60 25 2348 36 35 52 31 5610 1047
internal_value=0.000623931 -0.0120552 0.0159377 0.0284838 0.0659713 0.131644 0.197748 0.250818 0.310757 -0.00252027 -0.017605 0.0147868 0.0777143 0.131233 0.180003 0.227435 -0.0210667 0.0435813 0.160283 0.00103618 0.0471413 -0.0228431 0.00645605 0.0887063 0.152237 0.213721 0.284368 -0.023157 -0.00803798 -0.0265863 0.0148147 0.0675449 0.117683 0.33206 0.000976593 -0.00491647 -0.000550848 0.0318792 0.061823 -0.00281323 0.0013994 0.0360066 -0.00377219 -0.00912402 -0.00499804 0.0701092 0.00850356 -0.00706903 0.0588305 0.028658 0.00504005 0.0571511 0.000919205 -0.00504594 0.0430233 -0.016306 0.00781087 0.0031318 0.0634167 0.0651847 0.0013061 -0.00394959
internal_weight=6991.29 218.885 35.7566 29.9026 13.0985 5.00377 2.80289 2.13312 1.6133 16.8041 183.128 17.226 4.00328 2.5294 1.78256 1.3081 165.902 3.73207 0.875146 6772.4 7.61329 162.17 18.1383 4.31811 2.18302 1.44214 0.927102 13.8202 13.2227 144.032 8.0947 2.76238 1.64049 0.686845 6764.79 451.353 327.362 20.3503 10.9399 307.012 6313.43 15.7954 304.243 212.335 191.737 4.1987 91.9074 187.539 11.3053 8.7026 89.2004 5.5049 83.6955 9.4104 3.7543 123.991 70.3797 66.1284 5.16499 4.25132 6297.64 604.166
internal_count=120274 35591 4921 3666 1540 548 307 219 154 2126 30670 2574 503 264 154 110 28096 507 104 84683 106 27589 2253 484 252 142 90 1769 2071 25336 992 339 175 60 84577 7725 5350 231 128 5119 76852 227 5075 3519 3222 104 1556 3118 162 126 1499 110 1389 103 43 2375 1178 1111 87 67 76625 6657
is_linear=0
shrinkage=0.05


Tree=89
num_leaves=63
num_cat=0
split_feature=209 231 227 49 135 201 107 174 62 36 239 239 195 13 222 146 101 231 222 159 200 252 25 20 149 77 215 134 173 258 183 157 239 182 166 215 212 244 160 200 156 63 205 250 254 257 161 7 181 66 151 192 75 97 194 231 250 226 39 160 213 64
split_gain=13.2501 9.56246 14.2509 25.4452 13.1539 9.12768 7.3778 11.2736 16.4962 11.3578 10.702 12.2802 12.4391 12.3403 11.183 10.4074 10.3538 10.1789 12.4245 12.9911 12.7442 17.3589 14.2628 12.7379 13.0377 13.6846 13.4256 12.9791 19.402 12.8145 13.1688 16.474 13.3883 11.666 12.5548 12.9113 14.0464 13.0299 13.1815 11.6174 11.2652 11.0908 10.6233 13.7854 10.3072 10.1459 14.7815 12.6876 12.0686 12.6534 14.5631 12.0608 11.0493 13.16 14.5538 22.6844 13.1032 12.8692 12.8011 11.5786 11.0991 10.9319
threshold=1.2852484389986383 -1.1409114679114314 -0.69608062306960516 6.5092592592592604 1.7458580057435886 0.59302712824521542 702.50000000000011 -1.0375390378362879 7.365492639385999 139.50000000000003 -0.55588685622649492 -0.28247968026810455 0.66412139181873731 11.500000000000002 0.85064603176972831 1.0562950675314002 0.11018678657903841 1.316907484322247 -1.2258783869614513 -0.29590170712868125 0.038972738509692177 0.66799153729977412 0.55042971734148216 11.833333333333334 -0.52622324674647392 0.2004098360655738 0.64300491979412588 -0.21379858902823859 -1.0000000180025095e-35 -0.65972893825026657 -0.87578833202377993 0.2529800138041709 -0.38707908565363741 -0.84165046200093807 1.796742480438986 0.85996898380720277 0.6358730814680652 1.8163607587263579 1.1605080866171302 -0.028109216910417102 -0.25825458298243631 0.076608324670046926 0.8554182493339535 0.61333970382179548 -0.28498178396436569 0.79529718174194441 -1.1664155593128152 6.5000000000000009 -1.1284576335868814 1.0000000180025095e-35 -1.4955212709789085 0.63887192663991188 13.500000000000002 0.14017543859649126 -1.6788319802892822 -0.31567263476521429 -0.74830280985044151 -0.80461443749799 0.21825396825396828 1.1605080866171302 -0.81875775182041455 6.7243208692873138
decision_type=2 2 2 2 2 2 2 2 2 2 2 2 2 2 2 2 2 2 2 2 2 2 2 2 2 2 2 2 2 2 2 2 2 2 2 2 2 2 2 2 2 2 2 2 2 2 2 2 2 2 2 2 2 2 2 2 2 2 2 2 2 2
left_child=6 2 3 4 -2 -6 7 8 9 10 14 -12 13 -13 16 -10 -1 18 19 33 21 22 -21 29 25 -25 27 -27 -29 30 31 -20 -32 -8 35 36 37 38 41 -19 -23 -35 43 -30 -24 47 -47 -9 -48 50 -50 52 60 54 55 -54 58 -55 -56 -58 -51 -62
right_child=1 -3 -4 -5 5 -7 17 45 15 -11 11 12 -14 -15 -16 -17 -18 39 23 20 -22 40 44 24 -26 26 -28 28 42 -31 32 -33 -34 34 -36 -37 -38 -39 -40 -41 -42 -43 -44 -45 -46 46 48 -49 49 51 -52 -53 53 57 56 -57 59 -59 -60 -61 61 -63
leaf_value=-0.0061236959938222382 -0.0096006816777590345 -0.028159031314973972 -0.018669767146822638 -0.028089607890313385 0.33285410024326323 -0.0033734959959828242 -0.010650798580013037 -0.0011580086367133065 0.0057641211107576128 -0.03054428662085075 -0.034861433461846988 -0.0035677139128112629 -0.0064690851703771597 0.066838127406939757 0.012160713543870398 -0.026382009461927119 0.11222574690452412 -0.023252890750643924 0.14104662176540225 -0.034506999851089584 -0.018598292608943388 0 -0.0038817224364172628 -0.0073689565881153718 -0.0062122431397866867 0.0098445115351574134 -0.029722313149408583 0.0074926857027187935 0.25059876258502717 0.0056155752349406236 -0.01693887219483289 -0.01720309012206828 0.00018080536551028559 0.17389803353818684 -0.030138841359835446 -0.0088227302388449187 0.014122243673718619 -0.00043955570262149338 -0.011383869464703324 0.0026692435061627506 0.15294888897716274 0.061939637676929393 0.0026704923951499171 0.019558471182871524 0.089694416765889309 -0.017288769339271912 -0.01201190293400667 -0.0099251192100001089 -0.039771372992515069 0.040008387826823581 0.037474176014523131 0.013932918962611519 -0.013129445578186275 0.063109143737860002 0.10500882104801817 0.17478393570519213 0.006222097643121499 -0.00049780606395517953 -0.033584737957809994 0.085762002601958306 0.015985059923725935 -0.016879422677818733
leaf_weight=2.0043802107684341 0.35361393843777511 59.676478869281709 5.4568460665177545 1.4788005477748809 0.42061398481018841 0.17825794010423124 7.4306632950901976 2556.9122897121124 233.03689728607424 6.6171724605374029 7.2945094443857661 8.0944070331752318 14.37672342173755 22.984550842549652 7.043707165401428 27.191911332309246 10.050034906249492 74.732773548690602 2.5361157448496661 9.5030636733863556 26.104261950124055 1.771699453005567 5.2464006973896202 4.632574310526258 10.423558935988693 2.7328851723577845 1.5248817403335113 2.1919353317935037 3.392440132796759 1360.6620852462947 142.79209688841365 2.6210819890256971 552.17689051083289 7.7765509069431697 3.0574025562964371 4.3453628970310083 6.2935828142799428 2.4578470150008789 1.4627645411528636 99.581125078257173 3.0301168304868034 5.3770405636169016 0.77076266682706762 1.0247759828343985 5.223523593274872 83.380020830547437 100.40279183723032 491.65891971811652 6.0223046988248816 10.009798885788767 51.236992634367198 255.38327359617688 2.5370709907729179 7.1213160634506485 6.0395977736916384 2.6809134164359412 92.156290635466576 376.36429216130637 1.5900505678728221 3.8479132575448594 29.160997548839077 156.79584908206016
leaf_count=26 45 12540 1042 319 32 38 104 23574 2980 81 77 85 144 250 66 497 125 1857 42 316 766 55 325 275 468 102 89 76 103 19184 2073 28 7481 103 51 70 94 20 32 1561 77 64 41 38 319 808 1311 25882 39 134 796 3762 41 101 121 59 1683 4911 22 98 406 2365
internal_value=0.00060668 -0.0212629 0.0276448 0.108198 0.228369 0.290131 0.000823881 -0.000345677 0.00841674 0.0283628 0.0342015 0.0217116 0.0314528 0.0488057 0.0656538 0.00229782 0.0932022 0.00309975 0.0040333 0.022227 0.0053353 0.0304904 0.00770226 0.00324424 0.0369475 0.063646 0.0906566 0.110299 0.141289 0.00278754 -0.00270165 0.0700746 -0.0033488 0.043887 0.0571352 0.067652 0.0818565 0.104384 0.121231 -0.00848495 0.10675 0.136094 0.186664 0.211426 0.0461179 -0.00104974 0.00287324 -0.00257636 0.00441848 0.00608191 0.0287208 0.00467404 0.0012162 0.00521799 0.0204781 0.0951956 0.0157944 0.000831436 0.0750012 0.0103129 -0.00878775 -0.0116411
internal_weight=6990.44 67.5646 7.88813 2.43129 0.952486 0.598872 6922.87 4571.99 338.694 78.4655 71.8483 52.7502 45.4557 31.079 19.0981 260.229 12.0544 2350.88 2176.56 89.0803 50.8791 24.7748 19.973 2087.48 26.6938 16.2703 11.6377 10.1128 7.37991 2060.79 700.126 5.1572 694.969 38.2012 30.7706 27.7131 23.3678 17.0742 14.6164 174.314 4.80182 13.1536 5.18798 4.41722 10.4699 4233.3 1184.73 3048.57 1101.35 1000.95 57.2593 943.687 688.304 492.337 108.852 5.21798 103.634 383.486 7.62965 96.0042 195.967 185.957
internal_count=120274 14016 1476 434 115 70 106258 70444 4331 854 773 556 479 335 217 3477 151 35814 32396 2396 1858 1092 960 30000 1192 724 449 360 258 28808 9624 70 9554 538 434 383 313 219 199 3418 132 167 182 141 644 66113 16657 49456 15849 14538 835 13703 9941 7036 2024 100 1924 5012 143 1781 2905 2771
is_linear=0
shrinkage=0.05


Tree=90
num_leaves=63
num_cat=0
split_feature=80 3 71 80 63 251 76 107 197 222 224 168 221 98 160 32 131 83 206 219 212 114 214 251 121 214 6 199 172 199 204 125 248 69 80 249 258 6 63 75 223 175 132 246 71 162 98 71 237 203 124 136 62 203 239 250 200 124 204 69 206 4
split_gain=11.0587 10.1986 12.4061 11.702 18.9297 14.304 11.4732 10.9696 10.905 13.4893 11.1222 14.0683 10.9267 11.0755 10.1091 13.1841 11.9232 15.0772 10.4334 10.4954 10.1714 12.4844 10.2047 11.4915 14.0196 11.3122 10.6542 9.99808 9.87886 11.2476 10.2133 9.81034 13.4037 12.1496 13.0372 15.1651 10.8983 10.6925 14.6536 13.7238 12.7856 13.8028 12.2362 14.7922 10.3277 11.6288 9.75179 9.68229 9.32063 10.8145 10.123 9.28502 10.4918 9.77323 9.11565 13.7093 12.6594 12.3591 11.8241 14.9725 12.6623 11.2193
threshold=106.78604118993137 449.00000000000006 8.2501719394773065 79.405882352941191 0.067003528219951883 0.25875319665630708 0.10817776539426026 536.50000000000011 1.441893735454437 -0.51376317935134674 0.98352776596166536 0.55424963871965471 0.071992238610450454 0.0074537037037037046 -0.20519934657292141 36.45000000000001 -0.25493091481415658 0.075000000000000025 -1.2858544741925113 -0.19222597386861154 0.15203213131581558 0.77500000000000013 -0.071560187509564346 -0.11576595836015544 7.5000000000000009 0.053907450320998987 0.97438160901886006 -0.58959619856819001 -0.69903771663786862 -1.4678653543810738 -0.31002269743014887 1.0000000180025095e-35 1.129932463160187 7.5965563241106731 16.336879432624119 1.0979935670673362 -0.54641626162994406 2.4379801953848275 0.076364001493902309 7.5000000000000009 -0.34165111340293325 0.80183637421906406 0.56678149117738397 0.95891270308544385 6.7501783166904437 0.2055528346930969 0.029770849998431523 8.0432997053834487 1.0394170235878404 -0.72428498641954786 0.31975000000000003 -0.97521994411134216 7.3845147018512565 -0.42785085072896634 -0.039400612999407579 3.4328984008602519 -0.36472638289994036 0.9517500000000001 -0.046885348171681503 7.1765028379772966 -0.15734827023248862 -6.4999999999999991
decision_type=2 2 2 2 2 2 2 2 2 2 2 2 2 2 2 2 2 2 2 2 2 2 2 2 2 2 2 2 2 2 2 2 2 2 2 2 2 2 2 2 2 2 2 2 2 2 2 2 2 2 2 2 2 2 2 2 2 2 2 2 2 2
left_child=1 2 8 54 5 7 -6 46 12 28 -11 -12 13 27 15 18 17 -17 19 -15 22 -22 26 -24 25 -25 -16 -1 -10 -30 -31 32 -28 34 -34 36 -36 48 44 -40 -41 42 43 -42 45 -39 -5 -46 51 -50 -51 -33 53 -53 55 57 61 -3 -57 60 -60 -56
right_child=-2 3 -4 4 6 -7 -8 -9 9 10 11 -13 -14 14 20 16 -18 -19 -20 -21 21 -23 23 24 -26 -27 31 -29 29 30 -32 37 33 -35 35 -37 -38 38 39 40 41 -43 -44 -45 47 -47 -48 -49 49 50 -52 52 -54 -55 56 58 -58 -59 59 -61 -62 -63
leaf_value=0.083521861877155004 -0.037249575201076211 -0.00266306134009052 -0.018657546478055193 -0.0044771781740413847 -0.017797744640936031 -0.01590714421978667 0.10411368769917409 -0.0080304719276868049 -0.0020125907074304071 -0.0036883664359338673 0.0087925839901207715 0.085534492677586421 -0.010620374141152399 0.093516513117051919 -0.019646207590347319 -0.036535595119006468 -0.0094884464984514669 0.10877046472014162 -0.017903107193640602 -0.035223999497988746 -0.021103794749953386 0.069553055716470968 -0.0038242642991236221 0.15884037401153117 0 0.025478038029976197 -0.014354403840746974 0.005874074794899555 -0.0012636687546683971 -0.0053685555993315875 0.14419658884418035 0.010965276228493184 0.024727194258380145 -0.028571068280306207 -0.0097798312290812012 -0.0028113510480735539 0.25046435121701871 0.0068345419728651248 -0.022871765758296553 0 0.19028781338212689 -0.025254287016571831 0.0035658091192848971 -0.0014442792032049775 -0.030749707189470676 0.12752557619972843 0.31779022537883272 0.071213722410199215 0.095032236755743529 0.0018689589871596904 0.063388914791144821 0.076050058443776158 -0.028123248237577919 -0.0069379551902304746 0.03661428463110749 -0.010592415502819664 0.0013031288098062906 0.0060804558572080765 -0.013920115374042367 0.0061716806996170567 0.12977651887188166 0.0078087889262054956
leaf_weight=6.39752916293219 18.778589746216312 2466.0322927457746 126.24095458770171 0.20725597767159232 6.8750461575109494 0.60972307738848019 1.5600525599438695 0.30909456196241081 4.579847222659736 81.32952133892104 20.397720240056518 7.7204164101276538 379.13915919885039 3.2755247198510915 41.627773463726044 1.8127149459905911 8.5054984097368997 5.6783500094898045 156.6687957639806 1.7738245893269766 60.112393221817911 3.0610949257388702 8.6825085275340843 3.8546419406775367 4.6082430148962885 3.185450671473518 85.646878245985135 10.157703354954718 2.6159281162545076 1.2426817312370975 5.0443964670412242 102.12527865916491 11.648677799850704 5.5302393042948088 0.36164909973740567 1.2057414026930926 1.1364939499180757 5.6055230593774494 2.6066550510004154 2.8694472976494572 5.9444133501965535 1.1056271237321187 1.5380917312577365 1.0985640217550097 13.063929065130649 2.3008415503427386 0.61686330894008279 1.7981503449846048 4.509332623332738 25.884377736598253 8.1335171833634359 4.2577698305249205 38.516689606010914 10.189444076269863 35.284770889440551 8.5349020282737929 2129.9244960611686 482.14492672099732 1.6145704037044186 7.5234638508409253 6.6619626875035456 546.63039476401173
leaf_count=75 6798 44421 5373 60 2008 178 369 94 79 1034 199 62 6421 58 186 25 121 69 2395 28 1623 32 199 77 90 65 4143 222 50 42 77 716 224 237 39 113 86 130 67 92 126 33 34 26 370 52 144 47 39 226 44 41 429 107 868 185 25368 2351 27 84 63 11321
internal_value=8.3579e-05 0.000190066 -0.00383121 0.00109873 0.0522165 0.166719 0.0128646 0.228719 -0.00219666 0.011814 0.00570747 0.0322492 -0.00387437 2.4293e-05 -0.00104135 -0.0111473 0.0307974 0.0728581 -0.0154908 0.0491172 0.00284916 -0.0156177 0.00581698 0.0395015 0.0699403 0.109794 0.00389618 0.0392132 0.0572223 0.0853248 0.117268 0.00686788 -0.00569772 0.030254 0.0536304 0.136505 0.206873 0.0126161 0.0365875 0.0731002 0.0936103 0.118772 0.13855 0.163299 0.0100088 0.0528933 0.275979 -0.0143862 0.00773036 0.029417 0.018111 0.00215698 -0.014623 0.0205359 0.000997155 -0.000913924 0.00309334 -0.00122987 0.0357039 0.0601519 0.102727 0.00962382
internal_weight=6998.1 6979.32 1284.79 5694.53 10.178 1.74294 8.4351 1.13321 1158.55 122.931 109.448 28.1181 1035.62 656.479 639.924 177.715 15.9966 7.49106 161.718 5.04935 462.209 63.1735 399.036 20.3308 11.6483 7.04009 378.705 16.5552 13.4829 8.90301 6.28708 337.077 105.53 19.8828 14.3526 2.70388 1.49814 231.548 37.9312 15.1628 12.5561 9.6867 8.58107 7.04298 22.7684 7.90636 0.824119 14.8621 193.616 38.5272 34.0179 155.089 52.9639 14.4472 5684.35 2972.51 2711.84 2948.18 24.3349 15.8 8.27653 581.915
internal_count=120362 113564 26023 87541 2853 476 2377 298 20650 1543 1295 261 19107 12686 12389 2696 215 94 2481 86 9693 1655 8038 431 232 142 7607 297 248 169 119 7421 4842 699 462 238 125 2579 977 378 311 219 186 152 599 182 204 417 1602 309 270 1293 577 148 84688 47131 37557 46772 359 174 90 12189
is_linear=0
shrinkage=0.05


Tree=91
num_leaves=63
num_cat=0
split_feature=249 239 182 159 217 0 63 72 241 176 172 54 238 162 174 68 93 253 29 120 192 155 110 178 100 74 182 36 110 157 132 79 131 138 162 121 221 132 230 3 62 111 125 190 210 199 190 30 98 179 3 134 241 226 253 212 67 212 72 111 154 216
split_gain=10.4513 19.3047 13.1464 11.8868 11.3881 11.614 13.3093 11.9479 11.9278 10.0555 11.7642 10.7127 9.95648 9.55485 14.6206 12.3067 12.1413 13.9702 13.5668 14.9036 13.522 10.8605 9.52346 14.0206 12.6244 9.97954 9.96618 12.4543 13.2201 13.2027 10.9363 13.3916 12.4516 10.0972 10.8628 10.4878 14.2238 9.95598 12.2531 9.49507 10.0427 12.8365 10.9939 10.0836 10.0042 12.448 9.74246 9.46114 9.45374 14.6461 10.0036 9.83566 9.43591 11.0513 9.30477 9.22703 9.90143 13.5444 12.431 10.4444 11.3584 9.1952
threshold=-1.0000000180025095e-35 0.3899458921134456 1.4422645286099247 -1.2858487963622973 -0.27230567001251943 4.5000000000000009 0.068131154317840475 81.500000000000014 -0.23832624115522044 1.6592540833830498 -1.1370453746945792 9.5000000000000018 0.41890011705276792 -0.019408948855784036 -1.7247581331897883 0.085913072939354351 -17.252730510633938 0.80810145868659966 0.56841566929802234 -0.57888888888888868 -0.7625639088403845 -2.096627023412053 0.070709275205128555 -0.74260895342981048 2.0156250000000004 0.55528973950026594 -0.90369611411506368 16.500000000000004 0.030940108001963677 1.1520811722873237 -0.52779032995983288 4.5000000000000009 1.1436686362089215 -1.3703143220002494 1.3460022585498077 1.0000000180025095e-35 0.33176541301495854 -1.095445115010333 -0.67494069988554639 439.00000000000006 7.8330223796442899 8.4553127936635804 0.0017500000000000003 -0.35935849681056459 -0.91131979536569563 -1.7444665587675876 0.43417308553455813 87.750000000000014 0.10650173900173902 -1.2436165277437332 465.00000000000006 -0.41396943335042408 -0.41883687740821807 -0.40567774707984344 0.43979627419516581 0.43370747137297599 0.026359214868855309 -0.58683754909834496 60.500000000000007 8.2148770127432602 -1.103683139684803 0.85996898380720277
decision_type=2 2 2 2 2 2 2 2 2 2 2 2 2 2 2 2 2 2 2 2 2 2 2 2 2 2 2 2 2 2 2 2 2 2 2 2 2 2 2 2 2 2 2 2 2 2 2 2 2 2 2 2 2 2 2 2 2 2 2 2 2 2
left_child=1 3 -3 55 5 7 -7 8 12 13 -11 -12 -4 14 48 16 17 47 19 -19 -21 -17 24 -24 25 26 27 28 -15 -30 32 52 -29 -28 35 36 37 -35 -39 40 41 43 -43 -5 45 -41 -42 -16 50 -50 51 -2 -32 -54 -55 56 57 -1 -59 -58 -61 -36
right_child=9 2 4 39 -6 6 -8 -9 -10 10 11 -13 -14 22 15 21 -18 18 -20 20 -22 -23 23 -25 -26 -27 33 30 29 -31 31 -33 -34 34 61 -37 -38 38 -40 44 46 42 -44 -45 -46 -47 -48 -49 49 -51 -52 -53 53 54 -56 -57 59 58 -60 60 -62 -63
leaf_value=-0.010428632957234344 0.055435682840776393 0.0025296268408364873 0.023171059294603263 0.027420075129686385 -0.0011401396304884332 0.069804184617130685 -0.011979279384750935 0.0082005210748212869 0.045514011283027261 0.058682581204141049 -0.019783505203561896 0.060844755645365949 0.20074121360880423 -0.036813592219539469 0.061884833897512197 0.060776461877873111 -0.0070176828233664314 0.0064614298491131291 -0.021691144457685357 0 0.1554978683974855 0.0020716198879310015 0.022928684069038766 0.00025930135390111911 -0.027646474767828701 -0.012794314700477602 0.053023678647131305 -0.031476082899789364 0.12197374145891925 -0.0033996031189021548 0.010067379097752752 -0.0049072577459930641 0.052015330497235279 -0.03165199808745197 0.019196180992886919 0.0044928176723991143 -0.03616383885909543 0.13184206962684161 0.037663719821096057 0.060115471985466844 -0.041437453302336495 -0.026475896544695562 0.13200047992390229 -0.016812416933716788 -0.004061494228558336 -0.025387449487459825 0.027982353663146626 -0.017210955489644686 0.10395745298586606 -0.029797433071961373 0.043611325241827585 -0.011365816511108927 0.014348479974564572 0.13283170294466667 0.048549813057940601 -0.013348415218255137 0.010566490181908151 0.12398371571039796 0 -0.030913326374899033 0.047774902710143508 0.074321421051081207
leaf_weight=5.7070229635573915 6.2331092879176166 765.42673071962781 1.4252983999904234 13.483285594964398 21.956929681589827 6.6547071603126851 13.34725423553027 5.0905364453792563 6.2786017265170804 4.4509238589089355 102.58740001125261 3.3086560987867406 3.0279407296329737 1.7635908101219673 3.5887774471193579 6.9560056589543811 824.15158459520899 4.642266490496695 3.7342114604543886 1.859562136698514 5.412989253876729 920.47386739193462 71.555221708491445 1147.1836768314242 22.53585026296787 46.518355808686465 11.732039611786602 16.931978657608855 7.7441957322880608 2.5927888825535774 12.560870211571453 17.961466560140252 4.9486757738050065 3.2393620212096712 42.647073860047385 607.28404434444383 5.8575622735079369 3.4093259028159109 26.978075885912403 3.5147270858287802 49.76652509928681 1.2263758003246032 1.9110152912326155 116.74314799392596 1522.4160416927189 84.882628114894032 4.8307535867206743 20.359020001022145 1.3449826072901512 15.230626820120959 40.134623162448406 22.035921114264056 8.3175240010023099 6.3380080647766652 10.017449595034121 57.544346898561344 194.41830889927223 5.4454261008650047 3.0213353047147393 29.086631396319717 4.4495741412974885 8.7200910546816868
leaf_count=57 63 14625 22 355 372 104 212 79 91 46 1043 32 48 33 71 38 11684 59 158 15 61 10164 2110 15908 396 341 92 295 130 22 88 689 69 69 1025 9536 99 43 386 18 2329 82 24 4364 38103 557 141 441 12 201 311 203 65 43 66 495 1583 57 31 244 44 218
internal_value=8.87633e-05 -0.00219209 0.00429025 -0.00473829 0.0270882 0.0440865 0.0170204 0.0749593 0.102801 0.0017261 -0.0130878 -0.0166719 0.159496 0.00214304 -0.000443888 -0.00141252 -0.00570566 0.0209792 0.0561789 0.080761 0.12107 0.0025823 0.0044703 0.00161208 0.00847076 0.00947078 0.0107876 0.0264968 0.0719518 0.0925597 0.0184663 0.0301944 -0.0109265 0.00877265 0.00794709 0.00615316 0.0308246 0.0433453 0.0522532 -0.00627515 -0.0168954 -0.00931876 0.0774184 -0.0120206 -0.00502309 -0.0212975 -0.0348124 -0.00315192 0.0196935 -0.0133624 0.0278528 0.00458335 0.0469435 0.0643987 0.0872703 0.00446028 0.00875076 0.0479377 0.0847536 0.00609361 -0.0192472 0.0298903
internal_weight=6995 2921.66 823.208 2098.45 57.7813 35.8243 20.002 15.8224 10.7318 4073.34 110.347 105.896 4.45324 3962.99 1876.16 1791.18 863.748 39.5968 15.649 11.9148 7.27255 927.43 2086.84 1218.74 868.098 845.562 799.044 89.1765 12.1006 10.337 77.076 55.1953 21.8807 709.868 698.136 646.768 39.4843 33.6268 30.3874 1798.77 187.961 133.364 3.13739 130.226 1610.81 88.3974 54.5973 23.9478 84.9793 16.5756 68.4037 28.269 37.2339 24.673 16.3555 299.673 242.128 14.1738 8.46676 227.955 33.5362 51.3672
internal_count=120362 64037 15553 48484 928 556 316 240 161 56325 1121 1075 70 55204 23481 22691 12489 805 293 135 76 10202 31723 18018 13705 13309 12968 1500 185 152 1315 951 364 11468 11376 10133 597 498 429 45973 7295 4825 106 4719 38678 575 2470 512 790 213 577 266 262 174 109 2511 2016 145 88 1871 288 1243
is_linear=0
shrinkage=0.05


Tree=92
num_leaves=63
num_cat=0
split_feature=80 71 3 80 63 251 21 28 252 241 145 29 199 64 68 94 243 76 258 192 205 29 240 202 101 258 153 200 214 169 205 257 224 198 27 170 169 121 97 153 145 180 98 174 24 212 137 146 97 109 251 98 218 158 174 64 249 92 258 110 199 91
split_gain=10.352 8.88486 8.19763 12.0293 17.4065 12.6394 11.8095 16.6925 15.6186 13.1277 12.0237 16.8063 14.1283 11.6505 10.9109 9.96221 9.88015 9.81814 9.12535 11.0065 8.78553 13.1745 8.88649 11.29 13.0055 17.8135 15.3778 12.3924 12.4769 11.7462 11.4119 15.8995 11.3911 11.857 11.9325 11.2691 11.1209 10.3964 10.5997 10.3202 10.2751 11.7755 12.2962 10.3406 12.6739 15.3096 11.155 10.6611 13.8266 13.0011 13.9293 13.0309 12.7241 11.814 11.0554 11.0041 10.3877 14.8889 13.5009 13.7047 11.3497 15.3399
threshold=106.78604118993137 10.795439823811376 449.00000000000006 79.405882352941191 0.067003528219951883 0.25875319665630708 0.53869508329647664 8.2678571428571441 -0.47182276723179156 0.20042767660517466 1.2167673728914399 0.4193024227234754 -0.67053688229249109 7.849356329427299 0.11615703312618014 8.939581154597418 -0.74888736517767007 0.10817776539426026 0.97003557617970226 0.37421350464965691 -2.0073160482887213 0.18685832088018622 -0.52488134077207338 -0.26742938994224352 0.12182180564533507 0.49314108563992226 -0.74095170775800623 -0.750755530801274 0.37947650664717331 -0.97076811525309503 0.20771642476407545 -1.1725554802410738 -0.045095666770658439 0.38757690136447737 0.43650793650793657 -0.29002590047077309 -0.44153195909705817 4.5000000000000009 0.45049019607843144 0.4651302547095319 1.0339469490010882 -1.5248071464306558 0.066667987809292187 0.45779285467301839 5.2250000000000005 0.58812625018032383 -0.1386542238494918 0.068138463213262737 0.34514106583072107 0.062522465851905115 -0.48354881470261346 0.060719587465911003 -0.30204844576342216 -0.63850783174815906 1.0978875820671006 6.8916948783733867 0.775217091182553 -18.342153957635158 -0.97003557617970204 0.074084710787755026 -2.0453699611674478 1.1418323728907012
decision_type=2 2 2 2 2 2 2 2 2 2 2 2 2 2 2 2 2 2 2 2 2 2 2 2 2 2 2 2 2 2 2 2 2 2 2 2 2 2 2 2 2 2 2 2 2 2 2 2 2 2 2 2 2 2 2 2 2 2 2 2 2 2
left_child=1 2 6 20 5 16 7 10 -9 14 -1 18 13 -13 -10 -11 -5 -6 -12 -20 21 -4 23 24 26 39 -22 -27 36 35 31 -28 33 34 -33 -25 -29 -36 -39 -26 43 42 -42 56 45 46 -45 48 53 50 -50 -51 55 -46 -54 -53 60 -58 59 -59 61 -24
right_child=-2 -3 3 4 17 -7 -8 8 9 15 11 12 -14 -15 -16 -17 -18 -19 19 -21 22 -23 40 29 25 27 30 28 -30 -31 -32 32 -34 -35 37 -37 -38 38 -40 -41 41 -43 -44 44 47 -47 -48 -49 49 51 -52 52 54 -55 -56 -57 57 58 -60 -61 -62 -63
leaf_value=-0.003945858179754509 -0.036735036946144189 -0.0282400167284521 0.043353358656859735 -0.0080305348977558148 -0.01628286212792995 -0.015294627993392011 -0.015577652444715909 -0.014572661370973506 -0.0083553156386159191 0.042696187968708429 -0.013758362962388549 0.1157447118027833 0.018165094987232989 0.00642943825356042 0.098821019715450084 0.19138533878420783 0.25868770563060867 0.094541377145310967 -0.001602691030169273 0.092550574986778752 -0.021136175807618968 -0.023599408822790567 -0.03855231997650295 0.09981445763849521 0.034374726136805166 -0.020290400835180612 0.092254994101455864 -0.0072015298012332966 0 0.00071628197874744077 0.022843050718572906 0.0089350488958952184 -0.0057039394173145509 -0.0094427448807540299 0.021721024843319652 0.0029410908540020305 0.14032493943690283 0.12750483122497275 0.0022285626057394845 -0.040504823089092826 0.067557002100073635 -0.0080366329338101873 -0.0063941148854304453 0.0067788041187362928 0.039595889315392263 -0.015892747024138228 -0.02232083080175393 -0.012102711573010173 -0.010599939827299721 -0.0088534799588305107 0.099991320802480493 0.084952840136446092 0.089089124308437004 0.0048733091923866025 0.022086249014421647 -0.021032061990672743 0.028185335666838507 0.005521127369761636 0.0042333707171597615 -0.038960534159142961 -0.0028847250667315637 0.042687521753982077
leaf_weight=988.35502922418527 18.027811110718176 26.361593471141532 7.3027752810157827 0.30878853471949685 6.523607360199092 0.58149122563190747 169.26263696071692 7.9199690809473422 6.65728413290344 3.07534545357339 42.796682173619047 7.7642147149890643 26.026634983951226 3.6851585751865059 2.5218009559903294 2.2188094295561314 0.92549023567698796 1.7288637747988103 7.9438515058718604 3.9576036415528506 37.043197638122365 64.571496834279969 6.4445384205318978 4.9058303160127252 11.3539717476815 2.1727361332159498 4.0324693019501856 1.2896006435621519 2.5709060968365529 769.18261268828064 147.60802067513578 19.890830792021006 136.88305058609694 20.799208008451387 8.7900836272165197 6.4587609008885902 8.6670808610506302 6.9127619210630638 2.2966138632036746 6.322552853729575 9.7762688014190662 491.67645657924004 11.192299693357198 530.18039059266448 28.083340809447691 103.01562963961624 34.076481047552079 33.395635031163692 3.3337384085170934 19.398515093838796 11.749327836558219 2.0628728736191979 14.016038188245149 161.46353387390263 12.310035862727089 11.220334374345837 58.771119426237419 31.047319020144641 773.14800890581682 37.063037029933184 1986.7618957073428 26.811977901728824
leaf_count=15436 6798 1691 59 77 1921 171 7814 281 207 109 546 109 664 62 43 43 184 368 104 42 1319 1082 77 80 266 69 57 27 54 10959 2239 574 1951 340 102 144 122 93 26 77 147 7329 216 4046 365 1089 1220 1083 57 287 158 25 177 3738 133 185 1037 369 8337 430 33262 285
internal_value=9.31021e-05 0.000194263 0.000306909 0.00112072 0.0532051 0.161022 -0.00331818 -0.00141981 0.0403577 0.0697387 -0.00232676 0.0148367 0.0401673 0.0843042 0.027414 0.126313 0.215994 0.0141027 -0.00283808 0.0340655 0.00101791 -0.0162265 0.00124323 0.00506061 0.0116979 0.0417155 0.00905396 0.0805248 0.0985868 0.00150099 0.0123407 0.00447408 0.0021786 0.0204346 0.0367848 0.049854 0.121847 0.0652078 0.100032 0.00658932 0.000201807 -0.00644298 0.0293626 0.00108149 0.00556816 0.00172794 0.0049762 0.0141435 0.0175202 0.0357327 0.0760977 0.0242355 0.0403828 0.0102249 0.0598964 0 -0.000399864 0.00406303 0.00234042 -0.0188252 -0.00239183 0.0261328
internal_weight=6992.7 6974.67 6948.31 5676.12 10.0682 1.81577 1272.19 1102.92 22.3932 14.4732 1080.53 92.1741 37.476 11.4494 9.17909 5.29415 1.23428 8.25247 54.6981 11.9015 5666.05 71.8743 5594.18 1197.18 416.633 32.3768 384.256 14.7003 12.5276 780.547 347.213 199.605 195.573 58.6895 37.8903 11.3646 9.95668 17.9995 9.20938 17.6765 4397 512.645 20.9686 3884.35 964.306 667.273 564.257 297.033 263.638 74.0909 15.0831 59.0078 39.6093 189.547 26.3261 13.2832 2920.05 900.029 841.258 68.1104 2020.02 33.2565
internal_count=120362 113564 111873 86413 2721 432 25460 17646 683 402 16963 1527 835 171 250 152 261 2289 692 146 83692 1141 82551 18499 7316 615 6701 272 203 11183 5382 3143 3086 1135 795 224 149 221 119 343 64052 7692 363 56360 12563 6355 5266 6208 5125 1022 215 807 520 4103 310 210 43797 10173 9136 799 33624 362
is_linear=0
shrinkage=0.05


Tree=93
num_leaves=63
num_cat=0
split_feature=80 109 240 201 246 70 64 94 237 145 249 65 65 98 71 93 214 98 181 120 42 205 30 205 96 60 223 168 84 200 5 241 242 91 115 26 224 92 166 62 107 3 111 56 163 165 109 204 80 219 205 227 168 252 155 180 135 242 28 63 95 230
split_gain=9.74345 8.54839 11.9843 17.8633 11.4093 12.0254 13.7948 12.6538 12.2611 11.6765 10.8181 12.5339 13.7491 12.0311 11.6445 11.3611 12.3493 10.6962 10.3202 10.2599 13.0188 13.5128 10.3008 10.2408 10.2353 10.1892 11.2947 10.0476 11.2415 10.5133 11.9759 10.0319 10.0204 10.2482 16.0453 19.6498 11.3782 12.2293 10.1149 12.0774 17.1201 10.0093 9.99532 10.0094 15.7816 11.4534 9.95284 9.93261 9.9166 9.96398 10.5556 9.91263 11.8991 24.9488 16.2912 15.6886 14.1121 13.6277 11.8792 11.849 10.9979 11.9708
threshold=106.78604118993137 0.073864776832962317 -0.50762686664867962 0.32540345699916534 0.29866917710353108 0.050697734795872015 7.4523569332355111 33.098388312756647 -0.36845998726617141 -0.76816886999722434 -1.0000000180025095e-35 258.50000000000006 316.50000000000006 0.040479572510822522 7.440208211360777 -12.377939994824731 -0.94527940941924604 0.12901692142065596 -0.94216106255303578 -0.45857142857142852 1.0000000180025095e-35 0.50054694435355118 100.15000000000002 -1.7624152295359494 0.57738095238095244 -9.6914285714285651 -0.46577074268581692 -0.50250549585394377 0.30684523809523817 -0.50140758756584058 8.8500000000000032 0.033309007079490353 -0.56659386146195778 2.0621836412828269 0.15476190476190479 0.10555555555555557 -0.28065107762650454 25.388447814399921 -0.2885479862187556 7.2759895146702647 52.500000000000007 439.00000000000006 7.1112456281947809 2.5000000000000004 0.7959179428145482 -0.27985608286754754 0.069876232297407206 -0.046885348171681503 1.7525510204081634 -0.39617250940135856 -0.076728388039970494 -0.57812939553926068 -0.78724939533977623 1.7074100370604428 0.21257706426398365 -0.70128423411342722 1.0521749435087073 0.66127259222553947 3.4142857142857146 0.076694383503516525 20.500000000000004 0.24696144963765776
decision_type=2 2 2 2 2 2 2 2 2 2 2 2 2 2 2 2 2 2 2 2 2 2 2 2 2 2 2 2 2 2 2 2 2 2 2 2 2 2 2 2 2 2 2 2 2 2 2 2 2 2 2 2 2 2 2 2 2 2 2 2 2 2
left_child=1 10 3 27 5 -5 -7 8 9 -8 23 14 13 -13 15 16 -12 32 -11 20 -18 -22 -21 -1 -16 26 -14 29 -29 30 -3 -24 38 -34 35 36 -35 -38 39 40 47 -25 46 -44 -45 -46 -43 -17 49 -41 -51 52 53 56 55 -54 -4 -58 -55 -60 -57 -62
right_child=-2 2 51 4 -6 6 7 -9 -10 18 11 12 25 -15 24 17 19 -19 -20 22 21 -23 31 41 -26 -27 -28 28 -30 -31 -32 -33 33 34 -36 -37 37 -39 -40 48 -42 42 43 44 45 -47 -48 -49 -50 50 -52 -53 54 58 -56 60 57 -59 59 -61 61 -63
leaf_value=-0.030072368943618012 -0.036258410252839317 0.09686131615965328 0.0091289517579879239 0.01082868306270067 -0.0024378959429417453 0.017546995851706285 0 -0.034857236618209379 0.034762175472865857 0.019983685009367685 -0.035533355325182273 -0.026389060467066513 0.027008517576363772 -0.0040762291717491485 -0.0081185069025947933 0.12955039341829139 0.025983589011145128 -0.014295664476652155 0.15394663106313261 -0.0024358382335759859 0.040940348027379864 0.15976758111850081 0.00086278154193815512 -0.016373732121598327 0.072066216561603461 0.0016228887992172335 -0.030602272275978372 -0.025742096287319577 0.01416777618272691 -0.013857799266198663 -0.033868491370427835 0.12624676219715852 0.0078865480478476514 -0.0067721936077046367 0.015115399697141638 -0.025299585238186963 0.13165735500703496 -0.0043946272351373591 -0.018592670738490032 -0.026862212925990954 0.003366084707467343 -0.0053775701972060812 -0.0015017451922388235 0.0094806343570699499 0.0094439165502559243 0.15057649972285783 -0.027635707837719278 0.016596312890913255 -0.016945859315904071 -0.0014064450447684243 0.055657061732035253 -0.00042992328459522089 0.032521357009359722 -0.010383349408092194 -0.016446575128557836 0.0019594349830670001 0.008119182807497391 0.23622813501254625 0.15047209696204122 0.019441661435767574 -0.0016579963118142568 0.10956484545496703
leaf_weight=37.695905590662733 17.381174942245707 3.682716839015483 79.617615391267464 20.984647985780612 18.368099059909582 14.20627948339097 1.8101186852436519 1.606752621475606 8.0112586177419889 2.1255390499718478 5.9736157662700853 100.09978329041041 9.4853157633915526 152.86674570431933 180.83927083318122 4.9820282091386616 16.420267283217985 59.783883045660332 10.231573586119339 22.451891863718632 6.4935928781051171 4.2338634335901588 3.1009450904093674 146.40786619833671 3.0650597824715069 822.63167931418866 45.909339044708759 18.359716253820807 198.69113604119048 83.936395447934046 2.0796655912417918 2.507434559520334 425.65433749440126 2.1684499913826611 67.879064362961799 3.9253747181501231 10.054011512082068 1.7846681505907316 62.964755536289886 9.4356898218393308 14.897156991995869 180.82490963884629 1075.8137234521564 31.728535946691409 2.640306587330997 2.8734674884472033 69.362852280028164 3.5423420688603091 49.985066062537953 14.671629644930364 16.531000353395939 2387.39996859245 55.20715159107931 2.080556640867143 81.014927510172129 292.79559482238255 1.4820555779151607 0.37836127611808468 5.9035151605494303 2.8672387015540153 4.4350999386515451 4.0326591189950705
leaf_count=1022 6798 25 1547 698 364 268 45 30 157 32 94 1890 223 2323 3602 60 293 792 190 356 114 77 53 4774 39 11278 624 212 2477 1119 81 43 4782 38 686 58 117 22 843 51 198 3651 22753 679 36 96 1404 33 1005 81 85 32513 843 19 3435 4649 255 42 89 45 74 80
internal_value=9.55265e-05 0.000192047 0.00203862 0.0103303 0.0316563 0.0422218 0.0587112 0.0813958 0.0911741 0.118349 -0.001467 0.000847378 -0.00274808 -0.0129943 0.00494473 0.00752686 0.028096 0.00580309 0.134499 0.0355794 0.0570431 0.0978893 0.0133934 -0.0046461 -0.00637254 0.00020969 -0.0203448 0.00485154 0.0106664 -0.00912648 0.0509096 0.0682982 0.00757383 0.0111188 0.0268187 0.0677162 0.0940651 0.112013 -0.00264611 0.00619969 0.0374207 -0.00398841 -0.00264358 -0.000605159 0.0245257 0.095587 -0.0116538 0.0898075 -0.00213514 0.0159314 0.0294598 0.000942016 0.0071227 0.0233442 0.00364238 0.00825522 0.0132364 0.122625 0.0912967 0.114523 0.00369897 0.0567601
internal_weight=6990.38 6972.99 3301.31 384.094 77.3443 58.9762 37.9915 23.7852 22.1785 14.1672 3671.69 2124.34 1130.99 252.967 993.345 809.441 61.1816 748.259 12.3571 55.208 27.1477 10.7275 28.0603 1547.35 183.904 878.026 55.3947 306.75 217.051 89.6988 5.76238 5.60838 688.476 511.466 85.8116 17.9325 14.0071 11.8387 177.01 114.045 23.4215 1509.65 1363.24 1113.06 37.2423 5.51377 250.188 8.52437 90.6234 40.6383 31.2026 2917.21 529.815 92.3293 437.485 356.471 81.478 1.86042 10.8513 8.77075 301.263 8.46776
internal_count=120362 113564 49289 5698 1784 1420 722 454 424 267 64275 29860 16338 4213 13522 9881 1030 8851 222 936 484 191 452 34415 3641 12125 847 3914 2689 1225 106 96 8059 5703 921 235 177 139 2356 1513 291 33393 28619 23564 811 132 5055 93 1222 217 166 43591 11078 1997 9081 5646 1844 297 153 134 4803 154
is_linear=0
shrinkage=0.05


Tree=94
num_leaves=63
num_cat=0
split_feature=71 3 21 28 252 145 33 199 91 216 132 240 66 254 66 238 64 92 83 196 219 31 159 258 64 259 195 199 170 101 84 220 91 107 89 247 252 111 199 162 246 206 75 175 221 110 71 170 145 250 33 240 207 172 122 224 65 195 196 132 150 77
split_gain=9.01664 7.7202 12.374 15.1511 13.7314 10.8746 15.1199 11.7294 14.1843 9.40553 9.29445 10.2629 8.4234 8.74808 8.33551 11.4989 11.2951 9.9928 9.39883 9.2515 13.3726 13.491 11.9248 10.4526 9.79984 10.6089 12.4419 10.2732 9.07924 8.94902 15.1537 11.5724 11.6249 10.6604 11.4648 13.552 11.5951 9.486 10.1103 9.21226 8.86022 8.74557 8.65145 12.3867 8.63143 9.58453 8.64459 9.02487 9.51081 10.1389 8.46104 10.6513 9.23093 10.4714 12.5149 10.3053 11.5121 8.86934 8.31446 12.5746 8.30036 11.235
threshold=10.795439823811376 449.00000000000006 0.53869508329647664 8.2678571428571441 -0.47182276723179156 1.2167673728914399 106.65000000000002 -0.65190885906192253 1.3713554207815319 -0.65972893825026657 -0.26838002102022057 0.36461025625051113 0.18528922180607577 -0.26740284178366419 0.02528636383508941 0.060095392530705928 8.6069368228507113 -16.988186703949292 3.2500000000000004 0.29811414976862888 0.18872339300663551 37.551190476190484 -1.4874015844782384 -0.71949648814961298 7.8089778128216931 -0.37196350018246349 0.24416481651264668 0.70684901548358692 -0.44599527807009176 0.1200926877301139 2.9212962962962972 -0.79105359079697113 2.2393910851452623 677.50000000000011 36.150000000000013 -0.5115710595611106 -0.57915698491508572 7.1305768684285313 -1.5021791197565872 -0.055531534742019314 -0.07970618241059009 -0.021353577550246756 119.50000000000001 -0.79976384679000689 -1.0498448308030259 0.071447338788379264 6.451498777017922 1.187500407125637 -0.47287308490814423 -0.55180443149668779 69.850000000000009 2.2689105166528276 1.7545711377217745 -1.1121348447392039 0.17914438502673799 0.18078648373529579 110.50000000000001 -0.30570566894056322 -0.089996140211889716 0.47117562807504337 -0.64778186932207871 0.36336580086580089
decision_type=2 2 2 2 2 2 2 2 2 2 2 2 2 2 2 2 2 2 2 2 2 2 2 2 2 2 2 2 2 2 2 2 2 2 2 2 2 2 2 2 2 2 2 2 2 2 2 2 2 2 2 2 2 2 2 2 2 2 2 2 2 2
left_child=1 2 3 5 -5 14 7 8 -7 -6 11 -9 -4 -14 15 16 -1 19 29 24 21 -21 -23 -24 42 -26 27 -27 -20 30 31 -19 33 60 36 39 -35 38 41 -36 -25 -31 -16 -44 45 -39 -47 48 -48 -50 -40 52 53 -52 57 56 -56 -55 59 -12 61 -33
right_child=-2 -3 12 4 9 6 -8 10 -10 -11 58 -13 13 -15 17 -17 -18 18 28 20 -22 22 23 40 25 26 -28 -29 -30 37 -32 32 -34 34 35 -37 -38 44 50 -41 -42 -43 43 -45 -46 46 47 -49 49 -51 51 -53 -54 54 55 -57 -58 -59 -60 -61 -62 -63
leaf_value=0.024349078285364957 -0.02833011136043171 0.0009996697584185644 -0.017703723857027922 -0.014122955584540084 -0.031705504947752032 -0.0016577825792334572 -0.011484731991931472 -0.031023680419932684 0.089243679818572438 0.07804545952259459 0.11238941130636515 0.044973276740260047 0.090367318555363688 -0.03247980054360191 -0.035885195478158563 -0.014342778288271144 0.13569268635553441 -0.030676300004138981 0.088947588513567419 0.015246124272154852 0.00043198269092227396 -0.027258373720895436 -0.0034139296201905062 0.19778487137795167 -0.014752540477873511 0.15859290005306009 -0.0176876232088755 -0.020087050865478538 -0.018166023489529837 -0.00077539841566318525 0.082996727875740167 -0.044777182038865306 -0.035976204997575527 0.065348369482857313 0.058797887448213695 0.10074236246271354 -0.031376974079819923 -0.012499615566368872 -0.029309038359160551 -0.042255291555200643 0.025719013715308714 0.081193796099472262 0.13188029527612152 -0.025086054271105752 -0.013008118208340504 -0.02278865827278129 -0.009633302582613551 -0.03279795771660509 -0.0039366758972636043 0.12218373251418971 0.066218015890034954 0.077797266541248675 -0.04857172222937952 0.011779247778319485 -0.034564726383177806 -0.0033079276183361952 0.081255653542988096 -0.019846789300994688 0.00092626647869758117 0.0022575133504431385 0.022176384713482811 0.03695115909998465
leaf_weight=29.249795662937689 26.780956581351347 5688.6992077538744 166.50978198496159 7.8384934281930354 1.6340529040899134 6.0355724578257677 35.27219491568394 14.990438817301767 12.727544152177868 13.441838585771617 5.3457119460217672 5.1514106339309356 2.7342197641264647 1.62630293983966 18.816651534754786 18.652938002254814 1.6031945743598033 20.230006447061896 4.0282506104558706 7.1465188656002301 14.643960619578136 0.90559854730963696 1.0126254358328877 3.501910748891532 5.3730988402385265 2.723525355570017 1.9294430159498004 0.70339989662170399 2.6764622335322192 5.6940471816342324 5.1660334591288111 13.783634600695221 10.454575141891835 3.7366615552455187 3.5776503235101726 10.033196989912538 7.9437710610218364 17.539724219823256 22.397659408394247 3.4429515260271728 1.3826381363905969 6.187366269528864 1.0994108666200193 2.4113803829532108 563.59303120162804 3.655167720513421 2.3707283204421392 1.6918538534082461 1.8397390684112895 6.6547580433543763 5.4451247842516741 3.630493401316925 7.8944345847703508 35.041091134306036 1.9703107117675269 10.712998075643553 10.622634088620542 56.475464413175366 8.8872224588412774 4.6119836075231433 21.696565139573071 4.9512696843594304
leaf_count=650 2216 90304 9431 296 48 84 510 390 157 375 100 85 64 42 457 394 34 265 48 116 190 7 19 65 143 73 48 26 36 61 58 143 129 40 48 130 99 325 277 107 23 51 22 53 9015 57 50 44 42 96 73 39 84 595 39 112 145 932 169 96 497 38
internal_value=9.7094e-05 0.00021122 -0.00330597 -0.00135397 0.0380014 -0.00222853 0.014012 0.0296004 0.0611459 0.0646064 0.013144 -0.0101426 -0.0157875 0.0461055 -0.00377797 0.0159964 0.0343701 -0.00484424 -0.00622317 0.014437 0.0347659 0.0680351 0.11379 0.136986 -0.00350465 0.0337163 0.077795 0.124535 0.0487317 -0.00670876 0.00689996 0.00212937 0.0108038 0.0183579 0.0410918 0.0660763 0.00188516 -0.0085939 0.00194196 0.00952771 0.162576 0.0445121 -0.0222841 0.0412994 -0.0115297 0.0126763 0.0393478 0.0581504 0.0743042 0.0968043 -0.00157183 0.00328956 0.000554264 0.00419409 0.000663295 0.0326254 0.0615567 -0.00768691 0.037542 0.0666983 0.0014787 -0.0221467
internal_weight=6988.58 6961.8 1273.1 1102.23 22.9144 1079.32 93.0221 57.7499 18.7631 15.0759 38.9868 20.1418 170.87 4.36052 986.294 49.5059 30.853 936.788 875.138 61.6502 28.5933 13.9493 6.80277 5.89717 33.0569 10.7295 5.35637 3.42693 6.70471 868.433 105.016 99.8503 79.6203 69.1657 28.7342 17.0538 11.6804 763.417 166.072 7.0206 4.88455 11.8814 22.3274 3.51079 597.345 33.752 16.2122 12.5571 10.8652 8.4945 154.19 131.793 128.162 120.268 114.822 23.3059 12.5929 91.5166 18.8449 9.9577 40.4315 18.7349
internal_count=120362 118146 27842 18305 719 17586 1591 1081 241 423 840 475 9537 106 15995 1078 684 14917 13675 1242 420 230 114 107 822 290 147 99 84 13591 1554 1496 1231 1102 424 285 139 12037 2408 155 88 112 532 75 9629 614 289 232 188 138 2296 2019 1980 1896 1823 296 184 1527 365 196 678 181
is_linear=0
shrinkage=0.05


Tree=95
num_leaves=63
num_cat=0
split_feature=6 207 66 75 174 36 75 252 188 97 162 206 215 133 182 135 171 161 65 213 31 195 68 45 60 175 223 92 82 130 175 41 166 257 218 71 69 201 198 201 145 203 200 84 65 146 165 25 217 195 66 36 222 242 237 7 63 197 157 149 200 132
split_gain=11.1907 11.5316 13.1527 10.3094 18.8794 14.5628 13.6206 13.9385 12.6103 13.3409 13.6059 11.9931 11.841 11.7931 11.9906 17.5594 11.5365 11.4728 11.6099 14.518 11.511 10.9902 11.5475 10.9707 12.9777 10.6491 10.623 10.0695 9.9861 10.4126 9.97329 10.1685 13.0508 15.9893 10.0809 9.92266 9.83759 11.8596 11.7158 10.5304 9.82328 9.80864 9.62988 9.57478 9.45215 9.39131 9.34555 9.26207 9.60273 10.3392 12.2279 11.056 9.2858 9.26186 9.16826 12.4155 12.5143 11.558 11.8328 31.4433 10.6091 12.4338
threshold=5.2530584259317648 0.53700631597333304 0.087767870809735207 14.500000000000002 -1.1262411574622544 118.50000000000001 20.500000000000004 -1.1632698168801372 0.38522329095399704 0.56809750927397995 0.16796123223380258 -0.66240735338307644 1.343669867052997 0.43969233034445904 0.72780324534405294 -0.58474035683649694 -0.59423012271390896 1.4213653470307257 384.50000000000006 0.79059483446320222 37.034166666666678 1.1319573618239407 0.069953517132561469 13.500000000000002 -2.0499999999999896 1.2215959875878615 -0.82794077296723556 9.2439431349533105 0.55833333333333346 1.1519860070043324 -0.14007610674788304 0.046536796536796543 -0.19399506530167462 -0.75477726265637479 0.68071852310155567 7.666904761904763 9.6769331086402417 -0.2425000827286731 0.064559191762379523 -1.3609991494381655 2.1540975069588173 -0.51709047735920977 -0.58278141361284574 1.0187830687830692 176.50000000000003 2.121706851352605 0.14887389515104096 0.25001114081996445 -0.89659764705419265 1.2019265765030813 0.071988504616998114 69.500000000000014 -0.51376317935134674 1.4508857322555129 -0.26368292535671894 7.5000000000000009 0.057404732746453739 0.031161147099507302 0.82098853458116905 -0.13895092368058645 -0.97483861003291927 0.61177529032149636
decision_type=2 2 2 2 2 2 2 2 2 2 2 2 2 2 2 2 2 2 2 2 2 2 2 2 2 2 2 2 2 2 2 2 2 2 2 2 2 2 2 2 2 2 2 2 2 2 2 2 2 2 2 2 2 2 2 2 2 2 2 2 2 2
left_child=3 -2 -3 4 5 13 8 28 9 11 12 -5 43 14 -1 -16 53 20 30 21 23 22 -20 -6 -25 44 -13 -17 -8 35 -19 32 33 -32 -35 41 38 -38 40 -40 -28 -30 -12 -11 -15 -22 -46 -41 -49 50 -50 -51 -53 -9 55 -18 -57 -58 -59 -60 61 -56
right_child=1 2 -4 6 17 -7 7 16 -10 10 42 26 -14 25 15 27 54 18 19 -21 45 -23 -24 24 -26 -27 36 -29 29 -31 31 -33 -34 34 -36 -37 37 -39 39 47 -42 -43 -44 -45 46 -47 -48 48 49 51 -52 52 -54 -55 60 56 57 58 59 -61 -62 -63
leaf_value=-0.0081120068956482324 -0.043884994336531868 -0.022150839555875174 0.13608395932103909 -0.0082446172931287722 -0.0028875408659749086 -0.026871500728426326 -0.017300408075997791 -0.0036325643610970477 -0.0095646981619338239 0.020352345735970195 0.079456309472794306 -0.01641545734450495 -0.024111390644188387 0.078853409128709584 0.0059826680306571773 0.026738144171938462 0.00057826477427439849 -0.014881038265456109 -0.0066363247286034101 -0.028641568744682246 -0.012406945091329207 0.0075371275802182227 0.15027630727602118 -0.033036230781692939 0.068294606447720715 -0.0046415848735083575 0.0015316566855309505 0.13626984541819634 -0.0072204340727103945 -0.033553702436885303 -0.033532826374983622 -0.028464361609450119 -0.014925587555858167 0.15051245401834154 0.010238319278527509 -0.0083829635061114603 0.11726319216694098 -0.010550368419423806 -0.012779452956104422 0.059182203391578238 0.073958256940918371 0.13352030697661685 -0.018832226090605544 0.071302137222104364 0.048201617101367077 0.058027653666467498 -0.043663182737422035 -0.04856641305392953 0.061347595323240724 0.026886676675567236 0.0059277230084425116 -0.0093901780972293486 0.12284777586100962 -0.022379749722572506 0.0084891466800671861 0.12382351244095549 -0.022201830984994245 -0.0057393283222223418 0.19251087173657139 6.738358716765044e-05 0.003184482527099674 0.047041591808622857
leaf_weight=38.456927983788773 23.848286997992549 2.7553119843360032 1.1210816155653445 80.947806684533134 1071.3518878289033 16.096105401869863 3.9003578433766952 455.0635002325289 75.532053837319836 15.386670955922453 1.9234288034494991 26.427877354202792 4.7117101848125449 19.103589486563582 19.74765112018213 4.7125588166527432 2146.7556372429244 25.314189660828561 1.2820821928326021 3.0787348288577041 461.719722825801 3.3633144239429384 4.9763078812975436 3.6481285747140655 10.060340918600556 8.1210492984391731 132.00645502773114 4.3041713170241565 1.2889726604334981 1.487425299361347 1.6901545708533374 4.1960586025379589 4.1480932759586731 4.941176101565361 1.9300996349193154 1.9080542873125521 4.0477632312104106 2.4893767344765356 15.47353557217866 21.940736599266529 3.8643837801646432 6.3783467672765264 15.772721065673975 28.558032017666847 6.9432208901271206 3.7855128587689242 3.279822182841599 3.5554441558197132 11.204806273337452 15.798214916372673 57.050883448915556 1.3718639316502956 6.3436615287791929 76.411093850620091 73.989424520172179 0.69182953238487144 131.57745608570985 82.803985339822248 1.8461075923405594 8.5576739655807579 1683.5404206102248 28.756426142761484
leaf_count=518 9786 974 304 1821 17025 181 60 10424 944 145 32 660 52 167 126 97 20680 751 52 95 8112 60 87 84 215 94 2235 78 34 26 53 78 142 122 43 37 51 65 153 159 59 75 176 279 55 105 54 56 169 204 842 28 75 1138 1890 45 9342 4527 63 327 23415 638
internal_value=0.000331728 -0.0308099 0.0411086 0.000460986 -0.0028873 0.0160892 0.00156758 0.000713614 0.00920383 0.0123874 0.0329573 0.00872962 0.0463856 0.0229348 0.0100349 0.033922 0.000553662 -0.00432696 0.0179131 0.0579557 -0.00512895 0.0862234 0.120957 -0.00229698 0.0405756 0.0450978 0.0133145 0.0879071 0.0473599 0.0701157 0.00468972 0.0334684 0.054865 0.0872267 0.118052 0.0883424 0.0162373 0.0729856 0.0145721 0.0250883 0.00415342 0.11118 -0.00420315 0.0544237 0.0587352 -0.0117003 0.017019 0.0301932 0.0229238 0.0262411 0.0158521 0.0543176 0.100382 -0.00637424 0.0014416 -0.000593886 -0.0117292 -0.0127151 0.000717267 0.048541 0.00414638 0.0196768
internal_weight=6983.34 27.7247 3.87639 6955.62 1726.25 120.765 5229.36 4704.96 524.407 448.875 66.3526 382.523 48.6564 104.669 67.2213 28.7644 4689.99 1605.49 54.9202 12.7004 1550.57 9.6217 6.25839 1085.06 13.7085 37.4477 301.575 9.01673 14.9632 11.0628 42.2198 16.9056 12.7095 8.56143 6.87128 9.57537 275.147 6.53714 268.61 132.739 135.871 7.66732 17.6961 43.9447 29.3266 465.505 10.223 117.266 95.3249 91.7694 68.2557 23.5137 7.71553 531.475 4158.52 2372.23 225.477 224.785 93.2078 10.4038 1786.29 102.746
internal_count=120384 11064 1278 109320 28394 1370 80926 72721 8205 7261 684 6577 476 1189 819 301 72489 27024 1483 294 25541 199 139 17324 299 370 4756 175 232 172 1189 438 360 218 165 146 4096 116 3980 1686 2294 109 208 424 276 8217 109 1533 1374 1318 1011 307 103 11562 60927 34984 14304 14259 4917 390 25943 2528
is_linear=0
shrinkage=0.05


Tree=96
num_leaves=63
num_cat=0
split_feature=5 207 69 75 174 44 222 75 3 174 252 98 180 69 41 195 202 238 161 154 202 246 213 175 175 245 94 160 3 205 214 217 72 213 217 32 174 164 216 256 207 150 33 223 145 135 192 248 150 76 41 25 154 237 14 241 206 40 179 214 93 166
split_gain=10.3845 11.071 11.6329 9.30232 17.0923 22.2914 12.7209 12.3151 13.4168 13.1041 12.2507 12.0914 11.8719 10.8207 11.2559 12.2194 12.0344 10.5328 10.3857 10.9175 12.2857 10.8782 11.4432 10.3221 12.5676 10.2515 11.6741 10.1817 10.041 10.8596 9.96268 12.397 9.94757 9.90343 9.58616 9.5718 14.389 15.0258 13.4359 10.0338 10.5004 9.53388 18.5071 10.8548 9.72172 9.78365 12.1632 15.3768 14.2245 12.0696 10.5002 15.3816 9.61863 13.0714 9.53372 9.49605 9.42856 9.42587 12.6859 11.0094 10.341 11.6255
threshold=191.15000000000001 0.53700631597333304 7.0159599440615326 14.500000000000002 -1.1262411574622544 5.5000000000000009 0.98911005206371627 20.500000000000004 477.00000000000006 1.9321835661585942 -1.1632698168801372 0.098569696515808616 1.590088343865536 7.9231546231546242 0.05634920634920635 -1.1493948219491219 1.6069958646165141 1.0020319831817348 1.4213653470307257 1.617242364402917 1.5382934854515129 -0.42318669920352814 -0.46533580341567188 -0.40954200328687901 -0.20187845322086065 1.7283347998179215 -1.1039587738717584 -0.48308377152443949 503.00000000000006 0.74189560885801276 -0.64171609832375676 -0.45729841484251316 7.5000000000000009 -0.67055622130024684 -2.0684943901508244 36.050000000000004 -0.27735009811261407 -0.035974034841595733 1.1607185375835611 -0.40153557071703633 1.4372585039799926 1.364863078813769 80.65000000000002 -0.49219237068739435 -0.77153084006045258 -0.29133851975218888 0.36246764953410798 -0.88922396638338508 0.82809343591643703 0.093070332360418048 0.30384615384615393 0.457357789269554 0.48736515482564574 0.51849942958227835 9.5000000000000018 -1.6226848632486328 -0.2083842764746873 10.500000000000002 -0.51797696417119277 0.75701723102462448 20.79825874404359 0.59484190273984716
decision_type=2 2 2 2 2 2 2 2 2 2 2 2 2 2 2 2 2 2 2 2 2 2 2 2 2 2 2 2 2 2 2 2 2 2 2 2 2 2 2 2 2 2 2 2 2 2 2 2 2 2 2 2 2 2 2 2 2 2 2 2 2 2
left_child=3 -2 -3 4 5 33 11 8 -5 25 -9 12 -7 57 15 23 17 -17 34 20 21 22 -20 -15 -25 27 -27 -10 29 -18 31 -26 -24 54 -6 39 37 38 -37 -29 -41 44 43 -43 -16 46 47 50 -49 -50 51 -46 -48 -54 -1 -38 -33 -12 59 60 61 -59
right_child=1 2 -4 7 18 6 -8 10 9 -11 13 -13 -14 14 41 16 28 -19 19 -21 -22 -23 32 24 30 26 -28 35 -30 -31 -32 56 -34 -35 -36 36 55 -39 -40 40 -42 42 -44 -45 45 -47 52 48 49 -51 -52 -53 53 -55 -56 -57 -58 58 -60 -61 -62 -63
leaf_value=0.059732860135520233 -0.043612779420763623 0.12428814274609715 -0.021835246074817981 0.015895401962095108 0.089289650274753246 0.072765856863387768 0.0023866667619946739 0.043821181776481977 -0.026100478415957265 0.064387769460209951 0.0023802688268521176 -0.020681706257977321 -0.021716999048654397 -0.023099654655887095 -0.02176833970584581 -0.011521580697071956 0.046097363394104723 -0.037950289040135213 0.079775746780224227 -0.044740917403451347 0.1060754649811832 -0.0058641336452630519 0.085820192899989073 0.11616130530723018 -0.030567576130604443 -0.030008336049375701 0.047053678470920568 0.0534838040624993 -0.042955934859260352 -0.018266484546358503 0.0031248265135634459 0 -0.014943228187661597 -0.01455084033214475 -0.0050528333477152026 0.049021812417051717 0.086125731003882544 0.011118973377906672 0.19726264228623452 -0.017993425128049089 0.032629701583951093 -0.014759473331398508 -0.00032369679582442914 0.20821214081201728 0.096198072346627639 -0.026147619933407626 -0.01346096079577413 0.0058094868859787877 0.15276444567371095 -0.0018432224443123307 0.0013443983873161563 -0.025667038357682578 -0.0083678346921564357 0.13788590495284078 -0.024838887916721578 -0.010830979552038876 0.17643068044104279 -0.034211263460046652 -0.01229839716714267 -0.027047500537553268 0.020948114936126111 0.070338363858529221
leaf_weight=8.9666291009634715 22.829342123819519 1.2641307639423751 2.7137019893852994 291.19139783177525 1.6944753662683059 31.144974832655862 17.737921996740624 15.401617581257595 47.097763301571831 6.6148744169622651 3557.425557903247 4.2726670971605918 3.174799383385106 10.640951531939207 37.272413560887799 367.30542993312702 21.064944827230651 41.615306383697316 9.5628289303276706 5.4417815143242469 3.2876821758691213 24.966927061555907 2.1419752421788862 2.9679437554441419 1.2537203161045907 5.7463212287984815 18.248922024853528 5.1457399325445285 5.112122577847912 8.548230638029052 21.046468518907204 0.98586659715510916 10.072387715335934 51.984531952766702 1543.5315526211634 6.5077570325229335 1.7384233893826593 11.942568926373495 1.6553897508420048 89.156380590051413 10.570394780719651 0.50071350741200138 4.7379969807807356 1.2829957646317769 13.243810719810428 21.15347349527292 65.271883797831833 111.21172669623047 2.1185580966994157 1.9756123945116995 6.9504672940820447 2.6442244462668887 3.3489585975185028 1.5784472273662684 4.2236456193495533 31.083990003215149 1.7682393626309958 16.701584371039647 254.00564467464574 18.798111967742443 85.713056971086189 2.1497267831582567
leaf_count=80 9786 304 974 4812 25 355 169 232 586 79 49650 71 42 256 613 8429 339 830 194 247 67 599 62 53 39 56 148 83 72 146 420 31 314 599 25516 91 22 203 20 1415 118 28 210 58 147 1404 701 1172 34 33 77 53 46 26 54 572 25 307 5524 377 1351 38
internal_value=0.000321524 -0.0301702 0.039237 0.000444095 -0.00274129 0.0152539 0.0380089 0.0014938 0.00873762 -0.000121181 0.000680285 0.0537816 0.0635166 0.000528249 -0.00494655 -0.00953585 -0.0118983 -0.0143094 -0.00411906 0.0169314 0.0244826 0.0165376 0.0415699 0.0170633 0.0327572 -0.00227916 0.0279368 -0.00596047 0.0159599 0.0273648 0.018606 0.0820467 0.00750605 -0.0046148 -0.00488846 0.000145609 0.0173214 0.0495487 0.0978761 -0.00855733 -0.0123074 0.00313973 0.0586756 0.161007 0.00154932 0.00543602 0.00877623 0.0173574 0.00965396 0.0914614 0.0540042 0.0753013 -0.00804703 0.0529979 0.0324578 -0.0031533 0.12913 0.00158184 -0.0059181 0.00717209 0.0135692 -0.0190943
internal_weight=6981.51 26.8072 3.97783 6954.7 1722.2 121.505 56.3304 5232.5 526.7 235.509 4705.8 38.5924 34.3198 4690.39 755.601 482.309 443.646 408.921 1600.7 55.4736 50.0318 46.7441 21.7772 38.6632 28.0222 228.894 23.9952 204.898 34.7253 29.6132 25.0543 4.00783 12.2144 65.1748 1545.23 157.801 52.9281 20.1057 8.16315 104.873 99.7268 273.291 6.52171 1.78371 266.77 229.497 208.344 138.144 115.306 4.09417 22.8385 15.888 70.1993 4.92741 13.1903 32.8224 2.75411 3934.79 377.368 123.362 104.564 18.8513
internal_count=120384 11064 1278 109320 28394 1370 637 80926 8205 3393 72721 468 397 72489 15242 10640 9816 9259 27024 1483 1236 1169 570 824 568 3314 204 3110 557 485 515 95 376 733 25541 2524 908 314 111 1616 1533 4602 296 86 4306 3693 2289 1516 1239 67 277 200 773 72 134 594 56 57247 7597 2073 1696 345
is_linear=0
shrinkage=0.05


Tree=97
num_leaves=63
num_cat=0
split_feature=5 207 66 75 174 44 135 222 75 3 146 171 255 254 180 250 224 161 219 65 72 257 122 204 231 245 83 205 174 167 199 250 145 68 225 182 182 204 109 150 136 73 241 182 179 101 145 111 62 67 93 32 77 108 200 163 100 182 206 150 209 98
split_gain=9.63758 10.6071 10.4816 8.40909 15.3596 19.6343 11.3246 12.3794 11.1435 11.7644 11.8562 10.4661 10.438 11.2355 9.87653 9.49097 13.9513 11.2527 11.2631 12.3866 10.3949 11.1952 11.6232 14.8589 11.0051 10.1455 16.1374 11.1899 9.39254 9.23983 14.0904 14.2525 12.9699 11.5955 11.4452 10.9761 11.2979 10.9008 10.6657 14.525 15.6765 10.5009 9.92856 9.39642 9.37564 12.9103 12.4963 10.2547 9.88457 9.36119 9.1616 10.2226 17.7724 15.8035 10.1384 12.2929 10.2641 9.95449 9.59916 9.39909 19.2205 17.3846
threshold=191.15000000000001 0.53700631597333304 0.087767870809735207 14.500000000000002 -1.1262411574622544 5.5000000000000009 -0.46473004688369435 0.94927875846872911 20.500000000000004 477.00000000000006 1.0832692269757309 -0.59423012271390896 -0.51884928672296182 -0.36308701559343903 1.1711536252738928 3.173231021378307 0.53219290339603054 1.4213653470307257 1.2945312674828207 384.50000000000006 73.500000000000014 -0.65972893825026657 0.42261904761904767 -0.46795354065254263 0.56030457410014922 -0.39301161703569876 0.17500000000000002 -1.1263100106619117 1.9321835661585942 -0.33358190418982664 -0.32705624889342694 -0.43459607558202368 1.0339469490010882 0.117668294754725 -0.93288792302847423 0.2339562212009639 -1.1639934081303001 1.0251114910398165 0.072311244686760076 -0.0711223667294099 -0.58547991847398106 0.051042118975249677 0.23728670540394045 0.1850585060262844 -0.057580891410069633 0.12108499159192827 0.44934506467329588 6.9446992864424066 8.0590549045138911 0.052588367470400139 26.174404684637853 33.150000000000013 0.10961908195145399 0.090888439139234251 1.9541641689863136 -0.62459958514852909 -1.1213235294117643 0.38300407322155183 0.85816091519394211 -0.15402761656229771 0.59460096937989926 0.090833275782370812
decision_type=2 2 2 2 2 2 2 2 2 2 2 2 2 2 2 2 2 2 2 2 2 2 2 2 2 2 2 2 2 2 2 2 2 2 2 2 2 2 2 2 2 2 2 2 2 2 2 2 2 2 2 2 2 2 2 2 2 2 2 2 2 2
left_child=3 -2 -3 4 5 -1 7 14 9 29 28 -10 -8 -14 -7 17 20 50 19 25 21 -17 23 -23 -25 26 27 -19 -11 33 31 -31 35 37 43 36 -33 41 39 40 -38 -5 -37 -32 -36 46 48 -47 -46 -50 54 52 53 -52 -6 56 -56 -57 -54 60 -53 -62
right_child=1 2 -4 8 15 6 12 -9 11 10 -12 -13 13 -15 -16 16 -18 18 -20 -21 -22 22 -24 24 -26 -27 -28 -29 -30 30 34 32 -34 -35 44 42 38 -39 -40 -41 -42 -43 -44 -45 45 47 -48 -49 49 -51 51 59 58 -55 55 57 -58 -59 -60 -61 61 -63
leaf_value=-0.004393264600471263 -0.043331643246239865 -0.021663179153740598 0.11483811531962287 0.067006146451022514 -0.008691559719107473 0.052804106416140507 0.028764325790824798 -0.0095841710783410722 -0.0059552745522726703 0.00091310602864398997 -0.042861566537855889 0.0014926524732948414 -0.019570653053810519 0.16972583702716268 -0.027774189237799909 -0.017481384060650643 -0.030224642573651525 -0.020828473442026554 -0.03638781873587623 0.071331447364145081 -0.042885336121733675 -0.013105604545458361 -0.012820619189836206 0.13072351232374851 0.0040754946841204042 -0.0072453408099816376 0.0051169706666228127 0.15645885241330396 0.057710047540563039 -6.8709025690403549e-05 0.0035775722465246299 -0.038779806602798832 -0.013825454479259695 -0.0063410407327681344 -0.020089308608149212 -0.015468999059190101 0.069656156333655392 0.096444396082930053 0.038428445565103928 -0.0060258243761523132 0.18962502059770212 0.0034613065805428702 0.048249546330652815 0.12269056531625387 -0.0062254238362619094 0.051691657971237107 0.069775369532809023 -0.029927189604059636 0.13933213273166276 -0.0039473960490554287 0.1183199785957755 0.0024020126979031713 -0.016524307891657278 -0.033816377588484707 -0.041270040753175696 0.0071896979329964267 0.065777598259431261 -0.044721566435953791 0.045722820619910037 -0.015096159074753791 0.16447504742559352 -0.027298619100067964
leaf_weight=64.924087723018602 21.85964953771327 2.6911864280700675 1.3933732500299809 10.617862471146511 1091.6669545811601 27.644594979472462 5.4317913753911853 16.782327858731151 530.59402453480288 214.24075275356881 14.138488674303515 4175.9767939345911 0.67329705692827735 3.1806792330462468 3.6637983359396449 4.1427151567768332 8.4666637603659165 0.81199993635527823 7.3616158708464345 10.803330879891289 2.4593149579595766 2.7267839654814514 3.2072792937979093 9.6142366614658368 2.2226023916155091 24.128888087579984 8.7868976534809899 2.9424622799269811 6.5459874449297777 44.210296891396865 3.6423693329561493 2.2394832391291848 11.092300937743856 12.040419344324617 53.1915190347936 12.695370878791438 12.139647841453556 8.5319904824718815 25.807952887844294 3.0856873525772235 3.8961523207835862 15.431856503477318 10.077083798591046 2.2885597634594887 21.879862647969279 3.5916602900251773 10.890344578772782 23.511821280466393 1.4969091170933091 1.879447750514373 6.6371774929575604 203.48070472152904 16.433132650097836 1.6524050289299337 1.9206065908074386 69.902765584178269 12.407470204867419 9.6160601768642646 8.5910161971114558 82.289095714688301 2.4497526274062689 1.3563325232826171
leaf_count=733 9786 974 304 251 19214 201 189 108 11613 2952 367 61108 15 94 30 82 100 34 259 234 41 73 41 107 30 546 319 65 74 654 66 28 136 177 875 171 78 82 298 62 76 292 109 40 473 83 217 588 18 38 116 2140 262 27 20 611 113 91 110 2155 142 92
internal_value=0.000313294 -0.0295299 0.0373459 0.00042958 -0.0026034 0.0143941 0.0354495 0.0244973 0.00142627 0.00829935 -2.90025e-05 0.000650864 0.0837884 0.138406 0.042652 -0.00391717 0.0222668 -0.0044843 0.0175479 0.0265929 0.0411709 0.0522825 0.0688769 0.0868578 0.109502 0.0117362 0.0464629 0.120748 0.0028722 0.0149434 0.0109804 0.0227017 0.0350351 0.0352139 -0.00106228 0.0429403 0.0565433 0.0495943 0.0621444 0.0904044 0.108518 0.0310666 0.0133604 0.0613314 -0.00477803 0.00813276 0.0274251 -0.017479 0.00701154 0.0757556 -0.00529965 0.00214977 0.0279595 0.0870799 -0.00733291 0.00834376 0.0493459 0.000372616 0.00558934 -0.000888259 0.00477341 0.103634
internal_weight=6980.06 25.9442 4.08456 6954.11 1718.38 122.301 57.3765 48.0907 5235.73 529.164 234.925 4706.57 9.28577 3.85398 31.3084 1596.08 32.8396 1563.24 54.8352 47.4736 24.3729 21.9136 17.7709 14.5636 11.8368 36.6702 12.5414 3.75446 220.787 294.239 247.616 125.244 81.0337 46.6221 122.372 69.9414 47.1689 34.5817 44.9294 19.1215 16.0358 26.0497 22.7725 5.93093 116.442 63.25 36.1466 27.1035 25.2562 3.37636 1508.4 322.89 33.3137 8.28958 1185.51 93.8469 14.3281 79.5188 25.0241 289.576 207.287 3.80609
internal_count=120384 11064 1278 109320 28394 1370 637 339 80926 8205 3393 72721 298 109 231 27024 474 26550 1457 1198 374 333 251 210 137 964 418 99 3026 4812 4010 1612 958 802 2398 822 542 625 514 216 154 543 280 106 2292 1417 746 671 529 56 25093 5044 515 143 20049 835 133 702 372 4529 2374 234
is_linear=0
shrinkage=0.05


Tree=98
num_leaves=63
num_cat=0
split_feature=5 207 93 75 174 44 135 222 75 188 97 102 139 155 252 23 206 155 244 163 149 69 98 192 64 151 206 75 68 160 159 101 177 70 248 155 157 146 31 165 63 65 101 49 166 238 91 153 237 203 72 158 44 238 180 255 223 213 64 177 172 237
split_gain=8.94271 10.1483 9.32942 7.5839 13.8838 19.0667 10.8043 10.173 10.1609 11.1662 11.4101 11.749 18.1003 10.8867 10.8188 10.8165 10.1743 10.1613 11.6372 9.9977 10.1933 9.68085 10.5424 10.1179 16.3673 11.368 14.4327 15.6827 17.5296 20.5484 15.307 18.9279 22.3454 13.3151 18.4552 19.3395 14.7131 18.5168 11.8692 13.323 10.9518 11.2238 12.8966 10.414 9.42097 9.1358 9.03403 10.5616 14.8208 11.9912 10.3362 10.2726 10.8699 9.23251 8.96423 9.24416 8.95473 8.94756 8.9852 8.92751 8.82928 8.78777
threshold=191.15000000000001 0.53700631597333304 14.898395180809404 14.500000000000002 -1.1607676360904833 5.5000000000000009 -0.46473004688369435 0.94927875846872911 20.500000000000004 0.38522329095399704 0.56809750927397995 29.000000000000004 -0.57079612968924109 -1.2733996670991719 -1.1632698168801372 0.63333333333333341 -0.65387327108164761 -1.3639477440764349 -0.76276399923870664 -0.82339135150118803 -0.84293871797059949 7.9231546231546242 0.037385825066746127 0.40695775143194818 8.907214029493824 0.92035106657101806 -0.56391505307565326 76.500000000000014 0.0631660043792069 -0.70372638241360985 0.91191686245217141 0.1216515187754126 -0.81780659327326755 0.084177527573754005 -0.92086073258594314 0.090345722000632331 -0.50083483436951426 -1.0000000180025095e-35 37.39736842105264 -0.29072191491407345 0.067220926009028931 17.500000000000004 0.1147700452892773 3.7303030303030309 -0.70726402932815258 0.77206545775212343 2.1506066047753554 -1.0539789752736131 -0.61048082623870581 0.99637017556217844 59.500000000000007 -0.58227349371076664 6.5000000000000009 -0.12817813389161373 1.1711536252738928 -0.50111312838632316 0.19884913825367612 -0.42066740188410606 8.4287379287379309 -0.59907223132198462 -0.27739774458337491 -1.1355159515532502
decision_type=2 2 2 2 2 2 2 2 2 2 2 2 2 2 2 2 2 2 2 2 2 2 2 2 2 2 2 2 2 2 2 2 2 2 2 2 2 2 2 2 2 2 2 2 2 2 2 2 2 2 2 2 2 2 2 2 2 2 2 2 2 2
left_child=3 -2 -3 4 5 57 7 54 9 10 13 12 -12 17 -10 -14 -15 18 -5 -8 -21 -16 -23 25 44 33 -27 28 29 -28 -31 32 -32 34 35 36 37 -24 39 56 -36 42 43 -42 -25 -44 47 48 49 -18 -48 53 -53 -52 55 -7 -38 58 -1 -35 -19 -49
right_child=1 2 -4 8 -6 6 19 -9 14 -11 11 -13 15 16 21 -17 46 60 -20 20 -22 22 23 24 -26 26 27 -29 -30 30 31 -33 -34 59 40 -37 38 -39 -40 -41 41 -43 45 -45 -46 -47 50 61 -50 -51 51 52 -54 -55 -56 -57 -58 -59 -60 -61 -62 -63
leaf_value=0.0041099723533746992 -0.043041442008135651 -0.012947632225124118 0.1199028118552264 0.062344286364996997 -0.0037120809106989984 -0.0085515434839923982 -0.027635136592258015 -0.0074720441863564665 0.040628478316224709 -0.0097560027099745563 0.023415814610643806 0.0017750461459291882 0.11392878113428945 -0.012516122703828124 0.0014670391102179939 -0.0096431905521022765 0.17551569372175402 0.019458928099168021 -9.071926328526857e-05 -0.024843211408687726 0.12006165882894662 -0.013987864772216613 -0.021943779976149311 -0.03922574291618125 0.078125964346158816 -0.024852094155190799 -0.014888960459194585 -0.0050327318051020514 0.0031098020739284233 0.020291372739440473 0.0025049156730009613 0.014435734177907151 0.31676558448885683 -0.036094645677185871 -0.024402242513688013 -0.034144715061805705 0.15198924175866324 0.2361988857005704 -0.018241897703070855 -0.0028822943310803078 0.073738441919753234 0.0044978852468629642 0.10881002057459754 -0.03616582181463595 -0.0079344099858425672 -0.015115989095187741 -0.024517035421105813 0.064438869414521024 0.0001030666542216039 -0.0065141383780472186 0.11025886040872386 0.067947174251460629 -0.042784151414742441 -0.0011635128606924936 -0.026945176469800703 0.063692491263491469 0.040675462891152266 -0.021884899645904538 0.084997733767683492 -0.0037266397103878158 0.10421537085319243 0.0087209453671597235
leaf_weight=26.331357178976763 20.936818459187638 3.1655993738677344 1.0286014111479742 8.8054540702141804 1594.0036786461715 5.0656957570463446 1.3038395941257466 16.440490508452058 15.838170115835963 75.6080158255063 31.314419455826283 24.766304072458297 10.112568073207509 71.124195322627202 3939.6521453864407 1.843339201994241 2.4605029071681206 6.6110237315297127 30.569341205991805 1.0039200750179578 7.0901431164238593 217.03645800240338 0.68848328478634391 28.382613269146532 4.0315711931325486 6.4337536138482418 1.6856569102965329 6.2360746765043578 4.0976861133240163 1.6686540483497063 0.73785250540823044 1.153732967097312 2.3690150831826005 24.265928833978251 26.095598248764873 4.6612972472794345 4.1431817575357908 1.5850585931912125 4.2777224336750796 3.936819655122231 2.2236925326287773 105.21811130084097 6.979489357210694 5.503674645209685 141.8993454342708 1.4688605377450583 35.993214663350955 6.414320148760452 4.3898472657892844 1.0610092086717484 3.6239227913320065 2.107225544517858 6.745003403397277 2.9282659776508799 3.6196007225662461 22.022751574404541 4.585716369561851 34.495493304217234 2.9996204059571019 141.32246476528235 6.2619991321116668 198.45025039976463
leaf_count=287 9786 1003 275 65 27075 52 60 106 232 944 260 270 134 1760 57247 20 74 56 215 41 177 4617 14 617 60 426 59 277 138 80 45 43 119 455 565 195 54 46 72 103 18 2203 128 100 2827 20 597 88 143 12 29 36 130 25 30 136 49 400 30 1912 47 3300
internal_value=0.000303904 -0.0288887 0.0354819 0.000414265 -0.00247044 0.0138256 0.0347125 0.0237746 0.00135941 0.00790885 0.0108664 0.0296368 0.0450706 0.00749043 0.000617904 0.095217 0.00412435 0.0285151 0.0149462 0.081542 0.100784 0.000473163 -0.0047173 -0.000932658 -0.0107994 0.00383003 0.0361072 0.0583804 0.0902765 0.130796 0.169107 0.211503 0.262132 0.00137971 0.011131 0.0509938 0.0725598 0.173676 0.0497901 0.0727866 0.00434369 0.0107128 0.0482325 0 -0.0133778 0.0874152 0.00865367 0.0131992 0.0667129 0.130254 -0.00996118 0.0231658 -0.0116965 0.0662401 0.0403692 0.050181 0.104216 -0.00485181 0.0150767 -0.00868818 0.0655888 0.0107943
internal_weight=6978.88 25.131 4.1942 6953.75 1714.38 120.373 56.5464 47.1485 5239.37 531.19 455.582 68.0366 43.2703 387.546 4708.18 11.9559 335.298 52.2478 39.3748 9.3979 8.09406 4692.34 752.689 535.652 174.314 361.339 24.3824 17.9487 11.7126 7.61491 5.92925 4.2606 3.10687 336.956 171.368 23.8783 19.217 2.27354 16.9434 12.6657 147.489 121.394 16.1757 7.72737 170.282 8.44835 264.174 212.776 7.91136 3.52151 51.3976 15.4044 8.85223 6.55219 30.708 27.0884 8.7289 63.8265 29.331 165.588 12.873 204.865
internal_count=120384 11064 1278 109320 28394 1319 602 324 80926 8205 7261 684 414 6577 72721 154 6194 383 280 278 218 72489 15242 10625 3504 7121 1187 761 484 346 287 207 164 5934 3567 533 338 60 278 206 3034 2469 266 118 3444 148 4434 3617 229 86 817 220 166 54 218 188 103 717 317 2367 103 3388
is_linear=0
shrinkage=0.05


Tree=99
num_leaves=63
num_cat=0
split_feature=29 29 88 213 111 76 95 254 209 253 231 244 82 244 31 110 215 163 250 252 244 168 249 99 214 57 257 137 175 201 255 49 108 149 89 97 201 135 256 97 66 205 64 200 165 222 245 238 151 104 192 151 182 230 64 13 205 3 215 49 106 222
split_gain=8.63667 9.52823 13.8341 16.7142 15.0884 13.6394 11.1424 11.0686 14.7212 13.6038 12.1583 13.0149 12.836 12.0472 11.6806 11.6691 12.8387 11.2913 10.7661 10.6363 10.452 9.82703 9.76967 9.74821 9.68139 9.63555 9.40512 9.35653 9.28522 10.5112 9.10433 9.09497 8.48301 8.41051 12.2667 8.35084 8.34323 11.1987 16.3073 10.2043 8.93974 14.9663 12.5139 11.5518 9.6598 11.0518 8.79253 12.924 8.96784 13.9589 12.2378 13.2026 10.3376 14.2453 12.4011 10.8446 12.8335 10.3224 10.0828 10.0268 9.35941 9.61863
threshold=0.56562551577870224 0.53125022444875392 81.703571428571465 -0.5907083566225686 7.667565139263254 0.16707717569786537 8.5000000000000018 -0.28129086272616111 -0.16524362336057805 0.75594354797998187 -0.84517281898277885 -0.12031810523353922 0.55833333333333346 -0.86283967038821607 39.805000000000007 0.080988825515073928 -0.53909998003218562 0.35340786460182261 -0.65801187188067212 -0.54326004514296911 -0.10893616758264878 0.30151134457776374 -1.0806972365337955 -0.033074735009258817 0.039800523842375347 1.3500000000000003 1.3703143220002503 -1.0951747731049448 -0.79200125722598991 -0.84688716515475904 -0.53146199438447883 6.4045454545454552 0.073781939240995256 -0.26726124191242423 49.550000000000018 0.36055555555555557 0.57912231234423928 -0.70941156637629144 -0.23911894271592435 0.14017543859649126 0.13970326191773932 0.74189560885801276 7.4720334412081995 0.019394250070472994 -0.15150513657068879 -0.033331629110088343 2.2208274951598064 -0.13483405787356373 0.83347457578602846 1.5000000000000002 0.12659935014364276 1.5971554489486375 -0.3425785805000624 -0.86883341717009432 8.4024029441477861 15.500000000000002 0.80299262030830743 511.00000000000006 0.37196350018246366 8.7165178571428594 1.0000000180025095e-35 0.27385126682217292
decision_type=2 2 2 2 2 2 2 2 2 2 2 2 2 2 2 2 2 2 2 2 2 2 2 2 2 2 2 2 2 2 2 2 2 2 2 2 2 2 2 2 2 2 2 2 2 2 2 2 2 2 2 2 2 2 2 2 2 2 2 2 2 2
left_child=1 -1 3 4 6 18 -3 8 19 14 11 -10 -13 17 -9 16 23 21 -6 27 25 -11 -22 -12 31 33 36 -5 29 32 -16 -8 -4 34 -20 -15 40 38 -38 -40 46 44 -43 -44 45 -42 48 -48 -2 50 51 57 -51 55 -55 56 59 58 -50 60 -54 -62
right_child=26 2 28 7 5 -7 24 9 10 13 15 12 -14 35 30 -17 -18 -19 20 -21 22 -23 -24 -25 -26 -27 -28 -29 -30 -31 -32 -33 -34 -35 -36 -37 37 -39 39 -41 41 42 43 -45 -46 -47 47 -49 49 52 -52 -53 53 54 -56 -57 -58 -59 -60 -61 61 -63
leaf_value=0.00048273195719886582 -0.0089957554305822567 -0.0034712948060270964 0.1395292063073498 0.10547208112623577 -0.017653939495284172 -0.027511297649966335 0.1367541188216371 -0.024675638523612646 0.014154015524428519 0.16865332700389052 0.017766133845276713 -0.016914583706177152 0.19707276729911211 -0.024988629009321285 0.13539549431549833 -0.028172820375284388 0.011292803805487479 -0.027266980242941382 0.16615338849574882 -0.016166259277550714 -0.019230906107792638 -0.0010366181029987198 0.1451823978611668 0.15381282524913076 -0.020647303345928392 -0.024622037687919006 -0.023633465011592275 0.0066064151661555832 -0.025256735163782837 -0.0093782179115311746 -0.0014647446211466953 0.0065334784275828048 0.003409226128065497 -0.012933428641285237 -0.021676916166206733 0.04971819760906155 -0.040157324017849355 -0.020747710402573939 -0.013869481637434867 0.092288360798792268 -0.036313325667835947 -0.0026057795588438687 -0.0052882144792457952 0.1605757423921681 -0.015031417532954906 0.081610545556575945 -0.024680016397003759 0.081580365552336498 0.16980153458364919 -0.012393335522421139 -0.0049084288484692474 -0.017108996387820968 0.026327751248243426 -0.0049364969779092703 0.071487236698550616 -0.0052140689047128685 -0.031795224864248628 -0.0079923508701286849 -0.01653483710575715 0.0031046060110179498 0.18532126956424452 0.011864569856504047
leaf_weight=6097.0193176342873 262.80169138743076 20.117166278883818 1.7724365592002862 2.8683820739388466 1.8236976625630692 2.437684961128979 3.324938438134267 50.421331183984876 2.7086189904948696 2.4933118590852277 2.5205546339275315 0.62690372159704866 2.7695814362959936 8.398777468595652 1.0957914583850654 5.6406713234027839 9.1308870238717628 1.0905226150061933 2.162115236627876 24.508619626052678 0.69644883228465815 1.0359435784630475 8.9513224740512616 3.0521720852702883 2.0171307078562677 2.7117457803105935 61.558039066148922 6.9826855324208719 36.314750788966194 8.2381019736640138 2.6744833748089141 2.2166726074647158 2.169623356545344 1.3553870005998758 0.84987668797839422 5.2013849515933535 5.3276848830282679 104.57111972267739 2.7790600936859828 6.6105678901076317 2.0923091075383127 2.7812793485354623 1.2095257139299063 3.5464772931300104 17.997109455638565 5.6156367554795024 3.9961352348327637 6.3052843203768116 4.3183850008063001 70.920625025057234 5.3528670218074694 1.9146108279237521 2.5484440037980693 56.711789093445987 4.8424595694523296 5.4526785431662566 1.7556711111683387 1.1089142109267411 0.59223872120492149 2.4009540202096105 4.1352379657328129 1.1916017667390404
leaf_count=84812 7834 531 20 18 69 40 52 1525 125 50 127 24 94 207 36 316 477 33 74 292 22 29 178 119 43 99 1984 94 833 168 74 56 29 34 34 70 65 10335 39 60 35 49 34 58 456 71 79 89 165 3655 295 87 65 2896 214 493 116 33 48 172 122 31
internal_value=0.000296684 0.00086162 0.0108219 0.0171442 0.0419421 0.0730458 0.0164553 0.00780351 0.0233681 -0.00533936 0.050675 0.108071 0.161575 0.0308797 -0.0179461 0.0289606 0.0515951 0.0925385 0.0872468 0.00136778 0.0993166 0.128509 0.132153 0.105104 0.0642821 0.0431288 -0.00518417 0.0429214 -0.0126567 0.0235964 0.0573088 0.094391 0.0814725 0.0828772 0.119715 0.00468893 -0.00321032 -0.0149599 0.0245494 0.0620766 -0.00018954 0.0244019 0.0818195 0.123935 0.00494514 0.048532 -0.00212593 0.0413809 -0.00328402 0.00587933 0.0531139 0.0889868 0.00133692 0.0137203 0.0020425 0.0522268 0.0770444 0.121075 0.147487 0.0972534 0.121809 0.155318
internal_weight=6977.84 6327.4 230.38 181.885 48.6642 20.9883 27.6759 133.221 60.8091 72.4115 26.4494 6.1051 3.39649 18.2199 54.1916 20.3443 14.7036 4.61978 18.5506 34.3597 16.7269 3.52926 9.64777 5.57273 7.55874 7.07912 650.438 9.85107 48.4949 12.1802 3.77027 5.54161 3.94206 4.36738 3.01199 13.6002 588.88 119.288 14.7173 9.38963 469.592 33.2423 7.53728 4.756 25.7051 7.70795 436.35 10.3014 426.048 163.246 13.287 7.93415 149.959 79.0388 61.5542 17.4846 12.0319 6.01954 4.91062 10.2762 7.87528 5.32684
internal_count=120384 90804 5992 4942 1232 550 682 3710 1686 2024 1282 243 118 389 1635 1039 723 112 510 404 441 79 200 246 151 241 29580 112 1050 217 110 108 49 142 108 277 27596 10499 164 99 17097 703 141 92 562 106 16394 168 16226 8392 628 333 7764 4109 3110 999 506 246 213 390 218 153
is_linear=0
shrinkage=0.05


Tree=100
num_leaves=63
num_cat=0
split_feature=83 174 213 75 205 72 179 80 131 178 170 223 152 249 93 179 218 250 72 169 72 83 207 180 212 92 165 162 240 250 65 150 217 240 221 152 34 98 63 151 80 82 188 134 259 102 251 182 207 88 34 107 121 259 94 252 123 248 95 74 175 162
split_gain=8.54487 9.17434 8.63372 10.7683 10.6775 12.3687 12.2147 13.0827 13.6603 14.6346 10.9132 12.0108 12.7819 10.6019 10.5725 11.1911 10.2875 10.2604 10.8976 10.4762 9.72144 9.5997 10.8691 9.5895 9.86811 10.8246 9.54837 9.61773 9.2802 12.959 12.779 13.6643 12.9162 12.0946 11.2867 11.2576 11.0865 10.9105 12.4522 14.6538 16.646 10.8725 11.6964 13.7574 11.226 10.7554 10.5268 13.2652 12.884 12.4169 12.0681 11.6639 12.8841 11.0139 14.3129 10.5612 11.5356 10.4484 13.4258 13.0909 11.0906 10.8926
threshold=4.5000000000000009 -1.1262411574622544 0.24571335162301891 36.500000000000007 0.055679528694560602 50.500000000000007 -0.14653100087967164 1.2762289068231845 0.31547318632987015 -0.52761781112110673 0.86641594691365975 -0.42488597669286449 1.9029226142468529 0.99160389848672026 49.151567443198196 1.6308698673266326 1.6215793604043489 0.073778553358641072 217.50000000000003 -0.40868103360975544 100.50000000000001 1.1250000000000002 -0.06763865563898401 -0.81492305932503872 0.19753474043508218 3.3726816652607199 -0.64193746688048414 -0.31694872446416728 -0.75556888406667755 -0.40949710917335941 261.50000000000006 0.47014011488368107 -0.60607493789317968 -1.1361491502074448 -1.3213663278343382 -0.4825744122465479 37.750000000000007 0.017727623456790128 0.079071668137052395 -0.94370304160179053 3.0685736677115991 3.7583333333333342 -0.37804422611943367 -1.0000000180025095e-35 -0.26273006582979269 29.000000000000004 -1.0094297719752165 0.46742635244280278 -0.7765331546554427 125.96410256410259 36.550000000000004 14.500000000000002 5.5000000000000009 -0.38616513480362907 27.873171906190134 -0.57420718031469453 0.13809523809523813 -0.80894964971276784 3.5000000000000004 0.30021459227467817 -0.1305003652633267 1.2198020578290807
decision_type=2 2 2 2 2 2 2 2 2 2 2 2 2 2 2 2 2 2 2 2 2 2 2 2 2 2 2 2 2 2 2 2 2 2 2 2 2 2 2 2 2 2 2 2 2 2 2 2 2 2 2 2 2 2 2 2 2 2 2 2 2 2
left_child=2 -2 -1 28 10 6 21 -8 9 -9 11 20 16 -10 15 -11 17 18 23 -19 -5 -6 -23 -13 -25 -26 27 -27 29 33 31 32 -31 -4 35 -30 41 -38 39 -39 -41 44 43 -43 46 -34 -36 48 -48 50 51 -50 53 54 -53 56 -54 58 -42 60 61 -60
right_child=1 -3 3 4 5 -7 7 8 13 14 -12 12 -14 -15 -16 -17 -18 19 -20 -21 -22 22 -24 24 25 26 -28 -29 34 30 -32 -33 45 -35 36 -37 37 38 -40 40 57 42 -44 -45 -46 -47 47 -49 49 -51 -52 52 55 -55 -56 -57 -58 -59 59 -61 -62 -63
leaf_value=-0.00071323758914951631 0.064121905420261138 -0.024909640407736404 -0.033795203987808671 -0.010829203688257853 -0.0089883683947622663 -0.0023697056638322636 -0.0064683820438904893 0.010610280374582516 -0.010402589600130388 0.10982182043533371 -0.025108940558965034 0.010863635446317424 -0.031688279023000775 0.080236073792598478 0.0013101036067966572 -0.027128875257558221 -0.030843613125008884 -0.035072317262968306 -0.00361690131030775 0.03089300589798202 0.028059217147172501 -0.018983686236708409 0.046459602837755104 0.089034924351810249 0.075890683849661467 -0.019423044076444039 -0.046954053832789229 0.086336191395281439 0.07946360816592507 -0.010686933949235037 0.00095365985033122778 -0.012841908763614285 0.04542887488702687 0.021033716531040789 -0.030573178971426779 0.0050189302865860661 -0.026795664880285754 -0.011418139336518014 -0.0085415970030761155 0.067451918887832876 -0.031936771280700951 -0.025629966692081375 0.0064470574850994042 0.1675345679029375 -0.022769083381278418 0.12209462438562446 -0.030893611319965281 -0.02313505375195871 -0.0282467905652274 -0.052679320675576138 -0.0079097787218613946 0.087796517819252393 -0.034211065477433578 0.0016363684693791647 -0.0080145066947540332 -0.0073834123190590489 0.092868629809836872 -0.004248043972426287 0.22618500568403835 -0.024395065652826661 -0.015701130827734822 -0.011520111226794839
leaf_weight=5738.0252219811082 2.096306442632339 49.826857461826876 21.285952326026745 39.062848600908183 56.29968724923674 261.36896818992682 16.478073664009571 9.7471535929944384 14.782388583291324 17.202724325587049 12.34536946529988 9.3207367010181752 6.5284263300709418 3.0523895104415706 3.3195714035537085 1.1793705574236799 4.6043691631639367 6.7826966295251614 7.5534018394537261 26.023633020347916 25.788909117225558 8.4374712243443373 19.297678860835731 26.026172532117926 9.5117883469210955 3.3197660720907152 4.3694305212702584 3.655381865799427 6.7983471162151572 4.5182934575714198 26.010397225734778 6.9404461515368885 13.706654070178049 17.322233876679093 29.80663187475875 15.454071074258534 19.56185716483742 19.46911619999446 42.755172034958377 25.033100932836533 1.8441539491759638 0.98391734401229802 14.130531527684068 1.6948136535938854 139.84783383074682 8.3407310545444471 15.398950633592902 39.440620655892417 6.3914816738106301 5.0535670811077571 25.042704601655714 23.079214955563657 1.8134623847436184 6.9885578178800669 4.3497639617416999 19.519303093664348 5.356915860902518 22.890772882732563 1.8566584319341934 1.0034465630305929 0.58008526917547021 0.4206339051015674
leaf_count=96309 38 1790 483 1107 897 4194 88 517 523 393 292 159 46 76 58 36 84 113 102 342 487 178 313 378 197 23 115 33 187 55 403 217 167 426 464 488 519 180 909 194 122 30 305 52 2489 107 325 490 73 68 373 261 35 96 53 237 59 1107 68 36 46 55
internal_value=-6.19298e-05 -0.020077 9.0214e-05 0.00396346 0.0087076 0.00418432 0.015593 0.0315681 0.0442608 0.063627 0.018663 0.0219502 0.0321224 0.00828096 0.0857026 0.0998309 0.036559 0.0401074 0.0517493 0.0164728 0.00475047 0.00280865 0.0264089 0.0592108 0.0682906 0.0392863 0.00452898 0.03925 -0.000789833 0.0131713 0.0276515 0.0476036 0.0634697 -0.00915906 -0.00357962 0.0304169 -0.00524573 0.00679044 0.012685 0.0251157 0.0384365 -0.0100756 0.0279728 0.107544 -0.0121572 0.0786883 -0.00390676 0.00144021 0.0101898 0.0169704 0.0213498 0.0322354 0.038995 0.0588485 0.0726792 0.0120118 0.0598634 0.0114463 0.066406 0.111315 0.154239 0.190635
internal_weight=6980.7 51.9232 6928.77 1190.75 596.058 411.165 149.797 65.7617 49.2836 31.4488 184.893 172.548 107.696 17.8348 21.7017 18.3821 101.167 96.563 63.7567 32.8063 64.8518 84.0348 27.7352 56.2033 46.8825 20.8564 11.3446 6.97515 594.69 98.1247 59.5165 33.5061 26.5657 38.6082 496.566 22.2524 474.313 135.415 115.853 73.098 53.6289 338.898 16.8093 2.67873 322.089 22.0474 182.241 152.435 112.994 97.595 92.5414 67.4987 61.1072 34.4175 27.429 26.6897 7.17038 28.5958 5.70498 3.86082 2.85738 2.27729
internal_count=120067 1828 118239 21930 10751 7273 3079 1691 1603 1004 3478 3186 1592 599 487 429 1546 1462 1007 455 1594 1388 491 905 746 368 171 56 11179 1858 949 546 329 909 9321 675 8646 3236 2717 1808 1628 5410 387 82 5023 274 2534 2070 1580 1255 1187 814 741 410 314 331 94 1434 327 205 169 123
is_linear=0
shrinkage=0.05


end of trees

feature_importances:
odds_win=292
trainer_offspring_avg_finish=108
field_avg_career_win_pct=100
best_class_rank_z=95
odds_ratio_to_fav=79
trainer_place_pct_10_z=73
sire_avg_finish=68
sire_runners_z=66
trainer_offspring_avg_finish_z=66
sire_avg_finish_z=65
trainer_offspring_win_pct=57
trainer_course_win_pct_z=53
sire_runners=52
trainer_course_runs=52
draw_bias_90d_z=52
trainer_win_pct_10_z=52
trainer_14d_win_pct_z=52
is_fresh_z=51
jockey_course_runs_z=50
trainer_roi_10_z=50
trainer_offspring_win_pct_z=49
weight_per_kg_body_z=48
speed_figure_avg3_z=47
bms_win_pct_surface_z=47
speed_figure_last_z=46
runs_on_surface_z=45
horse_weight_z=44
pace_style_closer_z=44
last_finish_pos_z=43
trainer_course_runs_z=43
jockey_roi_10_z=43
sire_win_pct=42
speed_figure_avg3=42
bms_runners=42
trainer_course_place_pct_z=42
draw_low_win_pct=41
jockey_course_runs=41
weight_per_kg_body=41
draw_bias_90d=41
odds_win_z=41
jockey_course_place_pct_z=41
bms_runners_z=40
bms_win_pct_z=40
days_since_last_z=39
trainer_14d_place_pct_z=39
log_odds=38
draw_bias_at_course=38
course_month_bias=38
sire_win_pct_distance=38
last_time_secs_z=38
draw_bias_at_course_z=38
jt_combo_win_pct_z=38
days_since_last=37
bms_win_pct_surface=37
bms_win_pct_distance=37
horse_weight_change_z=37
class_drops_last5_z=37
sire_win_pct_surface_z=37
best_first_3f_z=37
speed_figure_best_z=37
bms_win_pct_distance_z=37
jockey_win_pct_5_z=37
avg_last_3f=36
sire_win_pct_z=36
jockey_place_pct_5_z=36
trainer_14d_runs_z=36
pace_style_deep_z=36
trainer_course_win_pct=35
weight_carried_z=35
is_extreme_longshot_z=35
sex_code_z=35
runs_at_dist_z=34
class_change_z=34
pace_win_prob_z=34
avg_first_corner=33
last3_place_pct_z=33
sire_win_pct_distance_z=33
course_month_bias_z=32
is_rested_z=32
jockey_place_pct_10_z=32
horse_weight=31
bms_win_pct=31
class_adjusted_margin_z=31
is_stale_z=31
last3_avg_beaten_pct=30
last_last_3f=30
log_odds_z=30
jockey_course_win_pct_z=30
beaten_lengths_best_z=30
avg_first_3f_z=30
jockey_course_win_pct=29
trainer_course_place_pct=29
weight_vs_field_avg=29
post_position_z=29
last3_avg_beaten_pct_z=29
last5_avg_finish_z=29
avg_first_corner_z=29
weight_trend_z=29
jt_combo_place_pct_z=29
trainer_roi_10=28
last10_avg_finish_z=28
last_last_3f_z=28
sire_win_pct_surface=27
runs_at_course_z=27
jt_combo_runs_z=27
best_time_at_dist=26
speed_figure_best=26
jockey_roi_10=26
last5_place_pct_z=26
best_last_3f_z=26
pace_style_stalk_z=26
last5_avg_beaten_pct=25
last_time_secs=25
class_adjusted_margin=25
speed_figure_last=25
trainer_14d_runs=25
draw_z=25
last10_avg_beaten_pct=24
jockey_course_place_pct=24
horse_vs_field_quality=24
avg_last_3f_z=24
beaten_lengths_avg3_z=24
early_late_ratio_avg3_z=24
odds_deviation=23
month_of_year=23
pace_place_prob=23
is_longshot_z=23
career_runs_z=23
pace_place_prob_z=23
best_last_3f=22
best_first_3f=22
jt_combo_runs=22
age_z=22
best_time_at_dist_z=22
career_wins_z=22
horse_going_win_pct_z=22
early_late_ratio_avg3=21
jt_combo_place_pct=21
last3_avg_finish_z=21
best_class_rank=20
age_x_class=20
last10_avg_beaten_pct_z=20
jockey_win_pct_10_z=20
trainer_14d_place_pct=19
last5_avg_beaten_pct_z=19
win_pct_at_dist_z=19
win_pct_on_surface_z=19
last10_avg_finish=18
avg_first_3f=18
pace_win_prob=18
last3_win_pct_z=18
last10_win_pct_z=18
career_place_pct_z=18
class_rises_last5_z=18
trainer_14d_win_pct=17
last10_place_pct_z=16
career_win_pct_z=16
horse_wet_track_advantage_z=16
horse_weight_change=15
last3_avg_finish=15
beaten_lengths_avg3=15
win_streak_z=15
odds_rank_z=15
jockey_recent_wins_z=15
post_position=14
beaten_lengths_best=14
horse_heavy_speed_diff_z=14
distance=13
horse_heavy_speed_diff=13
weight_vs_field_avg_z=13
pace_style_front_z=13
last5_avg_finish=12
runs_on_surface=12
weight_trend=12
jt_combo_win_pct=12
popularity_z=12
last5_win_pct_z=12
last10_place_pct=11
last_finish_pos=11
career_runs=11
field_size=10
going_x_distance=10
trainer_place_pct_10=10
horse_vs_field_quality_z=10
weight_carried=9
runs_at_dist=9
win_pct_on_surface=9
runs_at_course=9
win_pct_at_course_z=9
class_rank=8
career_win_pct=8
avg_early_speed=8
popularity=7
age=7
last3_place_pct=7
is_improving_3yo_z=7
win_pct_at_dist=6
age_x_class_z=6
career_place_pct=5
going_x_dist_x_surface=5
odds_rank=5
avg_early_speed_z=5
going_code=4
last5_place_pct=4
last10_win_pct=4
weather_code=4
season_code=4
class_at_last_win_z=4
odds_ratio_to_fav_z=4
draw=3
horse_going_win_pct=3
jockey_place_pct_5=3
jockey_place_pct_10=3
odds_deviation_z=3
class_change=2
class_drops_last5=2
class_at_last_win=2
horse_wet_track_advantage=2
pace_scenario=2
trainer_win_pct_10=2
horse_month_win_pct_z=2
surface_code=1
last5_win_pct=1
win_streak=1
win_pct_at_course=1
going_x_surface=1
is_rested=1
horse_month_win_pct=1
jockey_recent_wins=1

parameters:
[boosting: gbdt]
[objective: binary]
[metric: binary_logloss]
[tree_learner: serial]
[device_type: cpu]
[data_sample_strategy: bagging]
[data: ]
[valid: ]
[num_iterations: 1000]
[learning_rate: 0.05]
[num_leaves: 63]
[num_threads: 0]
[seed: 42]
[deterministic: 0]
[force_col_wise: 0]
[force_row_wise: 0]
[histogram_pool_size: -1]
[max_depth: -1]
[min_data_in_leaf: 20]
[min_sum_hessian_in_leaf: 0.001]
[bagging_fraction: 0.8]
[pos_bagging_fraction: 1]
[neg_bagging_fraction: 1]
[bagging_freq: 5]
[bagging_seed: 400]
[bagging_by_query: 0]
[feature_fraction: 0.8]
[feature_fraction_bynode: 1]
[feature_fraction_seed: 30056]
[extra_trees: 0]
[extra_seed: 12879]
[early_stopping_round: 0]
[early_stopping_min_delta: 0]
[first_metric_only: 0]
[max_delta_step: 0]
[lambda_l1: 0.1]
[lambda_l2: 1]
[linear_lambda: 0]
[min_gain_to_split: 0]
[drop_rate: 0.1]
[max_drop: 50]
[skip_drop: 0.5]
[xgboost_dart_mode: 0]
[uniform_drop: 0]
[drop_seed: 17869]
[top_rate: 0.2]
[other_rate: 0.1]
[min_data_per_group: 100]
[max_cat_threshold: 32]
[cat_l2: 10]
[cat_smooth: 10]
[max_cat_to_onehot: 4]
[top_k: 20]
[monotone_constraints: ]
[monotone_constraints_method: basic]
[monotone_penalty: 0]
[feature_contri: ]
[forcedsplits_filename: ]
[refit_decay_rate: 0.9]
[cegb_tradeoff: 1]
[cegb_penalty_split: 0]
[cegb_penalty_feature_lazy: ]
[cegb_penalty_feature_coupled: ]
[path_smooth: 0]
[interaction_constraints: ]
[verbosity: -1]
[saved_feature_importance_type: 0]
[use_quantized_grad: 0]
[num_grad_quant_bins: 4]
[quant_train_renew_leaf: 0]
[stochastic_rounding: 1]
[linear_tree: 0]
[max_bin: 255]
[max_bin_by_feature: ]
[min_data_in_bin: 3]
[bin_construct_sample_cnt: 200000]
[data_random_seed: 175]
[is_enable_sparse: 1]
[enable_bundle: 1]
[use_missing: 1]
[zero_as_missing: 0]
[feature_pre_filter: 1]
[pre_partition: 0]
[two_round: 0]
[header: 0]
[label_column: ]
[weight_column: ]
[group_column: ]
[ignore_column: ]
[categorical_feature: ]
[forcedbins_filename: ]
[precise_float_parser: 0]
[parser_config_file: ]
[objective_seed: 16083]
[num_class: 1]
[is_unbalance: 0]
[scale_pos_weight: 1]
[sigmoid: 1]
[boost_from_average: 1]
[reg_sqrt: 0]
[alpha: 0.9]
[fair_c: 1]
[poisson_max_delta_step: 0.7]
[tweedie_variance_power: 1.5]
[lambdarank_truncation_level: 30]
[lambdarank_norm: 1]
[label_gain: ]
[lambdarank_position_bias_regularization: 0]
[eval_at: ]
[multi_error_top_k: 1]
[auc_mu_weights: ]
[num_machines: 1]
[local_listen_port: 12400]
[time_out: 120]
[machine_list_filename: ]
[machines: ]
[gpu_platform_id: -1]
[gpu_device_id: -1]
[gpu_use_dp: 0]
[num_gpu: 1]

end of parameters

pandas_categorical:null
