21:29:07 [INFO] Found 2974 races that might have corrupted winner odds (odds between 10.0 and 13.0)
21:29:42 [INFO]   [59/2974] ✅ Fixed 2026-03-08 4歳上2勝クラス
21:29:42 [INFO]   [63/2974] ✅ Fixed 2026-03-07 3歳1勝クラス
21:29:42 [INFO]   [60/2974] ✅ Fixed 2026-03-08 大阪城ステークス
21:29:42 [INFO]   [61/2974] ✅ Fixed 2026-03-07 3歳未勝利
21:29:43 [INFO]   [65/2974] ✅ Fixed 2026-03-07 上総ステークス
21:29:44 [INFO]   [64/2974] ✅ Fixed 2026-03-07 潮来特別
21:29:52 [WARNING] Request error for https://race.netkeiba.com/race/result.html?race_id=202605010306: HTTPSConnectionPool(host='race.netkeiba.com', port=443): Max retries exceeded with url: /race/result.html?race_id=202605010306 (Caused by SSLError(SSLEOFError(8, 'EOF occurred in violation of protocol (_ssl.c:997)'))) (attempt 1)
21:30:23 [WARNING] Request error for https://race.netkeiba.com/race/result.html?race_id=202501020612: HTTPSConnectionPool(host='race.netkeiba.com', port=443): Max retries exceeded with url: /race/result.html?race_id=202501020612 (Caused by SSLError(SSLEOFError(8, 'EOF occurred in violation of protocol (_ssl.c:997)'))) (attempt 1)
21:30:42 [WARNING] Request error for https://race.netkeiba.com/race/result.html?race_id=202503020811: HTTPSConnectionPool(host='race.netkeiba.com', port=443): Max retries exceeded with url: /race/result.html?race_id=202503020811 (Caused by SSLError(SSLEOFError(8, 'EOF occurred in violation of protocol (_ssl.c:997)'))) (attempt 1)
21:31:47 [INFO]   [278/2974] ✅ Fixed 2024-12-28 2歳未勝利
21:31:47 [INFO]   [277/2974] ✅ Fixed 2024-12-28 2歳未勝利
21:31:48 [INFO]   [279/2974] ✅ Fixed 2024-12-28 2歳未勝利
21:31:49 [INFO]   [283/2974] ✅ Fixed 2024-12-28 3歳以上1勝クラス
21:31:49 [INFO]   [282/2974] ✅ Fixed 2024-12-28 2歳新馬
21:31:49 [INFO]   [280/2974] ✅ Fixed 2024-12-28 2歳未勝利
21:31:50 [INFO]   [281/2974] ✅ Fixed 2024-12-28 2歳新馬
21:31:50 [INFO]   [285/2974] ✅ Fixed 2024-12-28 ベストウィッシュC
21:31:50 [INFO]   [284/2974] ✅ Fixed 2024-12-28 3歳以上1勝クラス
21:31:51 [INFO]   [287/2974] ✅ Fixed 2024-12-28 ホープフルS
21:31:52 [INFO]   [286/2974] ✅ Fixed 2024-12-28 コントレイルC
21:31:52 [INFO]   [290/2974] ✅ Fixed 2024-12-28 2歳未勝利
21:31:53 [INFO]   [289/2974] ✅ Fixed 2024-12-28 2歳未勝利
21:31:53 [INFO]   [291/2974] ✅ Fixed 2024-12-28 2歳未勝利
21:31:54 [INFO]   [294/2974] ✅ Fixed 2024-12-28 3歳以上1勝クラス
21:31:54 [INFO]   [288/2974] ✅ Fixed 2024-12-28 ファイナルS
21:31:54 [INFO]   [293/2974] ✅ Fixed 2024-12-28 2歳1勝クラス
21:31:56 [INFO]   [292/2974] ✅ Fixed 2024-12-28 2歳新馬
21:31:56 [INFO]   [295/2974] ✅ Fixed 2024-12-28 3歳以上1勝クラス
21:31:57 [INFO]   [296/2974] ✅ Fixed 2024-12-28 春待月賞
21:31:57 [INFO]   [300/2974] ✅ Fixed 2024-12-22 2歳未勝利
21:31:58 [INFO]   [297/2974] ✅ Fixed 2024-12-28 フォーチュンC
21:31:59 [INFO]   [301/2974] ✅ Fixed 2024-12-22 2歳未勝利
21:31:59 [INFO]   [298/2974] ✅ Fixed 2024-12-28 ベテルギウスS
21:31:59 [INFO]   [299/2974] ✅ Fixed 2024-12-28 カウントダウンS
21:32:01 [INFO]   [302/2974] ✅ Fixed 2024-12-22 2歳未勝利
21:32:01 [INFO]   [303/2974] ✅ Fixed 2024-12-22 2歳未勝利
21:32:02 [INFO]   [309/2974] ✅ Fixed 2024-12-22 オルフェーヴルC
21:32:03 [INFO]   [304/2974] ✅ Fixed 2024-12-22 2歳新馬
21:32:03 [INFO]   [305/2974] ✅ Fixed 2024-12-22 2歳新馬
21:32:03 [INFO]   [308/2974] ✅ Fixed 2024-12-22 グッドラックHC
21:32:03 [INFO]   [307/2974] ✅ Fixed 2024-12-22 冬至特別
21:32:04 [INFO]   [306/2974] ✅ Fixed 2024-12-22 3歳以上1勝クラス
21:32:05 [INFO]   [311/2974] ✅ Fixed 2024-12-22 フェアウェルS
21:32:06 [INFO]   [313/2974] ✅ Fixed 2024-12-22 2歳未勝利
21:32:07 [INFO]   [310/2974] ✅ Fixed 2024-12-22 有馬記念
21:32:07 [INFO]   [315/2974] ✅ Fixed 2024-12-22 2歳新馬
21:32:08 [INFO]   [317/2974] ✅ Fixed 2024-12-22 2歳新馬
21:32:08 [INFO]   [312/2974] ✅ Fixed 2024-12-22 2歳未勝利
21:32:09 [INFO]   [314/2974] ✅ Fixed 2024-12-22 2歳未勝利
21:32:10 [INFO]   [318/2974] ✅ Fixed 2024-12-22 3歳以上1勝クラス
21:32:11 [INFO]   [323/2974] ✅ Fixed 2024-12-22 ジングルベル賞
21:32:11 [INFO]   [319/2974] ✅ Fixed 2024-12-22 3歳以上2勝クラス
21:32:12 [INFO]   [324/2974] ✅ Fixed 2024-12-21 2歳未勝利
21:32:12 [INFO]   [325/2974] ✅ Fixed 2024-12-21 2歳未勝利
21:32:12 [INFO]   [321/2974] ✅ Fixed 2024-12-22 サンタクロースS
21:32:14 [INFO]   [322/2974] ✅ Fixed 2024-12-22 りんくうS
21:32:14 [WARNING] Request error for https://race.netkeiba.com/race/result.html?race_id=202408070809: HTTPSConnectionPool(host='race.netkeiba.com', port=443): Max retries exceeded with url: /race/result.html?race_id=202408070809 (Caused by SSLError(SSLEOFError(8, 'EOF occurred in violation of protocol (_ssl.c:997)'))) (attempt 1)
21:32:15 [INFO]   [326/2974] ✅ Fixed 2024-12-21 2歳未勝利
21:32:15 [INFO]   [327/2974] ✅ Fixed 2024-12-21 2歳未勝利
21:32:15 [INFO]   [328/2974] ✅ Fixed 2024-12-21 2歳新馬
21:32:15 [INFO]   [330/2974] ✅ Fixed 2024-12-21 2歳1勝クラス
21:32:16 [INFO]   [329/2974] ✅ Fixed 2024-12-21 2歳新馬
21:32:17 [INFO]   [331/2974] ✅ Fixed 2024-12-21 3歳以上1勝クラス
21:32:17 [INFO]   [332/2974] ✅ Fixed 2024-12-21 ノエル賞
21:32:18 [INFO]   [335/2974] ✅ Fixed 2024-12-21 2歳未勝利
21:32:19 [INFO]   [334/2974] ✅ Fixed 2024-12-21 クリスマスC
21:32:20 [INFO]   [336/2974] ✅ Fixed 2024-12-21 2歳未勝利
21:32:21 [INFO]   [333/2974] ✅ Fixed 2024-12-21 グレイトフルS
21:32:21 [INFO]   [337/2974] ✅ Fixed 2024-12-21 2歳未勝利
21:32:22 [INFO]   [339/2974] ✅ Fixed 2024-12-21 2歳新馬
21:32:22 [INFO]   [340/2974] ✅ Fixed 2024-12-21 2歳新馬
21:32:22 [INFO]   [338/2974] ✅ Fixed 2024-12-21 2歳未勝利
21:32:22 [INFO]   [341/2974] ✅ Fixed 2024-12-21 3歳以上1勝クラス
21:32:24 [INFO]   [343/2974] ✅ Fixed 2024-12-21 万両賞
21:32:24 [INFO]   [344/2974] ✅ Fixed 2024-12-21 御陵S
21:32:24 [INFO]   [342/2974] ✅ Fixed 2024-12-21 3歳以上1勝クラス
21:32:25 [INFO]   [320/2974] ✅ Fixed 2024-12-22 クリスマスエルフ賞
21:32:25 [INFO]   [345/2974] ✅ Fixed 2024-12-21 阪神カップ
21:32:26 [INFO]   [347/2974] ✅ Fixed 2024-12-15 2歳未勝利
21:32:26 [INFO]   [348/2974] ✅ Fixed 2024-12-15 2歳未勝利
21:32:27 [INFO]   [346/2974] ✅ Fixed 2024-12-21 3歳以上2勝クラス
21:32:27 [INFO]   [350/2974] ✅ Fixed 2024-12-15 2歳新馬
21:32:28 [INFO]   [349/2974] ✅ Fixed 2024-12-15 2歳未勝利
21:32:29 [INFO]   [355/2974] ✅ Fixed 2024-12-15 北総S
21:32:29 [INFO]   [351/2974] ✅ Fixed 2024-12-15 2歳新馬
21:32:30 [INFO]   [356/2974] ✅ Fixed 2024-12-15 ディセンバーS
21:32:30 [INFO]   [353/2974] ✅ Fixed 2024-12-15 3歳以上1勝クラス
21:32:31 [INFO]   [352/2974] ✅ Fixed 2024-12-15 2歳未勝利
21:32:31 [INFO]   [357/2974] ✅ Fixed 2024-12-15 3歳以上1勝クラス
21:32:32 [INFO]   [358/2974] ✅ Fixed 2024-12-15 2歳未勝利
21:32:32 [INFO]   [354/2974] ✅ Fixed 2024-12-15 香取特別
21:32:32 [INFO]   [359/2974] ✅ Fixed 2024-12-15 2歳未勝利
21:32:33 [INFO]   [362/2974] ✅ Fixed 2024-12-15 2歳新馬
21:32:34 [INFO]   [361/2974] ✅ Fixed 2024-12-15 2歳未勝利
21:32:34 [INFO]   [360/2974] ✅ Fixed 2024-12-15 2歳未勝利
21:32:35 [INFO]   [364/2974] ✅ Fixed 2024-12-15 3歳以上1勝クラス
21:32:35 [INFO]   [363/2974] ✅ Fixed 2024-12-15 2歳新馬
21:32:37 [INFO]   [365/2974] ✅ Fixed 2024-12-15 3歳以上1勝クラス
21:32:38 [INFO]   [366/2974] ✅ Fixed 2024-12-15 小倉山特別
21:32:38 [INFO]   [367/2974] ✅ Fixed 2024-12-15 サリオスC
21:32:39 [INFO]   [370/2974] ✅ Fixed 2024-12-15 2歳未勝利
21:32:39 [INFO]   [368/2974] ✅ Fixed 2024-12-15 朝日杯FS
21:32:39 [INFO]   [371/2974] ✅ Fixed 2024-12-15 3歳以上1勝クラス
21:32:40 [INFO]   [369/2974] ✅ Fixed 2024-12-15 東山S
21:32:41 [INFO]   [373/2974] ✅ Fixed 2024-12-15 2歳未勝利
21:32:42 [INFO]   [377/2974] ✅ Fixed 2024-12-15 3歳以上1勝クラス
21:32:42 [INFO]   [374/2974] ✅ Fixed 2024-12-15 2歳新馬
21:32:42 [INFO]   [372/2974] ✅ Fixed 2024-12-15 3歳以上1勝クラス
21:32:42 [INFO]   [376/2974] ✅ Fixed 2024-12-15 3歳以上1勝クラス
21:32:45 [INFO]   [375/2974] ✅ Fixed 2024-12-15 3歳以上1勝クラス
21:32:45 [INFO]   [379/2974] ✅ Fixed 2024-12-15 一宮特別
21:32:45 [INFO]   [378/2974] ✅ Fixed 2024-12-15 寒椿賞
21:32:45 [INFO]   [383/2974] ✅ Fixed 2024-12-14 2歳未勝利
21:32:46 [INFO]   [380/2974] ✅ Fixed 2024-12-15 コールドムーンS
21:32:47 [INFO]   [382/2974] ✅ Fixed 2024-12-14 2歳未勝利
21:32:47 [INFO]   [381/2974] ✅ Fixed 2024-12-15 尾張特別
21:32:47 [INFO]   [384/2974] ✅ Fixed 2024-12-14 2歳未勝利
21:32:48 [INFO]   [387/2974] ✅ Fixed 2024-12-14 2歳新馬
21:32:48 [INFO]   [385/2974] ✅ Fixed 2024-12-14 2歳未勝利
21:32:49 [INFO]   [386/2974] ✅ Fixed 2024-12-14 2歳新馬
21:32:49 [INFO]   [388/2974] ✅ Fixed 2024-12-14 2歳未勝利
21:32:50 [INFO]   [392/2974] ✅ Fixed 2024-12-14 ターコイズS
21:32:50 [INFO]   [391/2974] ✅ Fixed 2024-12-14 霞ヶ浦特別
21:32:51 [INFO]   [390/2974] ✅ Fixed 2024-12-14 ひいらぎ賞
21:32:52 [INFO]   [389/2974] ✅ Fixed 2024-12-14 3歳以上1勝クラス
21:32:52 [INFO]   [393/2974] ✅ Fixed 2024-12-14 3歳以上2勝クラス
21:32:53 [INFO]   [395/2974] ✅ Fixed 2024-12-14 2歳未勝利
21:32:54 [INFO]   [394/2974] ✅ Fixed 2024-12-14 2歳未勝利
21:32:55 [INFO]   [396/2974] ✅ Fixed 2024-12-14 2歳未勝利
21:32:56 [INFO]   [400/2974] ✅ Fixed 2024-12-14 3歳以上1勝クラス
21:32:56 [INFO]   [401/2974] ✅ Fixed 2024-12-14 深草特別
21:32:56 [INFO]   [397/2974] ✅ Fixed 2024-12-14 2歳新馬
21:32:56 [INFO]   [399/2974] ✅ Fixed 2024-12-14 2歳未勝利
21:32:58 [INFO]   [404/2974] ✅ Fixed 2024-12-14 3歳以上2勝クラス
21:32:58 [INFO]   [403/2974] ✅ Fixed 2024-12-14 タンザナイトS
21:32:58 [INFO]   [402/2974] ✅ Fixed 2024-12-14 出町特別
21:32:59 [INFO]   [407/2974] ✅ Fixed 2024-12-14 3歳以上1勝クラス
21:32:59 [INFO]   [408/2974] ✅ Fixed 2024-12-14 2歳未勝利
21:33:00 [INFO]   [405/2974] ✅ Fixed 2024-12-14 2歳未勝利
21:33:00 [INFO]   [409/2974] ✅ Fixed 2024-12-14 2歳未勝利
21:33:00 [INFO]   [406/2974] ✅ Fixed 2024-12-14 3歳以上1勝クラス
21:33:01 [INFO]   [410/2974] ✅ Fixed 2024-12-14 3歳以上1勝クラス
21:33:03 [INFO]   [411/2974] ✅ Fixed 2024-12-14 3歳以上1勝クラス
21:33:03 [INFO]   [416/2974] ✅ Fixed 2024-12-14 3歳以上1勝クラス
21:33:04 [INFO]   [412/2974] ✅ Fixed 2024-12-14 ヤングJSFR中京第1戦
21:33:04 [INFO]   [415/2974] ✅ Fixed 2024-12-14 尾頭橋S
21:33:05 [INFO]   [417/2974] ✅ Fixed 2024-12-08 2歳未勝利
21:33:05 [INFO]   [414/2974] ✅ Fixed 2024-12-14 ヤングJSFR中京第2戦
21:33:06 [INFO]   [418/2974] ✅ Fixed 2024-12-08 2歳未勝利
21:33:06 [INFO]   [413/2974] ✅ Fixed 2024-12-14 中京2歳S
21:33:08 [INFO]   [419/2974] ✅ Fixed 2024-12-08 2歳未勝利
21:33:08 [INFO]   [420/2974] ✅ Fixed 2024-12-08 2歳新馬
21:33:08 [INFO]   [422/2974] ✅ Fixed 2024-12-08 2歳1勝クラス
21:33:09 [INFO]   [421/2974] ✅ Fixed 2024-12-08 2歳新馬
21:33:10 [INFO]   [423/2974] ✅ Fixed 2024-12-08 3歳以上1勝クラス
21:33:10 [INFO]   [425/2974] ✅ Fixed 2024-12-08 師走S
21:33:10 [INFO]   [424/2974] ✅ Fixed 2024-12-08 チバテレ杯
21:33:10 [INFO]   [428/2974] ✅ Fixed 2024-12-08 2歳未勝利
21:33:12 [INFO]   [427/2974] ✅ Fixed 2024-12-08 3歳以上2勝クラス
21:33:12 [INFO]   [426/2974] ✅ Fixed 2024-12-08 カペラS
21:33:13 [INFO]   [429/2974] ✅ Fixed 2024-12-08 2歳未勝利
21:33:13 [INFO]   [431/2974] ✅ Fixed 2024-12-08 2歳新馬
21:33:14 [INFO]   [434/2974] ✅ Fixed 2024-12-08 3歳以上1勝クラス
21:33:14 [INFO]   [432/2974] ✅ Fixed 2024-12-08 2歳新馬
21:33:14 [INFO]   [430/2974] ✅ Fixed 2024-12-08 2歳未勝利
21:33:14 [INFO]   [435/2974] ✅ Fixed 2024-12-08 3歳以上2勝クラス
21:33:15 [INFO]   [433/2974] ✅ Fixed 2024-12-08 2歳1勝クラス
21:33:16 [INFO]   [436/2974] ✅ Fixed 2024-12-08 オリオンS
21:33:16 [INFO]   [437/2974] ✅ Fixed 2024-12-08 ブエナビスタC
21:33:19 [INFO]   [441/2974] ✅ Fixed 2024-12-08 2歳未勝利
21:33:19 [INFO]   [440/2974] ✅ Fixed 2024-12-08 2歳未勝利
21:33:19 [INFO]   [439/2974] ✅ Fixed 2024-12-08 鹿ケ谷特別
21:33:20 [INFO]   [442/2974] ✅ Fixed 2024-12-08 3歳以上1勝クラス
21:33:20 [INFO]   [444/2974] ✅ Fixed 2024-12-08 2歳新馬
21:33:21 [INFO]   [443/2974] ✅ Fixed 2024-12-08 2歳未勝利
21:33:22 [INFO]   [445/2974] ✅ Fixed 2024-12-08 3歳以上1勝クラス
21:33:22 [INFO]   [446/2974] ✅ Fixed 2024-12-08 3歳以上1勝クラス
21:33:22 [INFO]   [449/2974] ✅ Fixed 2024-12-08 名古屋日刊スポーツ杯
21:33:23 [INFO]   [448/2974] ✅ Fixed 2024-12-08 大須特別
21:33:24 [INFO]   [447/2974] ✅ Fixed 2024-12-08 3歳以上1勝クラス
21:33:24 [INFO]   [450/2974] ✅ Fixed 2024-12-08 知立S
21:33:25 [INFO]   [451/2974] ✅ Fixed 2024-12-08 3歳以上1勝クラス
21:33:26 [INFO]   [456/2974] ✅ Fixed 2024-12-07 2歳新馬
21:33:27 [INFO]   [458/2974] ✅ Fixed 2024-12-07 3歳以上1勝クラス
21:33:27 [INFO]   [452/2974] ✅ Fixed 2024-12-07 2歳未勝利
21:33:27 [INFO]   [453/2974] ✅ Fixed 2024-12-07 2歳未勝利
21:33:28 [INFO]   [454/2974] ✅ Fixed 2024-12-07 2歳未勝利
21:33:28 [INFO]   [455/2974] ✅ Fixed 2024-12-07 2歳未勝利
21:33:29 [INFO]   [459/2974] ✅ Fixed 2024-12-07 3歳以上1勝クラス
21:33:29 [INFO]   [457/2974] ✅ Fixed 2024-12-07 2歳新馬
21:33:31 [INFO]   [460/2974] ✅ Fixed 2024-12-07 黒松賞
21:33:31 [INFO]   [463/2974] ✅ Fixed 2024-12-07 3歳以上2勝クラス
21:33:32 [INFO]   [461/2974] ✅ Fixed 2024-12-07 アクアラインS
21:33:32 [INFO]   [467/2974] ✅ Fixed 2024-12-07 2歳新馬
21:33:33 [INFO]   [466/2974] ✅ Fixed 2024-12-07 2歳未勝利
21:33:33 [INFO]   [462/2974] ✅ Fixed 2024-12-07 常総S
21:33:33 [INFO]   [465/2974] ✅ Fixed 2024-12-07 2歳未勝利
21:33:34 [INFO]   [464/2974] ✅ Fixed 2024-12-07 2歳未勝利
21:33:35 [INFO]   [469/2974] ✅ Fixed 2024-12-07 2歳未勝利
21:33:36 [INFO]   [471/2974] ✅ Fixed 2024-12-07 エリカ賞
21:33:36 [INFO]   [468/2974] ✅ Fixed 2024-12-07 2歳新馬
21:33:36 [INFO]   [474/2974] ✅ Fixed 2024-12-07 3歳以上2勝クラス
21:33:37 [INFO]   [472/2974] ✅ Fixed 2024-12-07 花見小路特別
21:33:37 [INFO]   [470/2974] ✅ Fixed 2024-12-07 3歳以上1勝クラス
21:33:38 [INFO]   [473/2974] ✅ Fixed 2024-12-07 リゲルS
21:33:38 [INFO]   [476/2974] ✅ Fixed 2024-12-07 3歳以上1勝クラス
21:33:40 [INFO]   [475/2974] ✅ Fixed 2024-12-07 2歳未勝利
21:33:40 [INFO]   [477/2974] ✅ Fixed 2024-12-07 3歳以上1勝クラス
21:33:40 [INFO]   [480/2974] ✅ Fixed 2024-12-07 3歳以上1勝クラス
21:33:40 [INFO]   [478/2974] ✅ Fixed 2024-12-07 2歳未勝利
21:33:41 [INFO]   [481/2974] ✅ Fixed 2024-12-07 3歳以上1勝クラス
21:33:42 [INFO]   [482/2974] ✅ Fixed 2024-12-07 3歳以上1勝クラス
21:33:42 [INFO]   [479/2974] ✅ Fixed 2024-12-07 2歳新馬
21:33:42 [INFO]   [483/2974] ✅ Fixed 2024-12-07 つわぶき賞
21:33:44 [INFO]   [486/2974] ✅ Fixed 2024-12-07 3歳以上1勝クラス
21:33:44 [INFO]   [487/2974] ✅ Fixed 2024-12-01 2歳未勝利
21:33:45 [INFO]   [485/2974] ✅ Fixed 2024-12-07 中日新聞杯
21:33:45 [INFO]   [484/2974] ✅ Fixed 2024-12-07 鳴海特別
21:33:45 [INFO]   [489/2974] ✅ Fixed 2024-12-01 2歳未勝利
21:33:46 [INFO]   [488/2974] ✅ Fixed 2024-12-01 2歳未勝利
21:33:46 [INFO]   [490/2974] ✅ Fixed 2024-12-01 2歳新馬
21:33:47 [INFO]   [491/2974] ✅ Fixed 2024-12-01 2歳新馬
21:33:48 [INFO]   [492/2974] ✅ Fixed 2024-12-01 2歳1勝クラス
21:33:49 [INFO]   [493/2974] ✅ Fixed 2024-12-01 3歳以上1勝クラス
21:33:49 [INFO]   [495/2974] ✅ Fixed 2024-12-01 南総S
21:33:49 [INFO]   [498/2974] ✅ Fixed 2024-12-01 3歳以上2勝クラス
21:33:49 [INFO]   [496/2974] ✅ Fixed 2024-12-01 市川S
21:33:50 [INFO]   [499/2974] ✅ Fixed 2024-12-01 2歳未勝利
21:33:50 [INFO]   [494/2974] ✅ Fixed 2024-12-01 3歳以上2勝クラス
21:33:51 [INFO]   [497/2974] ✅ Fixed 2024-12-01 ラピスラズリS
21:33:52 [INFO]   [501/2974] ✅ Fixed 2024-12-01 2歳未勝利
21:33:53 [INFO]   [500/2974] ✅ Fixed 2024-12-01 2歳未勝利
21:33:54 [INFO]   [505/2974] ✅ Fixed 2024-12-01 3歳以上1勝クラス
21:33:54 [INFO]   [504/2974] ✅ Fixed 2024-12-01 2歳新馬
21:33:55 [INFO]   [507/2974] ✅ Fixed 2024-12-01 聚楽第特別
21:33:55 [INFO]   [503/2974] ✅ Fixed 2024-12-01 2歳新馬
21:33:55 [INFO]   [506/2974] ✅ Fixed 2024-12-01 3歳以上2勝クラス
21:33:56 [INFO]   [510/2974] ✅ Fixed 2024-12-01 3歳以上2勝クラス
21:33:56 [INFO]   [508/2974] ✅ Fixed 2024-12-01 嵯峨野S
21:33:58 [INFO]   [511/2974] ✅ Fixed 2024-12-01 2歳未勝利
21:33:58 [INFO]   [514/2974] ✅ Fixed 2024-12-01 2歳未勝利
21:33:59 [INFO]   [512/2974] ✅ Fixed 2024-12-01 3歳以上1勝クラス
21:33:59 [INFO]   [509/2974] ✅ Fixed 2024-12-01 ギャラクシーS
21:34:00 [INFO]   [517/2974] ✅ Fixed 2024-12-01 3歳以上1勝クラス
21:34:00 [INFO]   [516/2974] ✅ Fixed 2024-12-01 3歳以上1勝クラス
21:34:00 [INFO]   [513/2974] ✅ Fixed 2024-12-01 3歳以上1勝クラス
21:34:01 [INFO]   [515/2974] ✅ Fixed 2024-12-01 2歳未勝利
21:34:02 [INFO]   [518/2974] ✅ Fixed 2024-12-01 3歳以上1勝クラス
21:34:02 [INFO]   [521/2974] ✅ Fixed 2024-12-01 チャンピオンズC
21:34:03 [INFO]   [519/2974] ✅ Fixed 2024-12-01 こうやまき賞
21:34:03 [INFO]   [522/2974] ✅ Fixed 2024-12-01 栄特別
21:34:04 [INFO]   [520/2974] ✅ Fixed 2024-12-01 クロフネC
21:34:05 [INFO]   [524/2974] ✅ Fixed 2024-11-30 2歳未勝利
21:34:05 [INFO]   [523/2974] ✅ Fixed 2024-11-30 2歳未勝利
21:34:06 [INFO]   [527/2974] ✅ Fixed 2024-11-30 2歳新馬
21:34:06 [INFO]   [526/2974] ✅ Fixed 2024-11-30 2歳未勝利
21:34:07 [INFO]   [525/2974] ✅ Fixed 2024-11-30 2歳未勝利
21:34:07 [INFO]   [529/2974] ✅ Fixed 2024-11-30 3歳以上1勝クラス
21:34:08 [INFO]   [530/2974] ✅ Fixed 2024-11-30 葉牡丹賞
21:34:08 [INFO]   [528/2974] ✅ Fixed 2024-11-30 2歳新馬
21:34:09 [INFO]   [532/2974] ✅ Fixed 2024-11-30 ステイヤーズS
21:34:09 [INFO]   [531/2974] ✅ Fixed 2024-11-30 鹿島特別
21:34:10 [INFO]   [534/2974] ✅ Fixed 2024-11-30 2歳未勝利
21:34:10 [INFO]   [533/2974] ✅ Fixed 2024-11-30 3歳以上2勝クラス
21:34:11 [INFO]   [537/2974] ✅ Fixed 2024-11-30 2歳新馬
21:34:11 [INFO]   [535/2974] ✅ Fixed 2024-11-30 2歳未勝利
21:34:12 [INFO]   [536/2974] ✅ Fixed 2024-11-30 2歳未勝利
21:34:12 [INFO]   [540/2974] ✅ Fixed 2024-11-30 3歳以上1勝クラス
21:34:12 [INFO]   [538/2974] ✅ Fixed 2024-11-30 2歳新馬
21:34:15 [INFO]   [539/2974] ✅ Fixed 2024-11-30 2歳未勝利
21:34:15 [INFO]   [543/2974] ✅ Fixed 2024-11-30 姫路S
21:34:15 [INFO]   [541/2974] ✅ Fixed 2024-11-30 3歳以上1勝クラス
21:34:16 [INFO]   [542/2974] ✅ Fixed 2024-11-30 さざんか賞
21:34:16 [INFO]   [544/2974] ✅ Fixed 2024-11-30 チャレンジC
21:34:17 [INFO]   [547/2974] ✅ Fixed 2024-11-30 3歳以上1勝クラス
21:34:17 [INFO]   [545/2974] ✅ Fixed 2024-11-30 3歳以上2勝クラス
21:34:17 [INFO]   [546/2974] ✅ Fixed 2024-11-30 2歳未勝利
21:34:18 [INFO]   [548/2974] ✅ Fixed 2024-11-30 3歳以上1勝クラス
21:34:19 [INFO]   [552/2974] ✅ Fixed 2024-11-30 3歳以上1勝クラス
21:34:20 [INFO]   [549/2974] ✅ Fixed 2024-11-30 2歳未勝利
21:34:20 [INFO]   [551/2974] ✅ Fixed 2024-11-30 3歳以上1勝クラス
21:34:21 [INFO]   [550/2974] ✅ Fixed 2024-11-30 3歳以上1勝クラス
21:34:21 [INFO]   [554/2974] ✅ Fixed 2024-11-30 中京日経賞
21:34:22 [INFO]   [555/2974] ✅ Fixed 2024-11-30 飛騨S
21:34:22 [INFO]   [553/2974] ✅ Fixed 2024-11-30 犬山特別
21:34:23 [INFO]   [556/2974] ✅ Fixed 2024-11-30 3歳以上1勝クラス
21:34:24 [INFO]   [557/2974] ✅ Fixed 2024-11-24 2歳未勝利
21:34:24 [INFO]   [558/2974] ✅ Fixed 2024-11-24 2歳未勝利
21:34:25 [INFO]   [559/2974] ✅ Fixed 2024-11-24 2歳未勝利
21:34:25 [INFO]   [560/2974] ✅ Fixed 2024-11-24 2歳未勝利
21:34:26 [INFO]   [563/2974] ✅ Fixed 2024-11-24 3歳以上1勝クラス
21:34:26 [INFO]   [561/2974] ✅ Fixed 2024-11-24 2歳新馬
21:34:26 [INFO]   [564/2974] ✅ Fixed 2024-11-24 ベゴニア賞
21:34:27 [INFO]   [562/2974] ✅ Fixed 2024-11-24 2歳新馬
21:34:28 [INFO]   [566/2974] ✅ Fixed 2024-11-24 アプローズ賞
21:34:28 [INFO]   [565/2974] ✅ Fixed 2024-11-24 オリエンタル賞
21:34:29 [INFO]   [567/2974] ✅ Fixed 2024-11-24 ジャパンC
21:34:29 [INFO]   [568/2974] ✅ Fixed 2024-11-24 2歳未勝利
21:34:29 [INFO]   [571/2974] ✅ Fixed 2024-11-24 2歳新馬
21:34:29 [INFO]   [572/2974] ✅ Fixed 2024-11-24 3歳以上1勝クラス
21:34:30 [INFO]   [570/2974] ✅ Fixed 2024-11-24 2歳未勝利
21:34:31 [INFO]   [569/2974] ✅ Fixed 2024-11-24 2歳未勝利
21:34:33 [INFO]   [579/2974] ✅ Fixed 2024-11-24 京阪杯
21:34:33 [INFO]   [575/2974] ✅ Fixed 2024-11-24 3歳以上2勝クラス
21:34:33 [INFO]   [573/2974] ✅ Fixed 2024-11-24 2歳新馬
21:34:34 [INFO]   [578/2974] ✅ Fixed 2024-11-24 カノープスS
21:34:34 [INFO]   [574/2974] ✅ Fixed 2024-11-24 3歳以上1勝クラス
21:34:34 [INFO]   [577/2974] ✅ Fixed 2024-11-24 清水S
21:34:35 [INFO]   [576/2974] ✅ Fixed 2024-11-24 花園S
21:34:35 [INFO]   [580/2974] ✅ Fixed 2024-11-23 2歳未勝利
21:34:36 [INFO]   [581/2974] ✅ Fixed 2024-11-23 2歳未勝利
21:34:37 [INFO]   [582/2974] ✅ Fixed 2024-11-23 2歳未勝利
21:34:38 [INFO]   [586/2974] ✅ Fixed 2024-11-23 3歳以上1勝クラス
21:34:38 [INFO]   [587/2974] ✅ Fixed 2024-11-23 3歳以上2勝クラス
21:34:38 [INFO]   [584/2974] ✅ Fixed 2024-11-23 2歳新馬
21:34:38 [INFO]   [583/2974] ✅ Fixed 2024-11-23 2歳新馬
21:34:39 [INFO]   [589/2974] ✅ Fixed 2024-11-23 シャングリラS
21:34:39 [INFO]   [585/2974] ✅ Fixed 2024-11-23 3歳以上1勝クラス
21:34:40 [INFO]   [588/2974] ✅ Fixed 2024-11-23 カトレアS
21:34:42 [INFO]   [590/2974] ✅ Fixed 2024-11-23 キャピタルS
21:34:42 [INFO]   [591/2974] ✅ Fixed 2024-11-23 3歳以上2勝クラス
21:34:43 [INFO]   [593/2974] ✅ Fixed 2024-11-23 2歳未勝利
21:34:43 [INFO]   [592/2974] ✅ Fixed 2024-11-23 2歳未勝利
21:34:43 [INFO]   [594/2974] ✅ Fixed 2024-11-23 2歳未勝利
21:34:44 [INFO]   [595/2974] ✅ Fixed 2024-11-23 2歳新馬
21:34:44 [INFO]   [597/2974] ✅ Fixed 2024-11-23 3歳以上1勝クラス
21:34:46 [INFO]   [602/2974] ✅ Fixed 2024-11-23 3歳以上2勝クラス
21:34:47 [INFO]   [598/2974] ✅ Fixed 2024-11-23 3歳以上1勝クラス
21:34:47 [INFO]   [599/2974] ✅ Fixed 2024-11-23 栂尾特別
21:34:47 [INFO]   [600/2974] ✅ Fixed 2024-11-23 コントレイルM
21:34:48 [INFO]   [605/2974] ✅ Fixed 2024-11-17 2歳未勝利
21:34:48 [INFO]   [603/2974] ✅ Fixed 2024-11-17 2歳未勝利
21:34:49 [INFO]   [604/2974] ✅ Fixed 2024-11-17 2歳未勝利
21:34:49 [INFO]   [601/2974] ✅ Fixed 2024-11-23 京都2歳S
21:34:51 [INFO]   [608/2974] ✅ Fixed 2024-11-17 3歳以上1勝クラス
21:34:51 [INFO]   [610/2974] ✅ Fixed 2024-11-17 赤松賞
21:34:51 [INFO]   [606/2974] ✅ Fixed 2024-11-17 2歳新馬
21:34:52 [INFO]   [609/2974] ✅ Fixed 2024-11-17 3歳以上1勝クラス
21:34:52 [INFO]   [611/2974] ✅ Fixed 2024-11-17 3歳以上2勝クラス
21:34:53 [INFO]   [607/2974] ✅ Fixed 2024-11-17 2歳新馬
21:34:53 [INFO]   [613/2974] ✅ Fixed 2024-11-17 霜月S
21:34:54 [INFO]   [612/2974] ✅ Fixed 2024-11-17 秋色S
21:34:54 [INFO]   [614/2974] ✅ Fixed 2024-11-17 3歳以上2勝クラス
21:34:55 [INFO]   [616/2974] ✅ Fixed 2024-11-17 2歳未勝利
21:34:55 [INFO]   [615/2974] ✅ Fixed 2024-11-17 2歳未勝利
21:34:56 [INFO]   [618/2974] ✅ Fixed 2024-11-17 2歳新馬
21:34:57 [INFO]   [617/2974] ✅ Fixed 2024-11-17 2歳未勝利
21:34:58 [INFO]   [619/2974] ✅ Fixed 2024-11-17 2歳新馬
21:34:58 [INFO]   [622/2974] ✅ Fixed 2024-11-17 3歳以上2勝クラス
21:34:58 [INFO]   [621/2974] ✅ Fixed 2024-11-17 3歳以上1勝クラス
21:34:59 [INFO]   [620/2974] ✅ Fixed 2024-11-17 3歳以上1勝クラス
21:34:59 [INFO]   [624/2974] ✅ Fixed 2024-11-17 グランアレグリアC
21:35:00 [INFO]   [625/2974] ✅ Fixed 2024-11-17 マイルCS
21:35:00 [INFO]   [623/2974] ✅ Fixed 2024-11-17 比叡S
21:35:02 [INFO]   [630/2974] ✅ Fixed 2024-11-16 2歳新馬
21:35:03 [INFO]   [626/2974] ✅ Fixed 2024-11-17 壬生特別
21:35:03 [INFO]   [629/2974] ✅ Fixed 2024-11-16 2歳未勝利
21:35:04 [INFO]   [627/2974] ✅ Fixed 2024-11-16 2歳未勝利
21:35:04 [INFO]   [633/2974] ✅ Fixed 2024-11-16 3歳以上1勝クラス
21:35:05 [INFO]   [632/2974] ✅ Fixed 2024-11-16 2歳1勝クラス
21:35:05 [INFO]   [631/2974] ✅ Fixed 2024-11-16 2歳新馬
21:35:05 [INFO]   [628/2974] ✅ Fixed 2024-11-16 2歳未勝利
21:35:07 [INFO]   [635/2974] ✅ Fixed 2024-11-16 南武特別
21:35:08 [INFO]   [636/2974] ✅ Fixed 2024-11-16 晩秋S
21:35:08 [INFO]   [638/2974] ✅ Fixed 2024-11-16 3歳以上1勝クラス
21:35:09 [INFO]   [634/2974] ✅ Fixed 2024-11-16 3歳以上2勝クラス
21:35:09 [INFO]   [637/2974] ✅ Fixed 2024-11-16 東スポ杯2歳S
21:35:09 [INFO]   [639/2974] ✅ Fixed 2024-11-16 2歳未勝利
21:35:09 [INFO]   [642/2974] ✅ Fixed 2024-11-16 2歳未勝利
21:35:09 [INFO]   [641/2974] ✅ Fixed 2024-11-16 2歳未勝利
21:35:09 [INFO]   [640/2974] ✅ Fixed 2024-11-16 2歳未勝利
21:35:12 [INFO]   [649/2974] ✅ Fixed 2024-11-16 アンドロメダS
21:35:13 [INFO]   [643/2974] ✅ Fixed 2024-11-16 2歳新馬
21:35:14 [INFO]   [648/2974] ✅ Fixed 2024-11-16 近江特別
21:35:14 [INFO]   [646/2974] ✅ Fixed 2024-11-16 3歳以上2勝クラス
21:35:14 [INFO]   [647/2974] ✅ Fixed 2024-11-16 秋明菊賞
21:35:14 [INFO]   [645/2974] ✅ Fixed 2024-11-16 3歳以上1勝クラス
21:35:14 [INFO]   [650/2974] ✅ Fixed 2024-11-16 3歳以上2勝クラス
21:35:14 [INFO]   [644/2974] ✅ Fixed 2024-11-16 2歳新馬
21:35:16 [INFO]   [651/2974] ✅ Fixed 2024-11-10 2歳未勝利
21:35:17 [INFO]   [652/2974] ✅ Fixed 2024-11-10 2歳未勝利
21:35:18 [INFO]   [653/2974] ✅ Fixed 2024-11-10 2歳未勝利
21:35:19 [INFO]   [658/2974] ✅ Fixed 2024-11-10 3歳以上2勝クラス
21:35:19 [INFO]   [655/2974] ✅ Fixed 2024-11-10 2歳新馬
21:35:19 [INFO]   [656/2974] ✅ Fixed 2024-11-10 3歳以上1勝クラス
21:35:20 [INFO]   [657/2974] ✅ Fixed 2024-11-10 3歳以上2勝クラス
21:35:20 [INFO]   [654/2974] ✅ Fixed 2024-11-10 2歳新馬
21:35:21 [INFO]   [659/2974] ✅ Fixed 2024-11-10 銀嶺S
21:35:21 [INFO]   [661/2974] ✅ Fixed 2024-11-10 オーロC
21:35:21 [INFO]   [662/2974] ✅ Fixed 2024-11-10 3歳以上1勝クラス
21:35:22 [INFO]   [660/2974] ✅ Fixed 2024-11-10 ユートピアS
21:35:24 [INFO]   [668/2974] ✅ Fixed 2024-11-10 3歳以上1勝クラス
21:35:24 [INFO]   [664/2974] ✅ Fixed 2024-11-10 2歳未勝利
21:35:24 [INFO]   [667/2974] ✅ Fixed 2024-11-10 2歳新馬
21:35:24 [INFO]   [665/2974] ✅ Fixed 2024-11-10 2歳未勝利
21:35:25 [INFO]   [666/2974] ✅ Fixed 2024-11-10 2歳新馬
21:35:25 [INFO]   [669/2974] ✅ Fixed 2024-11-10 3歳以上2勝クラス
21:35:25 [INFO]   [663/2974] ✅ Fixed 2024-11-10 2歳未勝利
21:35:27 [INFO]   [671/2974] ✅ Fixed 2024-11-10 黄菊賞
21:35:28 [INFO]   [673/2974] ✅ Fixed 2024-11-10 エリザベス女王杯
21:35:28 [INFO]   [670/2974] ✅ Fixed 2024-11-10 3歳以上2勝クラス
21:35:29 [INFO]   [674/2974] ✅ Fixed 2024-11-10 ドンカスターC
21:35:30 [INFO]   [672/2974] ✅ Fixed 2024-11-10 ラッキーライラックC
21:35:30 [INFO]   [675/2974] ✅ Fixed 2024-11-09 2歳未勝利
21:35:31 [INFO]   [677/2974] ✅ Fixed 2024-11-09 2歳未勝利
21:35:31 [INFO]   [676/2974] ✅ Fixed 2024-11-09 2歳未勝利
21:35:31 [INFO]   [679/2974] ✅ Fixed 2024-11-09 2歳新馬
21:35:32 [INFO]   [681/2974] ✅ Fixed 2024-11-09 3歳以上1勝クラス
21:35:33 [INFO]   [678/2974] ✅ Fixed 2024-11-09 2歳未勝利
21:35:33 [INFO]   [680/2974] ✅ Fixed 2024-11-09 2歳新馬
21:35:34 [INFO]   [685/2974] ✅ Fixed 2024-11-09 武蔵野S
21:35:35 [INFO]   [686/2974] ✅ Fixed 2024-11-09 3歳以上2勝クラス
21:35:35 [INFO]   [687/2974] ✅ Fixed 2024-11-09 2歳未勝利
21:35:35 [INFO]   [682/2974] ✅ Fixed 2024-11-09 3歳以上2勝クラス
21:35:36 [INFO]   [683/2974] ✅ Fixed 2024-11-09 オキザリス賞
21:35:36 [INFO]   [684/2974] ✅ Fixed 2024-11-09 奥多摩S
21:35:36 [INFO]   [689/2974] ✅ Fixed 2024-11-09 2歳未勝利
21:35:37 [INFO]   [688/2974] ✅ Fixed 2024-11-09 2歳未勝利
21:35:38 [WARNING] Request error for https://race.netkeiba.com/race/result.html?race_id=202408060306: HTTPSConnectionPool(host='race.netkeiba.com', port=443): Max retries exceeded with url: /race/result.html?race_id=202408060306 (Caused by SSLError(SSLEOFError(8, 'EOF occurred in violation of protocol (_ssl.c:997)'))) (attempt 1)
21:35:39 [INFO]   [690/2974] ✅ Fixed 2024-11-09 2歳新馬
21:35:40 [INFO]   [691/2974] ✅ Fixed 2024-11-09 2歳新馬
21:35:40 [INFO]   [695/2974] ✅ Fixed 2024-11-09 室町S
21:35:40 [INFO]   [696/2974] ✅ Fixed 2024-11-09 デイリー杯2歳S
21:35:40 [INFO]   [694/2974] ✅ Fixed 2024-11-09 修学院S
21:35:41 [INFO]   [697/2974] ✅ Fixed 2024-11-09 3歳以上2勝クラス
21:35:41 [INFO]   [693/2974] ✅ Fixed 2024-11-09 3歳以上1勝クラス
21:35:43 [INFO]   [699/2974] ✅ Fixed 2024-11-03 2歳未勝利
21:35:44 [INFO]   [700/2974] ✅ Fixed 2024-11-03 2歳未勝利
21:35:46 [INFO]   [701/2974] ✅ Fixed 2024-11-03 2歳未勝利
21:35:46 [INFO]   [704/2974] ✅ Fixed 2024-11-03 3歳以上1勝クラス
21:35:46 [INFO]   [703/2974] ✅ Fixed 2024-11-03 2歳新馬
21:35:46 [INFO]   [702/2974] ✅ Fixed 2024-11-03 2歳新馬
21:35:47 [INFO]   [706/2974] ✅ Fixed 2024-11-03 3歳以上2勝クラス
21:35:47 [INFO]   [705/2974] ✅ Fixed 2024-11-03 3歳以上1勝クラス
21:35:49 [INFO]   [709/2974] ✅ Fixed 2024-11-03 アルゼンチン共和国杯
21:35:49 [INFO]   [692/2974] ✅ Fixed 2024-11-09 3歳以上1勝クラス
21:35:50 [INFO]   [708/2974] ✅ Fixed 2024-11-03 錦秋S
21:35:50 [INFO]   [707/2974] ✅ Fixed 2024-11-03 百日草特別
21:35:50 [INFO]   [711/2974] ✅ Fixed 2024-11-03 2歳未勝利
21:35:51 [INFO]   [710/2974] ✅ Fixed 2024-11-03 3歳以上2勝クラス
21:35:52 [INFO]   [713/2974] ✅ Fixed 2024-11-03 2歳未勝利
21:35:52 [INFO]   [715/2974] ✅ Fixed 2024-11-03 2歳新馬
21:35:53 [INFO]   [712/2974] ✅ Fixed 2024-11-03 2歳未勝利
21:35:53 [INFO]   [714/2974] ✅ Fixed 2024-11-03 2歳新馬
21:35:54 [INFO]   [717/2974] ✅ Fixed 2024-11-03 3歳以上2勝クラス
21:35:55 [INFO]   [719/2974] ✅ Fixed 2024-11-03 もちの木賞
21:35:55 [INFO]   [720/2974] ✅ Fixed 2024-11-03 醍醐S
21:35:55 [INFO]   [716/2974] ✅ Fixed 2024-11-03 3歳以上1勝クラス
21:35:55 [INFO]   [718/2974] ✅ Fixed 2024-11-03 3歳以上2勝クラス
21:35:56 [INFO]   [722/2974] ✅ Fixed 2024-11-03 3歳以上1勝クラス
21:35:57 [INFO]   [721/2974] ✅ Fixed 2024-11-03 みやこS
21:35:58 [INFO]   [727/2974] ✅ Fixed 2024-11-02 2歳未勝利
21:36:00 [INFO]   [729/2974] ✅ Fixed 2024-11-02 2歳新馬
21:36:00 [INFO]   [728/2974] ✅ Fixed 2024-11-02 2歳未勝利
21:36:00 [INFO]   [725/2974] ✅ Fixed 2024-11-02 2歳未勝利
21:36:01 [INFO]   [726/2974] ✅ Fixed 2024-11-02 2歳未勝利
21:36:02 [INFO]   [731/2974] ✅ Fixed 2024-11-02 3歳以上1勝クラス
21:36:02 [INFO]   [730/2974] ✅ Fixed 2024-11-02 2歳新馬
21:36:03 [INFO]   [732/2974] ✅ Fixed 2024-11-02 神奈川新聞杯
21:36:04 [INFO]   [736/2974] ✅ Fixed 2024-11-02 2歳未勝利
21:36:04 [INFO]   [733/2974] ✅ Fixed 2024-11-02 ノベンバーS
21:36:04 [INFO]   [737/2974] ✅ Fixed 2024-11-02 2歳未勝利
21:36:04 [INFO]   [734/2974] ✅ Fixed 2024-11-02 京王杯2歳S
21:36:05 [INFO]   [735/2974] ✅ Fixed 2024-11-02 3歳以上2勝クラス
21:36:05 [INFO]   [739/2974] ✅ Fixed 2024-11-02 2歳未勝利
21:36:07 [INFO]   [740/2974] ✅ Fixed 2024-11-02 2歳新馬
21:36:07 [INFO]   [741/2974] ✅ Fixed 2024-11-02 2歳新馬
21:36:07 [INFO]   [744/2974] ✅ Fixed 2024-11-02 貴船S
21:36:08 [INFO]   [738/2974] ✅ Fixed 2024-11-02 2歳未勝利
21:36:08 [INFO]   [745/2974] ✅ Fixed 2024-11-02 ファンタジーS
21:36:09 [INFO]   [742/2974] ✅ Fixed 2024-11-02 3歳以上1勝クラス
21:36:10 [INFO]   [743/2974] ✅ Fixed 2024-11-02 衣笠特別
21:36:10 [INFO]   [746/2974] ✅ Fixed 2024-11-02 3歳以上2勝クラス
21:36:11 [INFO]   [750/2974] ✅ Fixed 2024-10-27 2歳新馬
21:36:13 [INFO]   [747/2974] ✅ Fixed 2024-10-27 2歳未勝利
21:36:13 [INFO]   [749/2974] ✅ Fixed 2024-10-27 2歳未勝利
21:36:13 [INFO]   [748/2974] ✅ Fixed 2024-10-27 2歳未勝利
21:36:13 [INFO]   [754/2974] ✅ Fixed 2024-10-27 本栖湖特別
21:36:14 [INFO]   [751/2974] ✅ Fixed 2024-10-27 2歳新馬
21:36:14 [INFO]   [752/2974] ✅ Fixed 2024-10-27 3歳以上1勝クラス
21:36:16 [INFO]   [757/2974] ✅ Fixed 2024-10-27 天皇賞(秋)
21:36:16 [INFO]   [753/2974] ✅ Fixed 2024-10-27 3歳以上1勝クラス
21:36:16 [INFO]   [755/2974] ✅ Fixed 2024-10-27 国立特別
21:36:17 [INFO]   [756/2974] ✅ Fixed 2024-10-27 エイシンフラッシュC
21:36:17 [INFO]   [758/2974] ✅ Fixed 2024-10-27 ペルセウスS
21:36:17 [INFO]   [759/2974] ✅ Fixed 2024-10-27 2歳未勝利
21:36:18 [INFO]   [760/2974] ✅ Fixed 2024-10-27 2歳未勝利
21:36:19 [INFO]   [761/2974] ✅ Fixed 2024-10-27 2歳未勝利
21:36:19 [INFO]   [762/2974] ✅ Fixed 2024-10-27 2歳新馬
21:36:20 [INFO]   [763/2974] ✅ Fixed 2024-10-27 2歳新馬
21:36:21 [INFO]   [764/2974] ✅ Fixed 2024-10-27 3歳以上1勝クラス
21:36:21 [INFO]   [766/2974] ✅ Fixed 2024-10-27 3歳以上1勝クラス
21:36:21 [WARNING] Request error for https://race.netkeiba.com/race/result.html?race_id=202408050811: HTTPSConnectionPool(host='race.netkeiba.com', port=443): Max retries exceeded with url: /race/result.html?race_id=202408050811 (Caused by SSLError(SSLEOFError(8, 'EOF occurred in violation of protocol (_ssl.c:997)'))) (attempt 1)
21:36:22 [INFO]   [767/2974] ✅ Fixed 2024-10-27 北野特別
21:36:22 [INFO]   [765/2974] ✅ Fixed 2024-10-27 3歳以上1勝クラス
21:36:23 [INFO]   [770/2974] ✅ Fixed 2024-10-27 2歳未勝利
21:36:23 [INFO]   [769/2974] ✅ Fixed 2024-10-27 3歳以上2勝クラス
21:36:23 [INFO]   [771/2974] ✅ Fixed 2024-10-27 2歳未勝利
21:36:25 [INFO]   [772/2974] ✅ Fixed 2024-10-27 3歳以上1勝クラス
21:36:26 [INFO]   [773/2974] ✅ Fixed 2024-10-27 2歳未勝利
21:36:26 [INFO]   [774/2974] ✅ Fixed 2024-10-27 3歳以上1勝クラス
21:36:26 [INFO]   [777/2974] ✅ Fixed 2024-10-27 湯沢特別
21:36:27 [INFO]   [776/2974] ✅ Fixed 2024-10-27 3歳以上1勝クラス
21:36:27 [INFO]   [775/2974] ✅ Fixed 2024-10-27 3歳以上1勝クラス
21:36:28 [INFO]   [778/2974] ✅ Fixed 2024-10-27 清津峡特別
21:36:30 [INFO]   [784/2974] ✅ Fixed 2024-10-26 2歳新馬
21:36:30 [INFO]   [779/2974] ✅ Fixed 2024-10-27 ルミエールAD
21:36:31 [INFO]   [782/2974] ✅ Fixed 2024-10-26 2歳未勝利
21:36:31 [INFO]   [783/2974] ✅ Fixed 2024-10-26 2歳未勝利
21:36:31 [WARNING] Request error for https://race.netkeiba.com/race/result.html?race_id=202405040701: HTTPSConnectionPool(host='race.netkeiba.com', port=443): Max retries exceeded with url: /race/result.html?race_id=202405040701 (Caused by SSLError(SSLEOFError(8, 'EOF occurred in violation of protocol (_ssl.c:997)'))) (attempt 1)
21:36:31 [INFO]   [780/2974] ✅ Fixed 2024-10-27 3歳以上1勝クラス
21:36:32 [INFO]   [768/2974] ✅ Fixed 2024-10-27 カシオペアS
21:36:32 [INFO]   [785/2974] ✅ Fixed 2024-10-26 2歳新馬
21:36:33 [INFO]   [787/2974] ✅ Fixed 2024-10-26 3歳以上1勝クラス
21:36:34 [INFO]   [786/2974] ✅ Fixed 2024-10-26 3歳以上1勝クラス
21:36:34 [INFO]   [790/2974] ✅ Fixed 2024-10-26 キングカメハメハM
21:36:35 [INFO]   [791/2974] ✅ Fixed 2024-10-26 アルテミスS
21:36:37 [INFO]   [793/2974] ✅ Fixed 2024-10-26 2歳未勝利
21:36:37 [INFO]   [788/2974] ✅ Fixed 2024-10-26 3歳以上1勝クラス
21:36:37 [INFO]   [789/2974] ✅ Fixed 2024-10-26 伊勢佐木特別
21:36:38 [INFO]   [795/2974] ✅ Fixed 2024-10-26 2歳未勝利
21:36:38 [INFO]   [794/2974] ✅ Fixed 2024-10-26 2歳未勝利
21:36:38 [INFO]   [792/2974] ✅ Fixed 2024-10-26 3歳以上2勝クラス
21:36:39 [INFO]   [781/2974] ✅ Fixed 2024-10-26 2歳未勝利
21:36:40 [INFO]   [796/2974] ✅ Fixed 2024-10-26 2歳新馬
21:36:41 [INFO]   [799/2974] ✅ Fixed 2024-10-26 3歳以上1勝クラス
21:36:42 [INFO]   [800/2974] ✅ Fixed 2024-10-26 萩S
21:36:43 [INFO]   [802/2974] ✅ Fixed 2024-10-26 ハロウィンS
21:36:43 [INFO]   [798/2974] ✅ Fixed 2024-10-26 3歳以上1勝クラス
21:36:44 [INFO]   [801/2974] ✅ Fixed 2024-10-26 3歳以上2勝クラス
21:36:45 [INFO]   [805/2974] ✅ Fixed 2024-10-26 2歳未勝利
21:36:46 [INFO]   [804/2974] ✅ Fixed 2024-10-26 3歳以上2勝クラス
21:36:46 [INFO]   [806/2974] ✅ Fixed 2024-10-26 3歳以上1勝クラス
21:36:46 [INFO]   [809/2974] ✅ Fixed 2024-10-26 3歳以上1勝クラス
21:36:48 [INFO]   [808/2974] ✅ Fixed 2024-10-26 2歳未勝利
21:36:48 [INFO]   [807/2974] ✅ Fixed 2024-10-26 2歳新馬
21:36:48 [INFO]   [810/2974] ✅ Fixed 2024-10-26 3歳以上1勝クラス
21:36:49 [INFO]   [812/2974] ✅ Fixed 2024-10-26 直江津特別
21:36:49 [INFO]   [811/2974] ✅ Fixed 2024-10-26 柏崎特別
21:36:50 [INFO]   [814/2974] ✅ Fixed 2024-10-26 3歳以上1勝クラス
21:36:51 [INFO]   [815/2974] ✅ Fixed 2024-10-20 2歳未勝利
21:36:51 [INFO]   [813/2974] ✅ Fixed 2024-10-26 魚沼S
21:36:53 [INFO]   [817/2974] ✅ Fixed 2024-10-20 2歳未勝利
21:36:54 [INFO]   [816/2974] ✅ Fixed 2024-10-20 2歳未勝利
21:36:54 [INFO]   [819/2974] ✅ Fixed 2024-10-20 2歳新馬
21:36:55 [INFO]   [821/2974] ✅ Fixed 2024-10-20 3歳以上1勝クラス
21:36:55 [INFO]   [820/2974] ✅ Fixed 2024-10-20 2歳1勝クラス
21:36:55 [INFO]   [818/2974] ✅ Fixed 2024-10-20 2歳新馬
21:36:57 [INFO]   [822/2974] ✅ Fixed 2024-10-20 3歳以上1勝クラス
21:36:57 [INFO]   [823/2974] ✅ Fixed 2024-10-20 山中湖特別
21:36:59 [INFO]   [824/2974] ✅ Fixed 2024-10-20 甲斐路S
21:36:59 [INFO]   [826/2974] ✅ Fixed 2024-10-20 3歳以上2勝クラス
21:36:59 [INFO]   [829/2974] ✅ Fixed 2024-10-20 2歳新馬
21:37:00 [INFO]   [828/2974] ✅ Fixed 2024-10-20 2歳未勝利
21:37:00 [INFO]   [825/2974] ✅ Fixed 2024-10-20 ブラジルC
21:37:01 [INFO]   [827/2974] ✅ Fixed 2024-10-20 2歳未勝利
21:37:01 [WARNING] Request error for https://race.netkeiba.com/race/result.html?race_id=202408050705: HTTPSConnectionPool(host='race.netkeiba.com', port=443): Read timed out. (attempt 1)
21:37:01 [INFO]   [830/2974] ✅ Fixed 2024-10-20 2歳新馬
21:37:03 [INFO]   [834/2974] ✅ Fixed 2024-10-20 なでしこ賞
21:37:05 [INFO]   [833/2974] ✅ Fixed 2024-10-20 3歳以上2勝クラス
21:37:05 [INFO]   [831/2974] ✅ Fixed 2024-10-20 2歳新馬
21:37:05 [INFO]   [832/2974] ✅ Fixed 2024-10-20 3歳以上1勝クラス
21:37:05 [INFO]   [836/2974] ✅ Fixed 2024-10-20 キセキC
21:37:05 [INFO]   [835/2974] ✅ Fixed 2024-10-20 清滝特別
21:37:06 [INFO]   [837/2974] ✅ Fixed 2024-10-20 菊花賞
21:37:08 [INFO]   [840/2974] ✅ Fixed 2024-10-20 2歳未勝利
21:37:08 [INFO]   [838/2974] ✅ Fixed 2024-10-20 桂川S
21:37:09 [INFO]   [842/2974] ✅ Fixed 2024-10-20 2歳新馬
21:37:10 [INFO]   [839/2974] ✅ Fixed 2024-10-20 2歳未勝利
21:37:10 [INFO]   [843/2974] ✅ Fixed 2024-10-20 3歳以上1勝クラス
21:37:10 [INFO]   [844/2974] ✅ Fixed 2024-10-20 3歳以上1勝クラス
21:37:11 [INFO]   [841/2974] ✅ Fixed 2024-10-20 3歳以上1勝クラス
21:37:12 [INFO]   [797/2974] ✅ Fixed 2024-10-26 2歳新馬
21:37:13 [INFO]   [845/2974] ✅ Fixed 2024-10-20 3歳以上1勝クラス
21:37:14 [INFO]   [848/2974] ✅ Fixed 2024-10-20 新潟牝馬S
21:37:15 [INFO]   [851/2974] ✅ Fixed 2024-10-19 2歳未勝利
21:37:16 [INFO]   [846/2974] ✅ Fixed 2024-10-20 十日町特別
21:37:16 [INFO]   [850/2974] ✅ Fixed 2024-10-19 2歳未勝利
21:37:16 [INFO]   [849/2974] ✅ Fixed 2024-10-20 3歳以上1勝クラス
21:37:17 [INFO]   [853/2974] ✅ Fixed 2024-10-19 2歳新馬
21:37:18 [INFO]   [847/2974] ✅ Fixed 2024-10-20 妙高特別
21:37:18 [INFO]   [852/2974] ✅ Fixed 2024-10-19 2歳未勝利
21:37:19 [INFO]   [854/2974] ✅ Fixed 2024-10-19 2歳新馬
21:37:20 [INFO]   [859/2974] ✅ Fixed 2024-10-19 神無月S
21:37:21 [INFO]   [856/2974] ✅ Fixed 2024-10-19 3歳以上1勝クラス
21:37:21 [INFO]   [855/2974] ✅ Fixed 2024-10-19 2歳新馬
21:37:21 [INFO]   [858/2974] ✅ Fixed 2024-10-19 アイビーS
21:37:22 [INFO]   [857/2974] ✅ Fixed 2024-10-19 3歳以上2勝クラス
21:37:23 [INFO]   [861/2974] ✅ Fixed 2024-10-19 3歳以上1勝クラス
21:37:23 [INFO]   [860/2974] ✅ Fixed 2024-10-19 富士S
21:37:23 [INFO]   [865/2974] ✅ Fixed 2024-10-19 2歳新馬
21:37:23 [INFO]   [864/2974] ✅ Fixed 2024-10-19 2歳未勝利
21:37:25 [INFO]   [863/2974] ✅ Fixed 2024-10-19 2歳未勝利
21:37:26 [INFO]   [862/2974] ✅ Fixed 2024-10-19 2歳未勝利
21:37:26 [INFO]   [868/2974] ✅ Fixed 2024-10-19 3歳以上1勝クラス
21:37:26 [INFO]   [866/2974] ✅ Fixed 2024-10-19 2歳新馬
21:37:28 [INFO]   [871/2974] ✅ Fixed 2024-10-19 宝ケ池特別
21:37:29 [INFO]   [870/2974] ✅ Fixed 2024-10-19 北國新聞杯
21:37:29 [INFO]   [869/2974] ✅ Fixed 2024-10-19 3歳以上1勝クラス
21:37:29 [INFO]   [872/2974] ✅ Fixed 2024-10-19 オータムリーフS
21:37:31 [INFO]   [874/2974] ✅ Fixed 2024-10-19 2歳未勝利
21:37:31 [WARNING] Request error for https://race.netkeiba.com/race/result.html?race_id=202408050506: HTTPSConnectionPool(host='race.netkeiba.com', port=443): Max retries exceeded with url: /race/result.html?race_id=202408050506 (Caused by SSLError(SSLEOFError(8, 'EOF occurred in violation of protocol (_ssl.c:997)'))) (attempt 1)
21:37:31 [INFO]   [873/2974] ✅ Fixed 2024-10-19 3歳以上2勝クラス
21:37:31 [INFO]   [875/2974] ✅ Fixed 2024-10-19 2歳未勝利
21:37:32 [INFO]   [876/2974] ✅ Fixed 2024-10-19 2歳未勝利
21:37:33 [INFO]   [877/2974] ✅ Fixed 2024-10-19 3歳以上1勝クラス
21:37:33 [INFO]   [878/2974] ✅ Fixed 2024-10-19 3歳以上1勝クラス
21:37:34 [INFO]   [880/2974] ✅ Fixed 2024-10-19 岩船特別
21:37:35 [INFO]   [879/2974] ✅ Fixed 2024-10-19 3歳以上1勝クラス
21:37:36 [INFO]   [881/2974] ✅ Fixed 2024-10-19 村上特別
21:37:36 [INFO]   [882/2974] ✅ Fixed 2024-10-19 北陸S
21:37:37 [INFO]   [885/2974] ✅ Fixed 2024-10-14 2歳未勝利
21:37:37 [INFO]   [883/2974] ✅ Fixed 2024-10-19 3歳以上1勝クラス
21:37:38 [INFO]   [884/2974] ✅ Fixed 2024-10-14 2歳未勝利
21:37:38 [INFO]   [887/2974] ✅ Fixed 2024-10-14 2歳新馬
21:37:39 [INFO]   [886/2974] ✅ Fixed 2024-10-14 2歳未勝利
21:37:39 [INFO]   [867/2974] ✅ Fixed 2024-10-19 3歳以上1勝クラス
21:37:39 [INFO]   [888/2974] ✅ Fixed 2024-10-14 2歳新馬
21:37:40 [INFO]   [889/2974] ✅ Fixed 2024-10-14 3歳以上1勝クラス
21:37:40 [INFO]   [891/2974] ✅ Fixed 2024-10-14 3歳以上1勝クラス
21:37:41 [INFO]   [892/2974] ✅ Fixed 2024-10-14 プラタナス賞
21:37:42 [INFO]   [893/2974] ✅ Fixed 2024-10-14 白秋S
21:37:42 [INFO]   [895/2974] ✅ Fixed 2024-10-14 3歳以上2勝クラス
21:37:42 [INFO]   [890/2974] ✅ Fixed 2024-10-14 3歳以上2勝クラス
21:37:44 [INFO]   [894/2974] ✅ Fixed 2024-10-14 府中牝馬S
21:37:45 [INFO]   [901/2974] ✅ Fixed 2024-10-14 3歳以上1勝クラス
21:37:45 [INFO]   [897/2974] ✅ Fixed 2024-10-14 2歳未勝利
21:37:45 [INFO]   [899/2974] ✅ Fixed 2024-10-14 3歳以上1勝クラス
21:37:45 [INFO]   [900/2974] ✅ Fixed 2024-10-14 2歳新馬
21:37:46 [INFO]   [898/2974] ✅ Fixed 2024-10-14 2歳未勝利
21:37:47 [INFO]   [902/2974] ✅ Fixed 2024-10-14 3歳以上1勝クラス
21:37:47 [INFO]   [903/2974] ✅ Fixed 2024-10-14 3歳以上1勝クラス
21:37:47 [WARNING] Request error for https://race.netkeiba.com/race/result.html?race_id=202404040401: HTTPSConnectionPool(host='race.netkeiba.com', port=443): Max retries exceeded with url: /race/result.html?race_id=202404040401 (Caused by SSLError(SSLEOFError(8, 'EOF occurred in violation of protocol (_ssl.c:997)'))) (attempt 1)
21:37:49 [INFO]   [904/2974] ✅ Fixed 2024-10-14 稲光特別
21:37:49 [INFO]   [906/2974] ✅ Fixed 2024-10-14 信越S
21:37:50 [INFO]   [907/2974] ✅ Fixed 2024-10-14 3歳以上1勝クラス
21:37:51 [INFO]   [910/2974] ✅ Fixed 2024-10-13 2歳未勝利
21:37:51 [INFO]   [908/2974] ✅ Fixed 2024-10-13 2歳未勝利
21:37:52 [INFO]   [909/2974] ✅ Fixed 2024-10-13 2歳未勝利
21:37:52 [WARNING] Request error for https://race.netkeiba.com/race/result.html?race_id=202405040306: HTTPSConnectionPool(host='race.netkeiba.com', port=443): Max retries exceeded with url: /race/result.html?race_id=202405040306 (Caused by SSLError(SSLEOFError(8, 'EOF occurred in violation of protocol (_ssl.c:997)'))) (attempt 1)
21:37:52 [INFO]   [905/2974] ✅ Fixed 2024-10-14 菅名岳特別
21:37:52 [INFO]   [911/2974] ✅ Fixed 2024-10-13 2歳新馬
21:37:54 [INFO]   [912/2974] ✅ Fixed 2024-10-13 2歳新馬
21:37:54 [INFO]   [915/2974] ✅ Fixed 2024-10-13 3歳以上2勝クラス
21:37:55 [INFO]   [916/2974] ✅ Fixed 2024-10-13 テレビ静岡賞
21:37:56 [INFO]   [917/2974] ✅ Fixed 2024-10-13 オクトーバーS
21:37:56 [INFO]   [896/2974] ✅ Fixed 2024-10-14 2歳未勝利
21:37:56 [INFO]   [914/2974] ✅ Fixed 2024-10-13 3歳以上1勝クラス
21:37:58 [INFO]   [918/2974] ✅ Fixed 2024-10-13 西湖特別
21:37:58 [INFO]   [920/2974] ✅ Fixed 2024-10-13 2歳未勝利
21:37:59 [INFO]   [921/2974] ✅ Fixed 2024-10-13 2歳未勝利
21:37:59 [INFO]   [919/2974] ✅ Fixed 2024-10-13 2歳未勝利
21:38:00 [INFO]   [923/2974] ✅ Fixed 2024-10-13 2歳新馬
21:38:00 [INFO]   [922/2974] ✅ Fixed 2024-10-13 2歳新馬
21:38:02 [INFO]   [924/2974] ✅ Fixed 2024-10-13 3歳以上1勝クラス
21:38:02 [INFO]   [926/2974] ✅ Fixed 2024-10-13 もみじS
21:38:02 [INFO]   [913/2974] ✅ Fixed 2024-10-13 3歳以上1勝クラス
21:38:03 [INFO]   [929/2974] ✅ Fixed 2024-10-13 秋華賞
21:38:04 [INFO]   [925/2974] ✅ Fixed 2024-10-13 3歳以上2勝クラス
21:38:04 [INFO]   [927/2974] ✅ Fixed 2024-10-13 3歳以上1勝クラス
21:38:05 [INFO]   [930/2974] ✅ Fixed 2024-10-13 亀岡特別
21:38:06 [INFO]   [931/2974] ✅ Fixed 2024-10-12 2歳未勝利
21:38:07 [INFO]   [934/2974] ✅ Fixed 2024-10-12 2歳新馬
21:38:07 [INFO]   [932/2974] ✅ Fixed 2024-10-12 2歳未勝利
21:38:07 [INFO]   [933/2974] ✅ Fixed 2024-10-12 2歳未勝利
21:38:08 [INFO]   [935/2974] ✅ Fixed 2024-10-12 2歳新馬
21:38:08 [INFO]   [939/2974] ✅ Fixed 2024-10-12 3歳以上2勝クラス
21:38:09 [INFO]   [936/2974] ✅ Fixed 2024-10-12 3歳以上1勝クラス
21:38:10 [INFO]   [938/2974] ✅ Fixed 2024-10-12 紫菊賞
21:38:11 [INFO]   [937/2974] ✅ Fixed 2024-10-12 3歳以上1勝クラス
21:38:12 [INFO]   [940/2974] ✅ Fixed 2024-10-12 大原S
21:38:12 [INFO]   [944/2974] ✅ Fixed 2024-10-12 2歳未勝利
21:38:12 [INFO]   [942/2974] ✅ Fixed 2024-10-12 3歳以上2勝クラス
21:38:13 [INFO]   [943/2974] ✅ Fixed 2024-10-12 2歳新馬
21:38:13 [INFO]   [941/2974] ✅ Fixed 2024-10-12 大阪スポーツ杯
21:38:14 [INFO]   [946/2974] ✅ Fixed 2024-10-12 3歳以上1勝クラス
21:38:14 [INFO]   [945/2974] ✅ Fixed 2024-10-12 3歳以上1勝クラス
21:38:15 [INFO]   [947/2974] ✅ Fixed 2024-10-12 朝日岳特別
21:38:15 [INFO]   [948/2974] ✅ Fixed 2024-10-12 粟島特別
21:38:16 [INFO]   [952/2974] ✅ Fixed 2024-10-06 2歳未勝利
21:38:16 [INFO]   [949/2974] ✅ Fixed 2024-10-12 飛翼特別
21:38:17 [INFO]   [951/2974] ✅ Fixed 2024-10-06 2歳未勝利
21:38:18 [INFO]   [953/2974] ✅ Fixed 2024-10-06 2歳新馬
21:38:18 [INFO]   [956/2974] ✅ Fixed 2024-10-06 3歳以上1勝クラス
21:38:19 [INFO]   [950/2974] ✅ Fixed 2024-10-12 3歳以上1勝クラス
21:38:19 [INFO]   [955/2974] ✅ Fixed 2024-10-06 2歳新馬
21:38:19 [INFO]   [954/2974] ✅ Fixed 2024-10-06 2歳新馬
21:38:20 [INFO]   [957/2974] ✅ Fixed 2024-10-06 3歳以上1勝クラス
21:38:21 [INFO]   [958/2974] ✅ Fixed 2024-10-06 3歳以上2勝クラス
21:38:22 [INFO]   [959/2974] ✅ Fixed 2024-10-06 昇仙峡S
21:38:22 [INFO]   [960/2974] ✅ Fixed 2024-10-06 グリーンチャンネルC
21:38:23 [INFO]   [961/2974] ✅ Fixed 2024-10-06 毎日王冠
21:38:23 [INFO]   [964/2974] ✅ Fixed 2024-10-06 2歳未勝利
21:38:24 [INFO]   [963/2974] ✅ Fixed 2024-10-06 2歳未勝利
21:38:24 [INFO]   [962/2974] ✅ Fixed 2024-10-06 3歳以上2勝クラス
21:38:25 [INFO]   [966/2974] ✅ Fixed 2024-10-06 2歳新馬
21:38:26 [INFO]   [965/2974] ✅ Fixed 2024-10-06 2歳新馬
21:38:27 [INFO]   [968/2974] ✅ Fixed 2024-10-06 3歳以上1勝クラス
21:38:28 [INFO]   [971/2974] ✅ Fixed 2024-10-06 長岡京S
21:38:28 [INFO]   [972/2974] ✅ Fixed 2024-10-06 藤森S
21:38:28 [INFO]   [970/2974] ✅ Fixed 2024-10-06 3歳以上2勝クラス
21:38:29 [INFO]   [969/2974] ✅ Fixed 2024-10-06 3歳以上1勝クラス
21:38:29 [WARNING] Request error for https://race.netkeiba.com/race/result.html?race_id=202408050205: HTTPSConnectionPool(host='race.netkeiba.com', port=443): Max retries exceeded with url: /race/result.html?race_id=202408050205 (Caused by SSLError(SSLEOFError(8, 'EOF occurred in violation of protocol (_ssl.c:997)'))) (attempt 1)
21:38:30 [INFO]   [973/2974] ✅ Fixed 2024-10-06 京都大賞典
21:38:31 [INFO]   [974/2974] ✅ Fixed 2024-10-06 3歳以上2勝クラス
21:38:32 [INFO]   [978/2974] ✅ Fixed 2024-10-05 2歳新馬
21:38:32 [INFO]   [979/2974] ✅ Fixed 2024-10-05 2歳新馬
21:38:33 [INFO]   [975/2974] ✅ Fixed 2024-10-05 2歳未勝利
21:38:33 [INFO]   [976/2974] ✅ Fixed 2024-10-05 2歳未勝利
21:38:34 [INFO]   [980/2974] ✅ Fixed 2024-10-05 3歳以上1勝クラス
21:38:34 [INFO]   [977/2974] ✅ Fixed 2024-10-05 2歳未勝利
21:38:36 [INFO]   [983/2974] ✅ Fixed 2024-10-05 tvk賞
21:38:37 [INFO]   [981/2974] ✅ Fixed 2024-10-05 3歳以上1勝クラス
21:38:37 [INFO]   [987/2974] ✅ Fixed 2024-10-05 2歳未勝利
21:38:38 [INFO]   [982/2974] ✅ Fixed 2024-10-05 3歳以上1勝クラス
21:38:38 [INFO]   [967/2974] ✅ Fixed 2024-10-06 2歳新馬
21:38:38 [INFO]   [984/2974] ✅ Fixed 2024-10-05 赤富士S
21:38:38 [INFO]   [985/2974] ✅ Fixed 2024-10-05 サウジアラビアRC
21:38:39 [INFO]   [986/2974] ✅ Fixed 2024-10-05 3歳以上2勝クラス
21:38:40 [INFO]   [988/2974] ✅ Fixed 2024-10-05 2歳未勝利
21:38:41 [INFO]   [992/2974] ✅ Fixed 2024-10-05 3歳以上1勝クラス
21:38:42 [INFO]   [990/2974] ✅ Fixed 2024-10-05 2歳新馬
21:38:42 [INFO]   [989/2974] ✅ Fixed 2024-10-05 2歳未勝利
21:38:42 [INFO]   [995/2974] ✅ Fixed 2024-10-05 りんどう賞
21:38:43 [INFO]   [994/2974] ✅ Fixed 2024-10-05 3歳以上2勝クラス
21:38:43 [INFO]   [991/2974] ✅ Fixed 2024-10-05 2歳新馬
21:38:44 [INFO]   [993/2974] ✅ Fixed 2024-10-05 3歳以上1勝クラス
21:38:44 [INFO]   [996/2974] ✅ Fixed 2024-10-05 大山崎S
21:38:45 [INFO]   [997/2974] ✅ Fixed 2024-10-05 オパールS
21:38:45 [INFO]   [999/2974] ✅ Fixed 2024-09-29 2歳未勝利
21:38:46 [INFO]   [1000/2974] ✅ Fixed 2024-09-29 2歳未勝利
21:38:47 [INFO]   [998/2974] ✅ Fixed 2024-10-05 3歳以上2勝クラス
21:38:48 [INFO]   [1004/2974] ✅ Fixed 2024-09-29 3歳以上1勝クラス
21:38:48 [INFO]   [1002/2974] ✅ Fixed 2024-09-29 3歳以上1勝クラス
21:38:48 [INFO]   [1001/2974] ✅ Fixed 2024-09-29 2歳新馬
21:38:49 [INFO]   [1003/2974] ✅ Fixed 2024-09-29 2歳新馬
21:38:50 [INFO]   [1006/2974] ✅ Fixed 2024-09-29 3歳以上2勝クラス
21:38:50 [INFO]   [1007/2974] ✅ Fixed 2024-09-29 サフラン賞
21:38:51 [INFO]   [1008/2974] ✅ Fixed 2024-09-29 サクラバクシンオーC
21:38:52 [INFO]   [1005/2974] ✅ Fixed 2024-09-29 3歳以上1勝クラス
21:38:52 [INFO]   [1009/2974] ✅ Fixed 2024-09-29 スプリンターズS
21:38:52 [INFO]   [1012/2974] ✅ Fixed 2024-09-29 2歳未勝利
21:38:53 [INFO]   [1011/2974] ✅ Fixed 2024-09-29 2歳未勝利
21:38:53 [INFO]   [1010/2974] ✅ Fixed 2024-09-29 外房S
21:38:54 [INFO]   [1014/2974] ✅ Fixed 2024-09-29 3歳以上1勝クラス
21:38:55 [INFO]   [1013/2974] ✅ Fixed 2024-09-29 2歳新馬
21:38:56 [INFO]   [1015/2974] ✅ Fixed 2024-09-29 2歳新馬
21:38:57 [INFO]   [1019/2974] ✅ Fixed 2024-09-29 常滑特別
21:38:57 [INFO]   [1020/2974] ✅ Fixed 2024-09-29 白川郷S
21:38:57 [INFO]   [1018/2974] ✅ Fixed 2024-09-29 3歳以上2勝クラス
21:38:58 [INFO]   [1017/2974] ✅ Fixed 2024-09-29 3歳以上1勝クラス
21:38:58 [INFO]   [1016/2974] ✅ Fixed 2024-09-29 3歳以上1勝クラス
21:39:00 [INFO]   [1021/2974] ✅ Fixed 2024-09-29 ポートアイランドS
21:39:00 [INFO]   [1022/2974] ✅ Fixed 2024-09-29 3歳以上2勝クラス
21:39:00 [INFO]   [1024/2974] ✅ Fixed 2024-09-28 2歳未勝利
21:39:01 [WARNING] Request error for https://race.netkeiba.com/race/result.html?race_id=202406040802: HTTPSConnectionPool(host='race.netkeiba.com', port=443): Max retries exceeded with url: /race/result.html?race_id=202406040802 (Caused by SSLError(SSLEOFError(8, 'EOF occurred in violation of protocol (_ssl.c:997)'))) (attempt 1)
21:39:01 [INFO]   [1025/2974] ✅ Fixed 2024-09-28 2歳未勝利
21:39:01 [INFO]   [1026/2974] ✅ Fixed 2024-09-28 2歳新馬
21:39:02 [INFO]   [1027/2974] ✅ Fixed 2024-09-28 2歳新馬
21:39:03 [INFO]   [1030/2974] ✅ Fixed 2024-09-28 芙蓉S
21:39:04 [INFO]   [1028/2974] ✅ Fixed 2024-09-28 3歳以上1勝クラス
21:39:05 [INFO]   [1029/2974] ✅ Fixed 2024-09-28 3歳以上1勝クラス
21:39:05 [INFO]   [1033/2974] ✅ Fixed 2024-09-28 3歳以上2勝クラス
21:39:06 [INFO]   [1031/2974] ✅ Fixed 2024-09-28 茨城新聞杯
21:39:06 [INFO]   [1032/2974] ✅ Fixed 2024-09-28 秋風S
21:39:07 [INFO]   [1034/2974] ✅ Fixed 2024-09-28 2歳未勝利
21:39:07 [INFO]   [1036/2974] ✅ Fixed 2024-09-28 2歳未勝利
21:39:08 [INFO]   [1035/2974] ✅ Fixed 2024-09-28 2歳未勝利
21:39:09 [INFO]   [1037/2974] ✅ Fixed 2024-09-28 2歳新馬
21:39:10 [INFO]   [1039/2974] ✅ Fixed 2024-09-28 3歳以上1勝クラス
21:39:10 [INFO]   [1038/2974] ✅ Fixed 2024-09-28 2歳新馬
21:39:10 [INFO]   [1040/2974] ✅ Fixed 2024-09-28 3歳以上1勝クラス
21:39:11 [INFO]   [1023/2974] ✅ Fixed 2024-09-28 2歳未勝利
21:39:12 [INFO]   [1042/2974] ✅ Fixed 2024-09-28 ヤマボウシ賞
21:39:12 [INFO]   [1041/2974] ✅ Fixed 2024-09-28 3歳以上2勝クラス
21:39:12 [INFO]   [1044/2974] ✅ Fixed 2024-09-28 シリウスS
21:39:13 [INFO]   [1043/2974] ✅ Fixed 2024-09-28 高山S
21:39:13 [INFO]   [1045/2974] ✅ Fixed 2024-09-28 3歳以上1勝クラス
21:39:14 [INFO]   [1046/2974] ✅ Fixed 2024-09-22 2歳未勝利
21:39:15 [INFO]   [1048/2974] ✅ Fixed 2024-09-22 2歳未勝利
21:39:16 [INFO]   [1047/2974] ✅ Fixed 2024-09-22 2歳未勝利
21:39:16 [INFO]   [1050/2974] ✅ Fixed 2024-09-22 2歳新馬
21:39:16 [INFO]   [1051/2974] ✅ Fixed 2024-09-22 3歳以上1勝クラス
21:39:16 [INFO]   [1049/2974] ✅ Fixed 2024-09-22 2歳新馬
21:39:17 [INFO]   [1055/2974] ✅ Fixed 2024-09-22 内房S
21:39:17 [INFO]   [1052/2974] ✅ Fixed 2024-09-22 3歳以上1勝クラス
21:39:19 [INFO]   [1054/2974] ✅ Fixed 2024-09-22 木更津特別
21:39:19 [INFO]   [1057/2974] ✅ Fixed 2024-09-22 3歳以上2勝クラス
21:39:19 [INFO]   [1060/2974] ✅ Fixed 2024-09-22 2歳新馬
21:39:20 [INFO]   [1059/2974] ✅ Fixed 2024-09-22 2歳未勝利
21:39:20 [INFO]   [1056/2974] ✅ Fixed 2024-09-22 オールカマー
21:39:21 [INFO]   [1061/2974] ✅ Fixed 2024-09-22 2歳新馬
21:39:22 [INFO]   [1062/2974] ✅ Fixed 2024-09-22 3歳以上1勝クラス
21:39:22 [INFO]   [1064/2974] ✅ Fixed 2024-09-22 3歳以上1勝クラス
21:39:22 [INFO]   [1066/2974] ✅ Fixed 2024-09-22 志摩S
21:39:24 [INFO]   [1063/2974] ✅ Fixed 2024-09-22 3歳以上1勝クラス
21:39:24 [INFO]   [1058/2974] ✅ Fixed 2024-09-22 2歳未勝利
21:39:24 [INFO]   [1065/2974] ✅ Fixed 2024-09-22 夕月特別
21:39:25 [INFO]   [1068/2974] ✅ Fixed 2024-09-22 3歳以上2勝クラス
21:39:25 [INFO]   [1067/2974] ✅ Fixed 2024-09-22 神戸新聞杯
21:39:26 [INFO]   [1070/2974] ✅ Fixed 2024-09-21 2歳未勝利
21:39:27 [INFO]   [1069/2974] ✅ Fixed 2024-09-21 2歳未勝利
21:39:27 [INFO]   [1071/2974] ✅ Fixed 2024-09-21 2歳新馬
21:39:28 [INFO]   [1073/2974] ✅ Fixed 2024-09-21 2歳新馬
21:39:28 [INFO]   [1076/2974] ✅ Fixed 2024-09-21 カンナS
21:39:28 [INFO]   [1075/2974] ✅ Fixed 2024-09-21 3歳以上1勝クラス
21:39:28 [INFO]   [1072/2974] ✅ Fixed 2024-09-21 3歳以上1勝クラス
21:39:29 [INFO]   [1074/2974] ✅ Fixed 2024-09-21 3歳以上1勝クラス
21:39:30 [INFO]   [1077/2974] ✅ Fixed 2024-09-21 九十九里特別
21:39:30 [INFO]   [1079/2974] ✅ Fixed 2024-09-21 3歳以上2勝クラス
21:39:32 [INFO]   [1078/2974] ✅ Fixed 2024-09-21 ながつきS
21:39:32 [INFO]   [1083/2974] ✅ Fixed 2024-09-21 2歳新馬
21:39:33 [INFO]   [1081/2974] ✅ Fixed 2024-09-21 2歳未勝利
21:39:33 [INFO]   [1080/2974] ✅ Fixed 2024-09-21 2歳未勝利
21:39:33 [INFO]   [1082/2974] ✅ Fixed 2024-09-21 2歳未勝利
21:39:35 [INFO]   [1087/2974] ✅ Fixed 2024-09-21 野路菊S
21:39:35 [INFO]   [1086/2974] ✅ Fixed 2024-09-21 3歳以上1勝クラス
21:39:35 [INFO]   [1084/2974] ✅ Fixed 2024-09-21 2歳新馬
21:39:36 [INFO]   [1085/2974] ✅ Fixed 2024-09-21 3歳以上1勝クラス
21:39:36 [INFO]   [1089/2974] ✅ Fixed 2024-09-21 賢島特別
21:39:36 [INFO]   [1090/2974] ✅ Fixed 2024-09-21 伊賀S
21:39:37 [INFO]   [1088/2974] ✅ Fixed 2024-09-21 3歳以上1勝クラス
21:39:38 [INFO]   [1094/2974] ✅ Fixed 2024-09-16 2歳未勝利
21:39:38 [INFO]   [1091/2974] ✅ Fixed 2024-09-21 3歳以上2勝クラス
21:39:40 [INFO]   [1097/2974] ✅ Fixed 2024-09-16 3歳以上1勝クラス
21:39:40 [INFO]   [1093/2974] ✅ Fixed 2024-09-16 2歳未勝利
21:39:40 [INFO]   [1092/2974] ✅ Fixed 2024-09-16 2歳未勝利
21:39:41 [INFO]   [1098/2974] ✅ Fixed 2024-09-16 3歳以上1勝クラス
21:39:43 [INFO]   [1096/2974] ✅ Fixed 2024-09-16 2歳新馬
21:39:43 [INFO]   [1095/2974] ✅ Fixed 2024-09-16 2歳新馬
21:39:43 [INFO]   [1100/2974] ✅ Fixed 2024-09-16 習志野特別
21:39:43 [INFO]   [1099/2974] ✅ Fixed 2024-09-16 鋸山特別
21:39:44 [INFO]   [1101/2974] ✅ Fixed 2024-09-16 セントライト記念
21:39:45 [INFO]   [1105/2974] ✅ Fixed 2024-09-16 2歳未勝利
21:39:45 [INFO]   [1102/2974] ✅ Fixed 2024-09-16 3歳以上1勝クラス
21:39:46 [INFO]   [1103/2974] ✅ Fixed 2024-09-16 2歳未勝利
21:39:46 [INFO]   [1104/2974] ✅ Fixed 2024-09-16 2歳未勝利
21:39:46 [INFO]   [1108/2974] ✅ Fixed 2024-09-16 3歳以上1勝クラス
21:39:47 [INFO]   [1106/2974] ✅ Fixed 2024-09-16 2歳新馬
21:39:48 [INFO]   [1107/2974] ✅ Fixed 2024-09-16 2歳新馬
21:39:49 [INFO]   [1110/2974] ✅ Fixed 2024-09-16 3歳以上1勝クラス
21:39:49 [INFO]   [1109/2974] ✅ Fixed 2024-09-16 3歳以上1勝クラス
21:39:50 [INFO]   [1114/2974] ✅ Fixed 2024-09-16 3歳以上1勝クラス
21:39:51 [INFO]   [1113/2974] ✅ Fixed 2024-09-16 アニバーサリーS
21:39:51 [INFO]   [1112/2974] ✅ Fixed 2024-09-16 桑名特別
21:39:52 [INFO]   [1111/2974] ✅ Fixed 2024-09-16 長良川特別
21:39:52 [INFO]   [1117/2974] ✅ Fixed 2024-09-15 2歳未勝利
21:39:53 [INFO]   [1115/2974] ✅ Fixed 2024-09-15 2歳未勝利
21:39:54 [INFO]   [1116/2974] ✅ Fixed 2024-09-15 2歳未勝利
21:39:54 [INFO]   [1120/2974] ✅ Fixed 2024-09-15 3歳以上1勝クラス
21:39:54 [INFO]   [1118/2974] ✅ Fixed 2024-09-15 2歳新馬
21:39:56 [INFO]   [1119/2974] ✅ Fixed 2024-09-15 2歳新馬
21:39:56 [INFO]   [1122/2974] ✅ Fixed 2024-09-15 3歳以上1勝クラス
21:39:56 [INFO]   [1121/2974] ✅ Fixed 2024-09-15 3歳以上1勝クラス
21:39:56 [INFO]   [1124/2974] ✅ Fixed 2024-09-15 レインボーS
21:39:57 [INFO]   [1123/2974] ✅ Fixed 2024-09-15 浦安特別
21:39:58 [INFO]   [1125/2974] ✅ Fixed 2024-09-15 ラジオ日本賞
21:39:59 [INFO]   [1126/2974] ✅ Fixed 2024-09-15 3歳以上1勝クラス
21:39:59 [INFO]   [1128/2974] ✅ Fixed 2024-09-15 2歳未勝利
21:40:00 [INFO]   [1129/2974] ✅ Fixed 2024-09-15 2歳新馬
21:40:00 [INFO]   [1131/2974] ✅ Fixed 2024-09-15 3歳以上1勝クラス
21:40:01 [INFO]   [1127/2974] ✅ Fixed 2024-09-15 2歳未勝利
21:40:01 [INFO]   [1130/2974] ✅ Fixed 2024-09-15 2歳新馬
21:40:03 [INFO]   [1136/2974] ✅ Fixed 2024-09-15 ローズS
21:40:03 [INFO]   [1132/2974] ✅ Fixed 2024-09-15 3歳以上1勝クラス
21:40:04 [INFO]   [1135/2974] ✅ Fixed 2024-09-15 納屋橋S
21:40:04 [INFO]   [1133/2974] ✅ Fixed 2024-09-15 3歳以上1勝クラス
21:40:04 [INFO]   [1134/2974] ✅ Fixed 2024-09-15 茶臼山高原特別
21:40:06 [INFO]   [1139/2974] ✅ Fixed 2024-09-14 2歳未勝利
21:40:06 [INFO]   [1140/2974] ✅ Fixed 2024-09-14 2歳未勝利
21:40:07 [INFO]   [1138/2974] ✅ Fixed 2024-09-14 2歳未勝利
21:40:07 [INFO]   [1137/2974] ✅ Fixed 2024-09-15 3歳以上2勝クラス
21:40:07 [INFO]   [1141/2974] ✅ Fixed 2024-09-14 2歳新馬
21:40:08 [INFO]   [1143/2974] ✅ Fixed 2024-09-14 3歳以上1勝クラス
21:40:08 [INFO]   [1144/2974] ✅ Fixed 2024-09-14 3歳以上1勝クラス
21:40:09 [INFO]   [1147/2974] ✅ Fixed 2024-09-14 御宿特別
21:40:10 [INFO]   [1142/2974] ✅ Fixed 2024-09-14 2歳新馬
21:40:10 [INFO]   [1148/2974] ✅ Fixed 2024-09-14 初風S
21:40:11 [INFO]   [1145/2974] ✅ Fixed 2024-09-14 3歳以上1勝クラス
21:40:11 [INFO]   [1146/2974] ✅ Fixed 2024-09-14 松戸特別
21:40:11 [INFO]   [1149/2974] ✅ Fixed 2024-09-14 3歳以上1勝クラス
21:40:12 [INFO]   [1151/2974] ✅ Fixed 2024-09-14 2歳未勝利
21:40:13 [INFO]   [1150/2974] ✅ Fixed 2024-09-14 2歳未勝利
21:40:14 [INFO]   [1155/2974] ✅ Fixed 2024-09-14 3歳以上1勝クラス
21:40:15 [INFO]   [1156/2974] ✅ Fixed 2024-09-14 3歳以上1勝クラス
21:40:15 [INFO]   [1158/2974] ✅ Fixed 2024-09-14 恵那特別
21:40:15 [INFO]   [1153/2974] ✅ Fixed 2024-09-14 3歳以上1勝クラス
21:40:15 [INFO]   [1154/2974] ✅ Fixed 2024-09-14 2歳新馬
21:40:15 [INFO]   [1152/2974] ✅ Fixed 2024-09-14 2歳未勝利
21:40:16 [INFO]   [1157/2974] ✅ Fixed 2024-09-14 ききょうS
21:40:18 [INFO]   [1163/2974] ✅ Fixed 2024-09-08 2歳新馬
21:40:18 [INFO]   [1159/2974] ✅ Fixed 2024-09-14 ケフェウスS
21:40:18 [INFO]   [1162/2974] ✅ Fixed 2024-09-08 2歳未勝利
21:40:18 [INFO]   [1160/2974] ✅ Fixed 2024-09-14 3歳以上1勝クラス
21:40:20 [INFO]   [1161/2974] ✅ Fixed 2024-09-08 2歳未勝利
21:40:21 [INFO]   [1166/2974] ✅ Fixed 2024-09-08 3歳以上1勝クラス
21:40:22 [INFO]   [1165/2974] ✅ Fixed 2024-09-08 2歳新馬
21:40:22 [INFO]   [1164/2974] ✅ Fixed 2024-09-08 3歳以上1勝クラス
21:40:23 [INFO]   [1170/2974] ✅ Fixed 2024-09-08 セプテンバーS
21:40:24 [INFO]   [1168/2974] ✅ Fixed 2024-09-08 3歳以上1勝クラス
21:40:24 [INFO]   [1169/2974] ✅ Fixed 2024-09-08 白井特別
21:40:24 [INFO]   [1167/2974] ✅ Fixed 2024-09-08 3歳以上1勝クラス
21:40:24 [INFO]   [1171/2974] ✅ Fixed 2024-09-08 京成杯AH
21:40:26 [INFO]   [1172/2974] ✅ Fixed 2024-09-08 3歳以上2勝クラス
21:40:26 [INFO]   [1174/2974] ✅ Fixed 2024-09-08 2歳未勝利
21:40:27 [INFO]   [1173/2974] ✅ Fixed 2024-09-08 2歳未勝利
21:40:28 [INFO]   [1176/2974] ✅ Fixed 2024-09-08 2歳新馬
21:40:28 [INFO]   [1175/2974] ✅ Fixed 2024-09-08 2歳新馬
21:40:29 [INFO]   [1177/2974] ✅ Fixed 2024-09-08 3歳以上1勝クラス
21:40:30 [INFO]   [1179/2974] ✅ Fixed 2024-09-08 3歳以上1勝クラス
21:40:30 [INFO]   [1178/2974] ✅ Fixed 2024-09-08 3歳以上1勝クラス
21:40:31 [INFO]   [1182/2974] ✅ Fixed 2024-09-08 セントウルS
21:40:31 [INFO]   [1181/2974] ✅ Fixed 2024-09-08 浜松S
21:40:32 [INFO]   [1180/2974] ✅ Fixed 2024-09-08 天竜川特別
21:40:32 [INFO]   [1184/2974] ✅ Fixed 2024-09-07 2歳未勝利
21:40:33 [INFO]   [1183/2974] ✅ Fixed 2024-09-08 3歳以上1勝クラス
21:40:33 [INFO]   [1185/2974] ✅ Fixed 2024-09-07 2歳未勝利
21:40:33 [INFO]   [1186/2974] ✅ Fixed 2024-09-07 2歳新馬
21:40:34 [INFO]   [1189/2974] ✅ Fixed 2024-09-07 3歳以上1勝クラス
21:40:34 [INFO]   [1187/2974] ✅ Fixed 2024-09-07 2歳新馬
21:40:34 [INFO]   [1188/2974] ✅ Fixed 2024-09-07 3歳以上1勝クラス
21:40:36 [INFO]   [1191/2974] ✅ Fixed 2024-09-07 アスター賞
21:40:36 [INFO]   [1194/2974] ✅ Fixed 2024-09-07 3歳以上1勝クラス
21:40:36 [INFO]   [1192/2974] ✅ Fixed 2024-09-07 汐留特別
21:40:38 [INFO]   [1195/2974] ✅ Fixed 2024-09-07 2歳未勝利
21:40:38 [INFO]   [1190/2974] ✅ Fixed 2024-09-07 3歳以上1勝クラス
21:40:38 [INFO]   [1193/2974] ✅ Fixed 2024-09-07 紫苑S
21:40:39 [INFO]   [1197/2974] ✅ Fixed 2024-09-07 2歳未勝利
21:40:39 [INFO]   [1196/2974] ✅ Fixed 2024-09-07 2歳未勝利
21:40:39 [INFO]   [1199/2974] ✅ Fixed 2024-09-07 2歳新馬
21:40:39 [INFO]   [1198/2974] ✅ Fixed 2024-09-07 2歳新馬
21:40:41 [INFO]   [1200/2974] ✅ Fixed 2024-09-07 3歳以上1勝クラス
21:40:42 [INFO]   [1203/2974] ✅ Fixed 2024-09-07 浜名湖特別
21:40:42 [INFO]   [1204/2974] ✅ Fixed 2024-09-07 ムーンライトHC
21:40:42 [INFO]   [1202/2974] ✅ Fixed 2024-09-07 3歳以上1勝クラス
21:40:43 [INFO]   [1207/2974] ✅ Fixed 2024-09-01 2歳未勝利
21:40:44 [INFO]   [1201/2974] ✅ Fixed 2024-09-07 3歳以上1勝クラス
21:40:44 [INFO]   [1205/2974] ✅ Fixed 2024-09-07 エニフS
21:40:44 [INFO]   [1206/2974] ✅ Fixed 2024-09-07 3歳以上2勝クラス
21:40:45 [INFO]   [1209/2974] ✅ Fixed 2024-09-01 3歳未勝利
21:40:46 [INFO]   [1208/2974] ✅ Fixed 2024-09-01 2歳未勝利
21:40:46 [INFO]   [1210/2974] ✅ Fixed 2024-09-01 3歳未勝利
21:40:47 [INFO]   [1211/2974] ✅ Fixed 2024-09-01 2歳新馬
21:40:47 [INFO]   [1213/2974] ✅ Fixed 2024-09-01 3歳未勝利
21:40:48 [INFO]   [1212/2974] ✅ Fixed 2024-09-01 2歳新馬
21:40:49 [INFO]   [1214/2974] ✅ Fixed 2024-09-01 3歳以上1勝クラス
21:40:49 [INFO]   [1215/2974] ✅ Fixed 2024-09-01 飯豊特別
21:40:49 [INFO]   [1218/2974] ✅ Fixed 2024-09-01 雷光特別
21:40:50 [INFO]   [1216/2974] ✅ Fixed 2024-09-01 両津湾特別
21:40:51 [INFO]   [1217/2974] ✅ Fixed 2024-09-01 新潟記念
21:40:51 [INFO]   [1219/2974] ✅ Fixed 2024-09-01 3歳未勝利
21:40:52 [INFO]   [1221/2974] ✅ Fixed 2024-09-01 3歳未勝利
21:40:53 [INFO]   [1225/2974] ✅ Fixed 2024-09-01 3歳以上1勝クラス
21:40:53 [INFO]   [1224/2974] ✅ Fixed 2024-09-01 3歳以上1勝クラス
21:40:54 [INFO]   [1220/2974] ✅ Fixed 2024-09-01 2歳未勝利
21:40:54 [INFO]   [1222/2974] ✅ Fixed 2024-09-01 2歳新馬
21:40:55 [INFO]   [1223/2974] ✅ Fixed 2024-09-01 3歳未勝利
21:40:55 [INFO]   [1227/2974] ✅ Fixed 2024-09-01 桶狭間S
21:40:55 [INFO]   [1226/2974] ✅ Fixed 2024-09-01 有松特別
21:40:57 [INFO]   [1232/2974] ✅ Fixed 2024-09-01 3歳未勝利
21:40:57 [INFO]   [1228/2974] ✅ Fixed 2024-09-01 小倉2歳S
21:40:58 [INFO]   [1229/2974] ✅ Fixed 2024-09-01 3歳以上1勝クラス
21:40:58 [INFO]   [1230/2974] ✅ Fixed 2024-09-01 2歳未勝利
21:40:58 [INFO]   [1233/2974] ✅ Fixed 2024-09-01 3歳未勝利
21:40:59 [INFO]   [1231/2974] ✅ Fixed 2024-09-01 2歳未勝利
21:41:00 [INFO]   [1235/2974] ✅ Fixed 2024-09-01 3歳以上1勝クラス
21:41:00 [INFO]   [1234/2974] ✅ Fixed 2024-09-01 3歳未勝利
21:41:00 [INFO]   [1236/2974] ✅ Fixed 2024-09-01 3歳以上1勝クラス
21:41:02 [INFO]   [1237/2974] ✅ Fixed 2024-09-01 3歳以上1勝クラス
21:41:02 [INFO]   [1238/2974] ✅ Fixed 2024-09-01 シンガポールTC賞
21:41:02 [INFO]   [1240/2974] ✅ Fixed 2024-09-01 タイランドC
21:41:03 [INFO]   [1239/2974] ✅ Fixed 2024-09-01 フィリピンT
21:41:04 [INFO]   [1243/2974] ✅ Fixed 2024-08-31 3歳未勝利
21:41:04 [INFO]   [1241/2974] ✅ Fixed 2024-09-01 3歳以上1勝クラス
21:41:05 [INFO]   [1242/2974] ✅ Fixed 2024-08-31 2歳未勝利
21:41:06 [INFO]   [1245/2974] ✅ Fixed 2024-08-31 2歳新馬
21:41:06 [INFO]   [1246/2974] ✅ Fixed 2024-08-31 3歳未勝利
21:41:07 [INFO]   [1250/2974] ✅ Fixed 2024-08-31 赤倉特別
21:41:08 [INFO]   [1247/2974] ✅ Fixed 2024-08-31 3歳未勝利
21:41:08 [INFO]   [1251/2974] ✅ Fixed 2024-08-31 古町S
21:41:09 [INFO]   [1249/2974] ✅ Fixed 2024-08-31 瓢湖特別
21:41:09 [INFO]   [1248/2974] ✅ Fixed 2024-08-31 3歳以上1勝クラス
21:41:09 [INFO]   [1254/2974] ✅ Fixed 2024-08-31 2歳未勝利
21:41:10 [INFO]   [1253/2974] ✅ Fixed 2024-08-31 2歳未勝利
21:41:10 [INFO]   [1252/2974] ✅ Fixed 2024-08-31 3歳以上1勝クラス
21:41:11 [INFO]   [1255/2974] ✅ Fixed 2024-08-31 3歳未勝利
21:41:12 [INFO]   [1256/2974] ✅ Fixed 2024-08-31 3歳未勝利
21:41:12 [INFO]   [1257/2974] ✅ Fixed 2024-08-31 2歳新馬
21:41:13 [INFO]   [1258/2974] ✅ Fixed 2024-08-31 2歳新馬
21:41:13 [INFO]   [1261/2974] ✅ Fixed 2024-08-31 香嵐渓特別
21:41:14 [INFO]   [1259/2974] ✅ Fixed 2024-08-31 3歳未勝利
21:41:14 [INFO]   [1260/2974] ✅ Fixed 2024-08-31 3歳以上1勝クラス
21:41:15 [INFO]   [1262/2974] ✅ Fixed 2024-08-31 鳥羽特別
21:41:17 [INFO]   [1263/2974] ✅ Fixed 2024-08-31 長篠S
21:41:17 [INFO]   [1264/2974] ✅ Fixed 2024-08-31 3歳以上1勝クラス
21:41:17 [INFO]   [1266/2974] ✅ Fixed 2024-08-31 2歳未勝利
21:41:18 [INFO]   [1265/2974] ✅ Fixed 2024-08-31 2歳未勝利
21:41:18 [INFO]   [1268/2974] ✅ Fixed 2024-08-31 3歳未勝利
21:41:18 [INFO]   [1269/2974] ✅ Fixed 2024-08-31 2歳新馬
21:41:19 [INFO]   [1267/2974] ✅ Fixed 2024-08-31 3歳未勝利
21:41:20 [INFO]   [1270/2974] ✅ Fixed 2024-08-31 3歳以上1勝クラス
21:41:22 [INFO]   [1271/2974] ✅ Fixed 2024-08-31 3歳以上1勝クラス
21:41:23 [INFO]   [1275/2974] ✅ Fixed 2024-08-31 札幌2歳S
21:41:23 [INFO]   [1272/2974] ✅ Fixed 2024-08-31 3歳以上1勝クラス
21:41:23 [INFO]   [1276/2974] ✅ Fixed 2024-08-31 マレーシアC
21:41:23 [INFO]   [1273/2974] ✅ Fixed 2024-08-31 インディアT
21:41:23 [INFO]   [1278/2974] ✅ Fixed 2024-08-25 2歳未勝利
21:41:24 [INFO]   [1274/2974] ✅ Fixed 2024-08-31 アジア競馬連盟T
21:41:25 [INFO]   [1279/2974] ✅ Fixed 2024-08-25 3歳未勝利
21:41:26 [INFO]   [1282/2974] ✅ Fixed 2024-08-25 2歳新馬
21:41:26 [INFO]   [1285/2974] ✅ Fixed 2024-08-25 3歳以上1勝クラス
21:41:27 [INFO]   [1280/2974] ✅ Fixed 2024-08-25 3歳未勝利
21:41:27 [INFO]   [1283/2974] ✅ Fixed 2024-08-25 3歳以上1勝クラス
21:41:27 [INFO]   [1284/2974] ✅ Fixed 2024-08-25 3歳以上1勝クラス
21:41:27 [INFO]   [1281/2974] ✅ Fixed 2024-08-25 3歳未勝利
21:41:28 [INFO]   [1286/2974] ✅ Fixed 2024-08-25 大府特別
21:41:29 [INFO]   [1288/2974] ✅ Fixed 2024-08-25 名鉄杯
21:41:30 [INFO]   [1289/2974] ✅ Fixed 2024-08-25 3歳以上1勝クラス
21:41:31 [INFO]   [1287/2974] ✅ Fixed 2024-08-25 長久手特別
21:41:32 [INFO]   [1293/2974] ✅ Fixed 2024-08-24 3歳未勝利
21:41:32 [WARNING] Request error for https://race.netkeiba.com/race/result.html?race_id=202407020505: HTTPSConnectionPool(host='race.netkeiba.com', port=443): Max retries exceeded with url: /race/result.html?race_id=202407020505 (Caused by SSLError(SSLEOFError(8, 'EOF occurred in violation of protocol (_ssl.c:997)'))) (attempt 1)
21:41:32 [INFO]   [1294/2974] ✅ Fixed 2024-08-24 3歳未勝利
21:41:33 [INFO]   [1292/2974] ✅ Fixed 2024-08-24 2歳未勝利
21:41:35 [INFO]   [1297/2974] ✅ Fixed 2024-08-24 3歳未勝利
21:41:35 [INFO]   [1296/2974] ✅ Fixed 2024-08-24 3歳未勝利
21:41:35 [INFO]   [1298/2974] ✅ Fixed 2024-08-24 3歳以上1勝クラス
21:41:36 [INFO]   [1300/2974] ✅ Fixed 2024-08-24 清洲特別
21:41:37 [INFO]   [1299/2974] ✅ Fixed 2024-08-24 揖斐川特別
21:41:39 [INFO]   [1302/2974] ✅ Fixed 2024-08-24 3歳以上1勝クラス
21:41:39 [INFO]   [1301/2974] ✅ Fixed 2024-08-24 瀬戸S
21:41:40 [INFO]   [1305/2974] ✅ Fixed 2024-08-18 2歳未勝利
21:41:40 [INFO]   [1306/2974] ✅ Fixed 2024-08-18 3歳未勝利
21:41:40 [INFO]   [1304/2974] ✅ Fixed 2024-08-18 3歳未勝利
21:41:41 [INFO]   [1308/2974] ✅ Fixed 2024-08-18 3歳未勝利
21:41:41 [INFO]   [1295/2974] ✅ Fixed 2024-08-24 2歳新馬
21:41:42 [INFO]   [1307/2974] ✅ Fixed 2024-08-18 2歳新馬
21:41:44 [INFO]   [1313/2974] ✅ Fixed 2024-08-18 CBC賞
21:41:45 [INFO]   [1310/2974] ✅ Fixed 2024-08-18 3歳以上1勝クラス
21:41:45 [INFO]   [1309/2974] ✅ Fixed 2024-08-18 3歳以上1勝クラス
21:41:45 [INFO]   [1312/2974] ✅ Fixed 2024-08-18 中京スポニチ賞
21:41:46 [INFO]   [1315/2974] ✅ Fixed 2024-08-17 2歳未勝利
21:41:46 [INFO]   [1311/2974] ✅ Fixed 2024-08-18 濃尾特別
21:41:47 [INFO]   [1314/2974] ✅ Fixed 2024-08-18 3歳以上1勝クラス
21:41:47 [INFO]   [1316/2974] ✅ Fixed 2024-08-17 3歳未勝利
21:41:48 [INFO]   [1317/2974] ✅ Fixed 2024-08-17 3歳未勝利
21:41:48 [WARNING] Request error for https://race.netkeiba.com/race/result.html?race_id=202407020306: HTTPSConnectionPool(host='race.netkeiba.com', port=443): Max retries exceeded with url: /race/result.html?race_id=202407020306 (Caused by SSLError(SSLEOFError(8, 'EOF occurred in violation of protocol (_ssl.c:997)'))) (attempt 1)
21:41:48 [INFO]   [1319/2974] ✅ Fixed 2024-08-17 2歳新馬
21:41:49 [INFO]   [1321/2974] ✅ Fixed 2024-08-17 3歳未勝利
21:41:50 [INFO]   [1322/2974] ✅ Fixed 2024-08-17 3歳以上1勝クラス
21:41:50 [INFO]   [1318/2974] ✅ Fixed 2024-08-17 3歳未勝利
21:41:52 [INFO]   [1326/2974] ✅ Fixed 2024-08-17 3歳以上1勝クラス
21:41:53 [INFO]   [1324/2974] ✅ Fixed 2024-08-17 四日市特別
21:41:53 [INFO]   [1323/2974] ✅ Fixed 2024-08-17 御在所特別
21:41:54 [INFO]   [1325/2974] ✅ Fixed 2024-08-17 豊明S
21:41:55 [INFO]   [1328/2974] ✅ Fixed 2024-08-11 2歳未勝利
21:41:55 [INFO]   [1329/2974] ✅ Fixed 2024-08-11 3歳未勝利
21:41:56 [INFO]   [1332/2974] ✅ Fixed 2024-08-11 2歳新馬
21:41:57 [INFO]   [1331/2974] ✅ Fixed 2024-08-11 3歳未勝利
21:41:57 [INFO]   [1330/2974] ✅ Fixed 2024-08-11 3歳未勝利
21:41:57 [INFO]   [1334/2974] ✅ Fixed 2024-08-11 3歳以上1勝クラス
21:41:58 [INFO]   [1333/2974] ✅ Fixed 2024-08-11 3歳未勝利
21:41:59 [INFO]   [1335/2974] ✅ Fixed 2024-08-11 3歳以上1勝クラス
21:42:00 [INFO]   [1320/2974] ✅ Fixed 2024-08-17 2歳新馬
21:42:00 [INFO]   [1338/2974] ✅ Fixed 2024-08-11 小倉記念
21:42:00 [INFO]   [1336/2974] ✅ Fixed 2024-08-11 鞍ケ池特別
21:42:01 [INFO]   [1337/2974] ✅ Fixed 2024-08-11 三河S
21:42:03 [INFO]   [1344/2974] ✅ Fixed 2024-08-10 3歳未勝利
21:42:03 [INFO]   [1339/2974] ✅ Fixed 2024-08-11 知多特別
21:42:04 [INFO]   [1345/2974] ✅ Fixed 2024-08-10 2歳新馬
21:42:04 [INFO]   [1346/2974] ✅ Fixed 2024-08-10 3歳未勝利
21:42:05 [INFO]   [1343/2974] ✅ Fixed 2024-08-10 2歳未勝利
21:42:05 [INFO]   [1348/2974] ✅ Fixed 2024-08-10 3歳以上1勝クラス
21:42:06 [INFO]   [1347/2974] ✅ Fixed 2024-08-10 3歳未勝利
21:42:07 [INFO]   [1350/2974] ✅ Fixed 2024-08-10 日進特別
21:42:08 [INFO]   [1349/2974] ✅ Fixed 2024-08-10 木曽川特別
21:42:09 [INFO]   [1352/2974] ✅ Fixed 2024-08-10 3歳以上1勝クラス
21:42:09 [INFO]   [1351/2974] ✅ Fixed 2024-08-10 関ケ原S
21:42:13 [INFO]   [1362/2974] ✅ Fixed 2024-07-20 2歳未勝利
21:42:15 [INFO]   [1363/2974] ✅ Fixed 2024-07-20 2歳未勝利
21:42:17 [INFO]   [1364/2974] ✅ Fixed 2024-07-20 3歳未勝利
21:42:17 [INFO]   [1366/2974] ✅ Fixed 2024-07-20 3歳未勝利
21:42:17 [INFO]   [1365/2974] ✅ Fixed 2024-07-20 2歳新馬
21:42:18 [INFO]   [1369/2974] ✅ Fixed 2024-07-20 白河特別
21:42:19 [INFO]   [1370/2974] ✅ Fixed 2024-07-20 TUF杯
21:42:19 [INFO]   [1368/2974] ✅ Fixed 2024-07-20 南相馬特別
21:42:19 [INFO]   [1367/2974] ✅ Fixed 2024-07-20 3歳以上1勝クラス
21:42:21 [INFO]   [1371/2974] ✅ Fixed 2024-07-20 3歳以上1勝クラス
21:42:22 [INFO]   [1373/2974] ✅ Fixed 2024-07-20 3歳未勝利
21:42:22 [INFO]   [1377/2974] ✅ Fixed 2024-07-20 3歳以上1勝クラス
21:42:23 [INFO]   [1378/2974] ✅ Fixed 2024-07-20 ひまわり賞
21:42:23 [INFO]   [1374/2974] ✅ Fixed 2024-07-20 2歳新馬
21:42:23 [INFO]   [1372/2974] ✅ Fixed 2024-07-20 3歳未勝利
21:42:23 [INFO]   [1376/2974] ✅ Fixed 2024-07-20 3歳以上1勝クラス
21:42:24 [INFO]   [1379/2974] ✅ Fixed 2024-07-20 天草特別
21:42:24 [INFO]   [1375/2974] ✅ Fixed 2024-07-20 3歳未勝利
21:42:25 [INFO]   [1380/2974] ✅ Fixed 2024-07-20 テレQ杯
21:42:25 [INFO]   [1381/2974] ✅ Fixed 2024-07-20 3歳以上1勝クラス
21:42:27 [INFO]   [1383/2974] ✅ Fixed 2024-07-14 2歳未勝利
21:42:27 [INFO]   [1384/2974] ✅ Fixed 2024-07-14 3歳未勝利
21:42:28 [INFO]   [1385/2974] ✅ Fixed 2024-07-14 3歳未勝利
21:42:29 [INFO]   [1389/2974] ✅ Fixed 2024-07-14 西部日刊S杯
21:42:29 [INFO]   [1388/2974] ✅ Fixed 2024-07-14 3歳以上1勝クラス
21:42:29 [INFO]   [1386/2974] ✅ Fixed 2024-07-14 2歳新馬
21:42:30 [INFO]   [1390/2974] ✅ Fixed 2024-07-14 佐世保S
21:42:30 [INFO]   [1392/2974] ✅ Fixed 2024-07-14 2歳未勝利
21:42:32 [INFO]   [1391/2974] ✅ Fixed 2024-07-14 3歳以上1勝クラス
21:42:33 [INFO]   [1393/2974] ✅ Fixed 2024-07-14 3歳未勝利
21:42:33 [INFO]   [1394/2974] ✅ Fixed 2024-07-14 3歳未勝利
21:42:34 [INFO]   [1395/2974] ✅ Fixed 2024-07-14 3歳未勝利
21:42:34 [INFO]   [1396/2974] ✅ Fixed 2024-07-14 2歳新馬
21:42:34 [INFO]   [1399/2974] ✅ Fixed 2024-07-14 3歳以上1勝クラス
21:42:35 [INFO]   [1398/2974] ✅ Fixed 2024-07-14 3歳以上1勝クラス
21:42:35 [INFO]   [1400/2974] ✅ Fixed 2024-07-14 臥牛山特別
21:42:36 [INFO]   [1397/2974] ✅ Fixed 2024-07-14 3歳未勝利
21:42:37 [INFO]   [1405/2974] ✅ Fixed 2024-07-13 2歳未勝利
21:42:37 [WARNING] Request error for https://race.netkeiba.com/race/result.html?race_id=202402011212: HTTPSConnectionPool(host='race.netkeiba.com', port=443): Max retries exceeded with url: /race/result.html?race_id=202402011212 (Caused by SSLError(SSLEOFError(8, 'EOF occurred in violation of protocol (_ssl.c:997)'))) (attempt 1)
21:42:38 [INFO]   [1401/2974] ✅ Fixed 2024-07-14 駒場特別
21:42:38 [INFO]   [1402/2974] ✅ Fixed 2024-07-14 函館記念
21:42:39 [INFO]   [1406/2974] ✅ Fixed 2024-07-13 3歳未勝利
21:42:40 [INFO]   [1407/2974] ✅ Fixed 2024-07-13 3歳未勝利
21:42:41 [INFO]   [1409/2974] ✅ Fixed 2024-07-13 2歳新馬
21:42:42 [INFO]   [1408/2974] ✅ Fixed 2024-07-13 3歳未勝利
21:42:42 [INFO]   [1410/2974] ✅ Fixed 2024-07-13 3歳未勝利
21:42:42 [INFO]   [1412/2974] ✅ Fixed 2024-07-13 雲仙特別
21:42:44 [INFO]   [1411/2974] ✅ Fixed 2024-07-13 3歳以上1勝クラス
21:42:44 [INFO]   [1413/2974] ✅ Fixed 2024-07-13 不知火特別
21:42:45 [INFO]   [1414/2974] ✅ Fixed 2024-07-13 宮崎S
21:42:45 [INFO]   [1415/2974] ✅ Fixed 2024-07-13 2歳未勝利
21:42:46 [INFO]   [1416/2974] ✅ Fixed 2024-07-13 3歳未勝利
21:42:46 [INFO]   [1418/2974] ✅ Fixed 2024-07-13 3歳未勝利
21:42:47 [INFO]   [1417/2974] ✅ Fixed 2024-07-13 3歳未勝利
21:42:48 [INFO]   [1403/2974] ✅ Fixed 2024-07-14 湯の川温泉特別
21:42:48 [INFO]   [1420/2974] ✅ Fixed 2024-07-13 3歳未勝利
21:42:49 [INFO]   [1422/2974] ✅ Fixed 2024-07-13 3歳以上1勝クラス
21:42:49 [INFO]   [1421/2974] ✅ Fixed 2024-07-13 3歳以上1勝クラス
21:42:49 [INFO]   [1424/2974] ✅ Fixed 2024-07-13 かもめ島特別
21:42:50 [INFO]   [1419/2974] ✅ Fixed 2024-07-13 3歳未勝利
21:42:50 [INFO]   [1425/2974] ✅ Fixed 2024-07-13 函館2歳S
21:42:50 [INFO]   [1423/2974] ✅ Fixed 2024-07-13 湯浜特別
21:42:51 [INFO]   [1427/2974] ✅ Fixed 2024-07-07 2歳未勝利
21:42:51 [INFO]   [1426/2974] ✅ Fixed 2024-07-13 3歳以上1勝クラス
21:42:53 [INFO]   [1431/2974] ✅ Fixed 2024-07-07 2歳新馬
21:42:53 [INFO]   [1429/2974] ✅ Fixed 2024-07-07 3歳未勝利
21:42:54 [INFO]   [1432/2974] ✅ Fixed 2024-07-07 2歳新馬
21:42:54 [INFO]   [1428/2974] ✅ Fixed 2024-07-07 3歳未勝利
21:42:54 [INFO]   [1430/2974] ✅ Fixed 2024-07-07 3歳未勝利
21:42:54 [INFO]   [1434/2974] ✅ Fixed 2024-07-07 3歳以上1勝クラス
21:42:56 [INFO]   [1433/2974] ✅ Fixed 2024-07-07 3歳未勝利
21:42:57 [INFO]   [1437/2974] ✅ Fixed 2024-07-07 プロキオンS
21:42:57 [INFO]   [1438/2974] ✅ Fixed 2024-07-07 3歳以上1勝クラス
21:42:58 [INFO]   [1435/2974] ✅ Fixed 2024-07-07 八女特別
21:42:58 [INFO]   [1436/2974] ✅ Fixed 2024-07-07 耶馬渓特別
21:42:58 [INFO]   [1439/2974] ✅ Fixed 2024-07-07 2歳未勝利
21:43:00 [INFO]   [1442/2974] ✅ Fixed 2024-07-07 3歳未勝利
21:43:00 [INFO]   [1441/2974] ✅ Fixed 2024-07-07 3歳未勝利
21:43:01 [INFO]   [1440/2974] ✅ Fixed 2024-07-07 3歳未勝利
21:43:01 [INFO]   [1443/2974] ✅ Fixed 2024-07-07 2歳新馬
21:43:02 [INFO]   [1446/2974] ✅ Fixed 2024-07-07 3歳以上1勝クラス
21:43:03 [INFO]   [1444/2974] ✅ Fixed 2024-07-07 3歳未勝利
21:43:03 [INFO]   [1447/2974] ✅ Fixed 2024-07-07 噴火湾特別
21:43:05 [INFO]   [1445/2974] ✅ Fixed 2024-07-07 3歳以上1勝クラス
21:43:06 [INFO]   [1449/2974] ✅ Fixed 2024-07-07 3歳以上1勝クラス
21:43:06 [INFO]   [1448/2974] ✅ Fixed 2024-07-07 五稜郭S
21:43:07 [INFO]   [1454/2974] ✅ Fixed 2024-07-06 3歳未勝利
21:43:07 [INFO]   [1451/2974] ✅ Fixed 2024-07-06 2歳未勝利
21:43:07 [INFO]   [1453/2974] ✅ Fixed 2024-07-06 2歳新馬
21:43:07 [INFO]   [1452/2974] ✅ Fixed 2024-07-06 3歳未勝利
21:43:10 [INFO]   [1455/2974] ✅ Fixed 2024-07-06 3歳未勝利
21:43:10 [INFO]   [1456/2974] ✅ Fixed 2024-07-06 3歳以上1勝クラス
21:43:10 [INFO]   [1459/2974] ✅ Fixed 2024-07-06 釜山S
21:43:11 [INFO]   [1462/2974] ✅ Fixed 2024-07-06 3歳未勝利
21:43:11 [INFO]   [1461/2974] ✅ Fixed 2024-07-06 2歳未勝利
21:43:11 [INFO]   [1460/2974] ✅ Fixed 2024-07-06 3歳以上1勝クラス
21:43:12 [INFO]   [1457/2974] ✅ Fixed 2024-07-06 若戸大橋特別
21:43:12 [INFO]   [1458/2974] ✅ Fixed 2024-07-06 西部スポニチ賞
21:43:14 [INFO]   [1468/2974] ✅ Fixed 2024-07-06 3歳以上1勝クラス
21:43:14 [INFO]   [1465/2974] ✅ Fixed 2024-07-06 2歳新馬
21:43:15 [INFO]   [1467/2974] ✅ Fixed 2024-07-06 3歳以上1勝クラス
21:43:15 [INFO]   [1463/2974] ✅ Fixed 2024-07-06 3歳未勝利
21:43:15 [INFO]   [1469/2974] ✅ Fixed 2024-07-06 北斗特別
21:43:15 [INFO]   [1464/2974] ✅ Fixed 2024-07-06 3歳未勝利
21:43:16 [INFO]   [1466/2974] ✅ Fixed 2024-07-06 3歳未勝利
21:43:17 [INFO]   [1470/2974] ✅ Fixed 2024-07-06 潮騒特別
21:43:18 [INFO]   [1471/2974] ✅ Fixed 2024-07-06 マリーンS
21:43:18 [INFO]   [1475/2974] ✅ Fixed 2024-06-30 3歳未勝利
21:43:19 [INFO]   [1476/2974] ✅ Fixed 2024-06-30 3歳未勝利
21:43:20 [INFO]   [1472/2974] ✅ Fixed 2024-07-06 3歳以上1勝クラス
21:43:20 [INFO]   [1477/2974] ✅ Fixed 2024-06-30 2歳新馬
21:43:20 [INFO]   [1474/2974] ✅ Fixed 2024-06-30 3歳未勝利
21:43:22 [INFO]   [1479/2974] ✅ Fixed 2024-06-30 3歳以上1勝クラス
21:43:22 [INFO]   [1480/2974] ✅ Fixed 2024-06-30 3歳以上1勝クラス
21:43:23 [INFO]   [1478/2974] ✅ Fixed 2024-06-30 2歳新馬
21:43:23 [INFO]   [1481/2974] ✅ Fixed 2024-06-30 柳川特別
21:43:24 [INFO]   [1485/2974] ✅ Fixed 2024-06-30 2歳未勝利
21:43:25 [INFO]   [1482/2974] ✅ Fixed 2024-06-30 薩摩S
21:43:25 [INFO]   [1483/2974] ✅ Fixed 2024-06-30 北九州記念
21:43:27 [INFO]   [1487/2974] ✅ Fixed 2024-06-30 3歳未勝利
21:43:27 [INFO]   [1486/2974] ✅ Fixed 2024-06-30 3歳未勝利
21:43:28 [INFO]   [1488/2974] ✅ Fixed 2024-06-30 3歳未勝利
21:43:28 [INFO]   [1490/2974] ✅ Fixed 2024-06-30 3歳未勝利
21:43:29 [INFO]   [1491/2974] ✅ Fixed 2024-06-30 3歳以上1勝クラス
21:43:30 [INFO]   [1493/2974] ✅ Fixed 2024-06-30 竜飛崎特別
21:43:30 [INFO]   [1492/2974] ✅ Fixed 2024-06-30 3歳以上1勝クラス
21:43:31 [INFO]   [1495/2974] ✅ Fixed 2024-06-30 巴賞
21:43:32 [INFO]   [1494/2974] ✅ Fixed 2024-06-30 立待岬特別
21:43:32 [WARNING] Request error for https://race.netkeiba.com/race/result.html?race_id=202402010805: HTTPSConnectionPool(host='race.netkeiba.com', port=443): Max retries exceeded with url: /race/result.html?race_id=202402010805 (Caused by SSLError(SSLEOFError(8, 'EOF occurred in violation of protocol (_ssl.c:997)'))) (attempt 1)
21:43:33 [INFO]   [1496/2974] ✅ Fixed 2024-06-30 3歳以上1勝クラス
21:43:33 [INFO]   [1498/2974] ✅ Fixed 2024-06-29 2歳未勝利
21:43:35 [INFO]   [1499/2974] ✅ Fixed 2024-06-29 3歳未勝利
21:43:36 [INFO]   [1503/2974] ✅ Fixed 2024-06-29 2歳新馬
21:43:36 [INFO]   [1500/2974] ✅ Fixed 2024-06-29 3歳未勝利
21:43:37 [INFO]   [1502/2974] ✅ Fixed 2024-06-29 2歳新馬
21:43:37 [INFO]   [1504/2974] ✅ Fixed 2024-06-29 3歳未勝利
21:43:38 [INFO]   [1505/2974] ✅ Fixed 2024-06-29 3歳以上1勝クラス
21:43:39 [INFO]   [1507/2974] ✅ Fixed 2024-06-29 熊本城特別
21:43:40 [INFO]   [1506/2974] ✅ Fixed 2024-06-29 英彦山特別
21:43:40 [INFO]   [1501/2974] ✅ Fixed 2024-06-29 3歳未勝利
21:43:41 [INFO]   [1510/2974] ✅ Fixed 2024-06-29 2歳未勝利
21:43:41 [INFO]   [1509/2974] ✅ Fixed 2024-06-29 3歳以上1勝クラス
21:43:41 [INFO]   [1508/2974] ✅ Fixed 2024-06-29 博多S
21:43:41 [INFO]   [1489/2974] ✅ Fixed 2024-06-30 2歳新馬
21:43:42 [INFO]   [1512/2974] ✅ Fixed 2024-06-29 3歳未勝利
21:43:43 [INFO]   [1511/2974] ✅ Fixed 2024-06-29 3歳未勝利
21:43:45 [INFO]   [1517/2974] ✅ Fixed 2024-06-29 3歳以上1勝クラス
21:43:45 [INFO]   [1513/2974] ✅ Fixed 2024-06-29 3歳未勝利
21:43:45 [INFO]   [1516/2974] ✅ Fixed 2024-06-29 3歳以上1勝クラス
21:43:46 [INFO]   [1514/2974] ✅ Fixed 2024-06-29 2歳新馬
21:43:46 [INFO]   [1515/2974] ✅ Fixed 2024-06-29 2歳新馬
21:43:47 [INFO]   [1519/2974] ✅ Fixed 2024-06-29 北海HC
21:43:47 [INFO]   [1518/2974] ✅ Fixed 2024-06-29 長万部特別
21:43:49 [INFO]   [1523/2974] ✅ Fixed 2024-06-23 2歳未勝利
21:43:50 [INFO]   [1524/2974] ✅ Fixed 2024-06-23 3歳未勝利
21:43:51 [INFO]   [1521/2974] ✅ Fixed 2024-06-29 3歳以上1勝クラス
21:43:51 [INFO]   [1526/2974] ✅ Fixed 2024-06-23 3歳未勝利
21:43:51 [INFO]   [1527/2974] ✅ Fixed 2024-06-23 2歳新馬
21:43:51 [INFO]   [1525/2974] ✅ Fixed 2024-06-23 3歳未勝利
21:43:52 [INFO]   [1528/2974] ✅ Fixed 2024-06-23 3歳未勝利
21:43:52 [INFO]   [1529/2974] ✅ Fixed 2024-06-23 3歳以上1勝クラス
21:43:53 [INFO]   [1530/2974] ✅ Fixed 2024-06-23 3歳以上1勝クラス
21:43:54 [INFO]   [1531/2974] ✅ Fixed 2024-06-23 八ケ岳特別
21:43:55 [INFO]   [1532/2974] ✅ Fixed 2024-06-23 甲州街道S
21:43:55 [INFO]   [1533/2974] ✅ Fixed 2024-06-23 パラダイスS
21:43:55 [INFO]   [1536/2974] ✅ Fixed 2024-06-23 3歳未勝利
21:43:56 [INFO]   [1534/2974] ✅ Fixed 2024-06-23 3歳以上1勝クラス
21:43:56 [INFO]   [1537/2974] ✅ Fixed 2024-06-23 3歳未勝利
21:43:57 [INFO]   [1535/2974] ✅ Fixed 2024-06-23 3歳未勝利
21:43:58 [INFO]   [1538/2974] ✅ Fixed 2024-06-23 3歳未勝利
21:43:59 [INFO]   [1539/2974] ✅ Fixed 2024-06-23 2歳新馬
21:43:59 [INFO]   [1543/2974] ✅ Fixed 2024-06-23 瀬田特別
21:43:59 [INFO]   [1540/2974] ✅ Fixed 2024-06-23 3歳未勝利
21:44:00 [INFO]   [1541/2974] ✅ Fixed 2024-06-23 3歳以上1勝クラス
21:44:00 [INFO]   [1542/2974] ✅ Fixed 2024-06-23 木屋町特別
21:44:03 [INFO]   [1546/2974] ✅ Fixed 2024-06-23 リボン賞
21:44:03 [INFO]   [1545/2974] ✅ Fixed 2024-06-23 宝塚記念
21:44:03 [INFO]   [1544/2974] ✅ Fixed 2024-06-23 サイレンススズカC
21:44:03 [INFO]   [1549/2974] ✅ Fixed 2024-06-22 3歳未勝利
21:44:04 [INFO]   [1548/2974] ✅ Fixed 2024-06-22 3歳未勝利
21:44:05 [INFO]   [1547/2974] ✅ Fixed 2024-06-22 3歳未勝利
21:44:05 [INFO]   [1551/2974] ✅ Fixed 2024-06-22 2歳新馬
21:44:05 [INFO]   [1550/2974] ✅ Fixed 2024-06-22 3歳未勝利
21:44:06 [INFO]   [1554/2974] ✅ Fixed 2024-06-22 清里特別
21:44:07 [INFO]   [1556/2974] ✅ Fixed 2024-06-22 江の島S
21:44:08 [INFO]   [1553/2974] ✅ Fixed 2024-06-22 3歳以上1勝クラス
21:44:08 [INFO]   [1559/2974] ✅ Fixed 2024-06-22 3歳未勝利
21:44:08 [INFO]   [1555/2974] ✅ Fixed 2024-06-22 日野特別
21:44:09 [INFO]   [1558/2974] ✅ Fixed 2024-06-22 2歳未勝利
21:44:10 [INFO]   [1560/2974] ✅ Fixed 2024-06-22 3歳未勝利
21:44:10 [INFO]   [1557/2974] ✅ Fixed 2024-06-22 3歳以上1勝クラス
21:44:11 [WARNING] Request error for https://race.netkeiba.com/race/result.html?race_id=202405030706: HTTPSConnectionPool(host='race.netkeiba.com', port=443): Max retries exceeded with url: /race/result.html?race_id=202405030706 (Caused by SSLError(SSLEOFError(8, 'EOF occurred in violation of protocol (_ssl.c:997)'))) (attempt 1)
21:44:12 [INFO]   [1561/2974] ✅ Fixed 2024-06-22 3歳未勝利
21:44:13 [INFO]   [1564/2974] ✅ Fixed 2024-06-22 3歳以上1勝クラス
21:44:13 [INFO]   [1567/2974] ✅ Fixed 2024-06-22 ストークS
21:44:14 [INFO]   [1566/2974] ✅ Fixed 2024-06-22 京極特別
21:44:14 [INFO]   [1563/2974] ✅ Fixed 2024-06-22 3歳未勝利
21:44:14 [INFO]   [1562/2974] ✅ Fixed 2024-06-22 2歳新馬
21:44:14 [INFO]   [1565/2974] ✅ Fixed 2024-06-22 3歳以上1勝クラス
21:44:15 [INFO]   [1568/2974] ✅ Fixed 2024-06-22 天保山S
21:44:18 [INFO]   [1569/2974] ✅ Fixed 2024-06-22 3歳以上1勝クラス
21:44:18 [INFO]   [1574/2974] ✅ Fixed 2024-06-16 3歳未勝利
21:44:18 [INFO]   [1573/2974] ✅ Fixed 2024-06-16 3歳未勝利
21:44:19 [INFO]   [1552/2974] ✅ Fixed 2024-06-22 2歳新馬
21:44:19 [INFO]   [1572/2974] ✅ Fixed 2024-06-16 3歳未勝利
21:44:21 [INFO]   [1575/2974] ✅ Fixed 2024-06-16 2歳新馬
21:44:21 [INFO]   [1579/2974] ✅ Fixed 2024-06-16 町田特別
21:44:21 [INFO]   [1578/2974] ✅ Fixed 2024-06-16 3歳以上1勝クラス
21:44:22 [INFO]   [1577/2974] ✅ Fixed 2024-06-16 3歳以上1勝クラス
21:44:22 [INFO]   [1576/2974] ✅ Fixed 2024-06-16 3歳未勝利
21:44:23 [INFO]   [1580/2974] ✅ Fixed 2024-06-16 相模湖特別
21:44:24 [INFO]   [1581/2974] ✅ Fixed 2024-06-16 スレイプニルS
21:44:25 [INFO]   [1584/2974] ✅ Fixed 2024-06-16 3歳未勝利
21:44:25 [INFO]   [1583/2974] ✅ Fixed 2024-06-16 3歳未勝利
21:44:26 [INFO]   [1582/2974] ✅ Fixed 2024-06-16 3歳以上1勝クラス
21:44:27 [INFO]   [1585/2974] ✅ Fixed 2024-06-16 3歳未勝利
21:44:27 [INFO]   [1589/2974] ✅ Fixed 2024-06-16 3歳以上1勝クラス
21:44:28 [INFO]   [1586/2974] ✅ Fixed 2024-06-16 3歳未勝利
21:44:28 [INFO]   [1587/2974] ✅ Fixed 2024-06-16 2歳新馬
21:44:29 [INFO]   [1588/2974] ✅ Fixed 2024-06-16 3歳以上1勝クラス
21:44:29 [INFO]   [1592/2974] ✅ Fixed 2024-06-16 天橋立S
21:44:30 [INFO]   [1591/2974] ✅ Fixed 2024-06-16 皆生特別
21:44:31 [INFO]   [1595/2974] ✅ Fixed 2024-06-15 3歳未勝利
21:44:31 [INFO]   [1590/2974] ✅ Fixed 2024-06-16 3歳以上1勝クラス
21:44:32 [INFO]   [1594/2974] ✅ Fixed 2024-06-16 3歳以上2勝クラス
21:44:32 [INFO]   [1593/2974] ✅ Fixed 2024-06-16 マーメイドS
21:44:33 [INFO]   [1598/2974] ✅ Fixed 2024-06-15 3歳未勝利
21:44:33 [INFO]   [1596/2974] ✅ Fixed 2024-06-15 3歳未勝利
21:44:34 [INFO]   [1599/2974] ✅ Fixed 2024-06-15 2歳新馬
21:44:34 [INFO]   [1597/2974] ✅ Fixed 2024-06-15 3歳未勝利
21:44:35 [INFO]   [1600/2974] ✅ Fixed 2024-06-15 2歳新馬
21:44:36 [INFO]   [1603/2974] ✅ Fixed 2024-06-15 三浦特別
21:44:37 [INFO]   [1605/2974] ✅ Fixed 2024-06-15 多摩川S
21:44:37 [INFO]   [1601/2974] ✅ Fixed 2024-06-15 3歳未勝利
21:44:37 [INFO]   [1604/2974] ✅ Fixed 2024-06-15 立川特別
21:44:37 [INFO]   [1602/2974] ✅ Fixed 2024-06-15 3歳以上1勝クラス
21:44:38 [INFO]   [1607/2974] ✅ Fixed 2024-06-15 3歳未勝利
21:44:38 [INFO]   [1608/2974] ✅ Fixed 2024-06-15 3歳未勝利
21:44:39 [INFO]   [1606/2974] ✅ Fixed 2024-06-15 3歳以上1勝クラス
21:44:40 [INFO]   [1613/2974] ✅ Fixed 2024-06-15 3歳以上1勝クラス
21:44:41 [INFO]   [1614/2974] ✅ Fixed 2024-06-15 稲荷特別
21:44:41 [INFO]   [1609/2974] ✅ Fixed 2024-06-15 3歳未勝利
21:44:41 [INFO]   [1615/2974] ✅ Fixed 2024-06-15 保津峡S
21:44:42 [INFO]   [1610/2974] ✅ Fixed 2024-06-15 2歳新馬
21:44:43 [INFO]   [1617/2974] ✅ Fixed 2024-06-15 3歳以上1勝クラス
21:44:44 [WARNING] Request error for https://race.netkeiba.com/race/result.html?race_id=202408040506: HTTPSConnectionPool(host='race.netkeiba.com', port=443): Max retries exceeded with url: /race/result.html?race_id=202408040506 (Caused by SSLError(SSLEOFError(8, 'EOF occurred in violation of protocol (_ssl.c:997)'))) (attempt 1)
21:44:45 [INFO]   [1621/2974] ✅ Fixed 2024-06-09 3歳未勝利
21:44:45 [INFO]   [1616/2974] ✅ Fixed 2024-06-15 米子S
21:44:45 [INFO]   [1618/2974] ✅ Fixed 2024-06-09 3歳未勝利
21:44:46 [INFO]   [1619/2974] ✅ Fixed 2024-06-09 3歳未勝利
21:44:46 [INFO]   [1620/2974] ✅ Fixed 2024-06-09 3歳未勝利
21:44:47 [WARNING] Request error for https://race.netkeiba.com/race/result.html?race_id=202408040507: HTTPSConnectionPool(host='race.netkeiba.com', port=443): Max retries exceeded with url: /race/result.html?race_id=202408040507 (Caused by SSLError(SSLEOFError(8, 'EOF occurred in violation of protocol (_ssl.c:997)'))) (attempt 1)
21:44:48 [INFO]   [1622/2974] ✅ Fixed 2024-06-09 2歳新馬
21:44:48 [INFO]   [1625/2974] ✅ Fixed 2024-06-09 3歳以上1勝クラス
21:44:49 [INFO]   [1624/2974] ✅ Fixed 2024-06-09 3歳以上1勝クラス
21:44:51 [INFO]   [1627/2974] ✅ Fixed 2024-06-09 夏至S
21:44:51 [INFO]   [1626/2974] ✅ Fixed 2024-06-09 八王子特別
21:44:51 [INFO]   [1623/2974] ✅ Fixed 2024-06-09 3歳未勝利
21:44:52 [INFO]   [1628/2974] ✅ Fixed 2024-06-09 エプソムC
21:44:53 [INFO]   [1630/2974] ✅ Fixed 2024-06-09 3歳未勝利
21:44:53 [INFO]   [1629/2974] ✅ Fixed 2024-06-09 3歳以上1勝クラス
21:44:54 [INFO]   [1611/2974] ✅ Fixed 2024-06-15 3歳未勝利
21:44:55 [INFO]   [1633/2974] ✅ Fixed 2024-06-09 2歳新馬
21:44:56 [INFO]   [1631/2974] ✅ Fixed 2024-06-09 3歳未勝利
21:44:56 [INFO]   [1634/2974] ✅ Fixed 2024-06-09 3歳未勝利
21:44:56 [INFO]   [1635/2974] ✅ Fixed 2024-06-09 3歳以上1勝クラス
21:44:57 [INFO]   [1632/2974] ✅ Fixed 2024-06-09 3歳未勝利
21:44:57 [INFO]   [1636/2974] ✅ Fixed 2024-06-09 3歳以上1勝クラス
21:44:58 [INFO]   [1612/2974] ✅ Fixed 2024-06-15 3歳以上1勝クラス
21:45:00 [INFO]   [1640/2974] ✅ Fixed 2024-06-09 3歳以上1勝クラス
21:45:00 [INFO]   [1637/2974] ✅ Fixed 2024-06-09 常盤特別
21:45:00 [INFO]   [1643/2974] ✅ Fixed 2024-06-08 3歳未勝利
21:45:01 [INFO]   [1639/2974] ✅ Fixed 2024-06-09 三宮S
21:45:01 [INFO]   [1638/2974] ✅ Fixed 2024-06-09 安芸S
21:45:02 [INFO]   [1642/2974] ✅ Fixed 2024-06-08 3歳未勝利
21:45:03 [INFO]   [1644/2974] ✅ Fixed 2024-06-08 3歳未勝利
21:45:04 [INFO]   [1645/2974] ✅ Fixed 2024-06-08 2歳新馬
21:45:05 [INFO]   [1646/2974] ✅ Fixed 2024-06-08 3歳未勝利
21:45:05 [INFO]   [1649/2974] ✅ Fixed 2024-06-08 芦ノ湖特別
21:45:05 [INFO]   [1651/2974] ✅ Fixed 2024-06-08 ジューンS
21:45:06 [INFO]   [1648/2974] ✅ Fixed 2024-06-08 3歳以上1勝クラス
21:45:07 [INFO]   [1647/2974] ✅ Fixed 2024-06-08 3歳以上1勝クラス
21:45:07 [INFO]   [1650/2974] ✅ Fixed 2024-06-08 青梅特別
21:45:08 [INFO]   [1655/2974] ✅ Fixed 2024-06-08 3歳未勝利
21:45:08 [INFO]   [1652/2974] ✅ Fixed 2024-06-08 3歳以上1勝クラス
21:45:09 [INFO]   [1656/2974] ✅ Fixed 2024-06-08 3歳未勝利
21:45:09 [INFO]   [1653/2974] ✅ Fixed 2024-06-08 3歳未勝利
21:45:10 [INFO]   [1654/2974] ✅ Fixed 2024-06-08 3歳未勝利
21:45:11 [INFO]   [1658/2974] ✅ Fixed 2024-06-08 3歳未勝利
21:45:11 [INFO]   [1661/2974] ✅ Fixed 2024-06-08 一乗寺特別
21:45:11 [INFO]   [1659/2974] ✅ Fixed 2024-06-08 3歳以上1勝クラス
21:45:12 [INFO]   [1657/2974] ✅ Fixed 2024-06-08 2歳新馬
21:45:12 [INFO]   [1660/2974] ✅ Fixed 2024-06-08 3歳以上2勝クラス
21:45:14 [INFO]   [1662/2974] ✅ Fixed 2024-06-08 長浜特別
21:45:14 [INFO]   [1663/2974] ✅ Fixed 2024-06-08 水無月S
21:45:15 [INFO]   [1665/2974] ✅ Fixed 2024-06-02 3歳未勝利
21:45:15 [INFO]   [1664/2974] ✅ Fixed 2024-06-08 3歳以上1勝クラス
21:45:16 [INFO]   [1669/2974] ✅ Fixed 2024-06-02 2歳新馬
21:45:16 [INFO]   [1666/2974] ✅ Fixed 2024-06-02 3歳未勝利
21:45:16 [INFO]   [1668/2974] ✅ Fixed 2024-06-02 3歳未勝利
21:45:17 [INFO]   [1667/2974] ✅ Fixed 2024-06-02 3歳未勝利
21:45:18 [INFO]   [1670/2974] ✅ Fixed 2024-06-02 2歳新馬
21:45:19 [INFO]   [1672/2974] ✅ Fixed 2024-06-02 3歳以上1勝クラス
21:45:19 [INFO]   [1671/2974] ✅ Fixed 2024-06-02 3歳以上1勝クラス
21:45:20 [INFO]   [1676/2974] ✅ Fixed 2024-06-02 小金井特別
21:45:20 [INFO]   [1673/2974] ✅ Fixed 2024-06-02 ホンコンJCT
21:45:21 [INFO]   [1677/2974] ✅ Fixed 2024-06-02 3歳未勝利
21:45:22 [INFO]   [1675/2974] ✅ Fixed 2024-06-02 安田記念
21:45:22 [INFO]   [1674/2974] ✅ Fixed 2024-06-02 タイキシャトルC
21:45:22 [INFO]   [1680/2974] ✅ Fixed 2024-06-02 2歳新馬
21:45:24 [INFO]   [1679/2974] ✅ Fixed 2024-06-02 3歳未勝利
21:45:24 [INFO]   [1681/2974] ✅ Fixed 2024-06-02 3歳未勝利
21:45:24 [INFO]   [1683/2974] ✅ Fixed 2024-06-02 3歳以上1勝クラス
21:45:25 [INFO]   [1678/2974] ✅ Fixed 2024-06-02 3歳未勝利
21:45:25 [INFO]   [1682/2974] ✅ Fixed 2024-06-02 3歳以上1勝クラス
21:45:26 [INFO]   [1684/2974] ✅ Fixed 2024-06-02 祇園特別
21:45:28 [INFO]   [1685/2974] ✅ Fixed 2024-06-02 下鴨S
21:45:28 [INFO]   [1686/2974] ✅ Fixed 2024-06-02 松風月S
21:45:28 [INFO]   [1690/2974] ✅ Fixed 2024-06-01 3歳未勝利
21:45:29 [INFO]   [1688/2974] ✅ Fixed 2024-06-01 3歳未勝利
21:45:29 [INFO]   [1692/2974] ✅ Fixed 2024-06-01 3歳未勝利
21:45:29 [INFO]   [1687/2974] ✅ Fixed 2024-06-02 3歳以上1勝クラス
21:45:29 [INFO]   [1691/2974] ✅ Fixed 2024-06-01 2歳新馬
21:45:30 [INFO]   [1689/2974] ✅ Fixed 2024-06-01 3歳未勝利
21:45:33 [INFO]   [1697/2974] ✅ Fixed 2024-06-01 アハルテケS
21:45:33 [INFO]   [1694/2974] ✅ Fixed 2024-06-01 3歳以上2勝クラス
21:45:33 [INFO]   [1698/2974] ✅ Fixed 2024-06-01 3歳以上1勝クラス
21:45:34 [INFO]   [1695/2974] ✅ Fixed 2024-06-01 稲城特別
21:45:34 [INFO]   [1696/2974] ✅ Fixed 2024-06-01 由比ケ浜特別
21:45:34 [INFO]   [1693/2974] ✅ Fixed 2024-06-01 3歳以上1勝クラス
21:45:35 [INFO]   [1699/2974] ✅ Fixed 2024-06-01 3歳未勝利
21:45:35 [INFO]   [1700/2974] ✅ Fixed 2024-06-01 3歳未勝利
21:45:38 [INFO]   [1707/2974] ✅ Fixed 2024-06-01 3歳以上1勝クラス
21:45:38 [INFO]   [1705/2974] ✅ Fixed 2024-06-01 3歳以上1勝クラス
21:45:38 [INFO]   [1701/2974] ✅ Fixed 2024-06-01 3歳未勝利
21:45:38 [INFO]   [1706/2974] ✅ Fixed 2024-06-01 聖護院特別
21:45:38 [INFO]   [1704/2974] ✅ Fixed 2024-06-01 3歳以上1勝クラス
21:45:39 [INFO]   [1702/2974] ✅ Fixed 2024-06-01 3歳未勝利
21:45:39 [INFO]   [1703/2974] ✅ Fixed 2024-06-01 2歳新馬
21:45:40 [INFO]   [1708/2974] ✅ Fixed 2024-06-01 若狭湾特別
21:45:42 [INFO]   [1712/2974] ✅ Fixed 2024-05-26 3歳未勝利
21:45:42 [INFO]   [1710/2974] ✅ Fixed 2024-06-01 3歳以上2勝クラス
21:45:43 [INFO]   [1709/2974] ✅ Fixed 2024-06-01 鳴尾記念
21:45:44 [INFO]   [1715/2974] ✅ Fixed 2024-05-26 3歳1勝クラス
21:45:44 [INFO]   [1711/2974] ✅ Fixed 2024-05-26 3歳未勝利
21:45:44 [INFO]   [1713/2974] ✅ Fixed 2024-05-26 3歳未勝利
21:45:44 [INFO]   [1716/2974] ✅ Fixed 2024-05-26 4歳以上1勝クラス
21:45:45 [INFO]   [1714/2974] ✅ Fixed 2024-05-26 3歳未勝利
21:45:46 [WARNING] Request error for https://race.netkeiba.com/race/result.html?race_id=202405021208: HTTPSConnectionPool(host='race.netkeiba.com', port=443): Max retries exceeded with url: /race/result.html?race_id=202405021208 (Caused by SSLError(SSLEOFError(8, 'EOF occurred in violation of protocol (_ssl.c:997)'))) (attempt 1)
21:45:46 [INFO]   [1717/2974] ✅ Fixed 2024-05-26 4歳以上1勝クラス
21:45:46 [INFO]   [1721/2974] ✅ Fixed 2024-05-26 日本ダービー
21:45:48 [INFO]   [1719/2974] ✅ Fixed 2024-05-26 むらさき賞
21:45:48 [INFO]   [1722/2974] ✅ Fixed 2024-05-26 目黒記念
21:45:48 [INFO]   [1723/2974] ✅ Fixed 2024-05-26 3歳未勝利
21:45:48 [INFO]   [1720/2974] ✅ Fixed 2024-05-26 ディープインパクトC
21:45:49 [INFO]   [1724/2974] ✅ Fixed 2024-05-26 3歳未勝利
21:45:50 [INFO]   [1725/2974] ✅ Fixed 2024-05-26 3歳未勝利
21:45:51 [INFO]   [1726/2974] ✅ Fixed 2024-05-26 3歳未勝利
21:45:52 [INFO]   [1729/2974] ✅ Fixed 2024-05-26 4歳以上2勝クラス
21:45:52 [INFO]   [1727/2974] ✅ Fixed 2024-05-26 3歳1勝クラス
21:45:52 [INFO]   [1728/2974] ✅ Fixed 2024-05-26 4歳以上1勝クラス
21:45:53 [INFO]   [1730/2974] ✅ Fixed 2024-05-26 與杼特別
21:45:54 [INFO]   [1732/2974] ✅ Fixed 2024-05-26 白百合S
21:45:54 [INFO]   [1718/2974] ✅ Fixed 2024-05-26 青嵐賞
21:45:54 [INFO]   [1731/2974] ✅ Fixed 2024-05-26 安土城S
21:45:56 [INFO]   [1734/2974] ✅ Fixed 2024-05-25 3歳未勝利
21:45:56 [INFO]   [1736/2974] ✅ Fixed 2024-05-25 3歳未勝利
21:45:56 [INFO]   [1735/2974] ✅ Fixed 2024-05-25 3歳未勝利
21:45:57 [INFO]   [1733/2974] ✅ Fixed 2024-05-26 渡月橋S
21:45:57 [INFO]   [1737/2974] ✅ Fixed 2024-05-25 3歳未勝利
21:45:58 [INFO]   [1738/2974] ✅ Fixed 2024-05-25 3歳1勝クラス
21:45:59 [INFO]   [1742/2974] ✅ Fixed 2024-05-25 葉山特別
21:45:59 [INFO]   [1739/2974] ✅ Fixed 2024-05-25 3歳1勝クラス
21:46:00 [INFO]   [1743/2974] ✅ Fixed 2024-05-25 欅S
21:46:00 [INFO]   [1740/2974] ✅ Fixed 2024-05-25 4歳以上1勝クラス
21:46:01 [INFO]   [1741/2974] ✅ Fixed 2024-05-25 富嶽賞
21:46:02 [INFO]   [1744/2974] ✅ Fixed 2024-05-25 4歳以上2勝クラス
21:46:03 [INFO]   [1750/2974] ✅ Fixed 2024-05-25 4歳以上1勝クラス
21:46:03 [INFO]   [1746/2974] ✅ Fixed 2024-05-25 3歳未勝利
21:46:03 [INFO]   [1745/2974] ✅ Fixed 2024-05-25 3歳未勝利
21:46:04 [INFO]   [1748/2974] ✅ Fixed 2024-05-25 3歳未勝利
21:46:06 [INFO]   [1749/2974] ✅ Fixed 2024-05-25 3歳未勝利
21:46:06 [INFO]   [1747/2974] ✅ Fixed 2024-05-25 3歳未勝利
21:46:06 [INFO]   [1751/2974] ✅ Fixed 2024-05-25 4歳以上1勝クラス
21:46:07 [INFO]   [1752/2974] ✅ Fixed 2024-05-25 4歳以上2勝クラス
21:46:08 [INFO]   [1755/2974] ✅ Fixed 2024-05-25 葵S
21:46:08 [INFO]   [1754/2974] ✅ Fixed 2024-05-25 桃山S
21:46:08 [INFO]   [1753/2974] ✅ Fixed 2024-05-25 鳳雛S
21:46:09 [INFO]   [1756/2974] ✅ Fixed 2024-05-25 4歳以上2勝クラス
21:46:10 [INFO]   [1757/2974] ✅ Fixed 2024-05-19 3歳未勝利
21:46:11 [INFO]   [1758/2974] ✅ Fixed 2024-05-19 3歳未勝利
21:46:11 [INFO]   [1759/2974] ✅ Fixed 2024-05-19 3歳未勝利
21:46:12 [INFO]   [1761/2974] ✅ Fixed 2024-05-19 3歳1勝クラス
21:46:12 [INFO]   [1760/2974] ✅ Fixed 2024-05-19 3歳未勝利
21:46:12 [INFO]   [1763/2974] ✅ Fixed 2024-05-19 4歳以上1勝クラス
21:46:13 [INFO]   [1762/2974] ✅ Fixed 2024-05-19 4歳以上1勝クラス
21:46:14 [INFO]   [1765/2974] ✅ Fixed 2024-05-19 フリーウェイS
21:46:14 [INFO]   [1764/2974] ✅ Fixed 2024-05-19 調布特別
21:46:15 [INFO]   [1767/2974] ✅ Fixed 2024-05-19 オークス
21:46:15 [INFO]   [1766/2974] ✅ Fixed 2024-05-19 エアグルーヴC
21:46:16 [INFO]   [1771/2974] ✅ Fixed 2024-05-19 3歳未勝利
21:46:16 [INFO]   [1770/2974] ✅ Fixed 2024-05-19 3歳未勝利
21:46:17 [INFO]   [1769/2974] ✅ Fixed 2024-05-19 3歳未勝利
21:46:17 [INFO]   [1768/2974] ✅ Fixed 2024-05-19 三峰山特別
21:46:17 [INFO]   [1773/2974] ✅ Fixed 2024-05-19 3歳未勝利
21:46:18 [INFO]   [1772/2974] ✅ Fixed 2024-05-19 3歳未勝利
21:46:19 [INFO]   [1777/2974] ✅ Fixed 2024-05-19 愛宕特別
21:46:19 [INFO]   [1776/2974] ✅ Fixed 2024-05-19 4歳以上1勝クラス
21:46:20 [INFO]   [1775/2974] ✅ Fixed 2024-05-19 3歳1勝クラス
21:46:20 [INFO]   [1780/2974] ✅ Fixed 2024-05-19 4歳以上1勝クラス
21:46:21 [INFO]   [1774/2974] ✅ Fixed 2024-05-19 3歳1勝クラス
21:46:21 [INFO]   [1778/2974] ✅ Fixed 2024-05-19 パールS
21:46:22 [INFO]   [1783/2974] ✅ Fixed 2024-05-19 3歳未勝利
21:46:23 [INFO]   [1779/2974] ✅ Fixed 2024-05-19 高瀬川S
21:46:23 [INFO]   [1784/2974] ✅ Fixed 2024-05-19 3歳未勝利
21:46:23 [INFO]   [1782/2974] ✅ Fixed 2024-05-19 3歳未勝利
21:46:24 [INFO]   [1781/2974] ✅ Fixed 2024-05-19 3歳未勝利
21:46:25 [INFO]   [1785/2974] ✅ Fixed 2024-05-19 3歳未勝利
21:46:25 [INFO]   [1787/2974] ✅ Fixed 2024-05-19 4歳以上1勝クラス
21:46:26 [INFO]   [1786/2974] ✅ Fixed 2024-05-19 4歳以上1勝クラス
21:46:26 [INFO]   [1790/2974] ✅ Fixed 2024-05-19 韋駄天S
21:46:27 [INFO]   [1788/2974] ✅ Fixed 2024-05-19 石打特別
21:46:27 [INFO]   [1791/2974] ✅ Fixed 2024-05-19 4歳以上1勝クラス
21:46:28 [INFO]   [1789/2974] ✅ Fixed 2024-05-19 火打山特別
21:46:28 [INFO]   [1794/2974] ✅ Fixed 2024-05-18 3歳未勝利
21:46:29 [INFO]   [1792/2974] ✅ Fixed 2024-05-18 3歳未勝利
21:46:30 [INFO]   [1795/2974] ✅ Fixed 2024-05-18 3歳未勝利
21:46:30 [INFO]   [1796/2974] ✅ Fixed 2024-05-18 3歳未勝利
21:46:31 [INFO]   [1793/2974] ✅ Fixed 2024-05-18 3歳未勝利
21:46:31 [INFO]   [1798/2974] ✅ Fixed 2024-05-18 4歳以上1勝クラス
21:46:33 [INFO]   [1797/2974] ✅ Fixed 2024-05-18 3歳1勝クラス
21:46:33 [INFO]   [1799/2974] ✅ Fixed 2024-05-18 4歳以上1勝クラス
21:46:34 [INFO]   [1800/2974] ✅ Fixed 2024-05-18 カーネーションC
21:46:34 [INFO]   [1805/2974] ✅ Fixed 2024-05-18 3歳未勝利
21:46:35 [INFO]   [1801/2974] ✅ Fixed 2024-05-18 高尾特別
21:46:35 [INFO]   [1804/2974] ✅ Fixed 2024-05-18 3歳未勝利
21:46:36 [INFO]   [1803/2974] ✅ Fixed 2024-05-18 4歳以上2勝クラス
21:46:36 [INFO]   [1802/2974] ✅ Fixed 2024-05-18 メイS
21:46:37 [INFO]   [1808/2974] ✅ Fixed 2024-05-18 3歳未勝利
21:46:38 [INFO]   [1810/2974] ✅ Fixed 2024-05-18 4歳以上1勝クラス
21:46:38 [INFO]   [1806/2974] ✅ Fixed 2024-05-18 3歳未勝利
21:46:38 [INFO]   [1807/2974] ✅ Fixed 2024-05-18 3歳未勝利
21:46:38 [INFO]   [1811/2974] ✅ Fixed 2024-05-18 4歳以上1勝クラス
21:46:39 [INFO]   [1813/2974] ✅ Fixed 2024-05-18 シドニーT
21:46:40 [INFO]   [1809/2974] ✅ Fixed 2024-05-18 3歳1勝クラス
21:46:40 [INFO]   [1814/2974] ✅ Fixed 2024-05-18 平安S
21:46:41 [INFO]   [1815/2974] ✅ Fixed 2024-05-18 オーストラリアT
21:46:41 [INFO]   [1812/2974] ✅ Fixed 2024-05-18 メルボルンT
21:46:42 [INFO]   [1819/2974] ✅ Fixed 2024-05-18 3歳未勝利
21:46:43 [INFO]   [1816/2974] ✅ Fixed 2024-05-18 3歳未勝利
21:46:44 [INFO]   [1817/2974] ✅ Fixed 2024-05-18 3歳未勝利
21:46:45 [INFO]   [1821/2974] ✅ Fixed 2024-05-18 4歳以上1勝クラス
21:46:45 [INFO]   [1818/2974] ✅ Fixed 2024-05-18 3歳未勝利
21:46:46 [INFO]   [1820/2974] ✅ Fixed 2024-05-18 3歳未勝利
21:46:46 [INFO]   [1823/2974] ✅ Fixed 2024-05-18 二王子特別
21:46:46 [INFO]   [1824/2974] ✅ Fixed 2024-05-18 大日岳特別
21:46:48 [INFO]   [1825/2974] ✅ Fixed 2024-05-18 4歳以上1勝クラス
21:46:50 [INFO]   [1829/2974] ✅ Fixed 2024-05-12 3歳未勝利
21:46:50 [INFO]   [1831/2974] ✅ Fixed 2024-05-12 3歳未勝利
21:46:51 [INFO]   [1833/2974] ✅ Fixed 2024-05-12 3歳未勝利
21:46:51 [INFO]   [1830/2974] ✅ Fixed 2024-05-12 3歳未勝利
21:46:52 [INFO]   [1832/2974] ✅ Fixed 2024-05-12 3歳未勝利
21:46:52 [INFO]   [1835/2974] ✅ Fixed 2024-05-12 3歳1勝クラス
21:46:53 [INFO]   [1837/2974] ✅ Fixed 2024-05-12 テレ玉杯
21:46:53 [INFO]   [1834/2974] ✅ Fixed 2024-05-12 3歳1勝クラス
21:46:54 [INFO]   [1839/2974] ✅ Fixed 2024-05-12 ヴィクトリアマイル
21:46:54 [INFO]   [1838/2974] ✅ Fixed 2024-05-12 ウオッカC
21:46:56 [INFO]   [1841/2974] ✅ Fixed 2024-05-12 3歳未勝利
21:46:57 [INFO]   [1843/2974] ✅ Fixed 2024-05-12 3歳未勝利
21:46:57 [INFO]   [1836/2974] ✅ Fixed 2024-05-12 4歳以上1勝クラス
21:46:57 [INFO]   [1840/2974] ✅ Fixed 2024-05-12 BSイレブン賞
21:46:58 [INFO]   [1842/2974] ✅ Fixed 2024-05-12 3歳未勝利
21:46:58 [INFO]   [1844/2974] ✅ Fixed 2024-05-12 3歳未勝利
21:46:59 [INFO]   [1845/2974] ✅ Fixed 2024-05-12 3歳1勝クラス
21:46:59 [INFO]   [1847/2974] ✅ Fixed 2024-05-12 4歳以上1勝クラス
21:46:59 [INFO]   [1846/2974] ✅ Fixed 2024-05-12 4歳以上1勝クラス
21:47:02 [INFO]   [1850/2974] ✅ Fixed 2024-05-12 錦S
21:47:02 [INFO]   [1848/2974] ✅ Fixed 2024-05-12 4歳以上1勝クラス
21:47:03 [INFO]   [1852/2974] ✅ Fixed 2024-05-12 4歳以上2勝クラス
21:47:03 [INFO]   [1849/2974] ✅ Fixed 2024-05-12 白川特別
21:47:03 [INFO]   [1854/2974] ✅ Fixed 2024-05-11 3歳未勝利
21:47:03 [INFO]   [1855/2974] ✅ Fixed 2024-05-11 3歳未勝利
21:47:04 [INFO]   [1851/2974] ✅ Fixed 2024-05-12 栗東S
21:47:05 [INFO]   [1856/2974] ✅ Fixed 2024-05-11 3歳未勝利
21:47:06 [INFO]   [1857/2974] ✅ Fixed 2024-05-11 3歳未勝利
21:47:06 [INFO]   [1858/2974] ✅ Fixed 2024-05-11 3歳未勝利
21:47:07 [INFO]   [1859/2974] ✅ Fixed 2024-05-11 3歳1勝クラス
21:47:07 [INFO]   [1861/2974] ✅ Fixed 2024-05-11 4歳以上1勝クラス
21:47:08 [INFO]   [1862/2974] ✅ Fixed 2024-05-11 国分寺特別
21:47:09 [INFO]   [1860/2974] ✅ Fixed 2024-05-11 4歳以上1勝クラス
21:47:09 [INFO]   [1863/2974] ✅ Fixed 2024-05-11 六社S
21:47:10 [INFO]   [1865/2974] ✅ Fixed 2024-05-11 4歳以上2勝クラス
21:47:10 [INFO]   [1868/2974] ✅ Fixed 2024-05-11 3歳未勝利
21:47:11 [INFO]   [1864/2974] ✅ Fixed 2024-05-11 京王杯SC
21:47:12 [INFO]   [1866/2974] ✅ Fixed 2024-05-11 3歳未勝利
21:47:12 [INFO]   [1871/2974] ✅ Fixed 2024-05-11 4歳以上1勝クラス
21:47:12 [INFO]   [1867/2974] ✅ Fixed 2024-05-11 3歳未勝利
21:47:13 [INFO]   [1870/2974] ✅ Fixed 2024-05-11 3歳未勝利
21:47:14 [INFO]   [1872/2974] ✅ Fixed 2024-05-11 4歳以上2勝クラス
21:47:14 [INFO]   [1869/2974] ✅ Fixed 2024-05-11 3歳未勝利
21:47:16 [INFO]   [1875/2974] ✅ Fixed 2024-05-11 上賀茂S
21:47:16 [INFO]   [1874/2974] ✅ Fixed 2024-05-11 あずさ賞
21:47:17 [INFO]   [1876/2974] ✅ Fixed 2024-05-11 都大路S
21:47:17 [WARNING] Request error for https://race.netkeiba.com/race/result.html?race_id=202405020601: HTTPSConnectionPool(host='race.netkeiba.com', port=443): Max retries exceeded with url: /race/result.html?race_id=202405020601 (Caused by SSLError(SSLEOFError(8, 'EOF occurred in violation of protocol (_ssl.c:997)'))) (attempt 1)
21:47:18 [INFO]   [1877/2974] ✅ Fixed 2024-05-11 4歳以上2勝クラス
21:47:19 [INFO]   [1881/2974] ✅ Fixed 2024-05-05 3歳未勝利
21:47:19 [INFO]   [1882/2974] ✅ Fixed 2024-05-05 3歳未勝利
21:47:20 [INFO]   [1880/2974] ✅ Fixed 2024-05-05 3歳未勝利
21:47:20 [INFO]   [1883/2974] ✅ Fixed 2024-05-05 3歳1勝クラス
21:47:20 [INFO]   [1885/2974] ✅ Fixed 2024-05-05 4歳以上1勝クラス
21:47:22 [INFO]   [1886/2974] ✅ Fixed 2024-05-05 4歳以上2勝クラス
21:47:22 [INFO]   [1887/2974] ✅ Fixed 2024-05-05 分倍河原S
21:47:23 [INFO]   [1884/2974] ✅ Fixed 2024-05-05 4歳以上1勝クラス
21:47:24 [INFO]   [1889/2974] ✅ Fixed 2024-05-05 NHKマイルC
21:47:24 [INFO]   [1891/2974] ✅ Fixed 2024-05-05 3歳未勝利
21:47:24 [INFO]   [1890/2974] ✅ Fixed 2024-05-05 日吉特別
21:47:24 [INFO]   [1888/2974] ✅ Fixed 2024-05-05 キングカメハメハC
21:47:25 [INFO]   [1893/2974] ✅ Fixed 2024-05-05 3歳未勝利
21:47:26 [INFO]   [1879/2974] ✅ Fixed 2024-05-05 3歳未勝利
21:47:26 [INFO]   [1892/2974] ✅ Fixed 2024-05-05 3歳未勝利
21:47:28 [INFO]   [1898/2974] ✅ Fixed 2024-05-05 4歳以上2勝クラス
21:47:29 [INFO]   [1895/2974] ✅ Fixed 2024-05-05 3歳未勝利
21:47:29 [INFO]   [1894/2974] ✅ Fixed 2024-05-05 3歳未勝利
21:47:30 [INFO]   [1897/2974] ✅ Fixed 2024-05-05 4歳以上1勝クラス
21:47:30 [INFO]   [1899/2974] ✅ Fixed 2024-05-05 烏丸S
21:47:30 [INFO]   [1896/2974] ✅ Fixed 2024-05-05 3歳1勝クラス
21:47:31 [INFO]   [1901/2974] ✅ Fixed 2024-05-05 鞍馬S
21:47:33 [INFO]   [1900/2974] ✅ Fixed 2024-05-05 橘S
21:47:33 [INFO]   [1906/2974] ✅ Fixed 2024-05-04 3歳未勝利
21:47:34 [INFO]   [1902/2974] ✅ Fixed 2024-05-05 4歳以上1勝クラス
21:47:35 [INFO]   [1907/2974] ✅ Fixed 2024-05-04 3歳未勝利
21:47:36 [INFO]   [1908/2974] ✅ Fixed 2024-05-04 3歳未勝利
21:47:36 [INFO]   [1909/2974] ✅ Fixed 2024-05-04 3歳未勝利
21:47:37 [INFO]   [1911/2974] ✅ Fixed 2024-05-04 3歳1勝クラス
21:47:37 [INFO]   [1914/2974] ✅ Fixed 2024-05-04 青竜S
21:47:37 [INFO]   [1910/2974] ✅ Fixed 2024-05-04 3歳未勝利
21:47:38 [INFO]   [1912/2974] ✅ Fixed 2024-05-04 4歳以上1勝クラス
21:47:39 [INFO]   [1913/2974] ✅ Fixed 2024-05-04 4歳以上2勝クラス
21:47:41 [INFO]   [1918/2974] ✅ Fixed 2024-05-04 3歳未勝利
21:47:41 [INFO]   [1917/2974] ✅ Fixed 2024-05-04 4歳以上2勝クラス
21:47:42 [INFO]   [1916/2974] ✅ Fixed 2024-05-04 プリンシパルS
21:47:42 [INFO]   [1915/2974] ✅ Fixed 2024-05-04 メトロポリタンS
21:47:42 [INFO]   [1919/2974] ✅ Fixed 2024-05-04 3歳未勝利
21:47:42 [INFO]   [1920/2974] ✅ Fixed 2024-05-04 3歳未勝利
21:47:44 [INFO]   [1921/2974] ✅ Fixed 2024-05-04 3歳未勝利
21:47:44 [INFO]   [1922/2974] ✅ Fixed 2024-05-04 3歳未勝利
21:47:45 [INFO]   [1923/2974] ✅ Fixed 2024-05-04 3歳1勝クラス
21:47:46 [INFO]   [1924/2974] ✅ Fixed 2024-05-04 3歳1勝クラス
21:47:46 [INFO]   [1926/2974] ✅ Fixed 2024-05-04 鴨川特別
21:47:47 [INFO]   [1927/2974] ✅ Fixed 2024-05-04 平城京S
21:47:48 [INFO]   [1928/2974] ✅ Fixed 2024-05-04 京都新聞杯
21:47:48 [INFO]   [1925/2974] ✅ Fixed 2024-05-04 4歳以上1勝クラス
21:47:48 [INFO]   [1929/2974] ✅ Fixed 2024-05-04 4歳以上2勝クラス
21:47:49 [INFO]   [1932/2974] ✅ Fixed 2024-04-28 3歳未勝利
21:47:50 [INFO]   [1933/2974] ✅ Fixed 2024-04-28 3歳未勝利
21:47:52 [INFO]   [1935/2974] ✅ Fixed 2024-04-28 3歳未勝利
21:47:52 [INFO]   [1939/2974] ✅ Fixed 2024-04-28 4歳以上2勝クラス
21:47:52 [INFO]   [1934/2974] ✅ Fixed 2024-04-28 3歳未勝利
21:47:53 [INFO]   [1937/2974] ✅ Fixed 2024-04-28 3歳1勝クラス
21:47:53 [INFO]   [1936/2974] ✅ Fixed 2024-04-28 3歳未勝利
21:47:54 [INFO]   [1938/2974] ✅ Fixed 2024-04-28 4歳以上1勝クラス
21:47:54 [INFO]   [1940/2974] ✅ Fixed 2024-04-28 陣馬特別
21:47:55 [INFO]   [1941/2974] ✅ Fixed 2024-04-28 ブリリアントS
21:47:56 [INFO]   [1944/2974] ✅ Fixed 2024-04-28 3歳未勝利
21:47:56 [INFO]   [1946/2974] ✅ Fixed 2024-04-28 3歳未勝利
21:47:57 [INFO]   [1943/2974] ✅ Fixed 2024-04-28 4歳以上2勝クラス
21:47:58 [INFO]   [1948/2974] ✅ Fixed 2024-04-28 3歳1勝クラス
21:47:58 [INFO]   [1942/2974] ✅ Fixed 2024-04-28 スイートピーS
21:47:58 [INFO]   [1945/2974] ✅ Fixed 2024-04-28 3歳未勝利
21:47:59 [INFO]   [1947/2974] ✅ Fixed 2024-04-28 3歳未勝利
21:48:00 [INFO]   [1951/2974] ✅ Fixed 2024-04-28 糺の森特別
21:48:00 [INFO]   [1950/2974] ✅ Fixed 2024-04-28 4歳以上1勝クラス
21:48:01 [INFO]   [1949/2974] ✅ Fixed 2024-04-28 3歳1勝クラス
21:48:02 [INFO]   [1952/2974] ✅ Fixed 2024-04-28 六波羅特別
21:48:03 [INFO]   [1953/2974] ✅ Fixed 2024-04-28 ライスシャワーC
21:48:03 [INFO]   [1955/2974] ✅ Fixed 2024-04-28 東大路S
21:48:04 [INFO]   [1956/2974] ✅ Fixed 2024-04-27 3歳未勝利
21:48:05 [INFO]   [1957/2974] ✅ Fixed 2024-04-27 3歳未勝利
21:48:05 [INFO]   [1959/2974] ✅ Fixed 2024-04-27 3歳未勝利
21:48:05 [INFO]   [1954/2974] ✅ Fixed 2024-04-28 天皇賞(春)
21:48:06 [INFO]   [1960/2974] ✅ Fixed 2024-04-27 3歳未勝利
21:48:06 [INFO]   [1958/2974] ✅ Fixed 2024-04-27 3歳未勝利
21:48:07 [INFO]   [1962/2974] ✅ Fixed 2024-04-27 4歳以上1勝クラス
21:48:07 [INFO]   [1961/2974] ✅ Fixed 2024-04-27 3歳1勝クラス
21:48:10 [INFO]   [1964/2974] ✅ Fixed 2024-04-27 是政S
21:48:10 [INFO]   [1965/2974] ✅ Fixed 2024-04-27 府中市市制施行70周年記念
21:48:10 [INFO]   [1963/2974] ✅ Fixed 2024-04-27 4歳以上1勝クラス
21:48:11 [INFO]   [1968/2974] ✅ Fixed 2024-04-27 3歳未勝利
21:48:11 [INFO]   [1966/2974] ✅ Fixed 2024-04-27 青葉賞
21:48:12 [INFO]   [1969/2974] ✅ Fixed 2024-04-27 3歳未勝利
21:48:12 [INFO]   [1970/2974] ✅ Fixed 2024-04-27 3歳未勝利
21:48:13 [INFO]   [1967/2974] ✅ Fixed 2024-04-27 4歳以上2勝クラス
21:48:14 [INFO]   [1971/2974] ✅ Fixed 2024-04-27 3歳未勝利
21:48:14 [INFO]   [1972/2974] ✅ Fixed 2024-04-27 3歳未勝利
21:48:15 [WARNING] Request error for https://race.netkeiba.com/race/result.html?race_id=202408030310: HTTPSConnectionPool(host='race.netkeiba.com', port=443): Max retries exceeded with url: /race/result.html?race_id=202408030310 (Caused by SSLError(SSLEOFError(8, 'EOF occurred in violation of protocol (_ssl.c:997)'))) (attempt 1)
21:48:15 [INFO]   [1973/2974] ✅ Fixed 2024-04-27 4歳以上1勝クラス
21:48:15 [INFO]   [1975/2974] ✅ Fixed 2024-04-27 4歳以上1勝クラス
21:48:15 [INFO]   [1974/2974] ✅ Fixed 2024-04-27 4歳以上1勝クラス
21:48:16 [INFO]   [1978/2974] ✅ Fixed 2024-04-27 ユニコーンS
21:48:17 [INFO]   [1976/2974] ✅ Fixed 2024-04-27 矢車賞
21:48:19 [INFO]   [1981/2974] ✅ Fixed 2024-04-21 3歳未勝利
21:48:20 [INFO]   [1979/2974] ✅ Fixed 2024-04-27 4歳以上2勝クラス
21:48:20 [INFO]   [1982/2974] ✅ Fixed 2024-04-21 3歳未勝利
21:48:20 [INFO]   [1980/2974] ✅ Fixed 2024-04-21 3歳未勝利
21:48:20 [INFO]   [1984/2974] ✅ Fixed 2024-04-21 3歳未勝利
21:48:21 [INFO]   [1983/2974] ✅ Fixed 2024-04-21 3歳未勝利
21:48:22 [INFO]   [1985/2974] ✅ Fixed 2024-04-21 3歳1勝クラス
21:48:23 [INFO]   [1987/2974] ✅ Fixed 2024-04-21 4歳以上1勝クラス
21:48:23 [INFO]   [1986/2974] ✅ Fixed 2024-04-21 4歳以上1勝クラス
21:48:23 [INFO]   [1977/2974] ✅ Fixed 2024-04-27 御池特別
21:48:23 [INFO]   [1988/2974] ✅ Fixed 2024-04-21 石和特別
21:48:24 [INFO]   [1989/2974] ✅ Fixed 2024-04-21 鎌倉S
21:48:25 [INFO]   [1991/2974] ✅ Fixed 2024-04-21 4歳以上2勝クラス
21:48:25 [INFO]   [1990/2974] ✅ Fixed 2024-04-21 フローラS
21:48:28 [INFO]   [1992/2974] ✅ Fixed 2024-04-21 3歳未勝利
21:48:28 [INFO]   [1995/2974] ✅ Fixed 2024-04-21 3歳未勝利
21:48:28 [INFO]   [1994/2974] ✅ Fixed 2024-04-21 3歳未勝利
21:48:29 [INFO]   [1996/2974] ✅ Fixed 2024-04-21 3歳未勝利
21:48:29 [INFO]   [1997/2974] ✅ Fixed 2024-04-21 3歳1勝クラス
21:48:29 [INFO]   [1993/2974] ✅ Fixed 2024-04-21 3歳未勝利
21:48:30 [INFO]   [1998/2974] ✅ Fixed 2024-04-21 4歳以上1勝クラス
21:48:32 [INFO]   [1999/2974] ✅ Fixed 2024-04-21 4歳以上1勝クラス
21:48:33 [INFO]   [2000/2974] ✅ Fixed 2024-04-21 比良山特別
21:48:33 [INFO]   [2003/2974] ✅ Fixed 2024-04-21 4歳以上2勝クラス
21:48:33 [INFO]   [2002/2974] ✅ Fixed 2024-04-21 マイラーズC
21:48:33 [INFO]   [2001/2974] ✅ Fixed 2024-04-21 センテニアルPS
21:48:34 [INFO]   [2005/2974] ✅ Fixed 2024-04-20 3歳未勝利
21:48:34 [INFO]   [2004/2974] ✅ Fixed 2024-04-20 3歳未勝利
21:48:36 [INFO]   [2006/2974] ✅ Fixed 2024-04-20 3歳未勝利
21:48:37 [INFO]   [2012/2974] ✅ Fixed 2024-04-20 新緑賞
21:48:38 [INFO]   [2010/2974] ✅ Fixed 2024-04-20 4歳以上1勝クラス
21:48:38 [INFO]   [2008/2974] ✅ Fixed 2024-04-20 3歳未勝利
21:48:38 [INFO]   [2007/2974] ✅ Fixed 2024-04-20 3歳未勝利
21:48:39 [INFO]   [2011/2974] ✅ Fixed 2024-04-20 4歳以上2勝クラス
21:48:39 [INFO]   [2009/2974] ✅ Fixed 2024-04-20 3歳1勝クラス
21:48:40 [INFO]   [2014/2974] ✅ Fixed 2024-04-20 オアシスS
21:48:41 [INFO]   [2013/2974] ✅ Fixed 2024-04-20 湘南S
21:48:41 [WARNING] Request error for https://race.netkeiba.com/race/result.html?race_id=202408030101: HTTPSConnectionPool(host='race.netkeiba.com', port=443): Max retries exceeded with url: /race/result.html?race_id=202408030101 (Caused by SSLError(SSLEOFError(8, 'EOF occurred in violation of protocol (_ssl.c:997)'))) (attempt 1)
21:48:41 [INFO]   [2017/2974] ✅ Fixed 2024-04-20 3歳未勝利
21:48:41 [INFO]   [2015/2974] ✅ Fixed 2024-04-20 4歳以上2勝クラス
21:48:42 [INFO]   [2018/2974] ✅ Fixed 2024-04-20 3歳未勝利
21:48:42 [INFO]   [2020/2974] ✅ Fixed 2024-04-20 3歳1勝クラス
21:48:43 [INFO]   [2021/2974] ✅ Fixed 2024-04-20 4歳以上1勝クラス
21:48:44 [INFO]   [2019/2974] ✅ Fixed 2024-04-20 3歳未勝利
21:48:45 [INFO]   [2022/2974] ✅ Fixed 2024-04-20 4歳以上1勝クラス
21:48:45 [INFO]   [2023/2974] ✅ Fixed 2024-04-20 4歳以上2勝クラス
21:48:46 [INFO]   [2024/2974] ✅ Fixed 2024-04-20 あやめ賞
21:48:46 [INFO]   [2026/2974] ✅ Fixed 2024-04-20 天王山S
21:48:47 [INFO]   [2025/2974] ✅ Fixed 2024-04-20 観月橋S
21:48:47 [INFO]   [2027/2974] ✅ Fixed 2024-04-20 4歳以上2勝クラス
21:48:49 [INFO]   [2030/2974] ✅ Fixed 2024-04-14 3歳未勝利
21:48:49 [INFO]   [2032/2974] ✅ Fixed 2024-04-14 3歳未勝利
21:48:50 [INFO]   [2031/2974] ✅ Fixed 2024-04-14 3歳未勝利
21:48:50 [INFO]   [2016/2974] ✅ Fixed 2024-04-20 3歳未勝利
21:48:51 [INFO]   [2034/2974] ✅ Fixed 2024-04-14 3歳1勝クラス
21:48:52 [INFO]   [2033/2974] ✅ Fixed 2024-04-14 3歳未勝利
21:48:53 [INFO]   [2037/2974] ✅ Fixed 2024-04-14 野島崎特別
21:48:53 [INFO]   [2035/2974] ✅ Fixed 2024-04-14 4歳以上1勝クラス
21:48:54 [INFO]   [2038/2974] ✅ Fixed 2024-04-14 利根川特別
21:48:54 [INFO]   [2036/2974] ✅ Fixed 2024-04-14 4歳以上1勝クラス
21:48:55 [INFO]   [2041/2974] ✅ Fixed 2024-04-14 春雷S
21:48:56 [INFO]   [2039/2974] ✅ Fixed 2024-04-14 ドゥラメンテC
21:48:56 [INFO]   [2040/2974] ✅ Fixed 2024-04-14 皐月賞
21:48:57 [INFO]   [2044/2974] ✅ Fixed 2024-04-14 3歳未勝利
21:48:57 [INFO]   [2042/2974] ✅ Fixed 2024-04-14 3歳未勝利
21:48:58 [INFO]   [2046/2974] ✅ Fixed 2024-04-14 3歳1勝クラス
21:48:58 [INFO]   [2043/2974] ✅ Fixed 2024-04-14 3歳未勝利
21:49:00 [INFO]   [2047/2974] ✅ Fixed 2024-04-14 3歳1勝クラス
21:49:00 [INFO]   [2045/2974] ✅ Fixed 2024-04-14 3歳未勝利
21:49:01 [INFO]   [2049/2974] ✅ Fixed 2024-04-14 4歳以上1勝クラス
21:49:02 [INFO]   [2053/2974] ✅ Fixed 2024-04-14 4歳以上2勝クラス
21:49:03 [INFO]   [2048/2974] ✅ Fixed 2024-04-14 4歳以上1勝クラス
21:49:03 [INFO]   [2051/2974] ✅ Fixed 2024-04-14 立雲峡S
21:49:03 [INFO]   [2050/2974] ✅ Fixed 2024-04-14 三木特別
21:49:03 [INFO]   [2052/2974] ✅ Fixed 2024-04-14 アンタレスS
21:49:04 [INFO]   [2056/2974] ✅ Fixed 2024-04-13 3歳未勝利
21:49:04 [INFO]   [2054/2974] ✅ Fixed 2024-04-13 3歳未勝利
21:49:05 [INFO]   [2055/2974] ✅ Fixed 2024-04-13 3歳未勝利
21:49:06 [INFO]   [2058/2974] ✅ Fixed 2024-04-13 3歳未勝利
21:49:06 [INFO]   [2060/2974] ✅ Fixed 2024-04-13 4歳以上1勝クラス
21:49:08 [INFO]   [2063/2974] ✅ Fixed 2024-04-13 下総S
21:49:08 [INFO]   [2057/2974] ✅ Fixed 2024-04-13 3歳未勝利
21:49:09 [INFO]   [2061/2974] ✅ Fixed 2024-04-13 4歳以上2勝クラス
21:49:09 [INFO]   [2062/2974] ✅ Fixed 2024-04-13 山藤賞
21:49:09 [INFO]   [2059/2974] ✅ Fixed 2024-04-13 3歳1勝クラス
21:49:09 [INFO]   [2066/2974] ✅ Fixed 2024-04-13 3歳未勝利
21:49:10 [INFO]   [2065/2974] ✅ Fixed 2024-04-13 袖ケ浦特別
21:49:12 [INFO]   [2068/2974] ✅ Fixed 2024-04-13 3歳未勝利
21:49:12 [INFO]   [2071/2974] ✅ Fixed 2024-04-13 3歳1勝クラス
21:49:12 [INFO]   [2067/2974] ✅ Fixed 2024-04-13 3歳未勝利
21:49:12 [INFO]   [2069/2974] ✅ Fixed 2024-04-13 3歳未勝利
21:49:13 [INFO]   [2070/2974] ✅ Fixed 2024-04-13 3歳未勝利
21:49:14 [INFO]   [2072/2974] ✅ Fixed 2024-04-13 4歳以上1勝クラス
21:49:14 [INFO]   [2074/2974] ✅ Fixed 2024-04-13 明石特別
21:49:15 [INFO]   [2073/2974] ✅ Fixed 2024-04-13 4歳以上1勝クラス
21:49:16 [INFO]   [2077/2974] ✅ Fixed 2024-04-13 4歳以上2勝クラス
21:49:17 [INFO]   [2075/2974] ✅ Fixed 2024-04-13 天満橋S
21:49:17 [INFO]   [2076/2974] ✅ Fixed 2024-04-13 アーリントンC
21:49:18 [INFO]   [2081/2974] ✅ Fixed 2024-04-07 3歳未勝利
21:49:18 [INFO]   [2082/2974] ✅ Fixed 2024-04-07 3歳未勝利
21:49:19 [INFO]   [2080/2974] ✅ Fixed 2024-04-07 3歳未勝利
21:49:20 [INFO]   [2078/2974] ✅ Fixed 2024-04-07 3歳未勝利
21:49:21 [INFO]   [2083/2974] ✅ Fixed 2024-04-07 3歳1勝クラス
21:49:21 [INFO]   [2084/2974] ✅ Fixed 2024-04-07 3歳1勝クラス
21:49:21 [INFO]   [2079/2974] ✅ Fixed 2024-04-07 3歳未勝利
21:49:22 [INFO]   [2085/2974] ✅ Fixed 2024-04-07 4歳以上1勝クラス
21:49:23 [INFO]   [2086/2974] ✅ Fixed 2024-04-07 印西特別
21:49:24 [INFO]   [2089/2974] ✅ Fixed 2024-04-07 4歳以上1勝クラス
21:49:24 [INFO]   [2088/2974] ✅ Fixed 2024-04-07 京葉S
21:49:24 [INFO]   [2087/2974] ✅ Fixed 2024-04-07 鹿野山特別
21:49:26 [INFO]   [2090/2974] ✅ Fixed 2024-04-07 3歳未勝利
21:49:26 [INFO]   [2091/2974] ✅ Fixed 2024-04-07 3歳未勝利
21:49:27 [INFO]   [2094/2974] ✅ Fixed 2024-04-07 3歳1勝クラス
21:49:27 [INFO]   [2092/2974] ✅ Fixed 2024-04-07 3歳未勝利
21:49:28 [INFO]   [2093/2974] ✅ Fixed 2024-04-07 3歳未勝利
21:49:29 [INFO]   [2096/2974] ✅ Fixed 2024-04-07 4歳以上2勝クラス
21:49:29 [INFO]   [2097/2974] ✅ Fixed 2024-04-07 宝塚市制70周年記念
21:49:29 [INFO]   [2095/2974] ✅ Fixed 2024-04-07 4歳以上1勝クラス
21:49:31 [INFO]   [2099/2974] ✅ Fixed 2024-04-07 ダイワスカーレットC
21:49:31 [INFO]   [2102/2974] ✅ Fixed 2024-04-06 3歳未勝利
21:49:32 [INFO]   [2101/2974] ✅ Fixed 2024-04-07 梅田S
21:49:32 [INFO]   [2100/2974] ✅ Fixed 2024-04-07 桜花賞
21:49:32 [INFO]   [2105/2974] ✅ Fixed 2024-04-06 3歳未勝利
21:49:32 [INFO]   [2098/2974] ✅ Fixed 2024-04-07 忘れな草賞
21:49:34 [INFO]   [2104/2974] ✅ Fixed 2024-04-06 3歳未勝利
21:49:34 [INFO]   [2103/2974] ✅ Fixed 2024-04-06 3歳未勝利
21:49:35 [INFO]   [2107/2974] ✅ Fixed 2024-04-06 3歳未勝利
21:49:36 [INFO]   [2108/2974] ✅ Fixed 2024-04-06 3歳1勝クラス
21:49:36 [INFO]   [2111/2974] ✅ Fixed 2024-04-06 船橋S
21:49:36 [INFO]   [2106/2974] ✅ Fixed 2024-04-06 3歳未勝利
21:49:37 [INFO]   [2109/2974] ✅ Fixed 2024-04-06 4歳以上1勝クラス
21:49:37 [INFO]   [2110/2974] ✅ Fixed 2024-04-06 葛飾特別
21:49:38 [INFO]   [2112/2974] ✅ Fixed 2024-04-06 ニュージーランドT
21:49:39 [INFO]   [2114/2974] ✅ Fixed 2024-04-06 3歳未勝利
21:49:40 [INFO]   [2116/2974] ✅ Fixed 2024-04-06 3歳未勝利
21:49:40 [INFO]   [2113/2974] ✅ Fixed 2024-04-06 4歳以上1勝クラス
21:49:41 [INFO]   [2117/2974] ✅ Fixed 2024-04-06 3歳未勝利
21:49:42 [INFO]   [2115/2974] ✅ Fixed 2024-04-06 3歳未勝利
21:49:42 [INFO]   [2119/2974] ✅ Fixed 2024-04-06 3歳1勝クラス
21:49:42 [INFO]   [2121/2974] ✅ Fixed 2024-04-06 4歳以上1勝クラス
21:49:42 [INFO]   [2118/2974] ✅ Fixed 2024-04-06 3歳1勝クラス
21:49:43 [INFO]   [2120/2974] ✅ Fixed 2024-04-06 4歳以上1勝クラス
21:49:44 [INFO]   [2125/2974] ✅ Fixed 2024-04-06 4歳以上2勝クラス
21:49:45 [INFO]   [2123/2974] ✅ Fixed 2024-04-06 大阪ーハンブルクC
21:49:46 [INFO]   [2128/2974] ✅ Fixed 2024-03-31 3歳未勝利
21:49:46 [INFO]   [2127/2974] ✅ Fixed 2024-03-31 3歳未勝利
21:49:46 [INFO]   [2124/2974] ✅ Fixed 2024-04-06 阪神牝馬S
21:49:47 [WARNING] Request error for https://race.netkeiba.com/race/result.html?race_id=202409020509: HTTPSConnectionPool(host='race.netkeiba.com', port=443): Max retries exceeded with url: /race/result.html?race_id=202409020509 (Caused by SSLError(SSLEOFError(8, 'EOF occurred in violation of protocol (_ssl.c:997)'))) (attempt 1)
21:49:47 [INFO]   [2126/2974] ✅ Fixed 2024-03-31 3歳未勝利
21:49:48 [INFO]   [2129/2974] ✅ Fixed 2024-03-31 3歳未勝利
21:49:50 [INFO]   [2130/2974] ✅ Fixed 2024-03-31 3歳1勝クラス
21:49:50 [INFO]   [2134/2974] ✅ Fixed 2024-03-31 アリエスS
21:49:50 [INFO]   [2131/2974] ✅ Fixed 2024-03-31 3歳1勝クラス
21:49:51 [INFO]   [2133/2974] ✅ Fixed 2024-03-31 安房特別
21:49:51 [INFO]   [2135/2974] ✅ Fixed 2024-03-31 美浦S
21:49:51 [INFO]   [2136/2974] ✅ Fixed 2024-03-31 4歳以上2勝クラス
21:49:52 [INFO]   [2132/2974] ✅ Fixed 2024-03-31 4歳以上1勝クラス
21:49:54 [INFO]   [2138/2974] ✅ Fixed 2024-03-31 3歳未勝利
21:49:54 [INFO]   [2140/2974] ✅ Fixed 2024-03-31 3歳未勝利
21:49:54 [INFO]   [2139/2974] ✅ Fixed 2024-03-31 3歳未勝利
21:49:54 [INFO]   [2143/2974] ✅ Fixed 2024-03-31 4歳以上2勝クラス
21:49:55 [INFO]   [2137/2974] ✅ Fixed 2024-03-31 3歳未勝利
21:49:56 [INFO]   [2142/2974] ✅ Fixed 2024-03-31 4歳以上1勝クラス
21:49:56 [INFO]   [2122/2974] ✅ Fixed 2024-04-06 白鷺特別
21:49:57 [INFO]   [2144/2974] ✅ Fixed 2024-03-31 4歳以上2勝クラス
21:49:59 [INFO]   [2149/2974] ✅ Fixed 2024-03-30 3歳未勝利
21:49:59 [INFO]   [2145/2974] ✅ Fixed 2024-03-31 バイオレットS
21:50:00 [INFO]   [2148/2974] ✅ Fixed 2024-03-31 陽春S
21:50:00 [INFO]   [2147/2974] ✅ Fixed 2024-03-31 大阪杯
21:50:00 [INFO]   [2150/2974] ✅ Fixed 2024-03-30 3歳未勝利
21:50:00 [INFO]   [2146/2974] ✅ Fixed 2024-03-31 キタサンブラックC
21:50:01 [WARNING] Request error for https://race.netkeiba.com/race/result.html?race_id=202409020405: HTTPSConnectionPool(host='race.netkeiba.com', port=443): Max retries exceeded with url: /race/result.html?race_id=202409020405 (Caused by SSLError(SSLEOFError(8, 'EOF occurred in violation of protocol (_ssl.c:997)'))) (attempt 1)
21:50:01 [INFO]   [2151/2974] ✅ Fixed 2024-03-30 3歳未勝利
21:50:03 [INFO]   [2153/2974] ✅ Fixed 2024-03-30 3歳未勝利
21:50:03 [INFO]   [2154/2974] ✅ Fixed 2024-03-30 3歳未勝利
21:50:04 [INFO]   [2157/2974] ✅ Fixed 2024-03-30 山吹賞
21:50:05 [INFO]   [2155/2974] ✅ Fixed 2024-03-30 4歳以上1勝クラス
21:50:05 [INFO]   [2152/2974] ✅ Fixed 2024-03-30 3歳未勝利
21:50:06 [INFO]   [2158/2974] ✅ Fixed 2024-03-30 千葉日報杯
21:50:06 [INFO]   [2156/2974] ✅ Fixed 2024-03-30 4歳以上2勝クラス
21:50:06 [INFO]   [2160/2974] ✅ Fixed 2024-03-30 4歳以上1勝クラス
21:50:07 [INFO]   [2159/2974] ✅ Fixed 2024-03-30 ダービー卿CT
21:50:09 [INFO]   [2163/2974] ✅ Fixed 2024-03-30 3歳未勝利
21:50:09 [INFO]   [2161/2974] ✅ Fixed 2024-03-30 3歳未勝利
21:50:10 [INFO]   [2162/2974] ✅ Fixed 2024-03-30 3歳未勝利
21:50:10 [INFO]   [2166/2974] ✅ Fixed 2024-03-30 4歳以上1勝クラス
21:50:11 [INFO]   [2165/2974] ✅ Fixed 2024-03-30 3歳1勝クラス
21:50:12 [INFO]   [2141/2974] ✅ Fixed 2024-03-31 3歳1勝クラス
21:50:12 [INFO]   [2167/2974] ✅ Fixed 2024-03-30 4歳以上1勝クラス
21:50:13 [INFO]   [2169/2974] ✅ Fixed 2024-03-30 仲春特別
21:50:13 [INFO]   [2164/2974] ✅ Fixed 2024-03-30 3歳未勝利
21:50:14 [INFO]   [2171/2974] ✅ Fixed 2024-03-30 4歳以上2勝クラス
21:50:14 [INFO]   [2168/2974] ✅ Fixed 2024-03-30 アザレア賞
21:50:14 [INFO]   [2170/2974] ✅ Fixed 2024-03-30 ポラリスS
21:50:15 [INFO]   [2173/2974] ✅ Fixed 2024-03-24 3歳未勝利
21:50:16 [INFO]   [2175/2974] ✅ Fixed 2024-03-24 3歳未勝利
21:50:16 [INFO]   [2174/2974] ✅ Fixed 2024-03-24 3歳未勝利
21:50:17 [INFO]   [2172/2974] ✅ Fixed 2024-03-24 3歳未勝利
21:50:18 [INFO]   [2179/2974] ✅ Fixed 2024-03-24 4歳以上1勝クラス
21:50:19 [INFO]   [2176/2974] ✅ Fixed 2024-03-24 3歳1勝クラス
21:50:19 [INFO]   [2178/2974] ✅ Fixed 2024-03-24 ミモザ賞
21:50:20 [INFO]   [2180/2974] ✅ Fixed 2024-03-24 春興S
21:50:20 [INFO]   [2182/2974] ✅ Fixed 2024-03-24 4歳以上2勝クラス
21:50:20 [INFO]   [2177/2974] ✅ Fixed 2024-03-24 4歳以上1勝クラス
21:50:21 [INFO]   [2181/2974] ✅ Fixed 2024-03-24 マーチS
21:50:22 [INFO]   [2183/2974] ✅ Fixed 2024-03-24 3歳未勝利
21:50:22 [INFO]   [2184/2974] ✅ Fixed 2024-03-24 3歳未勝利
21:50:23 [INFO]   [2186/2974] ✅ Fixed 2024-03-24 3歳未勝利
21:50:23 [INFO]   [2185/2974] ✅ Fixed 2024-03-24 3歳未勝利
21:50:25 [INFO]   [2188/2974] ✅ Fixed 2024-03-24 3歳1勝クラス
21:50:26 [INFO]   [2192/2974] ✅ Fixed 2024-03-24 御堂筋S
21:50:26 [INFO]   [2190/2974] ✅ Fixed 2024-03-24 4歳以上2勝クラス
21:50:26 [INFO]   [2189/2974] ✅ Fixed 2024-03-24 4歳以上1勝クラス
21:50:26 [INFO]   [2191/2974] ✅ Fixed 2024-03-24 四国新聞杯
21:50:27 [INFO]   [2187/2974] ✅ Fixed 2024-03-24 3歳未勝利
21:50:28 [INFO]   [2193/2974] ✅ Fixed 2024-03-24 六甲S
21:50:29 [INFO]   [2194/2974] ✅ Fixed 2024-03-24 4歳以上2勝クラス
21:50:29 [INFO]   [2195/2974] ✅ Fixed 2024-03-24 3歳未勝利
21:50:29 [INFO]   [2196/2974] ✅ Fixed 2024-03-24 3歳未勝利
21:50:30 [INFO]   [2198/2974] ✅ Fixed 2024-03-24 3歳未勝利
21:50:30 [INFO]   [2199/2974] ✅ Fixed 2024-03-24 4歳以上1勝クラス
21:50:31 [INFO]   [2200/2974] ✅ Fixed 2024-03-24 4歳以上1勝クラス
21:50:31 [INFO]   [2197/2974] ✅ Fixed 2024-03-24 3歳未勝利
21:50:32 [INFO]   [2203/2974] ✅ Fixed 2024-03-24 大寒桜賞
21:50:33 [INFO]   [2201/2974] ✅ Fixed 2024-03-24 4歳以上1勝クラス
21:50:34 [INFO]   [2206/2974] ✅ Fixed 2024-03-24 鈴鹿特別
21:50:34 [INFO]   [2202/2974] ✅ Fixed 2024-03-24 4歳以上1勝クラス
21:50:35 [INFO]   [2207/2974] ✅ Fixed 2024-03-23 3歳未勝利
21:50:35 [INFO]   [2205/2974] ✅ Fixed 2024-03-24 高松宮記念
21:50:35 [INFO]   [2204/2974] ✅ Fixed 2024-03-24 ロードカナロアC
21:50:36 [INFO]   [2208/2974] ✅ Fixed 2024-03-23 3歳未勝利
21:50:36 [INFO]   [2210/2974] ✅ Fixed 2024-03-23 3歳未勝利
21:50:37 [INFO]   [2209/2974] ✅ Fixed 2024-03-23 3歳未勝利
21:50:39 [INFO]   [2212/2974] ✅ Fixed 2024-03-23 3歳1勝クラス
21:50:40 [INFO]   [2211/2974] ✅ Fixed 2024-03-23 3歳1勝クラス
21:50:40 [INFO]   [2213/2974] ✅ Fixed 2024-03-23 4歳以上1勝クラス
21:50:40 [INFO]   [2214/2974] ✅ Fixed 2024-03-23 4歳以上2勝クラス
21:50:41 [INFO]   [2215/2974] ✅ Fixed 2024-03-23 ブラッドストーンS
21:50:41 [INFO]   [2216/2974] ✅ Fixed 2024-03-23 伏竜S
21:50:42 [INFO]   [2218/2974] ✅ Fixed 2024-03-23 4歳以上2勝クラス
21:50:43 [INFO]   [2217/2974] ✅ Fixed 2024-03-23 日経賞
21:50:43 [INFO]   [2220/2974] ✅ Fixed 2024-03-23 3歳未勝利
21:50:44 [INFO]   [2219/2974] ✅ Fixed 2024-03-23 3歳未勝利
21:50:45 [INFO]   [2222/2974] ✅ Fixed 2024-03-23 3歳未勝利
21:50:45 [INFO]   [2225/2974] ✅ Fixed 2024-03-23 4歳以上1勝クラス
21:50:46 [INFO]   [2227/2974] ✅ Fixed 2024-03-23 丹波特別
21:50:47 [INFO]   [2223/2974] ✅ Fixed 2024-03-23 3歳未勝利
21:50:47 [INFO]   [2221/2974] ✅ Fixed 2024-03-23 3歳未勝利
21:50:47 [INFO]   [2224/2974] ✅ Fixed 2024-03-23 3歳1勝クラス
21:50:47 [INFO]   [2226/2974] ✅ Fixed 2024-03-23 君子蘭賞
21:50:48 [INFO]   [2228/2974] ✅ Fixed 2024-03-23 毎日杯
21:50:48 [INFO]   [2230/2974] ✅ Fixed 2024-03-23 3歳未勝利
21:50:50 [INFO]   [2229/2974] ✅ Fixed 2024-03-23 4歳以上1勝クラス
21:50:51 [INFO]   [2231/2974] ✅ Fixed 2024-03-23 3歳未勝利
21:50:51 [INFO]   [2233/2974] ✅ Fixed 2024-03-23 3歳未勝利
21:50:52 [INFO]   [2237/2974] ✅ Fixed 2024-03-23 4歳以上1勝クラス
21:50:52 [INFO]   [2234/2974] ✅ Fixed 2024-03-23 3歳未勝利
21:50:52 [INFO]   [2235/2974] ✅ Fixed 2024-03-23 3歳未勝利
21:50:52 [INFO]   [2236/2974] ✅ Fixed 2024-03-23 4歳以上1勝クラス
21:50:53 [INFO]   [2232/2974] ✅ Fixed 2024-03-23 3歳未勝利
21:50:55 [INFO]   [2239/2974] ✅ Fixed 2024-03-23 熊野特別
21:50:55 [INFO]   [2238/2974] ✅ Fixed 2024-03-23 金山特別
21:50:56 [INFO]   [2241/2974] ✅ Fixed 2024-03-23 4歳以上1勝クラス
21:50:56 [INFO]   [2240/2974] ✅ Fixed 2024-03-23 伊勢S
21:50:56 [INFO]   [2242/2974] ✅ Fixed 2024-03-17 3歳未勝利
21:50:57 [INFO]   [2243/2974] ✅ Fixed 2024-03-17 3歳未勝利
21:50:58 [INFO]   [2244/2974] ✅ Fixed 2024-03-17 3歳未勝利
21:50:58 [INFO]   [2245/2974] ✅ Fixed 2024-03-17 3歳1勝クラス
21:50:59 [INFO]   [2249/2974] ✅ Fixed 2024-03-17 4歳以上2勝クラス
21:51:00 [INFO]   [2247/2974] ✅ Fixed 2024-03-17 4歳以上1勝クラス
21:51:00 [INFO]   [2246/2974] ✅ Fixed 2024-03-17 3歳未勝利
21:51:01 [INFO]   [2248/2974] ✅ Fixed 2024-03-17 4歳以上1勝クラス
21:51:01 [INFO]   [2250/2974] ✅ Fixed 2024-03-17 スピカS
21:51:03 [INFO]   [2254/2974] ✅ Fixed 2024-03-17 3歳未勝利
21:51:04 [INFO]   [2252/2974] ✅ Fixed 2024-03-17 スプリングS
21:51:04 [INFO]   [2255/2974] ✅ Fixed 2024-03-17 3歳未勝利
21:51:04 [INFO]   [2256/2974] ✅ Fixed 2024-03-17 3歳未勝利
21:51:07 [INFO]   [2257/2974] ✅ Fixed 2024-03-17 3歳未勝利
21:51:07 [INFO]   [2258/2974] ✅ Fixed 2024-03-17 3歳1勝クラス
21:51:07 [INFO]   [2262/2974] ✅ Fixed 2024-03-17 鳴門S
21:51:07 [INFO]   [2259/2974] ✅ Fixed 2024-03-17 4歳以上1勝クラス
21:51:08 [INFO]   [2260/2974] ✅ Fixed 2024-03-17 4歳以上1勝クラス
21:51:09 [INFO]   [2261/2974] ✅ Fixed 2024-03-17 山陽特別
21:51:09 [INFO]   [2264/2974] ✅ Fixed 2024-03-17 4歳以上2勝クラス
21:51:10 [INFO]   [2263/2974] ✅ Fixed 2024-03-17 阪神大賞典
21:51:11 [INFO]   [2265/2974] ✅ Fixed 2024-03-17 3歳未勝利
21:51:12 [INFO]   [2269/2974] ✅ Fixed 2024-03-17 3歳未勝利
21:51:12 [INFO]   [2266/2974] ✅ Fixed 2024-03-17 3歳未勝利
21:51:13 [INFO]   [2268/2974] ✅ Fixed 2024-03-17 3歳未勝利
21:51:13 [INFO]   [2272/2974] ✅ Fixed 2024-03-17 4歳以上1勝クラス
21:51:13 [INFO]   [2267/2974] ✅ Fixed 2024-03-17 3歳未勝利
21:51:13 [INFO]   [2270/2974] ✅ Fixed 2024-03-17 4歳以上1勝クラス
21:51:14 [INFO]   [2271/2974] ✅ Fixed 2024-03-17 4歳以上1勝クラス
21:51:15 [INFO]   [2273/2974] ✅ Fixed 2024-03-17 フローラルウォーク賞
21:51:15 [INFO]   [2275/2974] ✅ Fixed 2024-03-17 名古屋城S
21:51:16 [INFO]   [2278/2974] ✅ Fixed 2024-03-16 3歳未勝利
21:51:17 [INFO]   [2274/2974] ✅ Fixed 2024-03-17 熱田特別
21:51:18 [INFO]   [2276/2974] ✅ Fixed 2024-03-17 4歳以上1勝クラス
21:51:19 [INFO]   [2279/2974] ✅ Fixed 2024-03-16 3歳未勝利
21:51:19 [INFO]   [2277/2974] ✅ Fixed 2024-03-16 3歳未勝利
21:51:20 [INFO]   [2280/2974] ✅ Fixed 2024-03-16 3歳未勝利
21:51:20 [INFO]   [2282/2974] ✅ Fixed 2024-03-16 3歳1勝クラス
21:51:20 [INFO]   [2281/2974] ✅ Fixed 2024-03-16 3歳未勝利
21:51:22 [INFO]   [2284/2974] ✅ Fixed 2024-03-16 館山特別
21:51:22 [INFO]   [2287/2974] ✅ Fixed 2024-03-16 4歳以上2勝クラス
21:51:22 [INFO]   [2283/2974] ✅ Fixed 2024-03-16 4歳以上1勝クラス
21:51:23 [INFO]   [2285/2974] ✅ Fixed 2024-03-16 韓国馬事会杯
21:51:25 [INFO]   [2286/2974] ✅ Fixed 2024-03-16 フラワーC
21:51:25 [INFO]   [2288/2974] ✅ Fixed 2024-03-16 3歳未勝利
21:51:26 [INFO]   [2289/2974] ✅ Fixed 2024-03-16 3歳未勝利
21:51:26 [INFO]   [2290/2974] ✅ Fixed 2024-03-16 3歳未勝利
21:51:27 [INFO]   [2291/2974] ✅ Fixed 2024-03-16 3歳未勝利
21:51:27 [INFO]   [2294/2974] ✅ Fixed 2024-03-16 4歳以上1勝クラス
21:51:27 [INFO]   [2292/2974] ✅ Fixed 2024-03-16 3歳未勝利
21:51:28 [INFO]   [2293/2974] ✅ Fixed 2024-03-16 3歳1勝クラス
21:51:28 [INFO]   [2296/2974] ✅ Fixed 2024-03-16 淡路特別
21:51:29 [INFO]   [2295/2974] ✅ Fixed 2024-03-16 4歳以上2勝クラス
21:51:30 [INFO]   [2297/2974] ✅ Fixed 2024-03-16 淀屋橋S
21:51:30 [INFO]   [2299/2974] ✅ Fixed 2024-03-16 4歳以上1勝クラス
21:51:30 [INFO]   [2301/2974] ✅ Fixed 2024-03-16 3歳未勝利
21:51:31 [INFO]   [2300/2974] ✅ Fixed 2024-03-16 3歳未勝利
21:51:32 [INFO]   [2298/2974] ✅ Fixed 2024-03-16 若葉S
21:51:32 [INFO]   [2302/2974] ✅ Fixed 2024-03-16 3歳未勝利
21:51:32 [INFO]   [2304/2974] ✅ Fixed 2024-03-16 3歳未勝利
21:51:34 [INFO]   [2303/2974] ✅ Fixed 2024-03-16 3歳未勝利
21:51:36 [INFO]   [2305/2974] ✅ Fixed 2024-03-16 4歳以上1勝クラス
21:51:36 [INFO]   [2308/2974] ✅ Fixed 2024-03-16 弥富特別
21:51:36 [INFO]   [2309/2974] ✅ Fixed 2024-03-16 豊橋S
21:51:36 [INFO]   [2311/2974] ✅ Fixed 2024-03-16 4歳以上1勝クラス
21:51:37 [INFO]   [2307/2974] ✅ Fixed 2024-03-16 4歳以上1勝クラス
21:51:37 [INFO]   [2306/2974] ✅ Fixed 2024-03-16 4歳以上1勝クラス
21:51:37 [INFO]   [2310/2974] ✅ Fixed 2024-03-16 ファルコンS
21:51:39 [INFO]   [2312/2974] ✅ Fixed 2024-03-10 3歳未勝利
21:51:40 [INFO]   [2314/2974] ✅ Fixed 2024-03-10 3歳未勝利
21:51:41 [INFO]   [2318/2974] ✅ Fixed 2024-03-10 4歳以上1勝クラス
21:51:41 [INFO]   [2317/2974] ✅ Fixed 2024-03-10 3歳1勝クラス
21:51:41 [INFO]   [2313/2974] ✅ Fixed 2024-03-10 3歳未勝利
21:51:42 [INFO]   [2316/2974] ✅ Fixed 2024-03-10 3歳1勝クラス
21:51:42 [INFO]   [2315/2974] ✅ Fixed 2024-03-10 3歳未勝利
21:51:42 [INFO]   [2320/2974] ✅ Fixed 2024-03-10 東風S
21:51:44 [INFO]   [2323/2974] ✅ Fixed 2024-03-10 3歳未勝利
21:51:44 [INFO]   [2322/2974] ✅ Fixed 2024-03-10 4歳以上1勝クラス
21:51:44 [INFO]   [2319/2974] ✅ Fixed 2024-03-10 房総特別
21:51:45 [INFO]   [2321/2974] ✅ Fixed 2024-03-10 アネモネS
21:51:46 [INFO]   [2324/2974] ✅ Fixed 2024-03-10 3歳未勝利
21:51:46 [INFO]   [2327/2974] ✅ Fixed 2024-03-10 3歳1勝クラス
21:51:46 [INFO]   [2325/2974] ✅ Fixed 2024-03-10 3歳未勝利
21:51:46 [INFO]   [2326/2974] ✅ Fixed 2024-03-10 3歳未勝利
21:51:48 [INFO]   [2328/2974] ✅ Fixed 2024-03-10 3歳1勝クラス
21:51:49 [INFO]   [2331/2974] ✅ Fixed 2024-03-10 天神橋特別
21:51:49 [INFO]   [2329/2974] ✅ Fixed 2024-03-10 4歳以上1勝クラス
21:51:49 [INFO]   [2334/2974] ✅ Fixed 2024-03-10 4歳以上2勝クラス
21:51:50 [INFO]   [2330/2974] ✅ Fixed 2024-03-10 4歳以上1勝クラス
21:51:50 [INFO]   [2335/2974] ✅ Fixed 2024-03-10 3歳未勝利
21:51:51 [INFO]   [2336/2974] ✅ Fixed 2024-03-10 3歳未勝利
21:51:51 [INFO]   [2333/2974] ✅ Fixed 2024-03-10 フィリーズR
21:51:51 [INFO]   [2332/2974] ✅ Fixed 2024-03-10 オークランドTRT
21:51:54 [INFO]   [2339/2974] ✅ Fixed 2024-03-10 3歳未勝利
21:51:54 [INFO]   [2337/2974] ✅ Fixed 2024-03-10 3歳未勝利
21:51:54 [INFO]   [2338/2974] ✅ Fixed 2024-03-10 3歳未勝利
21:51:54 [INFO]   [2340/2974] ✅ Fixed 2024-03-10 4歳以上1勝クラス
21:51:56 [INFO]   [2343/2974] ✅ Fixed 2024-03-10 岡崎特別
21:51:56 [INFO]   [2342/2974] ✅ Fixed 2024-03-10 4歳以上1勝クラス
21:51:56 [INFO]   [2341/2974] ✅ Fixed 2024-03-10 4歳以上1勝クラス
21:51:57 [INFO]   [2344/2974] ✅ Fixed 2024-03-10 昇竜S
21:51:58 [INFO]   [2346/2974] ✅ Fixed 2024-03-10 4歳以上1勝クラス
21:51:59 [INFO]   [2347/2974] ✅ Fixed 2024-03-09 3歳未勝利
21:52:00 [INFO]   [2345/2974] ✅ Fixed 2024-03-10 金鯱賞
21:52:00 [INFO]   [2349/2974] ✅ Fixed 2024-03-09 3歳未勝利
21:52:00 [INFO]   [2351/2974] ✅ Fixed 2024-03-09 3歳未勝利
21:52:00 [INFO]   [2348/2974] ✅ Fixed 2024-03-09 3歳未勝利
21:52:01 [INFO]   [2350/2974] ✅ Fixed 2024-03-09 3歳未勝利
21:52:02 [INFO]   [2352/2974] ✅ Fixed 2024-03-09 3歳未勝利
21:52:02 [INFO]   [2353/2974] ✅ Fixed 2024-03-09 3歳1勝クラス
21:52:02 [INFO]   [2354/2974] ✅ Fixed 2024-03-09 4歳以上1勝クラス
21:52:04 [INFO]   [2358/2974] ✅ Fixed 2024-03-09 4歳以上2勝クラス
21:52:04 [INFO]   [2355/2974] ✅ Fixed 2024-03-09 鎌ケ谷特別
21:52:04 [INFO]   [2357/2974] ✅ Fixed 2024-03-09 中山牝馬S
21:52:05 [INFO]   [2360/2974] ✅ Fixed 2024-03-09 3歳未勝利
21:52:05 [INFO]   [2362/2974] ✅ Fixed 2024-03-09 3歳未勝利
21:52:06 [INFO]   [2356/2974] ✅ Fixed 2024-03-09 アクアマリンS
21:52:06 [INFO]   [2361/2974] ✅ Fixed 2024-03-09 3歳未勝利
21:52:07 [INFO]   [2359/2974] ✅ Fixed 2024-03-09 3歳未勝利
21:52:07 [INFO]   [2363/2974] ✅ Fixed 2024-03-09 3歳未勝利
21:52:08 [INFO]   [2367/2974] ✅ Fixed 2024-03-09 難波S
21:52:10 [INFO]   [2364/2974] ✅ Fixed 2024-03-09 4歳以上1勝クラス
21:52:10 [INFO]   [2365/2974] ✅ Fixed 2024-03-09 4歳以上1勝クラス
21:52:10 [INFO]   [2366/2974] ✅ Fixed 2024-03-09 ゆきやなぎ賞
21:52:10 [INFO]   [2370/2974] ✅ Fixed 2024-03-09 3歳未勝利
21:52:11 [INFO]   [2371/2974] ✅ Fixed 2024-03-09 3歳未勝利
21:52:11 [INFO]   [2369/2974] ✅ Fixed 2024-03-09 4歳以上2勝クラス
21:52:11 [INFO]   [2368/2974] ✅ Fixed 2024-03-09 コーラルS
21:52:14 [INFO]   [2376/2974] ✅ Fixed 2024-03-09 4歳以上1勝クラス
21:52:14 [INFO]   [2372/2974] ✅ Fixed 2024-03-09 3歳未勝利
21:52:14 [INFO]   [2373/2974] ✅ Fixed 2024-03-09 3歳未勝利
21:52:15 [INFO]   [2374/2974] ✅ Fixed 2024-03-09 3歳未勝利
21:52:15 [INFO]   [2375/2974] ✅ Fixed 2024-03-09 3歳1勝クラス
21:52:16 [INFO]   [2379/2974] ✅ Fixed 2024-03-09 恋路ケ浜特別
21:52:16 [INFO]   [2377/2974] ✅ Fixed 2024-03-09 4歳以上1勝クラス
21:52:17 [INFO]   [2378/2974] ✅ Fixed 2024-03-09 伊良湖特別
21:52:18 [INFO]   [2382/2974] ✅ Fixed 2024-03-03 3歳未勝利
21:52:18 [INFO]   [2384/2974] ✅ Fixed 2024-03-03 3歳未勝利
21:52:18 [INFO]   [2380/2974] ✅ Fixed 2024-03-09 中京スポーツ杯
21:52:19 [INFO]   [2383/2974] ✅ Fixed 2024-03-03 3歳未勝利
21:52:19 [INFO]   [2381/2974] ✅ Fixed 2024-03-09 4歳以上1勝クラス
21:52:21 [INFO]   [2385/2974] ✅ Fixed 2024-03-03 3歳1勝クラス
21:52:21 [INFO]   [2390/2974] ✅ Fixed 2024-03-03 湾岸S
21:52:22 [INFO]   [2387/2974] ✅ Fixed 2024-03-03 3歳未勝利
21:52:23 [INFO]   [2386/2974] ✅ Fixed 2024-03-03 3歳未勝利
21:52:23 [INFO]   [2389/2974] ✅ Fixed 2024-03-03 4歳以上2勝クラス
21:52:24 [INFO]   [2388/2974] ✅ Fixed 2024-03-03 4歳以上1勝クラス
21:52:24 [INFO]   [2391/2974] ✅ Fixed 2024-03-03 総武S
21:52:24 [INFO]   [2392/2974] ✅ Fixed 2024-03-03 弥生賞ディープインパクト記念
21:52:26 [INFO]   [2394/2974] ✅ Fixed 2024-03-03 3歳未勝利
21:52:26 [INFO]   [2397/2974] ✅ Fixed 2024-03-03 3歳未勝利
21:52:26 [INFO]   [2393/2974] ✅ Fixed 2024-03-03 4歳以上2勝クラス
21:52:27 [INFO]   [2395/2974] ✅ Fixed 2024-03-03 3歳未勝利
21:52:28 [INFO]   [2396/2974] ✅ Fixed 2024-03-03 3歳未勝利
21:52:29 [INFO]   [2400/2974] ✅ Fixed 2024-03-03 4歳以上1勝クラス
21:52:29 [INFO]   [2401/2974] ✅ Fixed 2024-03-03 アルメリア賞
21:52:30 [INFO]   [2403/2974] ✅ Fixed 2024-03-03 戎橋S
21:52:30 [INFO]   [2398/2974] ✅ Fixed 2024-03-03 3歳1勝クラス
21:52:30 [INFO]   [2399/2974] ✅ Fixed 2024-03-03 4歳以上1勝クラス
21:52:31 [INFO]   [2404/2974] ✅ Fixed 2024-03-03 大阪城S
21:52:32 [INFO]   [2402/2974] ✅ Fixed 2024-03-03 4歳以上2勝クラス
21:52:33 [INFO]   [2406/2974] ✅ Fixed 2024-03-03 3歳未勝利
21:52:33 [INFO]   [2408/2974] ✅ Fixed 2024-03-03 4歳以上1勝クラス
21:52:33 [INFO]   [2405/2974] ✅ Fixed 2024-03-03 4歳以上2勝クラス
21:52:33 [INFO]   [2407/2974] ✅ Fixed 2024-03-03 3歳未勝利
21:52:35 [INFO]   [2410/2974] ✅ Fixed 2024-03-03 3歳未勝利
21:52:35 [INFO]   [2412/2974] ✅ Fixed 2024-03-03 4歳以上1勝クラス
21:52:36 [INFO]   [2416/2974] ✅ Fixed 2024-03-03 4歳以上1勝クラス
21:52:36 [INFO]   [2411/2974] ✅ Fixed 2024-03-03 4歳以上1勝クラス
21:52:36 [INFO]   [2409/2974] ✅ Fixed 2024-03-03 3歳未勝利
21:52:37 [INFO]   [2413/2974] ✅ Fixed 2024-03-03 脊振山特別
21:52:37 [INFO]   [2414/2974] ✅ Fixed 2024-03-03 西日本新聞杯
21:52:38 [INFO]   [2415/2974] ✅ Fixed 2024-03-03 関門橋S
21:52:39 [INFO]   [2417/2974] ✅ Fixed 2024-03-02 3歳未勝利
21:52:39 [INFO]   [2418/2974] ✅ Fixed 2024-03-02 3歳未勝利
21:52:39 [INFO]   [2419/2974] ✅ Fixed 2024-03-02 3歳未勝利
21:52:40 [INFO]   [2421/2974] ✅ Fixed 2024-03-02 3歳未勝利
21:52:42 [INFO]   [2420/2974] ✅ Fixed 2024-03-02 3歳未勝利
21:52:42 [INFO]   [2423/2974] ✅ Fixed 2024-03-02 4歳以上1勝クラス
21:52:43 [INFO]   [2422/2974] ✅ Fixed 2024-03-02 3歳1勝クラス
21:52:43 [INFO]   [2424/2974] ✅ Fixed 2024-03-02 4歳以上1勝クラス
21:52:43 [INFO]   [2426/2974] ✅ Fixed 2024-03-02 上総S
21:52:44 [INFO]   [2427/2974] ✅ Fixed 2024-03-02 オーシャンS
21:52:45 [INFO]   [2425/2974] ✅ Fixed 2024-03-02 潮来特別
21:52:45 [INFO]   [2428/2974] ✅ Fixed 2024-03-02 4歳以上2勝クラス
21:52:46 [INFO]   [2432/2974] ✅ Fixed 2024-03-02 3歳未勝利
21:52:46 [INFO]   [2429/2974] ✅ Fixed 2024-03-02 3歳未勝利
21:52:47 [INFO]   [2431/2974] ✅ Fixed 2024-03-02 3歳未勝利
21:52:48 [INFO]   [2434/2974] ✅ Fixed 2024-03-02 3歳1勝クラス
21:52:48 [INFO]   [2435/2974] ✅ Fixed 2024-03-02 4歳以上1勝クラス
21:52:48 [INFO]   [2430/2974] ✅ Fixed 2024-03-02 3歳未勝利
21:52:48 [INFO]   [2433/2974] ✅ Fixed 2024-03-02 3歳未勝利
21:52:50 [INFO]   [2437/2974] ✅ Fixed 2024-03-02 千里山特別
21:52:50 [INFO]   [2436/2974] ✅ Fixed 2024-03-02 4歳以上1勝クラス
21:52:51 [INFO]   [2438/2974] ✅ Fixed 2024-03-02 なにわS
21:52:52 [INFO]   [2439/2974] ✅ Fixed 2024-03-02 チューリップ賞
21:52:52 [INFO]   [2441/2974] ✅ Fixed 2024-03-02 3歳未勝利
21:52:52 [INFO]   [2442/2974] ✅ Fixed 2024-03-02 3歳未勝利
21:52:52 [INFO]   [2440/2974] ✅ Fixed 2024-03-02 4歳以上2勝クラス
21:52:53 [INFO]   [2445/2974] ✅ Fixed 2024-03-02 3歳未勝利
21:52:54 [INFO]   [2443/2974] ✅ Fixed 2024-03-02 3歳未勝利
21:52:54 [INFO]   [2444/2974] ✅ Fixed 2024-03-02 3歳未勝利
21:52:55 [INFO]   [2450/2974] ✅ Fixed 2024-03-02 4歳以上1勝クラス
21:52:56 [INFO]   [2447/2974] ✅ Fixed 2024-03-02 あざみ賞
21:52:57 [INFO]   [2449/2974] ✅ Fixed 2024-03-02 早鞆特別
21:52:57 [INFO]   [2446/2974] ✅ Fixed 2024-03-02 4歳以上1勝クラス
21:52:57 [INFO]   [2452/2974] ✅ Fixed 2024-02-25 3歳未勝利
21:52:57 [INFO]   [2453/2974] ✅ Fixed 2024-02-25 3歳未勝利
21:52:58 [INFO]   [2451/2974] ✅ Fixed 2024-02-25 3歳未勝利
21:52:58 [INFO]   [2448/2974] ✅ Fixed 2024-03-02 高千穂特別
21:53:00 [INFO]   [2455/2974] ✅ Fixed 2024-02-25 3歳未勝利
21:53:00 [INFO]   [2456/2974] ✅ Fixed 2024-02-25 3歳未勝利
21:53:00 [INFO]   [2454/2974] ✅ Fixed 2024-02-25 3歳1勝クラス
21:53:01 [INFO]   [2459/2974] ✅ Fixed 2024-02-25 デイジー賞
21:53:01 [INFO]   [2458/2974] ✅ Fixed 2024-02-25 4歳以上1勝クラス
21:53:02 [INFO]   [2460/2974] ✅ Fixed 2024-02-25 春風S
21:53:02 [INFO]   [2457/2974] ✅ Fixed 2024-02-25 4歳以上1勝クラス
21:53:02 [INFO]   [2461/2974] ✅ Fixed 2024-02-25 中山記念
21:53:04 [INFO]   [2464/2974] ✅ Fixed 2024-02-25 3歳未勝利
21:53:04 [INFO]   [2462/2974] ✅ Fixed 2024-02-25 4歳以上2勝クラス
21:53:05 [INFO]   [2466/2974] ✅ Fixed 2024-02-25 3歳未勝利
21:53:05 [INFO]   [2463/2974] ✅ Fixed 2024-02-25 3歳未勝利
21:53:06 [INFO]   [2465/2974] ✅ Fixed 2024-02-25 3歳未勝利
21:53:06 [INFO]   [2467/2974] ✅ Fixed 2024-02-25 3歳1勝クラス
21:53:07 [INFO]   [2469/2974] ✅ Fixed 2024-02-25 4歳以上2勝クラス
21:53:07 [INFO]   [2470/2974] ✅ Fixed 2024-02-25 4歳以上2勝クラス
21:53:07 [INFO]   [2468/2974] ✅ Fixed 2024-02-25 4歳以上1勝クラス
21:53:08 [INFO]   [2472/2974] ✅ Fixed 2024-02-25 マーガレットS
21:53:09 [INFO]   [2471/2974] ✅ Fixed 2024-02-25 松籟S
21:53:09 [INFO]   [2474/2974] ✅ Fixed 2024-02-25 4歳以上1勝クラス
21:53:10 [INFO]   [2473/2974] ✅ Fixed 2024-02-25 阪急杯
21:53:11 [INFO]   [2475/2974] ✅ Fixed 2024-02-25 3歳未勝利
21:53:11 [INFO]   [2478/2974] ✅ Fixed 2024-02-25 3歳未勝利
21:53:12 [INFO]   [2477/2974] ✅ Fixed 2024-02-25 4歳以上1勝クラス
21:53:12 [INFO]   [2476/2974] ✅ Fixed 2024-02-25 3歳未勝利
21:53:13 [INFO]   [2479/2974] ✅ Fixed 2024-02-25 3歳未勝利
21:53:14 [INFO]   [2480/2974] ✅ Fixed 2024-02-25 4歳以上1勝クラス
21:53:15 [INFO]   [2481/2974] ✅ Fixed 2024-02-25 4歳以上1勝クラス
21:53:15 [INFO]   [2482/2974] ✅ Fixed 2024-02-25 ネモフィラ賞
21:53:16 [INFO]   [2483/2974] ✅ Fixed 2024-02-25 国東特別
21:53:16 [INFO]   [2486/2974] ✅ Fixed 2024-02-24 3歳未勝利
21:53:17 [INFO]   [2484/2974] ✅ Fixed 2024-02-25 下関S
21:53:17 [INFO]   [2485/2974] ✅ Fixed 2024-02-25 4歳以上1勝クラス
21:53:19 [INFO]   [2487/2974] ✅ Fixed 2024-02-24 3歳未勝利
21:53:19 [INFO]   [2489/2974] ✅ Fixed 2024-02-24 3歳未勝利
21:53:20 [INFO]   [2492/2974] ✅ Fixed 2024-02-24 3歳1勝クラス
21:53:20 [INFO]   [2488/2974] ✅ Fixed 2024-02-24 3歳未勝利
21:53:20 [INFO]   [2493/2974] ✅ Fixed 2024-02-24 4歳以上1勝クラス
21:53:20 [INFO]   [2491/2974] ✅ Fixed 2024-02-24 3歳未勝利
21:53:21 [INFO]   [2490/2974] ✅ Fixed 2024-02-24 3歳未勝利
21:53:22 [INFO]   [2494/2974] ✅ Fixed 2024-02-24 水仙賞
21:53:23 [INFO]   [2499/2974] ✅ Fixed 2024-02-24 3歳未勝利
21:53:23 [INFO]   [2497/2974] ✅ Fixed 2024-02-24 4歳以上2勝クラス
21:53:24 [INFO]   [2495/2974] ✅ Fixed 2024-02-24 富里特別
21:53:24 [INFO]   [2501/2974] ✅ Fixed 2024-02-24 3歳未勝利
21:53:25 [INFO]   [2496/2974] ✅ Fixed 2024-02-24 幕張S
21:53:25 [INFO]   [2498/2974] ✅ Fixed 2024-02-24 3歳未勝利
21:53:26 [INFO]   [2500/2974] ✅ Fixed 2024-02-24 3歳未勝利
21:53:27 [WARNING] Request error for https://race.netkeiba.com/race/result.html?race_id=202409010106: HTTPSConnectionPool(host='race.netkeiba.com', port=443): Max retries exceeded with url: /race/result.html?race_id=202409010106 (Caused by SSLError(SSLEOFError(8, 'EOF occurred in violation of protocol (_ssl.c:997)'))) (attempt 1)
21:53:27 [INFO]   [2504/2974] ✅ Fixed 2024-02-24 4歳以上1勝クラス
21:53:27 [INFO]   [2505/2974] ✅ Fixed 2024-02-24 4歳以上2勝クラス
21:53:28 [INFO]   [2502/2974] ✅ Fixed 2024-02-24 3歳未勝利
21:53:28 [INFO]   [2506/2974] ✅ Fixed 2024-02-24 すみれS
21:53:28 [INFO]   [2507/2974] ✅ Fixed 2024-02-24 伊丹S
21:53:29 [INFO]   [2508/2974] ✅ Fixed 2024-02-24 仁川S
21:53:30 [INFO]   [2510/2974] ✅ Fixed 2024-02-24 3歳未勝利
21:53:31 [INFO]   [2513/2974] ✅ Fixed 2024-02-24 3歳未勝利
21:53:31 [INFO]   [2509/2974] ✅ Fixed 2024-02-24 4歳以上2勝クラス
21:53:31 [INFO]   [2512/2974] ✅ Fixed 2024-02-24 3歳未勝利
21:53:33 [INFO]   [2511/2974] ✅ Fixed 2024-02-24 3歳未勝利
21:53:34 [INFO]   [2514/2974] ✅ Fixed 2024-02-24 4歳以上1勝クラス
21:53:34 [INFO]   [2517/2974] ✅ Fixed 2024-02-24 筑後川特別
21:53:34 [INFO]   [2515/2974] ✅ Fixed 2024-02-24 4歳以上1勝クラス
21:53:35 [INFO]   [2516/2974] ✅ Fixed 2024-02-24 秋吉台特別
21:53:35 [INFO]   [2518/2974] ✅ Fixed 2024-02-24 八代特別
21:53:37 [INFO]   [2519/2974] ✅ Fixed 2024-02-24 4歳以上1勝クラス
21:53:37 [INFO]   [2503/2974] ✅ Fixed 2024-02-24 4歳以上1勝クラス
21:53:38 [INFO]   [2521/2974] ✅ Fixed 2024-02-18 3歳未勝利
21:53:38 [INFO]   [2523/2974] ✅ Fixed 2024-02-18 3歳未勝利
21:53:39 [INFO]   [2525/2974] ✅ Fixed 2024-02-18 4歳以上1勝クラス
21:53:39 [WARNING] Request error for https://race.netkeiba.com/race/result.html?race_id=202405010803: HTTPSConnectionPool(host='race.netkeiba.com', port=443): Max retries exceeded with url: /race/result.html?race_id=202405010803 (Caused by SSLError(SSLEOFError(8, 'EOF occurred in violation of protocol (_ssl.c:997)'))) (attempt 1)
21:53:40 [INFO]   [2524/2974] ✅ Fixed 2024-02-18 3歳1勝クラス
21:53:40 [INFO]   [2520/2974] ✅ Fixed 2024-02-18 3歳未勝利
21:53:41 [INFO]   [2528/2974] ✅ Fixed 2024-02-18 ヒヤシンスS
21:53:42 [INFO]   [2527/2974] ✅ Fixed 2024-02-18 4歳以上2勝クラス
21:53:42 [INFO]   [2526/2974] ✅ Fixed 2024-02-18 4歳以上2勝クラス
21:53:43 [INFO]   [2529/2974] ✅ Fixed 2024-02-18 コパノリッキーC
21:53:44 [INFO]   [2530/2974] ✅ Fixed 2024-02-18 フェブラリーS
21:53:45 [INFO]   [2532/2974] ✅ Fixed 2024-02-18 3歳未勝利
21:53:45 [INFO]   [2531/2974] ✅ Fixed 2024-02-18 大島特別
21:53:45 [INFO]   [2533/2974] ✅ Fixed 2024-02-18 3歳未勝利
21:53:47 [INFO]   [2534/2974] ✅ Fixed 2024-02-18 3歳未勝利
21:53:48 [INFO]   [2535/2974] ✅ Fixed 2024-02-18 3歳新馬
21:53:48 [INFO]   [2537/2974] ✅ Fixed 2024-02-18 3歳1勝クラス
21:53:48 [INFO]   [2538/2974] ✅ Fixed 2024-02-18 4歳以上1勝クラス
21:53:49 [INFO]   [2522/2974] ✅ Fixed 2024-02-18 3歳新馬
21:53:49 [INFO]   [2536/2974] ✅ Fixed 2024-02-18 3歳未勝利
21:53:49 [INFO]   [2539/2974] ✅ Fixed 2024-02-18 4歳以上1勝クラス
21:53:51 [INFO]   [2540/2974] ✅ Fixed 2024-02-18 天ケ瀬特別
21:53:52 [INFO]   [2541/2974] ✅ Fixed 2024-02-18 斑鳩S
21:53:52 [INFO]   [2544/2974] ✅ Fixed 2024-02-18 3歳未勝利
21:53:52 [INFO]   [2543/2974] ✅ Fixed 2024-02-18 4歳以上2勝クラス
21:53:53 [INFO]   [2546/2974] ✅ Fixed 2024-02-18 4歳以上1勝クラス
21:53:53 [INFO]   [2542/2974] ✅ Fixed 2024-02-18 大和S
21:53:54 [INFO]   [2547/2974] ✅ Fixed 2024-02-18 4歳以上1勝クラス
21:53:55 [INFO]   [2548/2974] ✅ Fixed 2024-02-18 3歳未勝利
21:53:55 [INFO]   [2545/2974] ✅ Fixed 2024-02-18 3歳未勝利
21:53:56 [WARNING] Request error for https://race.netkeiba.com/race/result.html?race_id=202410020409: HTTPSConnectionPool(host='race.netkeiba.com', port=443): Max retries exceeded with url: /race/result.html?race_id=202410020409 (Caused by SSLError(SSLEOFError(8, 'EOF occurred in violation of protocol (_ssl.c:997)'))) (attempt 1)
21:53:56 [INFO]   [2549/2974] ✅ Fixed 2024-02-18 4歳以上1勝クラス
21:53:57 [INFO]   [2551/2974] ✅ Fixed 2024-02-18 唐戸特別
21:53:58 [INFO]   [2552/2974] ✅ Fixed 2024-02-18 小倉大賞典
21:53:59 [INFO]   [2556/2974] ✅ Fixed 2024-02-17 3歳未勝利
21:53:59 [INFO]   [2553/2974] ✅ Fixed 2024-02-18 4歳以上1勝クラス
21:54:00 [INFO]   [2554/2974] ✅ Fixed 2024-02-17 3歳未勝利
21:54:00 [INFO]   [2555/2974] ✅ Fixed 2024-02-17 3歳1勝クラス
21:54:01 [INFO]   [2557/2974] ✅ Fixed 2024-02-17 3歳新馬
21:54:02 [INFO]   [2558/2974] ✅ Fixed 2024-02-17 3歳未勝利
21:54:02 [INFO]   [2560/2974] ✅ Fixed 2024-02-17 4歳以上1勝クラス
21:54:03 [INFO]   [2561/2974] ✅ Fixed 2024-02-17 4歳以上2勝クラス
21:54:03 [INFO]   [2559/2974] ✅ Fixed 2024-02-17 3歳未勝利
21:54:04 [INFO]   [2563/2974] ✅ Fixed 2024-02-17 金蹄S
21:54:04 [INFO]   [2550/2974] ✅ Fixed 2024-02-18 伊万里特別
21:54:05 [INFO]   [2564/2974] ✅ Fixed 2024-02-17 ダイヤモンドS
21:54:06 [INFO]   [2562/2974] ✅ Fixed 2024-02-17 フリージア賞
21:54:07 [INFO]   [2565/2974] ✅ Fixed 2024-02-17 4歳以上1勝クラス
21:54:07 [INFO]   [2567/2974] ✅ Fixed 2024-02-17 3歳未勝利
21:54:07 [INFO]   [2569/2974] ✅ Fixed 2024-02-17 3歳新馬
21:54:07 [INFO]   [2568/2974] ✅ Fixed 2024-02-17 3歳未勝利
21:54:08 [INFO]   [2571/2974] ✅ Fixed 2024-02-17 3歳1勝クラス
21:54:08 [INFO]   [2570/2974] ✅ Fixed 2024-02-17 3歳未勝利
21:54:09 [INFO]   [2566/2974] ✅ Fixed 2024-02-17 3歳未勝利
21:54:11 [INFO]   [2572/2974] ✅ Fixed 2024-02-17 4歳以上1勝クラス
21:54:12 [INFO]   [2573/2974] ✅ Fixed 2024-02-17 4歳以上1勝クラス
21:54:12 [INFO]   [2576/2974] ✅ Fixed 2024-02-17 京都牝馬S
21:54:13 [INFO]   [2574/2974] ✅ Fixed 2024-02-17 つばき賞
21:54:13 [INFO]   [2575/2974] ✅ Fixed 2024-02-17 河原町S
21:54:13 [INFO]   [2579/2974] ✅ Fixed 2024-02-17 3歳未勝利
21:54:14 [INFO]   [2578/2974] ✅ Fixed 2024-02-17 3歳未勝利
21:54:14 [INFO]   [2577/2974] ✅ Fixed 2024-02-17 4歳以上2勝クラス
21:54:14 [INFO]   [2580/2974] ✅ Fixed 2024-02-17 3歳未勝利
21:54:15 [INFO]   [2581/2974] ✅ Fixed 2024-02-17 3歳未勝利
21:54:15 [INFO]   [2582/2974] ✅ Fixed 2024-02-17 4歳以上1勝クラス
21:54:16 [INFO]   [2584/2974] ✅ Fixed 2024-02-17 筑紫特別
21:54:17 [INFO]   [2587/2974] ✅ Fixed 2024-02-17 4歳以上1勝クラス
21:54:18 [INFO]   [2583/2974] ✅ Fixed 2024-02-17 4歳以上1勝クラス
21:54:18 [INFO]   [2589/2974] ✅ Fixed 2024-02-11 3歳未勝利
21:54:18 [INFO]   [2585/2974] ✅ Fixed 2024-02-17 皿倉山特別
21:54:19 [INFO]   [2588/2974] ✅ Fixed 2024-02-11 3歳未勝利
21:54:19 [INFO]   [2586/2974] ✅ Fixed 2024-02-17 小倉城S
21:54:21 [INFO]   [2592/2974] ✅ Fixed 2024-02-11 3歳未勝利
21:54:21 [INFO]   [2590/2974] ✅ Fixed 2024-02-11 3歳未勝利
21:54:22 [INFO]   [2591/2974] ✅ Fixed 2024-02-11 3歳新馬
21:54:23 [INFO]   [2597/2974] ✅ Fixed 2024-02-11 バレンタインS
21:54:23 [INFO]   [2594/2974] ✅ Fixed 2024-02-11 3歳1勝クラス
21:54:24 [INFO]   [2593/2974] ✅ Fixed 2024-02-11 4歳以上1勝クラス
21:54:24 [INFO]   [2595/2974] ✅ Fixed 2024-02-11 4歳以上2勝クラス
21:54:25 [INFO]   [2596/2974] ✅ Fixed 2024-02-11 初音S
21:54:25 [INFO]   [2599/2974] ✅ Fixed 2024-02-11 4歳以上2勝クラス
21:54:26 [INFO]   [2598/2974] ✅ Fixed 2024-02-11 共同通信杯
21:54:26 [INFO]   [2601/2974] ✅ Fixed 2024-02-11 3歳未勝利
21:54:28 [INFO]   [2602/2974] ✅ Fixed 2024-02-11 3歳新馬
21:54:28 [INFO]   [2603/2974] ✅ Fixed 2024-02-11 3歳1勝クラス
21:54:29 [INFO]   [2600/2974] ✅ Fixed 2024-02-11 3歳未勝利
21:54:29 [INFO]   [2604/2974] ✅ Fixed 2024-02-11 3歳未勝利
21:54:29 [INFO]   [2608/2974] ✅ Fixed 2024-02-11 春日特別
21:54:30 [INFO]   [2607/2974] ✅ Fixed 2024-02-11 4歳以上1勝クラス
21:54:30 [INFO]   [2606/2974] ✅ Fixed 2024-02-11 4歳以上1勝クラス
21:54:30 [INFO]   [2605/2974] ✅ Fixed 2024-02-11 3歳未勝利
21:54:31 [INFO]   [2609/2974] ✅ Fixed 2024-02-11 北山S
21:54:31 [INFO]   [2610/2974] ✅ Fixed 2024-02-11 京都記念
21:54:32 [INFO]   [2611/2974] ✅ Fixed 2024-02-11 4歳以上2勝クラス
21:54:34 [INFO]   [2614/2974] ✅ Fixed 2024-02-11 4歳以上1勝クラス
21:54:34 [INFO]   [2617/2974] ✅ Fixed 2024-02-11 4歳以上1勝クラス
21:54:34 [INFO]   [2615/2974] ✅ Fixed 2024-02-11 3歳未勝利
21:54:34 [INFO]   [2612/2974] ✅ Fixed 2024-02-11 3歳未勝利
21:54:35 [INFO]   [2613/2974] ✅ Fixed 2024-02-11 3歳未勝利
21:54:35 [INFO]   [2618/2974] ✅ Fixed 2024-02-11 4歳以上1勝クラス
21:54:36 [INFO]   [2616/2974] ✅ Fixed 2024-02-11 3歳未勝利
21:54:38 [INFO]   [2622/2974] ✅ Fixed 2024-02-11 4歳以上1勝クラス
21:54:38 [INFO]   [2620/2974] ✅ Fixed 2024-02-11 太宰府特別
21:54:39 [INFO]   [2624/2974] ✅ Fixed 2024-02-10 3歳新馬
21:54:39 [INFO]   [2619/2974] ✅ Fixed 2024-02-11 あすなろ賞
21:54:40 [INFO]   [2621/2974] ✅ Fixed 2024-02-11 北九州短距離S
21:54:40 [INFO]   [2623/2974] ✅ Fixed 2024-02-10 3歳未勝利
21:54:40 [INFO]   [2626/2974] ✅ Fixed 2024-02-10 4歳以上1勝クラス
21:54:40 [INFO]   [2625/2974] ✅ Fixed 2024-02-10 3歳未勝利
21:54:43 [INFO]   [2627/2974] ✅ Fixed 2024-02-10 3歳未勝利
21:54:43 [INFO]   [2633/2974] ✅ Fixed 2024-02-10 クイーンC
21:54:43 [INFO]   [2628/2974] ✅ Fixed 2024-02-10 3歳未勝利
21:54:44 [INFO]   [2630/2974] ✅ Fixed 2024-02-10 4歳以上1勝クラス
21:54:44 [INFO]   [2629/2974] ✅ Fixed 2024-02-10 3歳1勝クラス
21:54:44 [INFO]   [2632/2974] ✅ Fixed 2024-02-10 雲雀S
21:54:44 [INFO]   [2631/2974] ✅ Fixed 2024-02-10 箱根特別
21:54:45 [INFO]   [2634/2974] ✅ Fixed 2024-02-10 4歳以上2勝クラス
21:54:46 [INFO]   [2635/2974] ✅ Fixed 2024-02-10 3歳未勝利
21:54:47 [INFO]   [2639/2974] ✅ Fixed 2024-02-10 3歳未勝利
21:54:48 [INFO]   [2641/2974] ✅ Fixed 2024-02-10 4歳以上1勝クラス
21:54:49 [INFO]   [2640/2974] ✅ Fixed 2024-02-10 3歳未勝利
21:54:49 [INFO]   [2637/2974] ✅ Fixed 2024-02-10 3歳未勝利
21:54:49 [INFO]   [2638/2974] ✅ Fixed 2024-02-10 3歳新馬
21:54:49 [INFO]   [2636/2974] ✅ Fixed 2024-02-10 3歳未勝利
21:54:50 [INFO]   [2642/2974] ✅ Fixed 2024-02-10 4歳以上1勝クラス
21:54:51 [INFO]   [2645/2974] ✅ Fixed 2024-02-10 洛陽S
21:54:51 [INFO]   [2643/2974] ✅ Fixed 2024-02-10 こぶし賞
21:54:52 [INFO]   [2647/2974] ✅ Fixed 2024-02-10 3歳未勝利
21:54:53 [INFO]   [2644/2974] ✅ Fixed 2024-02-10 飛鳥S
21:54:53 [INFO]   [2648/2974] ✅ Fixed 2024-02-10 3歳未勝利
21:54:53 [INFO]   [2646/2974] ✅ Fixed 2024-02-10 4歳以上2勝クラス
21:54:53 [INFO]   [2650/2974] ✅ Fixed 2024-02-10 3歳未勝利
21:54:54 [INFO]   [2649/2974] ✅ Fixed 2024-02-10 3歳未勝利
21:54:55 [INFO]   [2652/2974] ✅ Fixed 2024-02-10 4歳以上1勝クラス
21:54:56 [INFO]   [2653/2974] ✅ Fixed 2024-02-10 帆柱山特別
21:54:56 [INFO]   [2651/2974] ✅ Fixed 2024-02-10 4歳以上1勝クラス
21:54:57 [INFO]   [2658/2974] ✅ Fixed 2024-02-04 3歳未勝利
21:54:58 [INFO]   [2654/2974] ✅ Fixed 2024-02-10 大濠特別
21:54:58 [INFO]   [2656/2974] ✅ Fixed 2024-02-10 4歳以上1勝クラス
21:54:59 [INFO]   [2657/2974] ✅ Fixed 2024-02-04 3歳未勝利
21:55:00 [INFO]   [2655/2974] ✅ Fixed 2024-02-10 紫川特別
21:55:00 [INFO]   [2659/2974] ✅ Fixed 2024-02-04 3歳新馬
21:55:00 [INFO]   [2662/2974] ✅ Fixed 2024-02-04 3歳未勝利
21:55:01 [INFO]   [2661/2974] ✅ Fixed 2024-02-04 3歳新馬
21:55:02 [INFO]   [2665/2974] ✅ Fixed 2024-02-04 ゆりかもめ賞
21:55:02 [INFO]   [2660/2974] ✅ Fixed 2024-02-04 4歳以上1勝クラス
21:55:03 [INFO]   [2663/2974] ✅ Fixed 2024-02-04 4歳以上2勝クラス
21:55:03 [INFO]   [2667/2974] ✅ Fixed 2024-02-04 東京新聞杯
21:55:03 [INFO]   [2664/2974] ✅ Fixed 2024-02-04 4歳以上1勝クラス
21:55:04 [INFO]   [2666/2974] ✅ Fixed 2024-02-04 白嶺S
21:55:05 [INFO]   [2669/2974] ✅ Fixed 2024-02-04 3歳未勝利
21:55:05 [INFO]   [2668/2974] ✅ Fixed 2024-02-04 4歳以上2勝クラス
21:55:05 [INFO]   [2670/2974] ✅ Fixed 2024-02-04 3歳未勝利
21:55:08 [INFO]   [2671/2974] ✅ Fixed 2024-02-04 3歳未勝利
21:55:08 [INFO]   [2675/2974] ✅ Fixed 2024-02-04 4歳以上1勝クラス
21:55:08 [INFO]   [2672/2974] ✅ Fixed 2024-02-04 3歳未勝利
21:55:08 [INFO]   [2674/2974] ✅ Fixed 2024-02-04 3歳未勝利
21:55:09 [INFO]   [2676/2974] ✅ Fixed 2024-02-04 4歳以上2勝クラス
21:55:09 [INFO]   [2677/2974] ✅ Fixed 2024-02-04 山城S
21:55:10 [INFO]   [2673/2974] ✅ Fixed 2024-02-04 3歳新馬
21:55:11 [INFO]   [2678/2974] ✅ Fixed 2024-02-04 令月S
21:55:13 [INFO]   [2680/2974] ✅ Fixed 2024-02-04 4歳以上2勝クラス
21:55:13 [INFO]   [2679/2974] ✅ Fixed 2024-02-04 きさらぎ賞
21:55:13 [INFO]   [2682/2974] ✅ Fixed 2024-02-04 3歳未勝利
21:55:14 [INFO]   [2684/2974] ✅ Fixed 2024-02-04 3歳新馬
21:55:14 [INFO]   [2681/2974] ✅ Fixed 2024-02-04 3歳未勝利
21:55:14 [INFO]   [2686/2974] ✅ Fixed 2024-02-04 3歳未勝利
21:55:15 [INFO]   [2683/2974] ✅ Fixed 2024-02-04 4歳以上1勝クラス
21:55:15 [INFO]   [2685/2974] ✅ Fixed 2024-02-04 3歳未勝利
21:55:17 [INFO]   [2687/2974] ✅ Fixed 2024-02-04 4歳以上1勝クラス
21:55:17 [INFO]   [2689/2974] ✅ Fixed 2024-02-04 由布院特別
21:55:17 [INFO]   [2688/2974] ✅ Fixed 2024-02-04 合馬特別
21:55:18 [INFO]   [2692/2974] ✅ Fixed 2024-02-03 4歳以上1勝クラス
21:55:18 [INFO]   [2690/2974] ✅ Fixed 2024-02-04 小倉日経OP
21:55:18 [INFO]   [2693/2974] ✅ Fixed 2024-02-03 4歳以上1勝クラス
21:55:19 [INFO]   [2691/2974] ✅ Fixed 2024-02-04 4歳以上1勝クラス
21:55:22 [INFO]   [2694/2974] ✅ Fixed 2024-02-03 春菜賞
21:55:22 [INFO]   [2696/2974] ✅ Fixed 2024-02-03 JCベストレース記念
21:55:22 [INFO]   [2697/2974] ✅ Fixed 2024-02-03 4歳以上2勝クラス
21:55:23 [INFO]   [2700/2974] ✅ Fixed 2024-02-03 3歳未勝利
21:55:23 [INFO]   [2695/2974] ✅ Fixed 2024-02-03 テレビ山梨杯
21:55:24 [INFO]   [2699/2974] ✅ Fixed 2024-02-03 3歳未勝利
21:55:24 [INFO]   [2698/2974] ✅ Fixed 2024-02-03 3歳未勝利
21:55:25 [INFO]   [2701/2974] ✅ Fixed 2024-02-03 3歳新馬
21:55:26 [INFO]   [2702/2974] ✅ Fixed 2024-02-03 3歳未勝利
21:55:26 [INFO]   [2705/2974] ✅ Fixed 2024-02-03 4歳以上2勝クラス
21:55:27 [INFO]   [2703/2974] ✅ Fixed 2024-02-03 3歳1勝クラス
21:55:27 [INFO]   [2707/2974] ✅ Fixed 2024-02-03 エルフィンS
21:55:28 [INFO]   [2704/2974] ✅ Fixed 2024-02-03 4歳以上1勝クラス
21:55:28 [INFO]   [2706/2974] ✅ Fixed 2024-02-03 橿原S
21:55:29 [INFO]   [2708/2974] ✅ Fixed 2024-02-03 アルデバランS
21:55:30 [INFO]   [2710/2974] ✅ Fixed 2024-02-03 3歳未勝利
21:55:30 [INFO]   [2709/2974] ✅ Fixed 2024-02-03 4歳以上1勝クラス
21:55:31 [INFO]   [2712/2974] ✅ Fixed 2024-02-03 3歳未勝利
21:55:32 [INFO]   [2711/2974] ✅ Fixed 2024-02-03 3歳未勝利
21:55:33 [INFO]   [2714/2974] ✅ Fixed 2024-02-03 3歳未勝利
21:55:34 [INFO]   [2715/2974] ✅ Fixed 2024-02-03 4歳以上1勝クラス
21:55:34 [INFO]   [2716/2974] ✅ Fixed 2024-02-03 4歳以上1勝クラス
21:55:35 [INFO]   [2719/2974] ✅ Fixed 2024-02-03 別府特別
21:55:35 [INFO]   [2722/2974] ✅ Fixed 2024-01-28 3歳未勝利
21:55:35 [INFO]   [2717/2974] ✅ Fixed 2024-02-03 かささぎ賞
21:55:36 [INFO]   [2720/2974] ✅ Fixed 2024-02-03 4歳以上1勝クラス
21:55:36 [INFO]   [2718/2974] ✅ Fixed 2024-02-03 有田特別
21:55:36 [INFO]   [2721/2974] ✅ Fixed 2024-01-28 3歳未勝利
21:55:38 [INFO]   [2724/2974] ✅ Fixed 2024-01-28 3歳1勝クラス
21:55:39 [INFO]   [2726/2974] ✅ Fixed 2024-01-28 3歳未勝利
21:55:39 [INFO]   [2723/2974] ✅ Fixed 2024-01-28 3歳未勝利
21:55:40 [INFO]   [2725/2974] ✅ Fixed 2024-01-28 3歳新馬
21:55:41 [INFO]   [2727/2974] ✅ Fixed 2024-01-28 4歳以上1勝クラス
21:55:42 [INFO]   [2729/2974] ✅ Fixed 2024-01-28 大津特別
21:55:42 [INFO]   [2730/2974] ✅ Fixed 2024-01-28 八坂S
21:55:42 [INFO]   [2728/2974] ✅ Fixed 2024-01-28 4歳以上1勝クラス
21:55:42 [WARNING] Request error for https://race.netkeiba.com/race/result.html?race_id=202408020211: HTTPSConnectionPool(host='race.netkeiba.com', port=443): Max retries exceeded with url: /race/result.html?race_id=202408020211 (Caused by SSLError(SSLEOFError(8, 'EOF occurred in violation of protocol (_ssl.c:997)'))) (attempt 1)
21:55:43 [INFO]   [2733/2974] ✅ Fixed 2024-01-28 3歳未勝利
21:55:43 [INFO]   [2734/2974] ✅ Fixed 2024-01-28 3歳未勝利
21:55:44 [INFO]   [2732/2974] ✅ Fixed 2024-01-28 4歳以上2勝クラス
21:55:45 [INFO]   [2736/2974] ✅ Fixed 2024-01-28 3歳新馬
21:55:45 [INFO]   [2737/2974] ✅ Fixed 2024-01-28 3歳未勝利
21:55:45 [INFO]   [2735/2974] ✅ Fixed 2024-01-28 4歳以上1勝クラス
21:55:46 [INFO]   [2738/2974] ✅ Fixed 2024-01-28 4歳以上1勝クラス
21:55:47 [INFO]   [2739/2974] ✅ Fixed 2024-01-28 4歳以上1勝クラス
21:55:47 [INFO]   [2740/2974] ✅ Fixed 2024-01-28 くすのき賞
21:55:49 [INFO]   [2742/2974] ✅ Fixed 2024-01-28 巌流島S
21:55:49 [INFO]   [2741/2974] ✅ Fixed 2024-01-28 日田特別
21:55:49 [INFO]   [2743/2974] ✅ Fixed 2024-01-28 4歳以上1勝クラス
21:55:50 [INFO]   [2744/2974] ✅ Fixed 2024-01-27 3歳未勝利
21:55:50 [INFO]   [2731/2974] ✅ Fixed 2024-01-28 シルクロードS
21:55:50 [INFO]   [2745/2974] ✅ Fixed 2024-01-27 3歳未勝利
21:55:50 [INFO]   [2746/2974] ✅ Fixed 2024-01-27 3歳未勝利
21:55:50 [INFO]   [2747/2974] ✅ Fixed 2024-01-27 3歳新馬
21:55:53 [INFO]   [2752/2974] ✅ Fixed 2024-01-27 4歳以上2勝クラス
21:55:53 [INFO]   [2750/2974] ✅ Fixed 2024-01-27 4歳以上1勝クラス
21:55:53 [INFO]   [2755/2974] ✅ Fixed 2024-01-27 4歳以上1勝クラス
21:55:54 [INFO]   [2753/2974] ✅ Fixed 2024-01-27 許波多特別
21:55:54 [INFO]   [2748/2974] ✅ Fixed 2024-01-27 3歳未勝利
21:55:54 [INFO]   [2749/2974] ✅ Fixed 2024-01-27 3歳1勝クラス
21:55:55 [INFO]   [2754/2974] ✅ Fixed 2024-01-27 舞鶴S
21:55:56 [INFO]   [2751/2974] ✅ Fixed 2024-01-27 白梅賞
21:55:57 [INFO]   [2758/2974] ✅ Fixed 2024-01-27 3歳未勝利
21:55:58 [INFO]   [2760/2974] ✅ Fixed 2024-01-27 3歳未勝利
21:55:59 [INFO]   [2756/2974] ✅ Fixed 2024-01-27 3歳未勝利
21:55:59 [INFO]   [2757/2974] ✅ Fixed 2024-01-27 3歳未勝利
21:55:59 [INFO]   [2759/2974] ✅ Fixed 2024-01-27 3歳未勝利
21:56:00 [INFO]   [2761/2974] ✅ Fixed 2024-01-27 4歳以上1勝クラス
21:56:00 [INFO]   [2762/2974] ✅ Fixed 2024-01-27 足立山特別
21:56:01 [INFO]   [2764/2974] ✅ Fixed 2024-01-27 周防灘特別
21:56:01 [INFO]   [2763/2974] ✅ Fixed 2024-01-27 平尾台特別
21:56:03 [INFO]   [2768/2974] ✅ Fixed 2024-01-21 3歳未勝利
21:56:04 [INFO]   [2767/2974] ✅ Fixed 2024-01-21 3歳未勝利
21:56:04 [INFO]   [2765/2974] ✅ Fixed 2024-01-27 4歳以上1勝クラス
21:56:05 [INFO]   [2770/2974] ✅ Fixed 2024-01-21 3歳未勝利
21:56:05 [INFO]   [2766/2974] ✅ Fixed 2024-01-21 3歳未勝利
21:56:05 [INFO]   [2769/2974] ✅ Fixed 2024-01-21 4歳以上1勝クラス
21:56:05 [INFO]   [2772/2974] ✅ Fixed 2024-01-21 4歳以上1勝クラス
21:56:07 [INFO]   [2771/2974] ✅ Fixed 2024-01-21 3歳新馬
21:56:08 [INFO]   [2776/2974] ✅ Fixed 2024-01-21 AJCC
21:56:08 [INFO]   [2773/2974] ✅ Fixed 2024-01-21 4歳以上2勝クラス
21:56:08 [INFO]   [2777/2974] ✅ Fixed 2024-01-21 4歳以上2勝クラス
21:56:09 [INFO]   [2778/2974] ✅ Fixed 2024-01-21 3歳未勝利
21:56:09 [INFO]   [2775/2974] ✅ Fixed 2024-01-21 アレキサンドライトS
21:56:11 [INFO]   [2779/2974] ✅ Fixed 2024-01-21 3歳新馬
21:56:12 [INFO]   [2783/2974] ✅ Fixed 2024-01-21 3歳1勝クラス
21:56:12 [INFO]   [2780/2974] ✅ Fixed 2024-01-21 3歳未勝利
21:56:13 [WARNING] Request error for https://race.netkeiba.com/race/result.html?race_id=202406010709: HTTPSConnectionPool(host='race.netkeiba.com', port=443): Max retries exceeded with url: /race/result.html?race_id=202406010709 (Caused by SSLError(SSLEOFError(8, 'EOF occurred in violation of protocol (_ssl.c:997)'))) (attempt 1)
21:56:13 [INFO]   [2781/2974] ✅ Fixed 2024-01-21 3歳未勝利
21:56:13 [INFO]   [2784/2974] ✅ Fixed 2024-01-21 4歳以上1勝クラス
21:56:13 [INFO]   [2782/2974] ✅ Fixed 2024-01-21 3歳新馬
21:56:14 [INFO]   [2785/2974] ✅ Fixed 2024-01-21 4歳以上1勝クラス
21:56:16 [INFO]   [2787/2974] ✅ Fixed 2024-01-21 羅生門S
21:56:16 [INFO]   [2788/2974] ✅ Fixed 2024-01-21 東海S
21:56:16 [INFO]   [2791/2974] ✅ Fixed 2024-01-21 3歳未勝利
21:56:16 [INFO]   [2786/2974] ✅ Fixed 2024-01-21 北大路特別
21:56:17 [INFO]   [2789/2974] ✅ Fixed 2024-01-21 4歳以上2勝クラス
21:56:17 [INFO]   [2792/2974] ✅ Fixed 2024-01-21 4歳以上1勝クラス
21:56:18 [INFO]   [2793/2974] ✅ Fixed 2024-01-21 3歳新馬
21:56:19 [INFO]   [2790/2974] ✅ Fixed 2024-01-21 3歳未勝利
21:56:20 [INFO]   [2795/2974] ✅ Fixed 2024-01-21 3歳未勝利
21:56:20 [INFO]   [2797/2974] ✅ Fixed 2024-01-21 八幡特別
21:56:21 [INFO]   [2794/2974] ✅ Fixed 2024-01-21 3歳未勝利
21:56:22 [INFO]   [2796/2974] ✅ Fixed 2024-01-21 4歳以上1勝クラス
21:56:22 [INFO]   [2799/2974] ✅ Fixed 2024-01-21 豊前S
21:56:23 [INFO]   [2798/2974] ✅ Fixed 2024-01-21 海の中道特別
21:56:23 [INFO]   [2774/2974] ✅ Fixed 2024-01-21 若竹賞
21:56:24 [INFO]   [2801/2974] ✅ Fixed 2024-01-20 3歳未勝利
21:56:24 [INFO]   [2800/2974] ✅ Fixed 2024-01-21 4歳以上1勝クラス
21:56:25 [INFO]   [2803/2974] ✅ Fixed 2024-01-20 3歳新馬
21:56:26 [INFO]   [2802/2974] ✅ Fixed 2024-01-20 3歳未勝利
21:56:26 [INFO]   [2805/2974] ✅ Fixed 2024-01-20 3歳未勝利
21:56:27 [INFO]   [2804/2974] ✅ Fixed 2024-01-20 3歳新馬
21:56:27 [INFO]   [2806/2974] ✅ Fixed 2024-01-20 3歳未勝利
21:56:27 [INFO]   [2807/2974] ✅ Fixed 2024-01-20 3歳1勝クラス
21:56:28 [INFO]   [2808/2974] ✅ Fixed 2024-01-20 4歳以上1勝クラス
21:56:28 [INFO]   [2811/2974] ✅ Fixed 2024-01-20 初富士S
21:56:29 [INFO]   [2812/2974] ✅ Fixed 2024-01-20 4歳以上1勝クラス
21:56:30 [INFO]   [2809/2974] ✅ Fixed 2024-01-20 初茜賞
21:56:30 [INFO]   [2815/2974] ✅ Fixed 2024-01-20 3歳新馬
21:56:31 [INFO]   [2810/2974] ✅ Fixed 2024-01-20 東雲賞
21:56:31 [INFO]   [2816/2974] ✅ Fixed 2024-01-20 3歳1勝クラス
21:56:32 [INFO]   [2814/2974] ✅ Fixed 2024-01-20 3歳未勝利
21:56:32 [INFO]   [2813/2974] ✅ Fixed 2024-01-20 3歳未勝利
21:56:33 [INFO]   [2818/2974] ✅ Fixed 2024-01-20 3歳未勝利
21:56:33 [INFO]   [2817/2974] ✅ Fixed 2024-01-20 3歳新馬
21:56:34 [INFO]   [2820/2974] ✅ Fixed 2024-01-20 4歳以上2勝クラス
21:56:35 [INFO]   [2821/2974] ✅ Fixed 2024-01-20 若駒S
21:56:35 [INFO]   [2822/2974] ✅ Fixed 2024-01-20 宇治川特別
21:56:35 [INFO]   [2819/2974] ✅ Fixed 2024-01-20 4歳以上1勝クラス
21:56:36 [INFO]   [2825/2974] ✅ Fixed 2024-01-20 3歳未勝利
21:56:36 [INFO]   [2827/2974] ✅ Fixed 2024-01-20 3歳未勝利
21:56:37 [INFO]   [2824/2974] ✅ Fixed 2024-01-20 3歳未勝利
21:56:38 [INFO]   [2823/2974] ✅ Fixed 2024-01-20 石清水S
21:56:38 [INFO]   [2826/2974] ✅ Fixed 2024-01-20 3歳未勝利
21:56:39 [INFO]   [2829/2974] ✅ Fixed 2024-01-20 4歳以上1勝クラス
21:56:39 [INFO]   [2828/2974] ✅ Fixed 2024-01-20 3歳未勝利
21:56:40 [INFO]   [2832/2974] ✅ Fixed 2024-01-20 戸畑特別
21:56:41 [INFO]   [2830/2974] ✅ Fixed 2024-01-20 4歳以上1勝クラス
21:56:41 [INFO]   [2831/2974] ✅ Fixed 2024-01-20 萌黄賞
21:56:42 [INFO]   [2834/2974] ✅ Fixed 2024-01-20 4歳以上1勝クラス
21:56:42 [INFO]   [2833/2974] ✅ Fixed 2024-01-20 和布刈特別
21:56:42 [INFO]   [2835/2974] ✅ Fixed 2024-01-14 3歳未勝利
21:56:43 [INFO]   [2836/2974] ✅ Fixed 2024-01-14 3歳未勝利
21:56:44 [INFO]   [2839/2974] ✅ Fixed 2024-01-14 3歳未勝利
21:56:45 [INFO]   [2837/2974] ✅ Fixed 2024-01-14 3歳新馬
21:56:45 [INFO]   [2842/2974] ✅ Fixed 2024-01-14 4歳以上2勝クラス
21:56:45 [INFO]   [2843/2974] ✅ Fixed 2024-01-14 サンライズS
21:56:46 [INFO]   [2838/2974] ✅ Fixed 2024-01-14 3歳新馬
21:56:46 [INFO]   [2840/2974] ✅ Fixed 2024-01-14 4歳以上1勝クラス
21:56:46 [INFO]   [2841/2974] ✅ Fixed 2024-01-14 4歳以上2勝クラス
21:56:47 [INFO]   [2844/2974] ✅ Fixed 2024-01-14 ジャニュアリーS
21:56:47 [INFO]   [2845/2974] ✅ Fixed 2024-01-14 京成杯
21:56:48 [INFO]   [2847/2974] ✅ Fixed 2024-01-14 3歳未勝利
21:56:48 [INFO]   [2846/2974] ✅ Fixed 2024-01-14 4歳以上1勝クラス
21:56:49 [INFO]   [2851/2974] ✅ Fixed 2024-01-14 3歳新馬
21:56:50 [INFO]   [2848/2974] ✅ Fixed 2024-01-14 3歳未勝利
21:56:51 [INFO]   [2850/2974] ✅ Fixed 2024-01-14 3歳1勝クラス
21:56:51 [INFO]   [2852/2974] ✅ Fixed 2024-01-14 3歳未勝利
21:56:51 [INFO]   [2849/2974] ✅ Fixed 2024-01-14 3歳新馬
21:56:52 [INFO]   [2854/2974] ✅ Fixed 2024-01-14 4歳以上2勝クラス
21:56:53 [INFO]   [2855/2974] ✅ Fixed 2024-01-14 逢坂山特別
21:56:54 [INFO]   [2853/2974] ✅ Fixed 2024-01-14 4歳以上1勝クラス
21:56:54 [INFO]   [2859/2974] ✅ Fixed 2024-01-14 3歳未勝利
21:56:55 [INFO]   [2860/2974] ✅ Fixed 2024-01-14 3歳未勝利
21:56:56 [INFO]   [2861/2974] ✅ Fixed 2024-01-14 4歳以上1勝クラス
21:56:56 [INFO]   [2856/2974] ✅ Fixed 2024-01-14 雅S
21:56:56 [INFO]   [2857/2974] ✅ Fixed 2024-01-14 日経新春杯
21:56:57 [INFO]   [2858/2974] ✅ Fixed 2024-01-14 4歳以上2勝クラス
21:56:59 [INFO]   [2864/2974] ✅ Fixed 2024-01-14 3歳未勝利
21:56:59 [INFO]   [2863/2974] ✅ Fixed 2024-01-14 3歳新馬
21:57:00 [INFO]   [2865/2974] ✅ Fixed 2024-01-14 3歳未勝利
21:57:00 [INFO]   [2866/2974] ✅ Fixed 2024-01-14 4歳以上1勝クラス
21:57:00 [INFO]   [2869/2974] ✅ Fixed 2024-01-14 門司S
21:57:01 [INFO]   [2867/2974] ✅ Fixed 2024-01-14 玄海特別
21:57:01 [INFO]   [2868/2974] ✅ Fixed 2024-01-14 壇之浦S
21:57:02 [INFO]   [2870/2974] ✅ Fixed 2024-01-14 4歳以上1勝クラス
21:57:03 [INFO]   [2871/2974] ✅ Fixed 2024-01-13 3歳未勝利
21:57:03 [INFO]   [2873/2974] ✅ Fixed 2024-01-13 3歳未勝利
21:57:04 [INFO]   [2874/2974] ✅ Fixed 2024-01-13 3歳新馬
21:57:04 [INFO]   [2872/2974] ✅ Fixed 2024-01-13 3歳未勝利
21:57:04 [INFO]   [2877/2974] ✅ Fixed 2024-01-13 4歳以上1勝クラス
21:57:05 [INFO]   [2875/2974] ✅ Fixed 2024-01-13 3歳新馬
21:57:05 [INFO]   [2878/2974] ✅ Fixed 2024-01-13 4歳以上2勝クラス
21:57:06 [INFO]   [2876/2974] ✅ Fixed 2024-01-13 3歳未勝利
21:57:07 [INFO]   [2881/2974] ✅ Fixed 2024-01-13 ニューイヤーS
21:57:08 [INFO]   [2882/2974] ✅ Fixed 2024-01-13 4歳以上2勝クラス
21:57:08 [INFO]   [2880/2974] ✅ Fixed 2024-01-13 初春S
21:57:09 [INFO]   [2879/2974] ✅ Fixed 2024-01-13 菜の花賞
21:57:09 [INFO]   [2884/2974] ✅ Fixed 2024-01-13 3歳未勝利
21:57:11 [INFO]   [2885/2974] ✅ Fixed 2024-01-13 3歳未勝利
21:57:11 [INFO]   [2888/2974] ✅ Fixed 2024-01-13 3歳未勝利
21:57:11 [INFO]   [2886/2974] ✅ Fixed 2024-01-13 3歳新馬
21:57:12 [INFO]   [2890/2974] ✅ Fixed 2024-01-13 4歳以上1勝クラス
21:57:13 [INFO]   [2887/2974] ✅ Fixed 2024-01-13 3歳未勝利
21:57:14 [INFO]   [2889/2974] ✅ Fixed 2024-01-13 4歳以上1勝クラス
21:57:14 [INFO]   [2891/2974] ✅ Fixed 2024-01-13 五条坂特別
21:57:15 [INFO]   [2892/2974] ✅ Fixed 2024-01-13 紅梅S
21:57:16 [INFO]   [2895/2974] ✅ Fixed 2024-01-13 3歳未勝利
21:57:17 [INFO]   [2893/2974] ✅ Fixed 2024-01-13 淀短距離S
21:57:17 [INFO]   [2896/2974] ✅ Fixed 2024-01-13 3歳未勝利
21:57:17 [INFO]   [2894/2974] ✅ Fixed 2024-01-13 4歳以上1勝クラス
21:57:18 [INFO]   [2898/2974] ✅ Fixed 2024-01-13 4歳以上1勝クラス
21:57:18 [INFO]   [2899/2974] ✅ Fixed 2024-01-13 4歳以上1勝クラス
21:57:19 [INFO]   [2897/2974] ✅ Fixed 2024-01-13 3歳未勝利
21:57:21 [INFO]   [2901/2974] ✅ Fixed 2024-01-13 響灘特別
21:57:21 [INFO]   [2900/2974] ✅ Fixed 2024-01-13 4歳以上1勝クラス
21:57:21 [INFO]   [2903/2974] ✅ Fixed 2024-01-13 愛知杯
21:57:22 [INFO]   [2904/2974] ✅ Fixed 2024-01-13 4歳以上1勝クラス
21:57:22 [INFO]   [2902/2974] ✅ Fixed 2024-01-13 小郡特別
21:57:22 [INFO]   [2906/2974] ✅ Fixed 2024-01-08 3歳未勝利
21:57:22 [INFO]   [2905/2974] ✅ Fixed 2024-01-08 3歳未勝利
21:57:26 [INFO]   [2907/2974] ✅ Fixed 2024-01-08 3歳未勝利
21:57:26 [INFO]   [2908/2974] ✅ Fixed 2024-01-08 3歳新馬
21:57:26 [WARNING] Request error for https://race.netkeiba.com/race/result.html?race_id=202408010401: Response ended prematurely (attempt 1)
21:57:26 [INFO]   [2911/2974] ✅ Fixed 2024-01-08 4歳以上1勝クラス
21:57:27 [INFO]   [2909/2974] ✅ Fixed 2024-01-08 3歳新馬
21:57:27 [INFO]   [2913/2974] ✅ Fixed 2024-01-08 招福S
21:57:27 [INFO]   [2910/2974] ✅ Fixed 2024-01-08 3歳1勝クラス
21:57:28 [INFO]   [2912/2974] ✅ Fixed 2024-01-08 成田特別
21:57:30 [INFO]   [2916/2974] ✅ Fixed 2024-01-08 3歳未勝利
21:57:30 [INFO]   [2915/2974] ✅ Fixed 2024-01-08 4歳以上2勝クラス
21:57:30 [INFO]   [2917/2974] ✅ Fixed 2024-01-08 3歳未勝利
21:57:30 [INFO]   [2918/2974] ✅ Fixed 2024-01-08 3歳新馬
21:57:31 [INFO]   [2914/2974] ✅ Fixed 2024-01-08 カーバンクルS
21:57:31 [INFO]   [2920/2974] ✅ Fixed 2024-01-08 3歳新馬
21:57:31 [INFO]   [2919/2974] ✅ Fixed 2024-01-08 3歳1勝クラス
21:57:34 [INFO]   [2923/2974] ✅ Fixed 2024-01-08 4歳以上1勝クラス
21:57:34 [INFO]   [2925/2974] ✅ Fixed 2024-01-08 寿S
21:57:34 [INFO]   [2924/2974] ✅ Fixed 2024-01-08 蹴上特別
21:57:35 [INFO]   [2921/2974] ✅ Fixed 2024-01-08 3歳未勝利
21:57:35 [INFO]   [2922/2974] ✅ Fixed 2024-01-08 4歳以上1勝クラス
21:57:36 [INFO]   [2927/2974] ✅ Fixed 2024-01-08 4歳以上2勝クラス
21:57:36 [INFO]   [2883/2974] ✅ Fixed 2024-01-13 3歳未勝利
21:57:36 [INFO]   [2926/2974] ✅ Fixed 2024-01-08 シンザン記念
21:57:37 [INFO]   [2928/2974] ✅ Fixed 2024-01-07 3歳未勝利
21:57:38 [INFO]   [2929/2974] ✅ Fixed 2024-01-07 3歳未勝利
21:57:40 [INFO]   [2931/2974] ✅ Fixed 2024-01-07 3歳未勝利
21:57:40 [INFO]   [2932/2974] ✅ Fixed 2024-01-07 3歳新馬
21:57:40 [INFO]   [2933/2974] ✅ Fixed 2024-01-07 3歳1勝クラス
21:57:41 [INFO]   [2935/2974] ✅ Fixed 2024-01-07 初日の出賞
21:57:41 [INFO]   [2936/2974] ✅ Fixed 2024-01-07 ポルックスS
21:57:42 [INFO]   [2930/2974] ✅ Fixed 2024-01-07 3歳未勝利
21:57:42 [INFO]   [2934/2974] ✅ Fixed 2024-01-07 4歳以上1勝クラス
21:57:43 [INFO]   [2939/2974] ✅ Fixed 2024-01-07 3歳未勝利
21:57:43 [INFO]   [2940/2974] ✅ Fixed 2024-01-07 3歳新馬
21:57:44 [INFO]   [2937/2974] ✅ Fixed 2024-01-07 フェアリーS
21:57:44 [INFO]   [2938/2974] ✅ Fixed 2024-01-07 4歳以上2勝クラス
21:57:46 [INFO]   [2942/2974] ✅ Fixed 2024-01-07 4歳以上1勝クラス
21:57:47 [INFO]   [2941/2974] ✅ Fixed 2024-01-07 3歳未勝利
21:57:47 [INFO]   [2943/2974] ✅ Fixed 2024-01-07 3歳未勝利
21:57:47 [INFO]   [2947/2974] ✅ Fixed 2024-01-07 琵琶湖特別
21:57:48 [INFO]   [2944/2974] ✅ Fixed 2024-01-07 3歳1勝クラス
21:57:49 [INFO]   [2946/2974] ✅ Fixed 2024-01-07 4歳以上2勝クラス
21:57:49 [INFO]   [2945/2974] ✅ Fixed 2024-01-07 4歳以上1勝クラス
21:57:49 [INFO]   [2948/2974] ✅ Fixed 2024-01-07 新春S
21:57:49 [INFO]   [2950/2974] ✅ Fixed 2024-01-07 4歳以上2勝クラス
21:57:50 [INFO]   [2951/2974] ✅ Fixed 2024-01-06 3歳未勝利
21:57:51 [INFO]   [2952/2974] ✅ Fixed 2024-01-06 3歳未勝利
21:57:52 [INFO]   [2954/2974] ✅ Fixed 2024-01-06 3歳新馬
21:57:52 [INFO]   [2949/2974] ✅ Fixed 2024-01-07 すばるS
21:57:53 [INFO]   [2953/2974] ✅ Fixed 2024-01-06 3歳新馬
21:57:53 [INFO]   [2956/2974] ✅ Fixed 2024-01-06 4歳以上1勝クラス
21:57:54 [INFO]   [2955/2974] ✅ Fixed 2024-01-06 3歳未勝利
21:57:55 [INFO]   [2957/2974] ✅ Fixed 2024-01-06 3歳1勝クラス
21:57:55 [INFO]   [2959/2974] ✅ Fixed 2024-01-06 迎春S
21:57:56 [INFO]   [2960/2974] ✅ Fixed 2024-01-06 ジュニアC
21:57:56 [INFO]   [2958/2974] ✅ Fixed 2024-01-06 4歳以上1勝クラス
21:57:58 [INFO]   [2962/2974] ✅ Fixed 2024-01-06 4歳以上2勝クラス
21:57:59 [INFO]   [2964/2974] ✅ Fixed 2024-01-06 3歳未勝利
21:57:59 [INFO]   [2966/2974] ✅ Fixed 2024-01-06 3歳新馬
21:57:59 [INFO]   [2961/2974] ✅ Fixed 2024-01-06 中山金杯
21:57:59 [INFO]   [2963/2974] ✅ Fixed 2024-01-06 3歳未勝利
21:58:00 [INFO]   [2965/2974] ✅ Fixed 2024-01-06 3歳未勝利
21:58:01 [INFO]   [2967/2974] ✅ Fixed 2024-01-06 3歳未勝利
21:58:02 [INFO]   [2968/2974] ✅ Fixed 2024-01-06 3歳1勝クラス
21:58:03 [INFO]   [2969/2974] ✅ Fixed 2024-01-06 4歳以上1勝クラス
21:58:04 [INFO]   [2974/2974] ✅ Fixed 2024-01-06 4歳以上1勝クラス
21:58:04 [INFO]   [2970/2974] ✅ Fixed 2024-01-06 4歳以上2勝クラス
21:58:05 [INFO]   [2971/2974] ✅ Fixed 2024-01-06 門松S
21:58:05 [INFO]   [2972/2974] ✅ Fixed 2024-01-06 万葉S
21:58:05 [INFO]   [2973/2974] ✅ Fixed 2024-01-06 京都金杯
21:58:05 [INFO] Repair complete: 2644 winners fixed. 0 fetches failed.
