tree
version=v4
num_class=1
num_tree_per_iteration=1
label_index=0
max_feature_idx=249
objective=binary sigmoid:1
feature_names=draw post_position weight_carried horse_weight horse_weight_change odds_win log_odds popularity is_longshot is_extreme_longshot distance surface_code going_code field_size class_rank sex_code age last3_win_pct last3_place_pct last3_avg_finish last3_avg_beaten_pct last5_win_pct last5_place_pct last5_avg_finish last5_avg_beaten_pct last10_win_pct last10_place_pct last10_avg_finish last10_avg_beaten_pct best_time_at_dist avg_last_3f best_last_3f last_time_secs last_last_3f last_finish_pos days_since_last win_streak runs_at_dist win_pct_at_dist runs_on_surface win_pct_on_surface runs_at_course win_pct_at_course best_class_rank career_runs career_wins career_win_pct career_place_pct avg_first_corner weight_trend class_change class_drops_last5 class_rises_last5 class_at_last_win weather_code going_x_surface going_x_distance horse_going_win_pct horse_wet_track_advantage horse_heavy_speed_diff going_x_dist_x_surface draw_bias_at_course draw_low_win_pct course_month_bias sire_runners sire_win_pct sire_win_pct_surface sire_win_pct_distance sire_avg_finish trainer_offspring_win_pct trainer_offspring_avg_finish jockey_course_runs jockey_course_win_pct jockey_course_place_pct odds_rank odds_ratio_to_fav odds_deviation beaten_lengths_avg3 beaten_lengths_best class_adjusted_margin is_fresh is_rested is_stale avg_first_3f best_first_3f avg_early_speed early_late_ratio_avg3 speed_figure_last speed_figure_best speed_figure_avg3 jt_combo_runs jt_combo_win_pct jt_combo_place_pct field_avg_career_win_pct horse_vs_field_quality weight_vs_field_avg weight_per_kg_body age_x_class is_improving_3yo month_of_year horse_month_win_pct season_code bms_runners bms_win_pct bms_win_pct_surface bms_win_pct_distance draw_bias_90d jockey_win_pct_5 jockey_win_pct_10 jockey_place_pct_5 jockey_place_pct_10 jockey_roi_10 jockey_recent_wins trainer_win_pct_10 trainer_place_pct_10 trainer_roi_10 trainer_14d_runs trainer_14d_win_pct trainer_14d_place_pct pace_win_prob pace_place_prob pace_style_front pace_style_stalk pace_style_closer pace_style_deep draw_z post_position_z weight_carried_z horse_weight_z horse_weight_change_z odds_win_z log_odds_z popularity_z is_longshot_z is_extreme_longshot_z distance_z surface_code_z going_code_z field_size_z class_rank_z sex_code_z age_z last3_win_pct_z last3_place_pct_z last3_avg_finish_z last3_avg_beaten_pct_z last5_win_pct_z last5_place_pct_z last5_avg_finish_z last5_avg_beaten_pct_z last10_win_pct_z last10_place_pct_z last10_avg_finish_z last10_avg_beaten_pct_z best_time_at_dist_z avg_last_3f_z best_last_3f_z last_time_secs_z last_last_3f_z last_finish_pos_z days_since_last_z win_streak_z runs_at_dist_z win_pct_at_dist_z runs_on_surface_z win_pct_on_surface_z runs_at_course_z win_pct_at_course_z best_class_rank_z career_runs_z career_wins_z career_win_pct_z career_place_pct_z avg_first_corner_z weight_trend_z class_change_z class_drops_last5_z class_rises_last5_z class_at_last_win_z weather_code_z going_x_surface_z going_x_distance_z horse_going_win_pct_z horse_wet_track_advantage_z horse_heavy_speed_diff_z going_x_dist_x_surface_z draw_bias_at_course_z draw_low_win_pct_z course_month_bias_z sire_runners_z sire_win_pct_z sire_win_pct_surface_z sire_win_pct_distance_z sire_avg_finish_z trainer_offspring_win_pct_z trainer_offspring_avg_finish_z jockey_course_runs_z jockey_course_win_pct_z jockey_course_place_pct_z odds_rank_z odds_ratio_to_fav_z odds_deviation_z beaten_lengths_avg3_z beaten_lengths_best_z class_adjusted_margin_z is_fresh_z is_rested_z is_stale_z avg_first_3f_z best_first_3f_z avg_early_speed_z early_late_ratio_avg3_z speed_figure_last_z speed_figure_best_z speed_figure_avg3_z jt_combo_runs_z jt_combo_win_pct_z jt_combo_place_pct_z field_avg_career_win_pct_z horse_vs_field_quality_z weight_vs_field_avg_z weight_per_kg_body_z age_x_class_z is_improving_3yo_z month_of_year_z horse_month_win_pct_z season_code_z bms_runners_z bms_win_pct_z bms_win_pct_surface_z bms_win_pct_distance_z draw_bias_90d_z jockey_win_pct_5_z jockey_win_pct_10_z jockey_place_pct_5_z jockey_place_pct_10_z jockey_roi_10_z jockey_recent_wins_z trainer_win_pct_10_z trainer_place_pct_10_z trainer_roi_10_z trainer_14d_runs_z trainer_14d_win_pct_z trainer_14d_place_pct_z pace_win_prob_z pace_place_prob_z pace_style_front_z pace_style_stalk_z pace_style_closer_z pace_style_deep_z
feature_infos=[1:8] [1:18] [48:63] [336:600] [-39:48] [1.1000000000000001:999.89999999999998] [0.095310179804324935:6.9076552739818036] [1:18] [0:1] [0:1] [1000:4250] [0:1] [0:3] [5:19] [1:10] [0:2] [2:12] [0:1] [0:1] [1:18] [0.052631578947368418:1] [0:1] [0:1] [1:18] [0.052631578947368418:1] [0:1] [0:1] [1:18] [0.052631578947368418:1] [54.100000000000001:265.69999999999999] [13:70.799999999999997] [12.800000000000001:70.799999999999997] [54.100000000000001:305.19999999999999] [12.800000000000001:70.799999999999997] [1:18] [1:1891] [0:5] [0:23] [0:1] [0:29] [0:1] [0:11] [0:1] [1:10] [1:32] [0:6] [0:1] [0:1] [1:18] [-42:46] [-9:9] [0:5] [0:3] [1:10] [0:3] [0:3] [0:9.8999999999999986] [0:1] [-1:1] [-107.3333333333333:154.47] [0:9] [4.333333333333333:10] [0.027027027027027029:0.13207547169811321] [4.333333333333333:10.266666666666667] [1:2036] [0:1] [0:1] [0:0.66666666666666663] [1:18] [0:0.59999999999999998] [1.5:15.199999999999999] [1:511] [0:1] [0:1] [1:18] [1:601.63636363636351] [-3.0323783379031659:3.1918012192889988] [0:10] [0:10] [0:100] [0:1] [0:1] [0:1] [21.899999999999999:245.73333333333332] [21.699999999999999:228.69999999999999] [21.899999999999999:245.73333333333332] [0.51977401129943501:19.078873628221061] [-490.30470914127409:95.197255574614019] [-490.30470914127409:95.197255574614019] [-490.30470914127409:95.197255574614019] [1:154] [0:1] [0:1] [0.0031250000000000002:0.37792558318874109] [-0.32084249084249089:0.98333333333333328] [-6:5.6666666666666643] [0.089473684210526316:0.16374269005847952] [2:110] [0:1] [1:12] [0:1] [0:3] [1:3743] [0:1] [0:0.75] [0:1] [4.333333333333333:11] [0:1] [0:1] [0:1] [0:1] [-1:64.474999999999994] [0:7] [0:1] [0:1] [-1:169] [0:20] [0:1] [0:1] [0:1] [0:1] [0:1] [0:1] [0:1] [0:1] [-2.1470200955880046:1.7855926665249067] [-1.9424963128577206:1.821968399212889] [-4.0069384267237727:4.0069384267237691] [-3.5239318341995678:3.1510912665454409] [-3.2123683809555206:3.5064439212379992] [-1.7431910357461313:3.777226784002484] [-2.7607534907710489:2.869781247954557] [-1.7349631298908479:1.821968399212889] [-1.932183566158592:3.3282011773513753] [-1.818118685772619:3.7500000000000004] none none none none none [-3.7500000000000004:4.00693842672377] [-2.5617376914898995:3.8805700005813275] [-2.6272819494235984:4.00693842672377] [-3.0841027844857023:4.0069384267237691] [-2.6503781782314917:3.5652482702855575] [-2.7397965663761585:3.3454274692819563] [-2.483512063154147:4.0069384267237691] [-3.1381221669118102:4.00693842672377] [-2.9780002220565884:3.56379040059791] [-3.0023254777192605:3.325265324867992] [-2.483512063154147:3.8805700005813279] [-3.1381221669118102:4.00693842672377] [-2.9774670173933369:3.56379040059791] [-2.9100984232386677:3.325265324867992] [-3.1912790614724971:3.3389031199299497] [-3.8244196959896168:3.6133711842061396] [-3.9861191727863234:3.6869447227460688] [-3.7082727215696725:3.8491425214390032] [-3.9046572783199798:3.8449006785982904] [-2.4908710609539084:3.6492138007571397] [-2.9961369712587649:3.971564826319383] [-3.3282011773513753:4.00693842672377] [-3.1754264805429417:3.7500000000000004] [-2.6912556814351816:3.6647788900476406] [-3.474396144861517:3.75] [-2.4977375992780151:3.852265077177103] [-3.474396144861517:4.00693842672377] [-2.1840698913548029:3.6348724284148131] [-4.0069384267237718:4.0069384267237718] [-2.6961892451953431:3.75] [-3.75:3.8805700005813275] [-2.483512063154147:3.8805700005813279] [-3.1381221669118102:4.00693842672377] [-2.6247940773906833:3.276327789208497] [-3.7500000000000004:3.614784456460256] [-4.0069384267237691:3.9105092381508748] [-2.6666666666666665:4.00693842672377] [-2.1408720964441885:3.8805700005813275] [-3.1395935436052258:3.3282011773513762] none none [-8.8817841970012523e-16:8.8817841970012523e-16] [-2.4748737341529163:3.8805700005813275] [-2.871864476692076:3.0568573280032516] [-3.0525493251377043:3.3151380753948172] [-8.8817841970012523e-16:4.4408920985006262e-16] [-2.9008645378826063:2.9636900630713079] [-1.3877787807814457e-17:1.3877787807814457e-17] [-3.3019785183942147:3.1446068247707144] [-2.4667035790844012:3.6231709400403758] [-3.4167421106899671:3.973533268914645] [-3.3335881921280621:3.6912512702484404] [-3.1850768766309843:3.8291763171809046] [-3.6367740331293068:3.733408014651737] [-3.391799591533363:3.8095072373596475] [-3.456935122608177:3.4134324668506224] [-2.9058922185613296:3.7236124902271039] [-2.549709849867194:3.8484917848678766] [-2.7565678347462601:3.7397669445825961] [-1.6980572889679542:1.6152252260914686] [-1.7431910357461307:3.7772267840024836] [-2.7607534907710489:2.8697812479545579] [-2.1814157587776979:3.8335852827587962] [-1.8490006540840966:4.0053041089534398] [-2.1827303041095041:3.9978494872977044] [-3.614784456460256:4.00693842672377] [-3.3282011773513753:4.00693842672377] [-3.75:4.00693842672377] [-3.3818862668242096:3.7407561163327592] [-3.8756010349329717:3.8767959780043686] [-3.3818862668242096:3.7407561163327592] [-3.4939040355237525:3.997582980285812] [-3.7057305435800849:3.7444994340813857] [-3.6536754542627201:3.4828392206846228] [-3.7326167580591845:3.33369620103884] [-2.1688321172034595:3.6796319817444711] [-2.0753257503995446:3.7500000000000004] [-2.4111851471452397:3.3611923749837103] none [-2.483512063154147:3.8805700005813279] [-4.0069384267237691:4.0069384267237691] [-3.1104579650367477:3.6729051285922276] [-2.5617376914898995:3.8805700005813275] [-1.6201851746019651:4.0069384267237691] none [-1.7888543819998319:2.6666666666666661] none [-2.4214389461343506:3.5988758230464182] [-3.4304961646592682:3.9935709946336173] [-3.3767510725588625:3.8556777714211976] [-3.3268418023777411:3.7772184922924348] [-3.0404177327690034:3.18079798156871] [-1.7638342073763937:4.00693842672377] [-2.2532028485964322:3.75] [-2.8460498941515415:3.4359213546813834] [-2.483512063154147:3.478129373775912] [-1.7146993907539896:3.9878276828540287] [-2.2532028485964322:3.7500000000000004] [-3.0151134457776361:3.8805700005813275] [-2.75:3.6298625403526881] [-1.9300377267925681:3.9992140374605971] [-2.9813146874182119:3.7500000000000004] [-1.7441631985447619:4.0069384267237691] [-2.3077577646540854:3.8805700005813275] [-0.70654651923448175:4.00693842672377] [-1.5497054716218599:2.9590998907001431] [-1.0978875820670999:4.00693842672377] [-4.0069384267237691:3.7500000000000004] [-3.474396144861517:4.00693842672377] [-3.0151134457776361:4.00693842672377]
tree_sizes=6712 6770 6722 6782 6842 6834 6793 6863 6844 6831 6829 6862 6790 6904 6787 6852 6869 6878 6845 6854 6801 6836 6875 6853 6897 6849 6819 6894 6874 6888 6869 6870 6876 6894 6878 6875 6927 6887 6844 6908 6926 6919 6877 6897 6914 6781 6858 6790 6840 6818 6809 6902 6896 6822 6915 6840 6890 6892 6895 6845 6924 6869 6904 6886 6891 6918 6874 6893 6877 6896 6903 6915 6890 6894 6858 6901 6926 6940 6900 6838 6865 6818 6851 6864 6835 6882 6878 6940 6872 6929 6894 6905 6892 6850 6858 6919 6896 6916 6905

Tree=0
num_leaves=63
num_cat=0
split_feature=74 201 201 7 119 8 119 245 201 119 245 201 133 64 163 155 142 221 48 64 76 76 134 201 134 196 119 144 232 76 35 196 14 127 189 176 141 242 30 63 147 117 68 106 211 221 155 66 143 151 248 28 134 133 245 132 198 4 146 211 102 212
split_gain=7182.14 1276.51 896.68 212.383 190.954 149.15 139.297 72.0684 74.0229 49.4204 54.1181 43.9473 51.0911 42.9088 36.2735 34.9185 34.7698 37.4227 41.4287 40.7806 34.2463 33.2699 32.5661 31.2416 31.8785 30.6036 30.2721 34.5001 30.1533 29.8347 29.371 28.0802 29.3596 27.6059 25.7479 24.7175 24.3534 25.7866 24.2281 24.1326 24.0716 23.8208 23.3222 23.2382 23.2089 22.9991 25.4549 22.8916 22.3067 21.9421 23.2645 25.1563 21.8968 21.8827 24.4489 25.7837 25.4601 24.4114 23.164 21.206 21.0914 23.587
threshold=2.5000000000000004 -0.28041175085558551 -1.4449288576941275 3.5000000000000004 0.99975000000000014 1.0000000180025095e-35 0.96525000000000005 1.6608906221878537 -1.966011341834305 0.00075000000000000012 1.6833947873005581 -0.76442161111377194 -0.72265940373295956 917.50000000000011 1.8959664863010428 0.19771796379748144 2.8476136916696344 -1.0744476882615783 1.6833333333333336 1261.5000000000002 -1.6984550709710262 -1.0028560600670449 -0.58322473656233853 -1.7708334335585387 -0.40082309334929217 0.95989584411206275 0.00075000000000000012 -0.98264096216548624 2.8049880765453641 -1.017801817420138 119.50000000000001 1.2740584969396587 5.5000000000000009 -1.6020819787597236 -0.22267995346128119 -0.50789122224667205 -1.115981719276689 -0.37012491311553181 39.051666666666669 8.334696048632221 1.8123266300138792 0.080128205128205135 6.4205294265593569 8.1683996683250424 -0.36365955698376512 0.75141856588560152 -1.4152211023813235 0.064012195121951235 -0.4095029311908564 1.0866867787697234 -0.54641626162994406 0.40625057132410086 -1.0000000180025095e-35 -0.41892383224409441 1.933792808914307 -1.3875320680427952 -0.74420998300466612 3.5000000000000004 1.3685459565183504 0.50672853164865284 21.500000000000004 -0.34304986120402164
decision_type=2 2 2 2 2 2 2 2 2 2 2 2 2 2 2 2 2 2 2 2 2 2 2 2 2 2 2 2 2 2 2 2 2 2 2 2 2 2 2 2 2 2 2 2 2 2 2 2 2 2 2 2 2 2 2 2 2 2 2 2 2 2
left_child=2 3 4 20 13 -3 9 15 22 38 29 48 -13 14 23 -6 17 -10 -19 30 42 25 -9 24 33 35 27 -22 31 40 45 32 -25 -1 -27 -8 -12 -38 39 -4 -11 49 -2 -31 -15 46 -20 -44 -5 -29 -51 -52 -7 54 55 -34 -56 58 -58 -59 -37 -62
right_child=1 5 6 11 7 52 21 8 16 10 36 12 -14 44 -16 -17 -18 18 19 -21 26 -23 -24 28 -26 34 -28 41 -30 43 -32 -33 53 -35 -36 60 37 -39 -40 -41 -42 -43 47 -45 -46 -47 -48 -49 -50 50 51 -53 -54 -55 56 -57 57 59 -60 -61 61 -63
leaf_value=-2.4942333575609688 -2.5276424806769855 -2.5504345452492085 -2.4539651642323723 -2.4810566530763536 -2.1707174492094499 -2.5661320982641933 -2.4261353025351378 -2.2117777041968534 -2.4119599652663006 -2.363078248285984 -2.5415610454050959 -2.5381569524194738 -2.5102422476203246 -2.541265414853124 -2.4809189238847269 -2.4561142380640519 -2.508377371408737 -2.4682697566560194 -2.4766823212538669 -2.5276424806769855 -2.5267192875857409 -2.4528195298041315 -2.4079835082781798 -2.4519084135839933 -2.4594686694085359 -2.3550311591458204 -2.4599125807176905 -2.4978663607991303 -2.4992644913099786 -2.4271258144264096 -2.4246812208003439 -2.4192290597471247 -2.2822947644331748 -2.271096207303799 -2.5220976083725937 -2.43705421448675 -2.4233862305137031 -2.4747156223244553 -2.5282438642859213 -2.5164464875470158 -2.4835253273688265 -2.4556677570533658 -2.5187557859216363 -2.5569969333578411 -2.4129067182409547 -2.3969160711959741 -2.2495261133523434 -2.274886602332252 -2.5151243128054039 -2.5241134552051827 -2.3535786852642566 -2.5442742679108945 -2.5772851764227775 -2.5068210650016032 -2.4750293223502302 -2.391164862243671 -2.3354926457231255 -2.4969945426943001 -2.5001774895442392 -2.3365216042127122 -2.4874411642425387 -2.2580365425659439
leaf_weight=1.8488346710801149 1.9173100292682637 871.07503151148558 197.55140837281942 61.627822369337082 19.926329232752327 612.37512827664614 6.7105851024389223 27.11624184250832 15.201529517769812 49.096831820905209 6.7105851024389258 589.1619818508625 225.90020666271448 4.1769968494772938 6.4366836696863166 1.780359312891959 3.0813911184668532 4.7247997149825087 1.8488346710801042 1.8488346710801113 59.984413772821426 9.8604515790939313 4.1769968494772902 8.6278951317071897 3.903095416724681 3.6291939839720726 94.701420374214649 187.00620321184397 4.4508982822298995 26.499963618814949 5.6834547296166411 23.007720351219177 35.744136974215508 28.622699722647667 4.8617504313588125 3.8346200585365358 59.025758758187294 49.028356462717056 13.215744130313395 17.392740979790688 5.6149793714284888 56.149793714284897 1.369507163763046 3.4237679094076148 14.996103443205355 6.5736343860626212 38.140774510800846 3.5607186257839203 215.49195221811533 5.0671765059232703 7.3268633261322957 1.9173100292682645 1863.2829716578126 2.3281621783971778 6.0258315205574027 12.120138399302958 55.670466206967831 7.2583879679441434 2.6705389693379393 2.2596868202090263 1.643408596515658 20.474132098257542
leaf_count=27 28 12721 2885 900 291 8943 98 396 222 717 98 8604 3299 61 94 26 45 69 27 27 876 144 61 126 57 53 1383 2731 65 387 83 336 522 418 71 56 862 716 193 254 82 820 20 50 219 96 557 52 3147 74 107 28 27211 34 88 177 813 106 39 33 24 299
internal_value=-2.52784 -2.55106 -2.3919 -2.51293 -2.3311 -2.56828 -2.43672 -2.28188 -2.3033 -2.44642 -2.42795 -2.52455 -2.5304 -2.3612 -2.35414 -2.18972 -2.33518 -2.32839 -2.30917 -2.29669 -2.48271 -2.35864 -2.2333 -2.35023 -2.30039 -2.3385 -2.48482 -2.49246 -2.3623 -2.39714 -2.28868 -2.35862 -2.34904 -2.28298 -2.4395 -2.31579 -2.45164 -2.44593 -2.46294 -2.45892 -2.37434 -2.48453 -2.37788 -2.44262 -2.44041 -2.2747 -2.25841 -2.32886 -2.50739 -2.49292 -2.43475 -2.39138 -2.57455 -2.34259 -2.33969 -2.3064 -2.36398 -2.3551 -2.34236 -2.44387 -2.29227 -2.27239
internal_weight=5686.74 4857.92 828.826 1511.18 350.251 3346.73 478.574 130.103 108.396 427.56 199.4 1092.18 815.062 220.148 200.975 21.7067 77.1033 74.0219 58.8203 54.0955 419.001 51.0141 31.2932 194.538 34.3746 41.1537 412.153 317.452 160.164 84.6355 52.2467 155.713 132.705 30.4715 8.49094 32.6627 114.765 108.054 228.16 214.944 54.7118 257.467 6.84754 29.9237 19.1731 46.5632 39.9896 4.93023 277.12 201.318 14.3113 9.24417 2475.66 124.077 121.749 47.8643 73.8849 67.8591 58.341 9.51807 25.9522 22.1175
internal_count=83048 70944 12104 22069 5115 48875 6989 1900 1583 6244 2912 15950 11903 3215 2935 317 1126 1081 859 790 6119 745 457 2841 502 601 6019 4636 2339 1236 763 2274 1938 445 124 477 1676 1578 3332 3139 799 3760 100 437 280 680 584 72 4047 2940 209 135 36154 1812 1778 699 1079 991 852 139 379 323
is_linear=0
shrinkage=1


Tree=1
num_leaves=63
num_cat=0
split_feature=5 5 5 5 5 5 5 221 246 49 129 169 106 30 105 133 75 212 188 212 162 23 145 69 95 198 245 184 193 197 191 193 231 215 182 219 162 161 31 129 212 5 193 176 162 111 155 193 29 223 65 102 89 69 191 65 146 35 231 94 206 70
split_gain=6432.81 1105.06 864.901 286.286 159.088 88.8144 75.1586 35.6442 30.6282 26.4268 28.2147 26.1706 33.037 28.9978 29.9946 33.6493 26.1617 22.9937 41.854 35.9248 28.8423 22.3525 22.3183 21.3773 19.3208 21.7886 20.5846 19.0965 18.8255 20.1941 18.4477 21.5734 18.4164 18.3956 18.3313 20.2351 20.5199 19.6339 19.2914 18.8059 17.8114 17.6707 17.3583 17.8549 18.4955 17.2678 21.3522 17.3589 23.0862 21.6596 22.3683 21.0729 17.1218 16.8146 16.7523 16.7433 16.6144 16.6144 20.0286 19.8142 22.2909 16.3684
threshold=5.3500000000000005 14.250000000000002 3.1500000000000008 1.7500000000000002 32.550000000000004 8.7500000000000018 3.9500000000000006 -1.870507403124926 -0.44927764405728321 7.0000000000000009 0.97862571185390113 0.39318608753420126 8.3568660022148418 39.196428571428577 0.042579853890044268 -0.57079612968924121 1.2018518518518522 1.5970526596704195 -1.20778960175255 1.4944567314609551 0.95750372031246245 2.4500000000000006 -0.84676723818404498 0.072232784114913393 1.5857843137254906 0.46535746481025836 2.0661002066521803 0.41169595549298343 -1.4989272409037575 -0.36799198965872898 -1.3241039991594552 1.9473942347191044 -0.83306267884774943 -0.32200312435836148 -0.35347530977911057 -0.47412133754587099 -0.071347880655932713 -0.46627830357616712 35.850000000000001 0.19345451752557807 1.4385858372890323 68.65000000000002 0.3588886444631133 1.0385776332571826 1.1772385724672862 0.92428571428571438 -1.5575472648661368 -1.1869027899515789 115.45000000000002 0.88944816647985792 0.16696969696969699 5.5000000000000009 -3.6411209754852734 0.1391140895717555 -0.84679199509669589 0.093461494758969421 -0.81346222275772329 29.500000000000004 -0.71258507008023642 -0.024984260531135529 -0.27230567001251943 8.6303215579710173
decision_type=2 2 2 2 2 2 2 2 2 2 2 2 2 2 2 2 2 2 2 2 2 2 2 2 2 2 2 2 2 2 2 2 2 2 2 2 2 2 2 2 2 2 2 2 2 2 2 2 2 2 2 2 2 2 2 2 2 2 2 2 2 2
left_child=2 5 3 7 -3 22 11 -1 -5 10 17 12 13 14 -4 21 57 19 -19 45 -20 -16 27 52 25 26 -23 -2 33 30 31 -30 40 -24 35 36 37 -8 39 -39 -11 -6 61 -44 -45 46 55 48 51 50 -49 -48 -18 -53 -37 -10 -27 58 -13 -60 -61 -36
right_child=1 4 6 8 41 -7 34 -9 9 32 -12 16 -14 -15 15 -17 23 18 20 -21 -22 24 28 -25 -26 56 -28 -29 29 -31 -32 -33 -34 -35 42 54 -38 38 -40 -41 -42 -43 43 44 -46 -47 47 49 -50 -51 -52 53 -54 -55 -56 -57 -58 -59 59 60 -62 -63
leaf_value=0.032038082698129945 0.016808028305815254 -0.02417504467535643 0.064045290415510714 0.064269242993076847 -0.041453529091698728 0.00097698489436627957 0.00083393539380339956 0.276074531563196 -0.0020145764912149148 0.22489097042281553 0.098841102301105016 -0.025549401635154474 0.027556825687345965 0.016196937302950618 0.079445578579488571 0.059708020683874222 0.031140894329441334 0 0.28146188539675826 0.01652144798733576 0.054180184453101965 0.21158287544203028 0.1007362107352444 0.058625950741311099 0.061297895445623841 -0.014337658774687746 0.1084181178224289 -0.043068980817964723 0.15977696282720788 0.023574298436465184 0.041729430244553792 -0.03044231908553692 0.074956409405154328 0.0098182018223474353 0.07818239977045266 0.097656973812332126 0.019736383567722254 0.18702068124375615 0.033462955723687383 0.0013959675165846088 0.0200462220710741 -0.050793764585590512 0.036384308021230154 0.1672042493362777 -0.013310470753662788 0.10966031408268045 0.034975801292734844 0.16799765789521884 0.044930718050327986 0.058765648747675862 0.0312008436763382 0.26084290660884102 0.22834569866295704 0.1147685337467139 -0.0089468124770352951 0.13051825888485344 0.13343478260207459 -0.01536656098485943 0.025324026833333901 0.2096187069792822 0.016680077923611977 0.021599635977117275
leaf_weight=1.8675902485847462 173.12101653963327 1114.1308667063713 23.892843447625637 11.595822878181933 864.69760830700397 632.06332336366177 4.4292612075805691 62.372746556997299 3.9342976287007314 4.1840019226074245 23.097491338849068 4.4994971379637745 12.401506319642065 7.4890898019075385 17.289395205676556 17.392177663743496 1.9162135347723959 1.7947081029415155 13.571568436920641 4.6112247779965392 2.210558518767356 29.25386268645525 18.044814638793472 10.494657240808008 7.6308287158608428 1.7275167480111111 10.346408188343046 13.427651852369307 5.7745600193738928 331.03136824071407 120.01511610299349 1.4930765181779859 22.518142633140087 8.3699305579066259 219.39802680909634 3.272953353822234 17.226096756756306 8.3201701864600164 5.2619461491703978 1.6800058335065831 1.6692838221788404 1416.1266023516655 66.264747202396393 4.4150160402059546 1.6674251109361646 22.709519729018211 1.7849433496594489 178.97801558673382 2.5091580450534812 6.487708441913127 3.6485967934131613 21.170948788523678 4.3015458062291172 4.8943412303924552 25.681992724537849 4.6675398722290993 45.821417085826397 10.747402891516684 7.133815877139571 3.9202420637011528 2.5043298229575148 14.808876208961008
leaf_count=22 2467 16562 320 146 13103 9234 61 724 51 53 297 59 165 101 230 233 26 23 171 59 28 389 257 141 101 23 135 192 82 4704 1708 21 288 119 3014 45 237 114 73 23 21 21578 912 61 23 285 23 2253 32 83 46 263 57 61 355 60 607 143 94 52 33 205
internal_value=-0.000254115 -0.024683 0.115411 0.172153 -0.0397048 0.0144426 0.0767582 0.269656 0.152754 0.155694 0.160474 0.100227 0.109364 0.115432 0.120109 0.129847 0.0637406 0.165291 0.230507 0.159901 0.25505 0.140064 0.0270938 0.112084 0.150124 0.157062 0.188086 0.0122648 0.0327535 0.0302382 0.0472115 0.121138 0.101874 0.0735188 0.0627276 0.0376711 0.0617286 0.0954927 0.120916 0.159253 0.178651 -0.0472746 0.0679555 0.0452272 0.12212 0.162442 0.167174 0.170386 0.214599 0.162171 0.165477 0.227625 0.180998 0.238853 0.0057942 0.0754831 0.127778 0.032705 0.0608829 0.0896946 0.14746 0.074733
internal_weight=5689.76 4698.3 991.467 400.278 3394.96 1303.34 591.189 64.2403 336.038 324.442 296.071 218.763 173.245 160.844 153.354 129.462 45.5177 272.973 17.5768 255.396 15.7821 112.069 671.278 16.7124 94.78 87.1492 39.6003 186.549 484.729 458.314 127.283 7.26764 28.3714 26.4147 372.427 65.8724 36.9175 19.6914 15.2621 10.0002 5.85329 2280.82 306.554 72.3472 6.08244 250.785 228.076 219.474 30.3594 189.114 182.627 27.8502 6.21776 26.0653 28.9549 8.60184 47.5489 28.8053 18.0579 13.5584 6.42457 234.207
internal_count=83048 70027 13021 4989 51243 18784 8032 746 4243 4097 3735 2909 2304 2139 2038 1718 605 3438 222 3216 199 1485 9550 224 1255 1154 524 2659 6891 6515 1811 103 362 376 5123 908 508 271 210 137 74 34681 4215 996 84 3157 2872 2761 379 2382 2299 347 83 324 400 111 630 381 238 179 85 3219
is_linear=0
shrinkage=0.05


Tree=2
num_leaves=63
num_cat=0
split_feature=5 5 5 5 5 5 5 5 43 5 29 188 83 77 168 166 93 168 220 189 190 115 193 227 189 156 102 236 20 87 87 120 133 132 130 5 231 228 227 89 31 5 93 144 133 35 244 63 182 111 103 189 30 133 236 64 245 194 69 189 236 231
split_gain=5439.1 873.286 710.527 178.815 121.228 73.8381 47.6209 42.331 30.4827 29.5453 29.445 24.4766 25.2119 24.3781 24.2947 25.2175 25.118 24.0346 22.6164 20.8259 27.2967 25.2373 21.4505 20.5492 20.1539 19.8931 25.4333 19.2834 21.4545 28.6405 23.9373 19.8305 19.0352 20.8122 23.0183 22.7842 21.002 19.5236 18.9809 18.9363 20.1692 18.0818 17.8836 17.7192 17.5269 17.2495 17.0953 16.826 17.196 16.5174 17.646 19.5292 17.3361 16.4811 21.0597 27.7972 21.557 21.148 21.6785 16.4186 16.4161 16.3623
threshold=6.5500000000000007 3.3500000000000001 15.950000000000001 1.9500000000000002 32.550000000000004 3.9500000000000006 10.15 1.5500000000000003 8.5000000000000018 5.3500000000000005 99.850000000000009 -0.79555303609038786 35.005000000000017 2.3416666666666672 -1.3721667744098911 0.65841668135127918 0.044456469456469465 -1.681146096069039 1.0151744784469072 -0.28519522567840971 0.46625421562195557 1.5650000000000002 -0.36379288688285355 -0.91127293239682927 -0.89205011149333346 0.43521784635158217 62.500000000000007 -0.84596131887845172 0.46458714896214898 -5.1963828013686468 22.393064166298746 0.96875000000000011 -0.29509323958628814 -1.4863377681386949 -0.93757659427888818 2.3500000000000001 -1.110645681447008 -0.43600435044402031 1.7361310982426845 24.813352290199479 37.850000000000001 65.250000000000014 0.10739455650169938 -1.5052137304977145 -0.90828352164517023 315.50000000000006 -0.26754784469761311 8.8308080808080831 2.3468218528746396 0.84500000000000008 0.056019837800957359 0.8952070268292498 35.780625000000008 -0.80547865972497978 -0.39757648642907834 458.50000000000006 -0.43666924943058988 0.85809323793852232 0.058223513091728803 0.63852747362194229 0.21450826103221241 1.285494895788438
decision_type=2 2 2 2 2 2 2 2 2 2 2 2 2 2 2 2 2 2 2 2 2 2 2 2 2 2 2 2 2 2 2 2 2 2 2 2 2 2 2 2 2 2 2 2 2 2 2 2 2 2 2 2 2 2 2 2 2 2 2 2 2 2
left_child=1 3 6 7 -4 13 14 -1 59 -7 17 -10 -13 -3 16 24 60 -5 25 21 -21 27 -23 -14 45 26 -12 -11 31 -30 42 61 33 34 44 36 -36 -35 -38 40 49 -6 -31 -39 -19 -16 -47 48 -37 50 -28 52 -52 54 -22 -56 -57 58 -58 -9 -2 -29
right_child=2 5 4 10 41 9 -8 8 11 19 18 12 23 -15 15 -17 -18 32 -20 20 53 22 -24 -25 -26 -27 39 28 29 30 -32 -33 -34 37 35 47 38 43 -40 -41 -42 -43 -44 -45 -46 46 -48 -49 -50 -51 51 -53 -54 -55 55 56 57 -59 -60 -61 -62 -63
leaf_value=0.23626908970864702 0.21571111636666826 0.089571573208387698 -0.025213351264355574 0.21258237309749362 -0.040516610682733573 0.056584986365588008 -0.0048768305378291228 0.27439963608356449 0.07120029738451987 0.15157321878995264 0.05894365734675773 0.015940143494035167 0.067038383900715218 0.022465141824009952 0.033944046002156038 -0.010639057102151656 0.03408689184447012 0.093633911429801875 0.013587906396161498 0.0062530244075880582 0.018384682269316856 0.022328412779211153 0.18505019803693606 0.17978563046335252 0.01296768127436513 0.04995110068968097 0.060541126304836969 0.0041120894199351875 0.005437527151572156 0.19013138647249694 -0.0073806138184668389 0.064484727702394537 -0.0084747354179205824 0.098919980177335831 0.051425110229183141 0.11428169430617739 0.17884402983058006 0.049204790595587834 0.0265443049381766 0 0.037579501373642632 -0.05027730690992728 0.0032175149196898463 0.17146945091999966 0.0010280251273084679 0.20590435031652379 0.011029538823264611 -0.020186625138391395 -0.0033225296631312577 0.053088610971129713 0.24850645225981999 0.079557339452972706 0.14205111708997481 0.020569032516379291 0.037638503356316466 0 0.044328468532077135 0.056881617476997437 0.30170278496384884 0.12651669295343546 0.0075302902027699729 0.086568088862514297
leaf_weight=41.44597028195858 2.8879416212439564 165.06581965833902 929.41991045325994 9.6327721923589689 778.9190668836236 392.12525477260351 612.61555162072182 10.649061650037767 11.967631384730337 3.1254834011197081 19.135704711079597 3.1768476068973532 6.315828137099742 15.819691084325312 74.458078935742378 93.454240925610065 17.126284442842007 14.401079125702383 8.4444561228156072 98.133819825947285 12.067358978092672 3.5588693469762802 5.2651458382606489 47.272545665502548 393.79576189815998 18.000503979623318 5.4772292524576178 58.946455739438534 7.3581446930766132 7.9964339882135373 2.3958778083324423 25.507896438241005 2.4413496106863013 21.685735337436199 5.535834200680255 119.17737268656492 35.445697292685509 4.2664327993988982 2.6550989225506774 2.6528051793575278 5.4522000253200522 1410.930111810565 1.5963628366589544 60.711013071238995 7.8441477939486495 2.072477400302887 2.0550289824604979 2.1279983371496192 3.0489298179745665 5.4631287381052962 11.505187980830671 6.7887602746486655 15.957839362323282 29.715630382299423 9.8709404394030589 1.8049623593688036 1.5275117158889715 3.0419308021664619 3.632907398045063 5.8530714511871329 1.4177285805344579 5.7392748370766631
leaf_count=383 41 2030 14121 109 12227 5123 9042 110 125 43 223 33 66 199 1049 1324 243 157 99 1357 167 49 73 476 5567 209 64 816 101 109 33 349 30 250 60 1355 386 50 29 31 62 22454 22 697 88 29 29 24 36 64 132 79 180 409 136 25 21 42 50 62 20 79
internal_value=-0.000296736 0.0865174 -0.0278247 0.137952 -0.0403993 0.0554083 0.00486693 0.190171 0.165218 0.0476384 0.120438 0.1459 0.160057 0.0838859 0.0150308 0.0129709 0.0661889 0.128997 0.0943302 0.0349925 0.022842 0.0506162 0.128884 0.168061 0.017665 0.101584 0.113492 0.0433623 0.0388863 0.0857256 0.130406 0.0279544 0.125349 0.126573 0.115432 0.121981 0.155953 0.149376 0.169309 0.131539 0.138232 -0.0468278 0.162739 0.164385 0.0626432 0.0406818 0.130928 0.108871 0.111304 0.14919 0.160654 0.17435 0.193988 0.0486423 0.0731872 0.103742 0.159148 0.190138 0.245893 0.232459 0.162445 0.0127107
internal_weight=5687.98 1368.83 4319.15 514.532 3119.27 854.296 1199.88 126.681 85.235 673.41 387.851 68.7329 56.7652 180.886 587.268 565.836 21.432 288.973 98.8778 281.285 159.795 121.49 8.82402 53.5884 472.381 90.4334 72.4329 112.666 109.54 19.3468 11.9887 90.1936 279.341 276.899 190.236 167.991 43.6366 86.6632 38.1008 53.2972 50.6443 2189.85 9.5928 64.9774 22.2452 78.5856 4.12751 124.354 122.226 45.1921 39.729 34.2518 27.463 61.6612 31.9456 19.8783 10.0073 8.20235 5.16042 16.5021 4.30567 64.6857
internal_count=83048 16902 66146 5669 48802 11233 17344 1255 872 9004 4414 700 575 2229 8302 7998 304 3271 1143 3881 2207 1674 122 542 6674 1044 835 1552 1509 265 164 1244 3162 3132 2135 1890 475 997 415 612 581 34681 131 747 245 1107 58 1415 1391 519 455 391 312 850 441 274 138 113 71 172 61 895
is_linear=0
shrinkage=0.05


Tree=3
num_leaves=63
num_cat=0
split_feature=5 5 5 5 5 5 5 242 5 5 5 168 78 39 196 184 176 157 29 237 49 212 214 95 196 75 222 1 106 231 244 71 129 194 160 242 3 5 197 41 67 186 160 188 73 64 130 146 168 64 84 221 129 217 104 4 168 93 88 96 228 182
split_gain=4693.34 678.882 636.023 120.983 116.707 56.5111 42.6048 23.9376 24.1031 22.9436 22.7213 20.8647 20.5349 20.464 20.0827 19.3321 18.915 20.2499 18.8453 21.9037 19.7851 20.0495 20.7567 18.6571 22.9405 19.6698 20.0104 20.1447 19.9387 19.6121 18.608 27.3126 21.4435 21.2773 21.2064 20.847 20.0183 18.521 17.5813 17.3822 16.9622 16.8785 16.8652 18.1935 16.8724 18.2685 16.7689 16.6051 16.4679 22.0504 16.304 16.21 16.2086 15.8412 15.7777 15.7318 15.6776 28.6954 18.7877 15.6366 15.1915 14.9453
threshold=6.5500000000000007 15.950000000000001 3.3500000000000001 32.550000000000004 1.9500000000000002 3.9500000000000006 10.15 2.0414377066670881 2.9500000000000006 5.3500000000000005 1.5500000000000003 -1.3721667744098911 2.2500000000000004 3.5000000000000004 -0.35460386922119741 0.46881467577805219 -0.96660994248688381 -0.44538498673724319 104.15000000000002 2.594597844901116 15.000000000000002 1.5970526596704195 1.9509117199504442 1.1380952380952396 0.39192081126955447 2.5590727816550349 -0.86994935466440226 11.500000000000002 7.667565139263254 1.307464021471844 3.4760692323696625 36.500000000000007 0.97862571185390113 -1.2232095917277748 -0.048305589904703176 -0.60204511478941336 429.00000000000006 68.65000000000002 2.2628155177839431 1.5000000000000002 0.075027593818984564 -1.236012729361792 -1.0234074954988046 -1.2374533327495327 0.57223113964687011 1261.5000000000002 -0.69307950155841092 -0.30061211446832276 0.5177020644003143 298.50000000000006 72.550000000000011 0.89050660013741756 -2.1280320830330441 -0.6020945917516517 0.05558173630746676 -6.4999999999999991 -1.441153384245782 0.058225701564517361 37.967175698605097 0.11180148193887003 -1.5062734087362422 -1.0000000180025095e-35
decision_type=2 2 2 2 2 2 2 2 2 2 2 2 2 2 2 2 2 2 2 2 2 2 2 2 2 2 2 2 2 2 2 2 2 2 2 2 2 2 2 2 2 2 2 2 2 2 2 2 2 2 2 2 2 2 2 2 2 2 2 2 2 2
left_child=2 6 4 56 10 12 11 18 -9 55 -1 13 14 -2 15 -4 -16 -18 19 20 21 30 -23 24 25 28 -27 -28 38 -25 32 40 33 -6 41 47 51 -5 59 -13 -32 -33 -12 -44 45 -45 -43 -35 50 -50 -30 -37 -8 -49 -52 -7 57 58 -3 -11 -38 -15
right_child=1 3 5 37 7 9 52 8 -10 23 42 39 -14 61 16 -17 17 -19 -20 -21 -22 22 -24 29 -26 26 27 -29 48 -31 31 34 -34 35 -36 36 60 -39 -40 -41 -42 46 43 44 -46 -47 -48 53 49 -51 54 -53 -54 -55 -56 -57 -58 -59 -60 -61 -62 -63
leaf_value=0.18918685224053505 0.10724761254277962 0.11260777886995454 0.11148675593262919 -0.040237434276934422 0.026833904913113583 0.094031385133930501 0.089659668656176722 0.085730855645611712 -0.0096163905361088195 -0.027881369200563968 0.056941910159493306 0.015906615038652101 -0.0089494056500359249 -0.038867305119469439 0.15510295653077874 -0.0077190899187751464 0.022966865026427905 0.071791610504802317 0.08571906010761067 0.045928636156940553 0.012928228719811214 0.21129987833635522 0.053066710702947065 -0.0046426908186009627 0.01739831520404515 -0.011321097619621487 0.10621561390163066 -0.0016010335421408198 0.026453813899062342 0.10111334548736949 -0.0045420083540494956 0.019716227491256913 0.06242041562740798 -0.020222225634594762 0.03857236559260107 0.1452271160495667 0.053616055276472757 -0.050154419711817999 0.12196082469958275 -0.0082080275753517954 0.075802635910828239 0.15801582357835042 0.055954874003082071 0.16724103597430642 0.076090759941373459 0.03887375209501176 0.054013543355238017 -0.010843950134002578 0.17486313477685228 0.021859140920240192 0.20623853660501268 0.0055924920370962741 -0.0053552973709019821 0.12124499582079035 0.044472640071351148 0.048712129345817957 -0.025730901130540381 -0.022212970082374252 -0.035733545251355976 0.027928349869327768 0.1462926448330428 0.065415860609145712
leaf_weight=49.183517150580883 10.744407720863821 7.4094780609011668 51.137431479990482 805.17598546296358 5.6462285965681067 20.827340476214886 3.5191160216927519 21.534622676670555 8.9984581246972066 16.344705492258072 7.7642144858837119 484.52014076709747 6.8266131952404967 6.0911547914147377 5.1768805533647528 3.4214158803224555 29.016329206526279 98.062999412417412 95.751660816371441 13.214555114507673 4.8376115933060637 11.692503809928892 3.5715643092989913 47.427342623472214 86.003262676298618 5.0145827382802954 31.658997714519501 4.8561093285679808 29.282115556299686 3.8174679055809966 9.8289685621857661 3.6233438327908507 16.351000152528286 3.4992634430527714 9.0480719134211522 2.2285291627049428 6.3038162589073172 1297.549047999084 2.9656294062733641 87.386441253125668 17.548887446522713 27.462248437106606 6.9989911615848532 68.198756217956543 9.5062709525227529 3.727691374719142 6.2651075199246433 2.5629519149661073 5.7550422474741918 4.2352259680628777 1.8747181594371785 6.3025859072804451 606.55008353292942 10.277908757328984 5.0604794099926949 390.107193171978 878.31431367248297 21.49791245162487 2.2628447264432907 44.544663719832897 138.94200740754604 5.6729468852281553
leaf_count=383 143 115 587 13103 59 259 52 219 99 222 70 6757 84 84 59 40 336 1123 1031 137 53 114 35 641 1155 67 419 65 393 51 99 37 178 37 95 22 66 21578 40 1241 178 278 68 611 86 37 64 27 76 57 25 65 8990 106 68 4864 13637 334 35 602 1415 77
internal_value=-0.000317494 -0.0271005 0.0767718 -0.0397836 0.117985 0.0503294 0.00462017 0.104212 0.0580585 0.0435771 0.157275 0.014138 0.0743561 0.0604233 0.0774583 0.103917 0.065808 0.0609487 0.107612 0.114292 0.117262 0.118988 0.180122 0.032513 0.0383968 0.0500851 0.0795075 0.0920834 0.0383223 0.00492445 0.114798 0.0901418 0.123724 0.129014 0.113582 0.132199 0.138191 -0.0463803 0.0196137 0.0122053 0.0476382 0.130142 0.139128 0.145571 0.152441 0.161281 0.140952 0.0708051 0.0631069 0.118345 0.0449651 0.0540031 -0.0046532 0.095641 0.109311 0.0512439 -0.0244924 0.0099668 0.0773383 0.012658 0.142699 0.0122141
internal_weight=5680.98 4216.69 1464.29 3012.21 570.871 893.417 1204.48 425.492 30.5331 699.775 145.379 594.415 193.642 22.5085 186.815 54.5588 132.256 127.079 394.959 299.207 285.993 281.155 15.2641 288.84 237.596 151.592 41.5297 36.5151 110.063 51.2448 265.891 73.7766 192.114 175.763 46.3988 170.117 153.777 2102.73 63.855 571.907 27.3779 37.3507 96.1959 88.4317 81.4327 71.9264 33.7274 16.3401 46.2076 9.99027 36.2173 8.53112 610.069 12.8409 6.9352 410.935 909.485 31.1702 9.67232 60.8894 145.246 11.7641
internal_count=83048 66146 16902 48802 5669 11233 17344 4414 318 9004 1255 8302 2229 304 2145 627 1518 1459 4096 3065 2928 2875 149 3881 3189 2034 551 484 1483 692 2726 751 1975 1797 474 1738 1568 34681 864 7998 277 379 872 802 734 648 342 170 619 133 486 87 9042 133 93 5123 14121 484 150 824 1481 161
is_linear=0
shrinkage=0.05


Tree=4
num_leaves=63
num_cat=0
split_feature=5 5 5 5 5 5 5 168 43 64 168 214 68 5 183 146 206 143 125 194 93 191 141 68 127 221 169 242 5 233 229 102 102 78 64 95 89 127 145 106 211 96 133 110 164 206 235 248 1 83 174 186 79 229 168 67 166 242 168 5 43 160
split_gain=4088.24 561.849 559.825 82.03 73.7866 67.4781 65.2673 26.0731 25.8671 22.1452 31.0692 24.9106 24.1422 20.8266 19.8104 19.227 21.7932 17.7125 17.4589 17.7892 22.209 17.8055 23.0561 21.2418 20.8329 22.7659 19.6213 17.2595 19.792 16.6474 19.0423 24.0264 29.71 16.6385 15.9866 15.425 15.3139 23.9736 15.2149 14.9704 16.2342 15.5917 14.9683 15.4632 14.8132 17.5847 14.8189 26.2565 16.3731 16.4448 15.7554 14.9175 18.1283 16.3261 14.6464 15.8993 20.7823 14.7843 14.5846 14.542 18.4548 16.5828
threshold=7.1500000000000012 19.850000000000005 3.3500000000000001 1.9500000000000002 44.150000000000013 5.3500000000000005 12.350000000000003 -1.681146096069039 5.5000000000000009 216.50000000000003 -1.681146096069039 0.25185794828475871 6.7813060035842296 3.9500000000000006 -0.02181947207528025 -0.41256809499608277 -0.49152294576982392 -0.33297281665187922 0.90120553858728014 2.4837391385636098 0.054123164417282071 -0.91331613184439686 -0.90369611411506379 6.8095715240003827 0.28376559510823446 -1.0744476882615783 -0.72551492538067641 2.0414377066670881 2.9500000000000006 -0.49008426196347682 0.19585442049839172 175.50000000000003 911.50000000000011 2.2500000000000004 1548.5000000000002 1.1055555555555581 -10.851202723917117 0.69906207364255357 0.65910758192999164 7.7160847618046065 -0.69863873187945813 0.11339312490628282 -0.86156977559515957 0.29285714285714287 0.87513942351979657 -0.33846273440073577 -0.76338628536911435 -0.75477726265637479 4.5000000000000009 119.35324675324676 0.99427126268474242 -0.060651094744579893 0.64847883597883615 0.498035162066301 -0.95002564873009177 0.109038410552131 -0.99995926846150207 -0.40019829838226434 -1.0000000180025095e-35 1.5500000000000003 8.5000000000000018 -1.0515780778332746
decision_type=2 2 2 2 2 2 2 2 2 2 2 2 2 2 2 2 2 2 2 2 2 2 2 2 2 2 2 2 2 2 2 2 2 2 2 2 2 2 2 2 2 2 2 2 2 2 2 2 2 2 2 2 2 2 2 2 2 2 2 2 2 2
left_child=2 6 3 59 -3 13 7 8 -2 10 11 -7 14 33 -11 -10 -17 18 19 21 -21 24 23 -23 -9 -26 -27 34 -29 -16 31 -31 -33 44 36 -12 37 -5 -37 41 58 -24 43 -32 46 -46 47 -4 51 50 -50 52 -48 -54 55 56 -8 -57 -41 -1 -61 -62
right_child=1 4 5 27 -6 9 54 17 15 12 35 -13 -14 -15 29 16 -18 -19 -20 20 -22 22 39 -25 25 26 -28 28 -30 30 42 32 -34 -35 -36 38 -38 -39 -40 40 -42 -43 -44 -45 45 -47 48 -49 49 -51 -52 -53 53 -55 -56 57 -58 -59 -60 60 61 -63
leaf_value=0.15831734346659515 0.02012059232025044 -0.030004101483162873 0.20587828538447817 0.034413311868074128 -0.047626204980017364 -0.0020739082977829924 0.098106910973535758 0.0056892086296003661 -0.010995689773712083 -0.026513552936997337 0.040640163871112051 0.2013866400941387 -0.0023065553438198854 0.046655889714658678 0.012580803114777744 0.017342032961237746 0.24017501638512015 -0.0015714664251908407 -0.0057026686741739798 0.19266695972908954 -0.015480723568809024 -0.0025885762122955826 0.042705407450117271 0.10600955218311457 -0.02917244770541752 -0.01238221986037941 0.12531892918890652 0.076526582683202907 -0.0092488391523113788 0.016459553710462378 0.14442389726075638 0.16718964211053394 0.04479382989242775 -0.0086155549026226772 0.0064851585029265862 -0.0048665677353681583 0.098367131396839225 0.12866485490951482 0.10524777965447772 -0.026737898113951986 -0.015393735677506777 0.0072398787864740612 -0.010863774146439272 0.012615461621428049 0.076717755482605066 -0.0027680072877123573 -0.020430849765573324 0.076146998078712988 0.088273225694096957 -0.037696537063878884 0.015593798051114126 0.01659436163821813 0.12401588555822313 -0.0031999395462959344 -0.015747117642026666 -0.0053450436604564611 -0.018562838899269261 0.090367723753529153 0.099760814697031089 0.16493932988323698 0.015346073666274588 0.11189343329595705
leaf_weight=55.832855544984341 13.74849855899811 929.72914091125131 5.3016428053379085 27.006083615124226 1694.4197948426008 2.0413655936717978 3.27115574479103 15.688836716115473 1.5238752663135526 11.864628456532953 178.09074790030718 4.0725972428917885 99.884369269013405 428.48347685486078 34.795791901648045 1.7726086527109144 3.2381260916590682 335.97093062102795 83.803180500864983 2.2368292436003676 1.8241907954216001 6.9338840991258648 44.931795351207256 11.167333945631979 3.372586831450465 2.8107955530285862 14.873914539813994 22.998056612908844 8.9297837093472463 10.264482855796816 3.0133557841181773 10.715735599398615 10.571123272180555 6.7766344994306555 5.4009689241647711 34.501747630536556 387.03590343147516 8.7151458933949453 2.4386268034577361 2.9786916747689247 75.321035139262676 98.351977206766605 14.121589027345179 5.6928798109292984 11.460051670670511 15.345632337033747 3.5413116216659573 17.551764741539955 92.326138563454151 2.3422397822141638 8.8109554126858693 27.347411014139652 11.511437349021433 3.0016964301466933 589.67150372266769 6.4062263071537009 34.740240402519703 9.0493135526776296 5.1664254963397962 21.578406229615211 5.2015737295150748 79.433512210845947
leaf_count=383 186 15059 55 263 29230 27 50 221 21 159 2339 51 1339 5123 465 23 42 4781 1185 31 26 98 635 157 48 40 210 219 99 136 38 138 139 84 56 464 3693 84 32 42 1063 1393 188 75 125 176 38 186 992 25 95 298 123 32 9055 98 532 138 73 172 46 654
internal_value=-0.000335425 -0.0278565 0.0651289 0.102742 -0.0413985 0.0428858 -0.00188117 0.00838748 0.0629594 0.0272685 0.0381852 0.142009 0.0150988 0.0532187 0.0322082 0.137794 0.178177 0.00672441 0.0142657 0.0201406 0.113596 0.018378 0.013358 0.0661903 0.0504556 0.0818122 0.103674 0.0914904 0.0528322 0.0402838 0.0573727 0.0821002 0.111369 0.0665982 0.0942316 0.0345664 0.0953229 0.0604223 0.0048533 0.00884634 -0.00788576 0.0186149 0.0209747 0.0689308 0.0692208 0.0325711 0.0746907 0.113822 0.0679314 0.0791085 0.0822051 0.0411931 0.0753645 0.0988718 -0.0134711 0.0113672 -0.00613694 0.0524776 0.055088 0.1339 0.11966 0.106267
internal_weight=5671 3993 1678 622.132 2624.15 1055.87 1368.85 725.716 20.2831 422.069 221.145 6.11396 200.924 633.8 101.04 6.53461 5.01073 705.432 369.461 285.658 4.06102 281.597 244.851 18.1012 36.7461 21.0573 17.6847 460.086 31.9278 89.175 54.3792 31.5513 21.2869 205.317 428.158 215.031 422.757 35.7212 36.9404 226.75 83.4662 143.284 22.8278 8.70624 198.54 26.8057 171.735 22.8534 148.881 103.479 101.137 45.4019 18.0544 14.5131 643.138 53.4669 38.0114 15.4555 8.14512 162.046 106.213 84.6351
internal_count=83048 64437 18611 5669 44289 12942 20148 10275 272 5590 2913 78 2677 7352 1338 86 65 10003 5222 4037 57 3980 3461 255 519 298 250 4414 318 1179 714 413 277 2229 4096 2835 4040 347 496 3206 1178 2028 301 113 2145 301 1844 241 1603 1112 1087 491 193 155 9873 818 582 236 115 1255 872 700
is_linear=0
shrinkage=0.05


Tree=5
num_leaves=63
num_cat=0
split_feature=7 8 131 131 13 119 7 134 244 153 243 9 221 168 43 153 168 89 170 229 118 70 84 244 97 118 248 148 103 174 175 94 134 193 104 72 221 192 249 86 93 197 195 28 209 72 203 89 207 220 66 236 189 160 63 198 237 89 79 156 174 41
split_gain=3466.18 619.573 355.241 99.1554 49.7392 35.5549 34.7863 30.9269 28.642 24.2464 22.5923 21.9067 21.5256 21.2253 25.9664 19.6796 19.2723 19.1739 18.8889 22.6531 23.3409 20.7391 19.8475 19.569 18.2351 18.1585 18.0283 23.4474 25.5032 20.2806 21.3901 18.5427 17.4313 17.2177 34.3084 17.5544 17.2076 21.0104 25.9956 31.4542 20.8522 18.6013 20.6089 17.3853 16.7097 16.5595 20.6584 28.3844 37.0188 16.4494 17.7714 18.7089 16.3645 16.3005 16.7777 16.2552 18.2019 28.7343 18.4637 16.7411 19.9173 16.2108
threshold=3.5000000000000004 1.0000000180025095e-35 -1.331370398564282 -0.56730992460741636 13.500000000000002 0.00075000000000000012 6.5000000000000009 -0.92503673372676609 -0.28863860860732599 -1.003186529454748 -0.58014370571005702 1.0000000180025095e-35 1.1151849478396725 -1.681146096069039 5.5000000000000009 0.098780386648530019 -0.97579266271993281 -10.50686882013995 -0.69796278375925047 -0.34790854859906134 0.16025641025641027 5.3291202967673561 85.450000000000017 -0.35357404172943385 46.500000000000007 0.37171052631578955 -0.49152294576982392 -0.68958354593772697 0.085212150093543729 -0.70070696898605278 0.44941254605597675 -0.057047466422466421 -0.40082309334929217 -1.4989272409037575 0.084080172319374993 0.066587490102929539 -0.4923458347206614 0.17458485702494905 -0.40082309334929217 1.1980005951964541 0.034540910027923026 1.5401618081936059 0.11838673242508709 0.23317409941184455 0.051777884027843134 0.25819892473118283 -0.35055501181198889 3.3885021872546504 -0.29509323958628814 1.0151744784469072 0.22540322580645164 2.1668435970106681 0.8749586008987692 -0.48102906173199406 7.1883373584037731 1.0697813260837681 -0.65792211295512371 -1.8421085098923069 1.0181878306878309 -1.3041383901590506 -0.99373004589123615 1.5000000000000002
decision_type=2 2 2 2 2 2 2 2 2 2 2 2 2 2 2 2 2 2 2 2 2 2 2 2 2 2 2 2 2 2 2 2 2 2 2 2 2 2 2 2 2 2 2 2 2 2 2 2 2 2 2 2 2 2 2 2 2 2 2 2 2 2
left_child=2 3 4 13 8 9 16 15 -1 -4 -11 -3 18 14 -2 49 -5 -9 19 -12 -21 -22 23 -23 26 32 -20 29 52 -28 31 -31 -18 34 -15 -36 37 40 -39 -40 -7 44 -43 53 -42 46 -45 -48 -49 50 51 -6 -29 -38 -55 56 57 -10 59 -58 -61 -50
right_child=1 11 5 6 7 36 -8 17 55 10 12 -13 -14 33 -16 -17 25 -19 24 20 21 22 -24 -25 -26 -27 27 28 -30 30 -32 -33 -34 -35 35 -37 43 38 39 -41 41 42 -44 45 -46 -47 47 48 61 -51 -52 -53 -54 54 -56 -57 58 -59 -60 60 -62 -63
leaf_value=0.043176623481312279 0.014133073474378657 -0.036121074670856429 0.0079179926674443884 0.024555542617027599 0.11590075977590655 -0.004098577127181674 -0.020965798861582022 0.034537668648600015 0.020099063047553406 0.01746518591986914 0.01971421898229744 -0.048162980842054656 0.0052820910002250102 0.0079371640959773389 0.15485585262608639 -0.018315167026709763 -0.016544764111225223 0.072319648483767804 0.024748007015893067 0.04144720223031375 -0.015304027532747634 0.030130755388484622 0 0.19951577059927861 -0.003971246010261077 0.0097502606519575749 0 0.070029442087584021 0.013054124388657938 0.026862387739802446 -0.0036682054889396695 0.15847555111345943 0.008626875839611272 0.0078982781145064251 0.034575476165763654 0.16705468109529165 -0.017375071508538821 0.0548622284283274 0.2371719375631606 0.091332290576255359 0.073513317895899113 0.1651901335705413 -0.0051656568692939296 0.041844883503515139 0.014966310834945887 -0.016473053921822231 0.038124175909518443 0.051454177044025218 0.21948606791475617 0.03884505904518748 -0.0063735021680806402 0.023041604517202521 0.021269940276473814 0.079530905557156209 0.012640245624522095 0.13048884334191982 -0.0014899837633364195 0.1513154966751071 0.062954895092635785 0.0093177397371910619 0.14211681921103295 0.04023178709525152
leaf_weight=19.415085233747959 8.4523263648152334 534.61678022891283 101.00384350121021 51.18277570605278 101.68319138139486 15.684054225683211 667.45859673991799 40.01019923388958 5.4174368083477011 137.10744431242347 13.038625024259089 1500.0420640893281 37.175404325127602 23.079242564737797 4.7054742872714987 3.1734604984521857 365.73730081319809 424.74830543249846 83.722149088978767 11.971075147390367 1.7761107459664369 2.5218802094459525 1.8414854332804669 11.366601854562758 20.760524712502956 123.22620754688978 4.5490474998950985 77.371590834110975 44.564337730407715 3.8768181949853959 3.1087733656167975 15.161591693758963 83.704850066453218 549.64468378946185 5.178099647164343 5.7720313630998135 20.254619404673576 31.076261468231678 4.6367717459797886 20.721865773200989 26.045018970966339 6.451964430510996 2.1791021972894669 100.73853275924921 23.805692978203297 8.1137258112430555 19.262026257812977 10.665304422378542 8.0841749757528287 11.406257443130015 3.1510303989052764 6.4644312262535086 23.902145192027092 13.777830377221106 27.594373568892479 75.60271430015564 2.709417030215266 26.586828790605068 55.539064772427082 3.4465857297182145 23.611884422600266 2.1490889564156523
leaf_count=178 111 9177 1278 754 904 175 10690 388 46 1702 158 27047 459 317 54 30 5605 4005 1040 149 22 31 22 135 256 1871 58 946 549 46 40 186 1246 7713 71 79 231 340 52 222 283 67 24 1089 269 86 214 118 89 100 29 59 292 151 313 589 22 213 445 28 189 26
internal_value=0.000161377 -0.0258852 0.0588999 -0.00524932 0.0833021 0.0378953 -0.0130379 0.0754998 0.104527 0.0303972 0.0349596 -0.0450207 0.0416023 0.0115874 0.0721946 0.0981419 -0.00452785 0.0691589 0.0457827 0.0770714 0.100799 0.136682 0.154031 0.173184 0.0407026 -0.00717419 0.0443427 0.0536248 0.0451027 0.0966901 0.115658 0.134603 -0.0118369 0.0100914 0.0441353 0.112962 0.0508238 0.0653581 0.0886319 0.126175 0.0466383 0.0601695 0.12559 0.0415224 0.0464973 0.0507647 0.0547606 0.0852331 0.124701 0.101318 0.107273 0.110658 0.0588908 0.0186411 0.0363855 0.110421 0.0964522 0.130538 0.0822423 0.114849 0.126315 0.189219
internal_weight=5661.83 3922.8 1739.03 1888.14 802.966 936.06 1291.31 590.637 212.329 594.819 493.816 2034.66 356.708 596.832 13.1578 125.878 623.851 464.759 319.533 42.5158 29.4772 17.5061 15.73 13.8885 277.017 572.668 256.256 172.534 145.838 26.6962 22.1472 19.0384 449.442 583.674 34.0294 10.9501 341.24 130.601 56.4349 25.3586 74.1658 58.4818 8.63107 210.64 49.8507 149.013 140.899 40.1606 20.8986 122.705 111.299 108.148 101.274 61.6268 41.3722 192.914 117.311 32.0043 85.307 29.7679 27.0585 10.2333
internal_count=83078 64735 18343 28511 7225 11118 20166 5515 1710 7369 6091 36224 4389 8345 165 1122 9476 4393 3930 517 359 210 188 166 3413 8722 3157 2117 1787 330 272 232 6851 8180 467 150 3749 1432 614 274 818 643 91 2317 552 1622 1536 447 233 1092 992 963 1238 695 464 1532 943 259 684 239 217 115
is_linear=0
shrinkage=0.05


Tree=6
num_leaves=63
num_cat=0
split_feature=5 5 5 5 5 5 5 141 153 143 231 134 168 93 125 161 106 193 189 175 128 176 241 93 30 20 245 197 168 174 192 176 76 159 21 10 102 152 144 220 103 97 189 244 73 192 27 64 189 232 194 168 103 235 72 189 142 105 175 175 189 143
split_gain=3300.58 425.802 400.969 61.3837 53.3348 50.758 34.6745 22.7432 22.2087 21.9933 21.0782 20.7591 19.8445 22.1484 20.3849 17.6085 16.5672 17.3667 23.7809 19.4992 16.5709 16.6783 16.5456 19.31 18.206 16.704 17.2744 16.4903 22.7855 17.211 17.2496 16.423 16.4225 15.9609 15.8596 17.8448 24.8174 18.0631 16.3614 15.5459 17.8214 15.5243 18.9947 17.5836 20.8986 15.5238 24.1441 17.3397 16.6951 15.0294 16.2062 15.0151 14.7042 14.6451 17.1391 24.233 19.0533 19.5808 16.457 17.1179 26.4215 22.6678
threshold=8.7500000000000018 3.7500000000000004 26.750000000000004 2.5500000000000003 5.6500000000000012 13.65 65.250000000000014 -0.40219983326992187 -1.5158136627922907 1.1685894880216467 1.2039132829083734 -0.9605256097078847 -1.441153384245782 0.030577551533433892 -0.6267524958108236 1.6205742992360306 7.6927146927146941 -1.5382478960785944 -0.7683002108277589 0.26647285378722657 0.093872041655731195 1.8830721754053303 -0.57295548253181028 0.18435132575757576 38.178174603174618 0.31820263070263077 2.0204564296216865 -0.67485067529954235 -1.681146096069039 1.317921671183135 -1.0086511905691891 -0.40522406186689236 -1.0028560600670449 -0.90190551367589966 0.22500000000000003 1550.0000000000002 545.50000000000011 0.21715760801675391 0.65514994708727714 0.63010757173036291 0.087319832911772477 46.500000000000007 -0.47242800920092326 3.6147842314479237 0.14824989824989829 0.2684573490896659 2.9500000000000006 31.500000000000004 0.013303029925250502 -0.47868651682067087 -0.019818683592795761 -0.31622776601683683 0.073431662428778896 0.069736928236173112 0.16141439205955338 -0.63651180866013102 -0.31948818910039462 0.049963289280469905 0.44376393807481923 0.12013610826385701 0.76069078344048713 -0.087038827977848912
decision_type=2 2 2 2 2 2 2 2 2 2 2 2 2 2 2 2 2 2 2 2 2 2 2 2 2 2 2 2 2 2 2 2 2 2 2 2 2 2 2 2 2 2 2 2 2 2 2 2 2 2 2 2 2 2 2 2 2 2 2 2 2 2
left_child=1 3 5 7 16 12 -4 8 -1 27 15 45 13 -2 -15 22 17 18 -3 -20 21 49 24 -24 25 26 31 32 -29 30 39 -9 -6 -34 35 36 -22 -37 -39 40 -30 42 -36 44 -44 48 -47 -48 -5 -18 -51 -38 -53 58 55 -55 57 -56 59 -19 61 -61
right_child=2 4 6 11 9 -7 -8 10 -10 -11 -12 -13 -14 14 -16 -17 20 53 19 -21 34 -23 23 -25 -26 -27 -28 28 29 -31 -32 -33 33 -35 41 37 51 38 -40 -41 -42 -43 43 -45 -46 46 47 -49 -50 50 -52 52 -54 54 56 -57 -58 -59 -60 60 -62 -63
leaf_value=0.067888156935196467 0.16080929255009835 0.036960860647461798 -0.036063860358392284 0.092645963632175421 0.013435046436911544 -0.016924005139183664 -0.049229831116688078 0.043226059678260195 0.12130837752650281 0.00017235883619200502 0.12550871940408506 0.059663123530741859 0.00041276630260534195 0.10110321320684384 -0.0075081410423783676 -0.019187813338963709 -0.0095564021210776118 0.054254560920908523 0.18952067212522977 0.0094734161959815662 0.032389975799572431 0.10726477597993432 0.071197326267325653 -0.024153686504327018 0.032537985302273802 0.08182161440474317 0.077395436274234564 0.085037973086568575 0.041798216404025049 0.054861820337000315 0.012593260252617972 0.1935168055945182 -8.2947704136241925e-05 0.07070465267541011 0.016456697480230872 0.0088628416398857778 0.0082789499533968084 0.14696284172278951 -0.017241427891539401 -0.0015597139732311362 0.13790389503412656 -0.034421536313666977 0 -0.00093621058248314075 0.19203769012597816 0 0.012899449643263311 0.15775952321656819 0.0065532667016308501 -0.0010934385458659687 0.047958750867943295 0.062488381115446912 0.19658711065244908 0.06046184082065769 -0.010830148059543845 0.014864142835138597 0.040563331741224395 0.13450389529236201 0.015358850959553728 0.017024192890223194 0.0054900097110938927 0.15977799729217224
leaf_weight=30.669867344200611 2.7008143216371563 10.342535220086576 901.28552634268999 14.975853808224203 29.790836445987225 848.03236676380038 1190.9929817691445 2.9401766359806087 97.821636401116848 109.59061494469643 26.749929666519165 417.57873566448689 551.82919055968523 5.1026657000184121 14.135861262679095 4.2913676947355262 44.818374015390873 108.2188326716423 6.5382998287677747 2.089496798813343 30.247854098677635 3.9168213456869116 156.60370394587517 4.9594916254281989 10.394016429781912 36.663776949048042 10.711006477475165 12.527152292430399 21.809583738446239 30.047259747982025 371.93154198676348 14.170561626553537 9.2788620740175229 49.640486799180508 5.2565475478768393 58.756228752434254 2.9235491007566443 3.698428437113761 1.882122680544853 11.43343637883663 6.0069720819592467 1.8692482039332379 1.7394360601901988 1.9302730634808547 7.6798788011074066 3.460677161812785 2.5954639017581966 19.163098074495792 9.1482552140951139 28.625801682472229 39.078684218227863 5.3401838988065702 5.1423443555831909 39.064374782145023 2.5888303294777861 112.53782841563225 40.578711070120335 11.623848937451838 21.548168890178204 3.8380381241440835 5.5588029101490966 13.851519934833048
leaf_count=229 32 114 15985 132 379 13674 22505 23 739 1453 196 3798 8010 69 194 33 499 1206 69 24 336 44 1160 37 78 267 82 145 283 391 4875 102 123 640 59 657 33 43 21 149 77 21 20 21 84 31 24 162 80 326 436 57 55 435 29 1256 449 129 240 44 62 152
internal_value=0.000130005 0.0491305 -0.0296619 0.0762413 0.0307091 -0.00915965 -0.0435807 0.0909153 0.109219 0.0206533 0.0817302 0.0636186 0.00231688 0.0478864 0.0246242 0.0763458 0.0412048 0.047831 0.0944983 0.151949 0.0307087 0.0168109 0.0781743 0.068109 0.0986419 0.108561 0.139563 0.0247737 0.0208141 0.0187912 0.0160165 0.171781 0.0445138 0.0596579 0.043233 0.0352205 0.059643 0.0179135 0.0966184 0.0472123 0.0667911 0.0855973 0.100579 0.134648 0.160335 0.0951435 0.123316 0.142026 0.0617575 0.0127011 0.0274324 0.11427 0.140099 0.0450985 0.0359976 0.0269656 0.0599673 0.108731 0.0570284 0.063653 0.103154 0.131641
internal_weight=5650.32 2136.24 3514.08 862.898 1273.34 1421.8 2092.28 395.976 128.492 652.057 267.484 466.922 573.769 21.9393 19.2385 240.734 621.285 378.379 18.9703 8.6278 242.906 116.44 236.443 161.563 74.8795 64.4855 27.8217 542.466 453.756 441.229 411.182 17.1107 88.7102 58.9193 126.466 107.991 43.6539 64.3368 5.58055 39.25 27.8166 18.4754 16.6061 11.3496 9.41931 49.3433 25.2192 21.7586 24.1241 112.523 67.7045 13.4061 10.4825 359.409 206.394 151.602 54.7914 14.2127 153.015 131.467 23.2484 17.6896
internal_count=83078 22609 60469 7173 15436 21979 38490 2946 968 8515 1978 4227 8305 295 263 1782 6921 4209 207 93 2712 1305 1749 1197 552 474 207 7062 5920 5775 5384 125 1142 763 1407 1202 481 721 64 509 360 205 184 125 104 429 217 186 212 1261 762 145 112 4002 2298 1691 607 158 1704 1464 258 196
is_linear=0
shrinkage=0.05


Tree=7
num_leaves=63
num_cat=0
split_feature=5 5 5 5 5 5 166 5 5 134 177 63 196 176 89 66 102 235 217 168 115 193 152 77 174 93 232 32 102 206 70 168 152 175 105 158 140 242 235 103 126 96 229 69 85 73 214 193 193 176 217 67 202 142 156 133 143 144 159 47 211 128
split_gain=2948.23 368.561 365.33 59.0941 56.7055 42.0538 23.6795 20.9236 19.8048 18.3026 17.2723 16.8092 16.7729 23.5919 17.4762 17.4004 17.2861 19.9679 16.5895 21.5999 16.573 16.507 17.7107 15.7549 15.6105 15.1519 15.068 18.1251 15.0627 14.851 18.1587 15.2986 16.0022 16.8382 14.6136 14.5171 15.7289 14.377 14.289 14.2283 18.5503 14.218 17.0803 18.155 14.1353 14.5143 14.7996 14.087 14.0543 14.0201 17.1548 21.7889 15.5987 13.9839 14.4273 13.9717 14.9991 13.8353 17.8828 22.1317 13.7714 13.7174
threshold=9.1500000000000004 3.9500000000000006 32.050000000000004 2.5500000000000003 16.250000000000004 5.6500000000000012 0.85785288944269877 1.7500000000000002 68.65000000000002 -0.9605256097078847 -0.25409944487358049 8.9038372630605647 -0.39361363162805885 -0.92144858732110835 -10.193935647127157 0.076876172607879947 315.50000000000006 -0.74443750047819746 1.4294059601518665 -0.62964165640419834 4.7950000000000008 0.75290398214084608 0.29317466247770912 2.058333333333334 1.3493533640877198 0.13316076284826286 -0.72121890332173966 106.55000000000001 36.500000000000007 -0.44927764405728321 7.702744540205841 1.7172202305158364 -0.20616256652636941 0.1509940409684257 0.085472831938127589 0.41788224659510437 -0.12219163026008369 -0.27693827841376484 0.63251129078074653 0.038211270287999664 0.89522129685556384 0.11789505449639651 -0.062938724613554084 0.070078576105720589 41.75500000000001 0.34725127847512788 1.6895225335689448 -1.4655185249511373 -1.5820706526343835 -1.0000000180025095e-35 -0.26522888678688056 0.07369469490459217 -0.18241235976652215 -0.46756676289477261 -0.5036573859220802 -0.36575893180125041 -0.66673227700749149 0.5480509305772937 -0.52969798352188191 0.27888888888888896 1.0856771109263905 -0.37616596599719604
decision_type=2 2 2 2 2 2 2 2 2 2 2 2 2 2 2 2 2 2 2 2 2 2 2 2 2 2 2 2 2 2 2 2 2 2 2 2 2 2 2 2 2 2 2 2 2 2 2 2 2 2 2 2 2 2 2 2 2 2 2 2 2 2
left_child=1 3 4 7 10 20 21 -1 -4 -5 -2 12 13 -11 -14 49 17 37 34 53 29 22 24 28 -7 55 -24 41 -23 31 -31 32 44 39 -12 36 -36 -16 -27 -34 -41 42 43 -28 -3 46 -46 -38 -21 50 -15 52 -52 -20 -55 56 -17 58 60 61 -30 -60
right_child=2 5 8 9 -6 6 -8 -9 -10 11 18 -13 14 15 16 25 -18 -19 19 48 -22 23 26 -25 -26 38 27 -29 57 30 -32 -33 33 -35 35 -37 47 -39 -40 40 -42 -43 -44 -45 45 -47 -48 -49 -50 -51 51 -53 -54 54 -56 -57 -58 -59 59 -61 -62 -63
leaf_value=0.099532703486004737 -0.014288821358227097 0.045970399420364967 -0.038221453790520533 0.083055294938857757 -0.020994655991484548 0.01267572132503343 -0.004297078197357084 0.073491847245650749 -0.049169585396169418 -0.01785132256840213 -0.0048924446607169995 -0.026597484885095519 0.013192703823642541 0.021942981089963412 0.11031217943794776 0.18070653220426663 0.064808439483949973 0.034519114861186175 -0.010368133122467866 0.11637979524679276 0.096354951892006102 0.0042014673920868269 -0.025876455988294612 -0.013092917547947705 0.050469711608487823 0.18951783350990994 0.0038731464454044903 0.081105631927173294 0.017006852232324034 0.045904726899293424 0.021661895845779749 0.10011653106786289 -0.021064661338447557 -3.3799414608242716e-05 0.0031577885724840718 -0.019978580116204375 0.12489195148291712 0.021438169510595028 0.057493182560388816 0.13363705669216702 -0.019611106175827977 -0.022717716643873967 0.0035851322828193005 0.15577715189776833 -0.021392209271047714 0.031801734753596954 0.070510469757387839 0.032310196350042397 0.0064346988094607389 0.0078997305500750938 0.17579516201016987 0.014781123026271584 0.018207301919846857 0.028632281602469879 0.21928385225780769 -0.02610383906975193 0.074228804981116933 -0.023863480366270843 0.0035949158212142604 0.14496283177811289 0.12780486196402494 0.081510924993268341
leaf_weight=124.34112910181284 202.42892773449421 18.183823272585869 716.26175616681576 60.136500410735607 804.6236017383635 440.81452045589685 98.714609362185001 295.42337667196989 1095.4206784926355 6.8881723806262007 368.34563261643052 5.9220249950885764 33.916716977953911 12.835157677531242 15.633782155811788 3.1994577795267096 144.19498798251152 164.99666222184896 1.49883721396327 2.2209758162498465 10.827961586415766 15.947188921272753 6.2772595882415763 11.227497428655623 28.423247992992401 6.4837279394268972 3.2644469365477589 26.593187555670738 24.122992001473907 316.73022980242968 107.0250278711319 4.7698671445250502 2.2079760357737568 9.0958570465445501 55.901905573904514 24.300559364259243 3.7478331811726084 7.2592294737696639 4.6649503707885742 9.5629057213664037 2.0730728581547728 10.226918928325174 10.128321290016176 4.4586561024188995 56.241215035319328 22.413862787187099 3.7524800375103942 50.568353928625584 32.961196005344391 15.832985714077948 7.3474727943539593 5.2391315847635278 2.3327184244990358 2.0106213465332985 2.2869377955794326 2.6312602534890166 67.556643910706043 4.1695897206664077 8.4278517961502022 11.011595048010347 2.2845936045050612 17.698233075439937
leaf_count=738 3024 200 13376 498 13500 5703 1310 2208 21641 62 5485 55 320 112 132 27 1263 1464 22 32 116 202 81 143 356 55 42 338 314 3457 1185 50 25 102 829 362 56 65 41 104 23 130 128 56 623 244 40 749 493 141 62 46 21 29 32 25 590 53 108 139 29 222
internal_value=0.000108164 0.0440775 -0.0296232 0.0670601 -0.0117951 0.0264084 0.0183808 0.0814357 -0.0448674 0.0562855 -0.00185468 0.0529427 0.053944 0.0694282 0.0480449 0.0742612 0.0515391 0.04104 0.00278211 0.03298 0.036671 0.0219713 0.0184524 0.0411831 0.0150781 0.0877636 0.0436869 0.0520852 0.0485947 0.0353192 0.0398591 0.0200938 0.0161846 0.0529834 0.000250785 0.0143033 0.0220183 0.0844168 0.143966 0.0858096 0.106547 0.0225837 0.0486301 0.0999473 0.00730449 -0.00161634 -0.0145001 0.0409311 0.0165382 0.0465805 0.0674306 0.102413 0.143548 0.114923 0.153273 0.0773378 0.0815645 0.0587635 0.0645483 0.0867708 0.0310881 0.0576199
internal_weight=5636.09 2273.51 3362.58 986.836 1550.9 1286.67 723.791 419.765 1811.68 567.072 746.272 506.935 501.013 135.012 366.001 128.124 332.085 187.89 543.843 40.9786 562.884 625.076 530.187 94.8895 469.238 84.536 60.9488 54.6715 83.662 552.056 423.755 128.301 123.531 22.9398 502.864 134.519 110.218 22.893 11.1487 13.844 11.636 28.0783 17.8514 7.7231 100.591 82.4076 59.9937 54.3162 35.1822 43.5875 27.7545 14.9193 9.68019 5.7964 4.29756 73.3874 70.7561 67.7149 63.5453 37.1377 26.4076 26.1261
internal_count=83078 23448 59630 7925 24613 15523 9354 2946 35017 4979 11113 4481 4426 1182 3244 1120 2924 1661 8089 608 6169 8044 6834 1210 6059 738 775 694 1067 6053 4642 1411 1361 254 7481 1996 1634 197 96 152 127 356 226 98 1107 907 663 805 525 382 241 129 83 83 61 642 617 865 812 469 343 330
is_linear=0
shrinkage=0.05


Tree=8
num_leaves=63
num_cat=0
split_feature=5 5 5 5 5 5 5 5 191 202 128 30 76 142 176 184 2 41 206 234 214 63 63 134 159 176 162 158 4 174 154 206 142 245 247 233 72 194 198 244 130 203 69 129 88 103 64 70 63 56 231 120 158 10 105 242 129 111 172 146 205 241
split_gain=2654.55 376.9 273.969 59.1706 48.0322 30.3076 20.7498 20.2482 18.6585 26.4206 23.9755 18.5402 14.931 17.9524 14.8132 14.4436 14.3985 17.3993 16.8895 15.7043 15.8746 13.5548 23.2618 20.1099 16.9484 16.6135 14.6789 14.1292 14.3313 13.5865 14.7463 13.518 26.1595 18.6518 16.978 15.9214 15.701 14.7835 14.7512 14.4336 18.633 14.2244 20.3131 21.4557 19.4867 16.222 17.7941 22.4281 15.8897 15.235 14.5776 14.6725 14.5166 14.1355 19.8987 14.1422 14.3026 13.6378 15.3713 13.5629 14.4538 13.4669
threshold=10.950000000000001 3.9500000000000006 32.050000000000004 6.3500000000000005 1.7500000000000002 16.250000000000004 3.1500000000000008 68.65000000000002 1.6100034006643658 -0.7812664962492194 -0.91298488301163494 39.196428571428577 -1.045311341755732 -0.31948818910039462 -0.71791898380935104 -1.1565449660278631 52.500000000000007 1.0000000180025095e-35 0.32478054967508568 -0.1950473744013734 -0.62578487290967499 7.0377073459715644 6.5543175821539945 -0.71737036348730854 -1.5246238783475519 -0.3784484231908819 1.4246194510900752 -0.56351805134150823 -1.0000000180025095e-35 -0.6613809005062572 -1.2252617127925467 -0.37196350018246349 -0.47129007443303628 -0.4261795606184075 -0.97003557617970204 0.080797360710464325 0.17405329593267885 0.95195265533729401 1.2866590804932034 3.3416218620092213 -0.71591465412309574 -0.63302486795020918 0.058223513091728803 -0.34230619472637941 39.33582206317687 0.060980703792000331 141.50000000000003 6.0015822784810133 7.0194193061840133 1.5500000000000003 -1.1382343998206319 0.25725000000000003 -0.93341376102046048 1450.0000000000002 0.078317465666863276 -0.40481576771355382 -0.062121989532857254 -0.13499999999999998 -0.04180122749823751 -0.93928944907230838 0.58470712594513119 -0.34972844386870855
decision_type=2 2 2 2 2 2 2 2 2 2 2 2 2 2 2 2 2 2 2 2 2 2 2 2 2 2 2 2 2 2 2 2 2 2 2 2 2 2 2 2 2 2 2 2 2 2 2 2 2 2 2 2 2 2 2 2 2 2 2 2 2 2
left_child=1 4 5 31 61 14 15 -4 16 10 -10 21 -11 -14 -2 -6 17 18 19 -5 -21 22 -8 24 -23 27 -24 -25 -29 -26 -31 32 36 35 -35 59 37 -3 -38 -34 -41 42 -36 -44 45 -45 49 -48 -49 -47 51 -43 -50 54 -53 -55 -57 -37 -59 -33 -61 -1
right_child=2 3 7 8 6 -7 11 -9 9 12 -12 -13 13 -15 -16 -17 -18 -19 -20 20 -22 23 26 25 29 -27 -28 28 -30 30 -32 33 39 34 41 57 38 -39 -40 40 -42 50 43 44 -46 46 47 48 52 -51 -52 53 -54 55 -56 56 -58 58 -60 60 -62 -63
leaf_value=0.11110734969560992 -0.027000391886990022 0.053455519025973168 -0.037598611697348377 0.029136508719780241 -0.0098637034178326675 -0.020324795178880785 0.023657085377813278 -0.048869783359537677 -0.031881571135278258 -0.035838952696537217 0.16155170187595813 -0.0079678404686347026 -0.027850033774277971 0.0601666033211435 -0.0015930073296351183 0.063347064635365866 0.0078835028800693634 0.010366190453545523 -0.012568211617609121 0.023954069271693315 0.16151694674693157 -0.019537873453956578 0.09291203750571804 0.01412728542666533 0.010014725470874342 0.016883274194908326 -0.0002500815293813746 -0.001636158505272526 0.093908039814639285 0.15140237288402172 0.064031199647535147 0.12101615980041978 0.00727803667329395 0.00021121564043593709 0.018267190929923068 -0.037742987433122294 0.17822330750632329 -0.023573479898171809 0.042058098379982922 -0.00047848679164665939 0.10750147144156448 -0.022733453294048942 0.15511175405217847 0.014977391950786585 -0.027265429285150168 -0.034629363210162918 0.0016462631790428153 0.044313885157596586 0.029605903842311623 0.096030000282051525 0.034130930380306936 0.13880547437670049 0.20113889273384303 -0.0002271706311603167 0.010672042708134126 -0.00523045597082276 0.098413798157337834 -0.013405430950984305 0.070785138859021809 0.037268241256311396 -0.045616174816495873 0.0745016871267941
leaf_weight=51.051477529108524 64.691586777567863 28.789664030075073 692.34799624234438 8.5485381633043342 6.4441344439983359 789.99675211310387 23.031428426504135 1048.2343734912574 1.6355042979121206 7.47078514099121 6.158635511994361 14.679826155304907 6.8963944911956814 22.94775253534317 458.66084254160523 568.9217327684164 665.68574720621109 35.991409115493298 5.1862543597817412 3.4555598497390774 7.3180478811263994 5.9089839085936537 49.421252183616161 14.410521686077116 10.858991995453833 91.822818830609322 4.4926173686981192 4.6057674363255492 21.121757343411449 4.9885946437716475 79.374331779778004 3.2440741732716551 158.074198320508 25.808864034712315 18.633874207735062 19.481092415750027 3.6952015310525876 7.1526032313704482 5.1226105615496635 7.2999230250716209 7.5648622661828977 3.9023360237479201 7.7689770534634581 8.8925142064690572 4.6659832373261443 4.2123116403818157 3.356922589242461 4.0044925510883322 1.9284986332058895 2.9525768086314201 325.39049454778433 12.351248465478422 8.9158172458410245 9.9858618825674075 4.2602873742580405 4.1571071892976788 12.62602626532316 13.493778854608538 7.7183092609047881 32.990435607731342 5.2958434447646132 80.22183645516634
leaf_count=284 994 321 13376 112 52 13500 205 21641 22 96 77 146 94 299 6973 4246 8857 480 69 46 93 53 429 131 96 827 42 42 187 44 687 35 1777 282 208 227 38 81 54 77 80 45 83 96 52 45 36 44 20 31 3547 131 93 108 45 45 138 153 89 380 63 454
internal_value=8.75116e-05 0.0375652 -0.0314074 0.0218313 0.0609343 -0.014146 0.0566667 -0.0444135 0.0120288 0.0429378 0.121384 0.0461504 0.0236815 0.0394221 -0.00478865 0.0625027 0.0100455 0.0332384 0.0649078 0.0855444 0.123601 0.0487463 0.0673791 0.0423126 0.0591587 0.0290168 0.0851946 0.0555677 0.0771953 0.0642465 0.0709694 0.0316956 0.0209377 0.0359295 0.0398262 0.0136739 0.0546226 0.037768 0.11197 0.0119267 0.0574709 0.0421433 0.0640215 0.0814082 0.0630578 0.0759243 0.0957189 0.121063 0.145937 0.0237685 0.0381334 0.0642969 0.176132 0.0725742 0.108699 0.0468695 0.0736099 -0.00839912 0.018811 0.0351084 0.0248069 0.0895076
internal_weight=5620.32 2566.39 3053.93 1535.03 1031.36 1313.35 900.083 1740.58 771.295 45.1091 7.79414 324.717 37.3149 29.8441 523.352 575.366 726.186 60.4998 24.5084 19.3221 10.7736 310.037 76.9453 233.092 101.131 131.961 53.9139 40.138 25.7275 95.2219 84.3629 763.737 217.699 546.038 463.814 82.2235 44.7601 35.9423 8.81781 172.939 14.8648 438.005 65.332 46.6981 38.9291 34.2631 25.3706 18.2057 14.8488 7.16489 372.673 47.2829 10.8443 43.3805 16.6115 26.769 16.7831 40.6932 21.2121 41.5304 38.2863 131.273
internal_count=83078 26594 56484 18669 7925 21467 7187 35017 10245 588 99 2889 489 393 7967 4298 9657 800 320 251 139 2743 676 2067 880 1187 471 360 229 827 731 8424 2428 5996 5049 947 494 402 92 1934 157 4767 708 500 417 365 269 193 157 76 4059 512 113 467 176 291 183 469 242 478 443 738
is_linear=0
shrinkage=0.05


Tree=9
num_leaves=63
num_cat=0
split_feature=5 5 5 5 5 168 64 244 5 84 199 228 205 175 164 5 61 237 193 43 64 103 249 134 194 24 247 115 216 93 236 194 202 141 216 127 115 234 202 216 234 73 207 160 237 1 92 130 231 62 90 75 140 232 63 27 69 110 152 232 164 150
split_gain=2403.97 368.198 215.536 70.3897 31.0932 21.3874 22.7928 21.6923 20.6892 18.1713 22.3257 20.4523 20.0314 18.4658 18.6375 17.8797 17.5786 16.8247 16.6386 16.8362 16.6148 16.6516 18.1665 17.182 22.3061 16.6428 16.3485 16.4714 16.2946 21.4065 18.7467 16.3014 16.2556 16.7689 17.1589 16.1928 15.5994 15.3891 15.9104 15.3825 15.3133 15.1481 18.4162 15.0616 16.0375 15.5352 14.9425 14.8327 14.5151 14.2665 20.4954 13.9295 19.4721 14.8408 16.1794 14.6995 18.3263 17.808 14.2743 15.4204 13.7983 14.2365
threshold=12.350000000000003 4.8500000000000005 32.050000000000004 2.5500000000000003 7.5500000000000007 -1.681146096069039 394.50000000000006 -0.2763578019626361 68.65000000000002 34.050000000000004 -1.6074866721565104 -0.27603865522022203 -0.87994372988590508 0.62328968792022732 1.5934004024556707 20.750000000000004 6.8535790410363608 -1.2319615398764583 -1.4989272409037575 8.5000000000000018 75.500000000000014 0.067421558114597421 -0.49314108563992209 -0.64300491979412544 -0.85164708659447974 0.1928557961646197 2.0190820122321824 1.5337500000000004 -0.38109426013714148 0.026053414786967422 -0.68107413783577753 0.1993174457946951 -0.89107656493476994 1.3768377575837021 0.1747262496740456 -0.86968836864999288 -0.57888888888888868 0.61358595813538086 0.45808298932898456 0.32060559504422409 -1.0142708573536756 0.2310562571756602 0.96052560970788492 1.0373776496150888 -0.79135442192619021 12.500000000000002 0.69337606837606847 -0.75213169856031714 1.2039132829083734 0.069293025814764958 1.5000000000000002 2.2236111111111119 0.40527917258288593 -0.36805040070532319 8.7125000000000021 5.7321428571428585 0.040844130567758444 1.0000000180025095e-35 0.89648409201217594 -0.68389162397271519 1.0000000180025095e-35 2.6667940338203695
decision_type=2 2 2 2 2 2 2 2 2 2 2 2 2 2 2 2 2 2 2 2 2 2 2 2 2 2 2 2 2 2 2 2 2 2 2 2 2 2 2 2 2 2 2 2 2 2 2 2 2 2 2 2 2 2 2 2 2 2 2 2 2 2
left_child=1 3 15 32 5 6 7 -3 -4 16 -11 12 37 14 20 -2 -5 -7 19 -19 39 22 -22 28 -25 -26 27 36 29 -23 -30 -31 60 34 48 -32 41 38 -12 -13 -37 -27 -43 44 -33 -46 -36 -18 -34 -49 -51 52 55 54 -53 -6 -57 -58 59 -59 61 -1
right_child=2 4 8 9 51 17 -8 -9 -10 10 11 13 -14 -15 -16 -17 47 18 -20 -21 21 23 -24 24 25 26 -28 -29 30 31 35 43 33 -35 46 40 -38 -39 -40 -41 -42 42 -44 -45 45 -47 -48 49 -50 50 -52 53 -54 -55 -56 56 57 58 -60 -61 -62 -63
leaf_value=0.11754010898672088 -0.010384897481968473 0.02898390178014907 -0.036970584997780082 0.01319815095102958 0.01626290990350953 0.10455189362103211 -0.015059609119400651 0.15006140123895095 -0.04857001370464864 0.1171996736818656 0.13291352318080304 0.022932487766964361 0.023615899862470639 0.0057066143426939483 -5.1425994577002796e-05 -0.023101056578449016 0.04960455065330787 -0.008808733510862244 0.017452431582301128 0.067836440984487781 0.13105797264409119 0.013693427056428915 0.057611835427730608 -0.019014430573019672 0.0085464189042713003 0.029077961931778099 -0.031326076728513827 0.12167078692787892 0.11921190084398653 0.061434427331609989 -0.0032301830776966336 0.016593492298882385 0.066628679657485687 -0.02991912704481034 0.03504931657727841 -0.021135080760619554 0.026190488555582397 0.017942102060317378 -0.0073743924850995374 0.066832042565446975 0.056358566467459431 0.091962553626855195 -0.010493841792519784 0.012320094156203873 0.18631071874829253 0.036859242373022398 0.075371516861884605 0.039433740510112197 0.10675570030888137 0.014992339983609765 0.12721014852399287 0.0089196902781050712 -0.014513847826996305 -0.0053324925014985973 0.074609590671193035 -0.028638602608781163 -0.034671211471006547 -0.012383607102286288 0 0.14155660859423602 0.051619460836697766 0.0021049863766859052
leaf_weight=37.566653415560722 661.77647279947996 7.2420410811901101 669.50420000404119 15.928752012550829 23.028055295348167 4.9403306022286406 5.4434519037604323 8.4436460509896278 1003.1172359324992 8.7021580487489683 10.011212453246118 99.147770218551159 245.19644773006439 29.101200476288795 20.054862566292286 480.64570250362158 45.92423053085804 8.8480103462934476 650.02304028719664 30.59931393712759 13.811669602990149 8.8562541082501394 28.460267469286919 14.911067664623259 28.467877626419067 22.588191643357277 5.0484691560268393 8.189244404435156 8.8861346468329412 18.256988912820816 14.800631389021872 2.3959607034921673 251.49474653601646 4.1850120127201071 84.090695634484291 6.1877361163496962 47.343355476856232 8.3344236463308317 2.2698232531547538 25.025569379329681 105.53021283447742 40.332991406321526 4.5943124964833251 2.603763870894908 13.317641787230974 2.72782327979803 33.642779745161533 11.415128126740454 28.108642920851707 5.2261869087815276 26.814458318054676 351.6488338932395 18.001252450048923 238.1659832932055 8.6836748570203763 3.2200349420309093 1.9900371506810213 1.5969859957695067 2.7027309611439696 13.263429820537562 18.237696669995785 3.0042789056897155
leaf_count=242 10738 77 13376 141 308 57 62 84 21641 73 87 870 2210 266 183 8453 399 100 7669 345 119 80 251 136 254 199 43 70 77 158 131 21 1622 28 533 56 426 77 22 216 907 351 42 23 112 24 212 106 173 47 233 4860 240 3300 119 42 26 21 34 170 116 20
internal_value=6.6401e-05 0.0329651 -0.032522 0.0509139 0.0145598 0.0217836 0.0704491 0.0995472 -0.0439549 0.0430348 0.0404758 0.0395326 0.0278326 0.0449157 0.0469991 -0.0157548 0.0629514 0.0201965 0.0194342 0.0507286 0.0488147 0.0538749 0.0841989 0.050024 0.0381347 0.0436954 0.0513414 0.0549986 0.0608365 0.0864286 0.0511308 0.101948 0.0670427 0.0630505 0.064115 0.0454125 0.0491927 0.0743406 0.108006 0.0322831 0.0518726 0.0646318 0.081376 0.132486 0.147689 0.164849 0.0471514 0.0715187 0.0710466 0.0929283 0.110065 0.00672665 0.0287663 0.00432472 0.0107187 0.0458302 0.0735762 0.0912267 0.106861 0.12496 0.0927056 0.109369
internal_weight=5603.68 2788.63 2815.04 1410.79 1377.84 715.54 21.1291 15.6857 1672.62 950.463 845.154 836.452 265.812 570.64 541.539 1142.42 105.309 694.411 689.47 39.4473 521.484 397.311 42.2719 355.039 171.476 156.564 128.097 123.048 183.563 48.1584 135.405 39.3022 460.331 401.522 397.337 126.519 114.859 20.6155 12.281 124.173 111.718 67.5155 44.9273 21.0452 18.4414 16.0455 117.733 89.38 279.603 43.4558 32.0406 662.301 63.8025 598.498 360.333 45.8013 22.7732 19.5532 17.5631 14.8604 58.8086 40.5709
internal_count=83078 28870 54208 11356 17514 8394 223 161 35017 8410 7484 7411 2396 5015 4749 19191 926 8171 8114 445 4566 3480 370 3110 1521 1385 1131 1088 1589 418 1171 338 2946 2568 2540 1094 1018 186 109 1086 963 592 393 180 157 136 745 785 1795 386 280 9120 841 8279 4979 601 293 251 225 191 378 262
is_linear=0
shrinkage=0.05


Tree=10
num_leaves=63
num_cat=0
split_feature=5 5 5 5 5 168 171 47 5 168 157 177 128 243 196 168 43 169 207 231 142 18 30 244 134 204 206 213 195 175 151 143 33 24 63 97 244 234 152 43 189 159 235 67 30 220 213 247 5 237 143 245 208 194 189 209 73 188 2 111 149 195
split_gain=2136.52 320.669 220.298 83.0768 30.3985 26.2839 23.6519 24.1047 22.4755 19.7516 21.3763 19.5332 18.9229 18.8473 20.2803 18.53 19.461 18.0042 18.3872 20.9294 17.4778 17.461 18.5916 16.552 16.9334 16.1495 16.1266 15.6989 15.1435 22.6974 14.8526 20.8226 19.1016 14.7881 15.2252 14.5066 16.0007 15.8854 14.4175 17.3491 13.9931 15.054 16.1486 14.8284 18.357 16.2113 14.3905 14.5091 13.7409 13.7228 13.275 13.4295 13.2622 13.1519 14.7128 12.9575 12.8899 12.6828 24.1722 15.9538 15.0083 13.8742
threshold=12.15 5.2500000000000009 32.550000000000004 2.8500000000000001 1.7500000000000002 -1.681146096069039 -0.67129575523958362 0.56696428571428581 68.65000000000002 -1.681146096069039 -0.55935090006402655 -1.0000000180025095e-35 1.2282401680275823 0.44086345683685907 0.63029199430410288 -1.5264753856356641 5.5000000000000009 0.39318608753420126 1.1052924312977368 -0.045317139437914516 -0.48304906744641501 0.58333333333333337 35.934313725490206 3.473396829750317 -0.70184099588405746 0.2331534650087764 -0.67183493352649826 0.096857673117694776 -2.0614886125798901 0.11488470853158252 -0.39557207436749353 -0.07610279249412244 35.250000000000007 0.48039494206773625 6.4560862865947621 5.5000000000000009 -0.30200817385732159 -0.25197405322038535 0.029032414100101635 8.5000000000000018 0.13571629576925023 -1.0491369664348531 -0.79332478453123678 0.13751061120543298 39.252272727272732 0.24743199761518236 -0.066188718325118037 0.27230567001251937 19.550000000000004 -1.3306175089758956 -0.5834963364845922 -0.62959473464204452 -1.7035593718519595 2.4837391385636098 0.60551851094883236 0.55924745101006301 0.31494165398274993 -0.74178240792651973 56.750000000000007 0.95500000000000018 -1.13156831083173 -0.72951670119028644
decision_type=2 2 2 2 2 2 2 2 2 2 2 2 2 2 2 2 2 2 2 2 2 2 2 2 2 2 2 2 2 2 2 2 2 2 2 2 2 2 2 2 2 2 2 2 2 2 2 2 2 2 2 2 2 2 2 2 2 2 2 2 2 2
left_child=1 3 15 4 -1 6 -5 11 -4 10 -3 -8 -13 21 40 16 -2 18 28 33 -12 35 -23 26 57 -22 -6 -19 29 -7 -29 32 -32 34 -20 36 -11 -38 39 -18 41 -15 -43 44 -42 -46 -45 -48 -17 -37 51 -44 -30 -51 -55 -34 -27 60 59 -59 61 -25
right_child=2 9 8 5 23 17 7 -9 -10 13 20 12 -14 14 -16 48 38 27 19 -21 25 22 -24 24 -26 56 -28 30 52 -31 31 -33 55 -35 -36 49 37 -39 -40 -41 43 42 50 46 45 -47 47 -49 -50 53 -52 -53 -54 54 -56 -57 -58 58 -60 -61 -62 -63
leaf_value=0.0802001617972945 -0.0072729365825499855 -0.018818226882982011 -0.035851324333153523 -0.024514887560911171 0.016607798668745965 0.10862453282474333 0.012016549127374329 0.011757845900851584 -0.048174209121131989 -0.01463343364379573 -0.00156564650143304 0.17123692317358105 0.0064370169299917393 0.0028449514851131507 0.0012021216975324292 -0.010461122681796955 0.13827142560519642 -0.0089255621955169791 -0.0071236518560906991 0.035570107039482039 0.12418615968960262 0.010236039345215843 -0.020219958105551775 -0.0030681166671667603 0.016342867907798965 -0.015625116744054788 0.064105049432209502 -0.026567299921347456 -0.039278637786303056 -0.022763624737731442 -0.0032575785017161431 0.025318737307811107 0.15610846308394341 0.0083899201285445348 0.12404199266832672 0.1052447509422294 0 0.17613289884357181 0.00084586935940452314 -0.030102129672637958 -0.00064741317197308009 0.0035850852857741452 0.10824674149777656 -0.010489166353994364 0.17825639030609053 -0.0026521096381624397 0.13863596611619577 0.016721975225024641 -0.021598471878067984 0.0079995930696622822 0.065409129886721679 -0.0067613079832777789 0.035070987092846 0.11363006720047771 -0.0051254181510236576 0.015466888838683532 0.10109988593496287 0.07187955736103846 -0.018476880618202098 -0.0065227438333988813 -0.013601403710989272 0.099050834413284883
leaf_weight=144.02098615467548 24.049205131828785 8.7215917482972127 641.00605521351099 3.9563238844275501 20.324966102838516 14.01814264804125 3.3417610228061774 6.2205808013677588 961.94217082113028 2.9913046434521675 6.657954365015029 13.188769184052939 2.1493535935878745 23.282454021275043 94.565597526729107 586.39671994000673 6.2822092920541746 35.570993363857269 2.2604126185178819 32.360020503401756 12.563059933483606 90.500127397477627 109.64855633676052 5.363589733839035 52.215872883796692 5.4962957948446256 271.48576471209526 10.935708947479723 5.2064670398831359 3.7398957908153525 3.863502897322177 131.86212128400803 6.9645848795771581 4.3797901868820182 21.257337279617786 2.7360606119036666 1.8451964035630224 3.1093420982360831 5.4017016366124153 1.4814010970294473 76.826869688928127 17.772334225475788 2.0692724138498297 4.8628976047039023 1.7887831330299371 2.079609252512455 5.4522673413157445 4.5888233482837677 534.86503117159009 663.6909131295979 71.726260766386986 13.78193126618862 673.45375788211823 5.2229534238576871 4.2142399400472641 2.4641671478748322 2.8181788176298141 86.550119049847126 8.7413491830229741 6.7110852226614943 15.196289993822575 7.1521345004439354
leaf_count=750 395 97 13256 37 141 122 30 54 21685 39 81 116 19 297 1209 9518 97 337 22 297 129 1160 1431 38 365 62 1841 105 48 36 37 1207 63 42 185 32 24 38 87 23 989 221 28 62 23 28 67 58 9596 8546 901 177 6011 64 52 23 29 571 60 48 105 49
internal_value=2.19097e-05 0.0305159 -0.0312711 0.0453349 0.0597285 0.0361787 0.0829118 0.100461 -0.0432749 0.0114145 0.0473447 0.127647 0.150257 0.0102888 0.0207024 -0.0146344 0.0196381 0.0346655 0.0381532 0.0648797 0.0684014 0.0065084 -0.00644155 0.0533386 0.0409453 0.0899944 0.0608819 0.0207435 0.0357439 0.0809488 0.0275503 0.0318155 0.0896343 0.0962973 0.111455 0.01031 0.0737241 0.121408 0.0661928 0.105804 0.0288622 0.039617 0.0475935 0.0140792 0.0052459 0.0994067 0.0582543 0.0899343 -0.0157928 0.00944923 0.0563265 0.0134883 0.0344363 0.00889689 0.0647099 0.124839 0.0300084 0.0506098 0.0587634 0.0661753 0.0194225 0.0579289
internal_weight=5595.39 2833.97 2761.42 1594.96 617.762 977.194 28.8568 24.9005 1602.95 1239.01 36.2571 18.6799 15.3381 1202.76 318.797 1158.48 37.2145 948.337 756.676 60.2576 27.5355 883.959 200.149 473.741 181.93 20.8775 291.811 191.661 696.418 17.758 156.09 145.154 13.2923 27.8975 23.5177 683.81 7.94584 4.95454 13.1653 7.76361 224.232 128.632 105.35 95.5993 80.6953 3.86839 14.904 10.0411 1121.26 675.864 87.5775 15.8512 678.66 673.128 9.43719 9.42875 8.31447 129.715 102.003 93.2612 27.712 12.5157
internal_count=83260 28603 54657 12759 3968 8791 256 219 34941 15844 398 165 135 15446 4060 19716 602 8535 6763 546 301 11386 2591 3218 1236 220 1982 1772 6217 158 1435 1330 123 249 207 8795 101 62 207 120 2851 1624 1327 1227 1040 51 187 125 19114 8694 1106 205 6059 8662 116 86 91 871 679 619 192 87
is_linear=0
shrinkage=0.05


Tree=11
num_leaves=63
num_cat=0
split_feature=6 6 6 6 6 168 6 93 168 93 168 93 103 243 196 106 35 242 244 241 152 147 174 143 247 195 170 237 198 130 230 192 30 19 94 189 140 63 242 231 186 195 79 216 216 91 166 221 96 128 28 244 125 247 134 75 211 147 106 6 170 128
split_gain=1938.91 274.242 216.156 72.6981 26.0511 23.335 22.9094 21.3982 17.4416 21.8736 16.9539 26.0624 23.3218 16.8799 17.0645 16.7552 16.9692 17.4993 18.2312 16.112 15.6301 15.1785 16.0713 15.0362 15.8929 15.0153 17.5532 14.6082 17.9545 16.3451 16.1448 14.1655 15.155 17.4578 14.1154 14.0738 15.1277 16.9002 15.526 14.0636 13.6888 17.4546 15.1926 13.2858 13.2012 18.3473 18.8669 20.7269 13.9414 13.1074 22.9949 17.3959 15.0646 16.7988 16.7298 13.0749 16.0544 14.448 13.0033 12.9589 12.9436 27.4004
threshold=2.4973207021709536 1.6770528870641528 3.4827761888541775 1.0471650770867933 0.55920745798214477 -1.2719356603248022 4.2290208669800728 0.091542658730158738 -1.681146096069039 0.044005069005069015 -1.5264753856356641 0.030162321338791934 0.077782232914550484 0.44086345683685907 0.52280595497536664 7.6927146927146941 47.500000000000007 -0.55520927622252614 3.0151110133001162 0.51767890751678858 -1.7346415879847714 0.81415448648744848 1.317921671183135 -0.42806123545346458 1.343669867052997 0.11838673242508709 -0.85208885525891398 -0.30094352458540941 0.40983099085475716 -0.95573895103218021 2.5430104136677767 0.16272237452515106 35.951470588235303 3.8333333333333335 -0.0071330630154159526 -0.87095213888716183 -0.32008476897634391 6.9739051508963028 -0.41863984884835376 0.65064201191503646 -0.66442769323210171 0.8199273836272748 0.38938492063492069 -0.26724372135463781 1.6702023130539934 0.32426470588235301 -0.49873416908154544 -0.010318043148168797 0.118775826446281 0.52080697551665434 0.1249591503267974 3.6147842314479237 0.86819839998259463 1.2761534482547943 -0.75477726265637479 1.3763888888888891 0.18802042045475523 1.3517123965728672 6.6880122950819683 2.9729720159030868 -0.44946657497549458 -0.58199027185246732
decision_type=2 2 2 2 2 2 2 2 2 2 2 2 2 2 2 2 2 2 2 2 2 2 2 2 2 2 2 2 2 2 2 2 2 2 2 2 2 2 2 2 2 2 2 2 2 2 2 2 2 2 2 2 2 2 2 2 2 2 2 2 2 2
left_child=1 3 10 4 -1 7 -4 31 9 -3 11 12 -2 21 35 16 19 18 -18 34 -6 22 44 -24 40 -17 -27 30 39 -30 58 -5 33 -33 -7 36 37 -15 -39 -29 -25 42 -42 -37 45 48 -47 -48 -10 50 -31 52 53 -51 -54 56 57 -36 -22 -12 61 -45
right_child=2 8 6 5 20 15 -8 -9 13 -11 59 -13 -14 14 -16 25 17 -19 -20 -21 27 -23 23 24 -26 26 -28 28 29 49 -32 32 -34 -35 55 43 -38 38 -40 -41 41 -43 -44 60 -46 46 47 -49 -50 51 -52 -53 54 -55 -56 -57 -58 -59 -60 -61 -62 -63
leaf_value=0.073433927923328243 0.19183285277192441 0.10414438782582365 -0.035205898371015773 0.057648431423075991 0.014175581721220191 0.043490358381402687 -0.047868846142948812 0.021898039363188824 0.013429733853481535 0.018781886544240435 -0.010031865920207717 0.0023946293584349962 -0.029056885683521799 0.0054488377108439434 0.002141956188805293 0.028538674058055841 -0.0039329315454620884 0.04800630679302155 0.073243011263944446 0.0075181957314022652 0.013697771201652255 -0.006703712569346737 0.00013346265002203112 0.014441165387368629 -0.031030334898036208 0.071054181497593794 -0.0028232982269532632 0.012726916284401302 0.01280540252667843 -0.023234682798862441 -0.028591508250390554 -0.026696994263563201 0.1938294692282759 0.11998185244919249 0.021480669241215125 0.011935355761822471 0.02000681638364445 -0.0034112500048172536 0.14084044963553963 0.061245738828874074 -0.013081482098186671 -0.0050491293154377474 0.13818228331933757 -0.037557493273198572 -0.020016043910093439 -0.025302640607894535 0.01572117354968806 0.14373016786625004 -0.0026966260512725762 0.021348481548939254 0.073576332040576925 0.0032165747048133646 0.0093699233124199307 0.10115336115332219 0.13343866675497132 -0.013638055554527753 -0.010792749669231523 0.10919913683781855 0.070590101184988596 -0.020925152718777644 0.029413269055823185 0.14112820103534679
leaf_weight=149.37184363603592 2.6530079022049895 9.8260868638753873 620.65846323594451 17.56596647948027 31.505235627293587 134.20406316965818 920.72478618472815 17.858037121593952 355.36826717108488 27.14806617051363 581.09497932344675 33.783729508519173 1.3748496286571024 4.770857676863673 100.94229529052973 281.01382976025343 33.73599524050951 310.05770836025476 8.8259567022323591 77.863591261208057 11.614565029740332 193.06474646180868 17.191812306642532 7.6482060104608598 3.6024428382515898 7.9359262883663169 78.770825773477554 65.089878462255001 24.474738299846649 5.9787945300340644 3.9980020970106116 2.6247223913669568 5.3568261712789536 4.5868831500411034 11.575475096702581 123.27621559053659 16.321679577231407 2.1010219752788553 10.216876514255997 18.883482664823532 1.6435603201389337 3.2328091859817496 12.197200350463389 2.4338006153702736 41.066490553319454 4.4179793670773533 6.0831084549427041 6.5462574735283825 213.61303912848234 33.302058286964893 106.65683717280626 22.992553271353245 4.0013228803873053 7.6039046347141257 9.50428608804941 24.64746231585741 11.929205656051634 7.9580135345458975 143.96602007746696 524.76536152884364 47.029616557061672 6.6394584178924543
leaf_count=750 37 89 13256 150 214 1188 21685 158 4553 304 9518 544 21 57 1295 2495 305 2681 68 690 76 2513 219 96 45 70 725 438 161 41 26 23 45 36 98 1559 200 26 121 122 22 43 151 30 529 57 77 81 2766 219 698 153 26 49 61 233 102 66 934 9596 589 80
internal_value=7.41349e-06 0.0284117 -0.0305817 0.0415271 0.0548306 0.0332765 -0.0427993 0.0673359 0.0103231 0.0437442 -0.014088 0.0184238 0.124658 0.00923497 0.0191615 0.0315515 0.0366 0.0438771 0.01327 0.0268856 0.0490063 0.00561375 0.00916145 0.0375606 0.0593278 0.0229388 0.00461445 0.051355 0.0444335 0.0521468 0.063913 0.0925341 0.133081 0.069238 0.0347025 0.027164 0.056733 0.088489 0.117452 0.0242888 0.0733836 0.0972506 0.120212 0.0213449 0.00703569 0.00897076 0.0586729 0.0881171 0.00737252 0.0570937 0.0682343 0.0401551 0.0553341 0.0383623 0.100205 0.0132028 0.034156 0.0610387 0.0664895 -0.0152198 0.0413619 0.0937311
internal_weight=5576.89 2891.84 2685.06 1675.45 638.944 1036.51 1541.38 47.9924 1216.38 36.9742 1143.67 37.8116 4.02786 1179.41 313.732 988.518 620.797 352.62 42.562 268.178 489.572 865.676 672.611 45.516 28.3242 367.721 86.7068 458.066 298.488 214.514 159.579 30.1344 12.5684 7.21161 190.314 212.79 33.4104 17.0888 12.3179 83.9734 24.7218 17.0736 13.8408 179.379 627.095 586.029 17.0473 12.6294 568.981 190.04 112.636 77.4041 54.4116 40.906 13.5056 56.1102 31.4627 19.5335 155.581 1105.86 56.1029 9.07326
internal_count=83260 28603 54657 13101 3968 9133 34941 412 15502 393 19716 602 58 15109 3957 8721 5431 3054 373 2377 3218 11152 8639 576 357 3290 795 3004 1968 1408 1036 254 104 59 1687 2662 404 204 147 560 312 216 173 2258 8063 7534 215 158 7319 1247 739 508 355 268 87 499 266 164 1010 19114 699 110
is_linear=0
shrinkage=0.05


Tree=12
num_leaves=63
num_cat=0
split_feature=5 5 5 5 5 168 5 142 34 32 164 76 159 168 241 64 244 241 215 134 71 72 238 166 160 147 245 142 27 61 22 162 170 197 64 94 72 87 161 94 128 234 235 64 92 131 133 27 130 222 229 3 5 232 233 194 84 203 189 73 116 172
split_gain=1761.9 237.721 211.861 46.2695 39.2412 24.0519 23.3325 19.5505 17.3132 17.6247 16.0741 16.0376 15.8255 15.6978 15.3135 14.9835 14.9033 14.6122 14.0422 13.7845 26.0305 13.7431 13.4412 19.1593 16.9812 13.8206 13.1018 14.8113 17.9378 15.2076 13.0734 19.2875 16.5022 15.2023 21.9876 20.2524 15.6934 14.391 14.7029 25.9257 15.0122 13.1632 14.4147 13.021 12.5818 12.4415 12.3936 16.0616 12.857 12.3592 12.2904 13.6687 11.7593 11.7354 14.3247 16.2411 13.7033 11.6578 11.5385 17.7556 11.4946 14.9681
threshold=12.15 3.9500000000000006 32.550000000000004 6.3500000000000005 1.7500000000000002 -1.2076147288491195 68.65000000000002 -0.5008828279164933 6.5000000000000009 126.55000000000001 -0.33597509836257133 -0.38698829276657998 1.3558994947367884 -1.441153384245782 0.58847875866323707 97.500000000000014 -0.26505720195581822 -0.71751432427763173 -0.59193472942877523 -0.62364164724663396 49.500000000000007 0.30252186292454758 0.76887195872097636 -0.58371052035718829 1.6305699375557936 -0.83724008819305029 -0.57960867584746378 -0.40126010889131974 5.4365079365079376 7.7508404889716838 0.36666666666666675 -0.93584801129601203 1.3541495152865488 -0.72337958049240925 167.50000000000003 -0.062739239926739909 0.026385407964355335 -5.6858593042804371 -0.36769754006334138 -0.035185084134663959 -0.26637471986885886 -1.0474912442486481 0.89354200061375322 1330.5000000000002 0.14218328840970354 -0.70351821423458283 -0.8104265218130573 7.3166666666666673 -0.37808763692701908 -0.65593560253547889 -0.35487508522759065 477.00000000000006 19.550000000000004 1.2933027817718155 -0.76816886999722434 -0.84310366319748353 59.850000000000001 -0.41173203702935718 -1.2275658901978848 0.28545642083548223 1.0000000180025095e-35 -0.26716578280193148
decision_type=2 2 2 2 2 2 2 2 2 2 2 2 2 2 2 2 2 2 2 2 2 2 2 2 2 2 2 2 2 2 2 2 2 2 2 2 2 2 2 2 2 2 2 2 2 2 2 2 2 2 2 2 2 2 2 2 2 2 2 2 2 2
left_child=1 4 13 12 10 7 -4 -6 21 19 -1 14 30 15 -11 26 -14 -12 46 -10 -21 -5 23 24 25 -22 -2 -28 -29 -30 31 37 33 34 35 -33 -35 -3 -39 -40 -41 -37 49 -7 -25 58 -17 48 -48 -43 -23 -52 -15 54 56 -56 -46 -34 59 -38 -27 -62
right_child=2 3 6 8 5 43 -8 -9 9 11 17 -13 16 52 -16 18 -18 -19 -20 20 22 50 -24 44 -26 60 27 28 29 -31 -32 32 57 36 -36 41 45 38 39 40 -42 42 -44 -45 53 -47 47 -49 -50 -51 51 -53 -54 -55 55 -57 -58 -59 -60 -61 61 -63
leaf_value=0.09273720310198319 -0.016372959419707959 0.01116189892608528 -0.034555722417602595 -0.00020515349109397789 0.013120889671284781 0.039313071174049488 -0.04756142278730164 0.086823309944092444 0.0034705690246461061 0.11098092360130905 0.086334336950629295 0.00015181499742619026 0.026996750186030639 -0.0097861896339772256 0.00094053585692884304 -0.033702403924356736 0.12864524349800058 0.043390007662153313 -0.01793721288680495 0.0053569485980520257 0.015276406646555732 -0.02118734433561742 0.0048662210694167887 0 -0.018557843651808483 0.028386879917703441 -0.016448656369541154 0 0.24145086870965066 0.025708084562006989 0.015546580916729806 -0.028267120890278663 0.12468450847589795 -0.018064241364645774 0.01633539219944714 0.0096181289963260079 0.14240610528733966 -0.0059271193058153225 0.1632264357051029 0.11135134267720653 -0.015126211842610827 0.030847507508628327 -0.0028233680789402494 0.0034880424558342803 -0.027105323005059315 -0.015388034806562395 0.22248640556856489 -0.014772175935457986 0.012103086687993148 0.15814975508013376 0.17233993902566441 0.00685904491328809 -0.020268735149021076 -0.0094000547722709448 -0.0031261314157116265 0.10540424784005753 0.10064193037973948 -0.0048029222042083363 0.023512073249241604 0.0088430937500831499 0.055799303105044676 0.23547415586754675
leaf_weight=46.980419605970383 3.254613883793354 8.6440814137458819 601.23538412153721 488.04684060811996 11.878559567034243 938.02414128184319 881.34610159322619 45.118324756622314 225.89365594834089 11.637619949877264 29.059941664338112 9.0587089806795102 9.2205533087253553 572.58523865789175 4.3623278513550749 1.9502163864672182 6.0042364969849578 78.060474887490273 27.220179934054617 108.82869185507298 2.5669720098376265 2.2811743542551994 19.138587735593319 15.561376273632048 2.0331419035792342 2.0112972632050496 1.9290040954947469 1.871982891112564 2.3784094564616685 1.4981926307082174 376.14282056689262 2.9839036539196995 5.8869122862815857 24.157672211527824 25.096295818686485 3.5631875693798092 4.2790847867727262 3.1812104657292393 8.7742611318826729 2.8650033846497536 5.3207796439528412 3.0320858359336951 2.0082801058888426 26.593531601130962 6.6151339113712293 19.071693934500217 1.5273979902267454 1.802174214273691 1.2635215967893558 11.580793760716906 2.2981254011392585 2.2518972083926201 512.2076979726553 5.840647116303443 4.0321341753005973 18.033039540052421 1.8964808136224744 2.1310271546244604 301.53776708990335 5.1377521753311157 2.6168067753314954 4.1640388667583483
leaf_count=229 52 88 13256 6417 84 6614 21685 306 2922 143 138 122 96 9464 54 32 56 383 435 1404 33 30 247 203 26 27 32 28 34 23 3825 31 56 249 251 36 41 32 84 26 54 31 20 197 86 209 22 30 21 115 28 30 9543 76 52 229 25 22 3039 51 34 52
internal_value=-9.13813e-07 0.0265053 -0.0298913 0.0149099 0.0439278 0.0402892 -0.0423174 0.0720405 0.00728728 0.0144409 0.0676025 0.0544581 0.0235036 -0.0135531 0.0830931 0.0151799 0.0728505 0.0557771 -0.0016485 0.0119132 0.0216831 0.000838623 0.0423404 0.0529977 0.105021 0.127257 0.0633549 0.0957206 0.130961 0.181467 0.022488 0.028372 0.0254523 0.0238671 0.050099 0.0842763 0.0201474 0.0675851 0.0898906 0.107471 0.0358994 0.101699 0.119489 0.0383352 0.0377702 0.0230057 0.0588447 0.098034 0.156877 0.135723 0.0665523 0.107334 -0.0147545 0.0534838 0.0655712 0.0860792 0.00842094 0.0929983 0.0254183 0.0778596 0.154542 0.182861
internal_weight=5557.57 2945.5 2612.07 1769.79 1175.72 1021.61 1482.58 56.9969 939.169 444.291 154.101 25.0587 830.619 1129.49 15.9999 44.6957 15.2248 107.12 33.7635 419.232 193.338 494.878 84.5097 65.3711 13.3923 11.3591 10.9322 7.67759 5.74858 3.8766 815.395 439.252 410.466 402.449 48.2645 23.1683 354.184 28.7853 20.1413 16.96 8.18578 20.1843 16.6212 964.618 51.9788 330.026 6.54331 4.59309 2.79092 14.6129 6.8312 4.55002 1084.79 36.4174 30.5768 22.0652 8.51161 8.01794 310.955 9.41684 8.79214 6.78085
internal_count=83260 28603 54657 20652 7951 7201 34941 390 12240 5735 750 319 8412 19716 197 709 152 521 540 5416 2494 6505 1090 843 172 146 169 117 85 57 8260 4435 4151 4073 484 233 3589 284 196 164 80 202 166 6811 671 3340 105 73 43 146 88 58 19007 468 392 281 111 78 3131 92 113 86
is_linear=0
shrinkage=0.05


Tree=13
num_leaves=63
num_cat=0
split_feature=75 8 75 131 9 24 241 168 202 74 168 159 186 249 64 30 178 212 244 69 75 168 245 197 188 71 30 83 209 168 129 162 167 64 129 63 244 192 242 242 195 105 89 156 141 151 173 237 177 174 64 76 64 22 30 205 220 235 213 157 131 56
split_gain=1560.18 212.416 183.303 46.7797 31.0531 22.5283 18.3528 18.2609 17.5219 16.6675 16.4941 15.9805 15.5498 15.1779 19.5234 15.6517 15.0062 14.9269 14.5949 14.4845 14.382 14.2119 14.0269 16.0622 16.0377 13.905 14.9688 13.8587 14.9244 13.7397 18.197 17.0819 14.2666 14.556 19.5085 16.9968 16.5487 17.1138 15.9219 17.3301 14.2153 14.4275 13.6594 13.5487 18.1079 13.3504 14.0742 17.1188 15.5437 14.9396 13.7369 13.2965 13.0724 17.6073 13.0031 13.1957 12.9337 15.606 14.2275 12.7233 14.2666 17.5558
threshold=4.370899470899472 1.0000000180025095e-35 1.905211141060198 -1.3836102503743848 1.0000000180025095e-35 0.24998599439775918 -1.7114545733132334 -1.1328430311977622 -0.96367383094254699 5.5000000000000009 -0.80178372573727319 1.3558994947367884 -0.80743965463425516 -0.52284864661676844 1295.5000000000002 38.734166666666674 0.12355429476695853 -0.085840524057778006 3.6152736676047752 0.11123484286067807 8.2022727272727298 -1.5264753856356641 -0.489486145543578 2.2628155177839431 1.7961997798486546 36.500000000000007 37.634848484848497 34.903846153846168 -0.54167118240726997 -1.681146096069039 -1.0000000180025095e-35 -1.0000000180025095e-35 0.29055871776193404 452.50000000000006 0.61106830072957996 8.1359128913085765 -0.25889168160347792 -1.7252547197952548 -0.50120173459442585 -1.0000000180025095e-35 -0.23361514611762518 0.078081547442621704 30.19035615949171 -0.51832169919100968 0.19963735237617272 1.5670685015128425 -0.81058626233746345 -1.3306175089758956 -0.62214548295985306 0.14168664839475162 153.50000000000003 -0.72694718641632117 155.50000000000003 1.0000000180025095e-35 37.775735294117659 -0.91376502496766177 0.91602831718047673 -0.72824019161944109 0.1351010785202281 1.175984148109112 -0.96201499063555429 1.3500000000000003
decision_type=2 2 2 2 2 2 2 2 2 2 2 2 2 2 2 2 2 2 2 2 2 2 2 2 2 2 2 2 2 2 2 2 2 2 2 2 2 2 2 2 2 2 2 2 2 2 2 2 2 2 2 2 2 2 2 2 2 2 2 2 2 2
left_child=2 20 3 10 -3 8 19 16 -5 45 43 22 -13 15 25 18 17 -4 -12 -7 21 52 23 24 -8 -15 42 28 -19 30 -24 -32 33 36 35 -35 37 -31 -38 -40 41 56 -27 44 -1 46 48 -48 49 -9 59 -11 53 -2 55 -10 57 58 -39 -49 -61 -62
right_child=1 4 7 5 -6 6 11 9 54 51 13 12 -14 14 -16 -17 -18 27 -20 -21 -22 -23 29 -25 -26 26 -28 -29 -30 32 31 -33 -34 34 -36 -37 38 40 39 -41 -42 -43 -44 -45 -46 -47 47 50 -50 -51 -52 -53 -54 -55 -56 -57 -58 -59 -60 60 61 -63
leaf_value=0.096609406865228453 0.13788019851154742 -0.028802858494334012 0.0030556019889801727 0.049962431344644571 -0.04497975099841843 0.14421961862046026 -0.0038890604190079323 0.0081778366643127636 0.060022679721036601 0.030826026114986246 0.061701119682825815 -9.0622684027784556e-05 0.1075557755153829 0.027113386662311126 -0.011587268153768336 0.012143449249290658 -0.034182332387432741 0.022580619244414644 0.018672465205422147 -0.0045568750483772156 -0.01934960849238633 -0.008615796568148584 0.13866500732109538 0.094747810943460756 0.10870765403872676 0.050118818111092492 0.02110423359624539 0.04450311473223012 0.20786527884249584 0.12052190207221231 -0.037795216904168379 0.08109521770393982 -0.0027010290064626457 0.059747983950694805 -0.0083153008782704679 0.003204510188989955 0.064724060052388024 0.16663255572792221 0.016871536969251168 0.049906028369849226 -0.0059349557941645401 -0.0039989109402239625 0.0016590553128791161 0.043810816940430354 0.0090655140167576684 -0.0084930683661071597 0.12184096309650108 0.014562930365324512 0.022469117638046349 0.15984646140452366 0.0021557133961936656 -0.0095329648224349757 -0.0011114016946367389 0.0069997922279174968 -0.018185810026603355 0.0086472979586880855 -0.030223072732542502 0.035126794935102609 0.013306270302724403 0.14572432681238998 -0.024546763339424821 0.10385762097555121
leaf_weight=37.733797907829285 4.1810372844338435 423.07258611917496 19.501246657222509 25.877080202102661 1078.2934383898973 5.2070139423012725 66.111356049776077 2.958305872976779 12.922589614987372 21.912353061139584 169.36448089033365 4.4706508144736281 11.393624737858771 211.30383463203907 20.148938879370689 23.155782833695412 6.6483823023736468 2.2275645583868027 23.904172390699387 2.0533467903733253 379.72692725807428 693.01825126260519 6.0541810318827656 3.9495585039257994 2.317863129079341 310.04320546984673 66.039670743048191 43.250508826225996 2.0316867604851714 2.6658145710825911 4.5502006039023408 5.8163974285125706 31.204581923782825 104.96524599194527 14.309264190495012 15.545914195477961 38.053996860980988 3.9164083972573271 114.06505227088928 62.014445185661316 67.749727383255959 27.300185091793537 15.552114993333815 54.00378305464983 7.3813389986753455 81.277871515601873 2.3746569305658332 261.90526294335723 149.38698776811361 3.1837091147899628 354.23708109930158 184.42257045581937 14.256864506751297 5.493884913623333 40.158331289887428 133.78130842745304 5.0423655509948722 39.502356104552746 2.5637115687131882 2.967683993279933 5.9235013052821142 3.3935183808207512
leaf_count=229 54 9290 234 231 27135 48 704 37 110 307 1025 43 103 1396 141 154 83 29 149 19 6913 11354 44 38 21 1989 455 487 22 25 39 48 295 933 128 147 336 35 999 522 658 256 108 348 48 967 25 3075 1784 38 4266 2844 212 78 379 1239 49 366 24 31 75 39
internal_value=-5.40464e-06 -0.0282313 0.0249386 0.0349269 -0.0404468 0.0263822 0.0310674 0.00931896 0.0121667 0.00764248 0.0426555 0.030034 0.0787173 0.0402584 0.0361369 0.0518803 0.0332651 0.0404345 0.0565284 0.10608 -0.011482 -0.00728694 0.0286504 0.00774934 0.00136365 0.0377566 0.0434027 0.055295 0.134632 0.0313962 0.075839 0.0297368 0.0298664 0.0319197 0.0460677 0.0525814 0.0265373 0.0135392 0.0354378 0.0287505 0.0107466 0.0251318 0.0478316 0.0623038 0.0829019 0.0106798 0.0126762 0.0093149 0.0261305 0.0988687 0.00868885 -0.0050948 0.0297958 0.0716463 0.00666801 0.0135823 0.0405912 0.048941 0.116529 0.0170726 0.0650778 0.0272706
internal_weight=5537.84 2598.04 2939.8 1792.19 1501.37 853.563 640.823 1147.6 212.739 1073.94 938.631 633.563 15.8643 839.512 623.088 216.424 73.6594 67.011 193.269 7.26036 1096.68 716.95 617.699 72.3788 68.4292 602.939 391.635 47.5098 4.25925 545.32 16.4208 10.3666 528.899 497.694 134.82 120.511 362.874 148.741 214.133 176.079 146.075 78.325 325.595 99.1189 45.1151 867.609 786.331 630.802 155.529 6.14201 628.427 206.335 23.9318 9.67492 186.862 146.704 51.0248 45.9825 6.48012 274.19 12.2847 9.31702
internal_count=83260 55036 28224 13881 36425 7839 5880 14343 1959 13488 6042 5813 146 5417 4089 1328 855 772 1174 67 18611 11698 5667 763 725 3948 2552 538 51 4904 131 87 4773 4478 1208 1080 3270 1413 1857 1521 1388 730 2097 625 277 10337 9370 7511 1859 75 7486 3151 344 132 1728 1349 474 425 59 3220 145 114
is_linear=0
shrinkage=0.05


Tree=14
num_leaves=63
num_cat=0
split_feature=5 5 5 5 5 5 168 157 43 168 164 166 189 168 90 248 232 206 228 3 140 61 69 162 164 175 188 152 41 247 79 203 5 10 73 213 220 69 243 241 237 102 3 212 5 152 111 174 162 241 130 175 177 87 145 189 194 155 230 71 232 202
split_gain=1471.79 210.773 165.305 50.0478 24.2923 19.3029 18.6126 19.1612 16.7323 15.5167 15.641 14.9946 13.5773 20.3643 18.6776 14.1262 15.6932 14.8417 14.4648 14.057 13.9445 13.5267 13.408 13.2606 13.1621 12.9644 12.9279 13.2709 12.8877 14.4428 15.4911 12.7835 14.3529 12.76 13.2692 13.4416 16.5563 18.1225 15.4376 15.6529 16.5195 14.6575 13.8293 14.6565 12.565 15.8478 13.9841 17.9521 12.4898 12.4103 12.3693 12.0627 17.3731 16.1726 13.801 12.0792 11.9006 11.8528 11.8303 12.2657 11.7497 11.7377
threshold=13.65 5.3500000000000005 32.550000000000004 2.8500000000000001 68.65000000000002 1.7500000000000002 -1.5920327235193754 -0.55935090006402655 5.5000000000000009 -1.2719356603248022 0.54011500115519029 2.0156064306250259 -1.1977286527319275 -0.24999999999999992 6.5000000000000009 -0.57079612968924109 1.207107114329443 1.0000000180025095e-35 0.4587738584784718 445.00000000000006 -0.5205843696897543 7.4073527029002983 0.044653934774902523 -0.78046965373621335 -0.33597509836257133 -1.6011732535784995 -1.1471484791439466 -1.6915601264441242 1.5000000000000002 1.3703143220002503 5.6990740740740753 -0.43745767063915442 4.8500000000000005 1250.0000000000002 0.5300120048019209 0.51129931087962976 -0.92281476167921328 0.071078018620540348 0.33120082983353999 -0.47942091424209871 0.33015063539271133 1518.5000000000002 467.00000000000006 -0.12322104267453347 8.7500000000000018 -1.2692227624695407 0.12000000000000001 -1.8475581775578556 -0.95742710775633788 -0.71751432427763173 -0.53103091755396481 -1.0000000180025095e-35 -0.62733938090972075 15.694503169854938 -0.58895101496043256 1.1014050474442603 0.042636780566123939 -0.95051325026071642 -0.58695999661037501 67.500000000000014 -0.55946754869031157 0.074856433468628983
decision_type=2 2 2 2 2 2 2 2 2 2 2 2 2 2 2 2 2 2 2 2 2 2 2 2 2 2 2 2 2 2 2 2 2 2 2 2 2 2 2 2 2 2 2 2 2 2 2 2 2 2 2 2 2 2 2 2 2 2 2 2 2 2
left_child=1 3 -2 5 -4 24 7 -3 61 23 25 12 13 -8 15 50 17 18 19 -17 -16 -21 -23 -5 -1 -11 60 -28 29 30 -25 -12 -33 34 35 38 37 -37 42 40 -40 57 -27 -44 45 -14 -46 -48 -29 -26 -15 52 -35 55 -55 58 -10 -41 -54 -60 -7 -9
right_child=2 6 4 9 -6 26 11 8 56 10 31 -13 44 14 20 16 -18 -19 -20 21 -22 22 -24 28 49 33 27 48 -30 -31 -32 32 -34 51 -36 36 -38 -39 39 41 -42 -43 43 -45 46 -47 47 -49 -50 -51 -52 -53 53 54 -56 -57 -58 -59 59 -61 -62 -63
leaf_value=0.08146645081064216 -0.014211602846123378 -0.018039516562997692 -0.03321522853463401 -0.014285903437055708 -0.046953188371216814 0.054809856100754444 -0.015564947764137744 0.048255752637384172 0.13467682627072841 -0.0044317519192857754 0.0018513558018853722 -0.02534288431410733 -0.013086021260708675 -0.030077422230046544 0 0.0022139700878634938 -0.02536308489482389 -0.025590836263424128 0 0.040913568741584541 0.16085615957992536 0.032041024964861657 0.20951065558744633 0.10128259687058382 0.07629519099761739 0.039829082534071844 0.011496201509773728 0.078195448402337067 0.01466202145895442 -0.0081082669997160316 0 0.036946662279461924 -0.019474277444049729 -0.017155335278642807 -0.01742087802349002 -0.027670110493725437 0.0056534291578923404 0.11059147580451188 0.12707719216337784 0.078021458926261889 0.0088160254006003844 0.075098580803935375 0.018339127747171783 0.089490731487505124 0.0041025391107906012 0.012618260322635716 0.098930927261487944 -0.020509614343191613 0.041835071944326979 0.037678501573424131 0.077509193093782236 0.023059244897226563 -0.019926603123432918 0.051131956402112239 0.13548727085883203 -0.016427820606696505 0.037756043982007964 -0.017441016052939639 0.090199608510200063 0.012162142488252066 0.0017330881615589969 -0.027632235400340356
leaf_weight=49.50399774312973 952.73157170042396 11.117808289825915 564.2896768823266 6.0035692453384391 809.50795108452439 13.123488858342169 17.022048983722925 15.27959753200412 7.8071949481964094 28.792648166418076 116.96731435507536 35.297018688172102 64.901709958910942 11.518494781106709 1.8002499379217622 2.5036379694938757 4.3839565739035598 2.7438198104500762 3.5824748277664176 3.6959049105644208 4.5538534373044959 1.8625396713614462 5.2281495295464993 27.165305577218536 30.449046865105629 48.309268906712532 34.776298202574253 26.085252813994884 11.911029137670992 4.1705778390169135 4.2488179653882971 67.176452293992043 12.724996112287043 9.0044421479105932 8.9755989015102369 2.7351530864834768 42.412339590489864 7.5388707146048546 5.7288031354546529 2.6731123998761168 5.7213536649942398 5.7031540200114241 9.4518732503056508 46.74282643944025 423.99847204238176 665.23864631354809 2.2597754821181288 95.980687193572521 413.4904156550765 80.824796378612518 2.3936002925038329 545.5530693680048 4.6178083270788184 14.533451594412329 8.7661655917763692 8.8311314731836301 6.8922907561063766 27.144986622035507 14.155458137393003 8.3066921681165677 40.92009037733078 6.5500901937484732
leaf_count=229 17364 124 13256 48 21685 84 214 164 68 238 999 475 804 147 23 32 54 34 43 47 55 22 62 203 138 400 221 155 95 33 33 566 123 76 73 24 345 58 45 21 47 43 79 369 6074 7830 32 1378 2501 383 30 4498 41 122 68 74 65 221 119 72 257 77
internal_value=-6.3298e-06 0.0220356 -0.030245 0.0333647 -0.0413422 0.0439716 0.00745575 0.0378742 0.0550522 0.0267174 0.0253262 0.00635037 0.00722437 0.0300413 0.0476453 0.032305 0.0548213 0.0733447 0.0902449 0.112767 0.121657 0.135638 0.173234 0.0530303 0.0593828 0.0282572 0.0391696 0.0418205 0.0617614 0.0765584 0.0878564 0.0124831 0.0277697 0.0294054 0.0400641 0.0426883 0.0202361 0.0741505 0.0502809 0.0255034 0.0738411 0.0081898 0.0610229 0.0781404 0.00608069 0.0103118 0.000147216 -0.0167426 0.0441767 0.0488756 -0.00727522 0.0256368 0.0455475 0.0552926 0.0873449 0.0325582 0.0948507 -0.00646684 0.0487273 0.0633022 0.0154742 0.0250533
internal_weight=5518.38 3191.85 2326.53 1795.24 1373.8 689.173 1396.61 47.647 36.5292 1106.07 1052.57 1348.97 1313.67 61.2887 44.2667 37.9126 24.0005 19.6165 16.8727 13.2902 6.3541 10.7866 7.09069 53.4993 160.778 855.698 528.396 474.352 47.4957 35.5847 31.4141 196.869 79.9014 826.906 213.137 204.162 52.6864 10.274 151.475 46.9714 11.4502 35.5213 104.504 56.1947 1252.38 730.14 522.239 98.2405 439.576 111.274 13.9121 613.768 68.2151 59.2107 23.2996 35.9111 14.6995 29.8181 27.08 22.4622 54.0436 21.8297
internal_count=83260 30955 52305 13101 34941 3968 17854 498 374 9133 8721 17356 16881 763 549 471 294 240 206 163 78 131 84 412 750 7033 3218 2877 364 269 236 1688 689 6795 1725 1652 427 82 1225 377 92 285 848 448 16118 8634 7484 1410 2656 521 177 5070 572 496 190 306 133 242 232 191 341 241
is_linear=0
shrinkage=0.05


Tree=15
num_leaves=63
num_cat=0
split_feature=5 5 5 5 5 5 168 21 70 234 171 190 193 29 152 158 30 69 79 116 15 73 126 242 95 164 87 56 131 236 231 15 213 245 158 213 240 245 237 61 196 63 69 231 229 196 129 232 155 193 1 51 40 24 67 186 94 129 211 232 160 244
split_gain=1368.94 184.543 172.94 35.2604 30.771 21.7605 14.6024 18.8998 14.1229 13.3923 13.3909 13.0517 15.8876 14.4208 14.5347 23.5367 16.8802 14.0076 15.3161 17.6983 15.0533 13.6232 17.0795 18.9094 15.0018 13.7557 14.3748 16.6212 15.0106 12.6719 14.9529 13.4316 12.6474 12.6278 14.2319 16.481 13.9404 13.4445 18.43 19.2228 16.8801 13.0535 12.5544 12.4975 13.7284 13.0072 13.3279 14.0407 12.5961 12.2083 17.7495 14.8438 16.8256 14.3249 17.3248 20.1158 12.1671 12.1526 12.0755 12.8777 14.3963 15.3855
threshold=12.350000000000003 3.8500000000000001 32.550000000000004 1.9500000000000002 6.3500000000000005 83.750000000000014 -1.5920327235193754 0.22500000000000003 7.8506978096530338 -1.0474912442486481 -0.63441571265495522 -0.54119950439247755 -1.8264019981390551 80.950000000000017 0.29317466247770912 -1.3100060179249391 34.903333333333343 0.042841847659834821 0.27817460317460324 4.5000000000000009 1.0000000180025095e-35 0.39721169726998934 1.0759981613287242 -0.27693827841376484 -1.925824175824175 -0.47501686879628346 13.904225569946462 1.9500000000000002 -0.86423161598744935 -0.14799860207518903 -1.65963605542065 1.0000000180025095e-35 -0.1480418414209356 -0.46512816043563632 1.3773217324252676 -0.97412766620990354 0.043798180773625496 -0.15583504004789514 1.1586038857520524 7.5201279317697241 -0.53375012229417107 8.0849624060150393 0.10458350006669336 -1.3880894352260691 -0.31914256745085706 -1.4688804793570811 1.3477519351900209 0.76870611478580753 0.037214656706340193 -0.55220150252290001 2.5000000000000004 2.5000000000000004 0.23303167420814483 0.5614160401002507 0.086998570347321516 0.6541611954412625 0.25866628163503164 -1.9467498557795806 1.0000000180025095e-35 -0.74991139504960869 1.4049598900624816 -0.28863860860732599
decision_type=2 2 2 2 2 2 2 2 2 2 2 2 2 2 2 2 2 2 2 2 2 2 2 2 2 2 2 2 2 2 2 2 2 2 2 2 2 2 2 2 2 2 2 2 2 2 2 2 2 2 2 2 2 2 2 2 2 2 2 2 2 2
left_child=1 3 49 -1 9 -4 7 8 10 -3 -5 21 -13 -14 29 32 -17 -18 19 20 -19 24 23 -23 25 -6 27 28 -27 30 31 -15 -16 -11 37 -36 -37 38 39 42 41 -41 -35 -39 45 -45 48 -48 -47 50 53 -51 -53 56 -55 -56 -2 -32 59 -59 -61 -62
right_child=2 4 5 6 11 -7 -8 -9 -10 33 -12 12 13 14 15 16 17 18 -20 -21 -22 22 -24 -25 -26 26 -28 -29 -30 -31 57 -33 -34 34 35 36 -38 43 -40 40 -42 -43 -44 44 -46 46 47 -49 -50 51 -52 52 -54 54 55 -57 -58 58 -60 60 61 -63
leaf_value=0.053311817462779611 1.1439738143800476e-05 -0.00055619473134063929 -0.033927990047855072 0.0062468267348011891 -0.012951443337620085 -0.047018257612415015 0.031244294336771884 -0.0018073558335936976 0.010790498833689377 0.0045216205905658806 0.11673751508320014 0.046498938032319012 -0.014505965290499488 0.0073344197786574875 0.0041318415660281408 -0.041165313701823893 -0.025248799739318185 0.024544574495104637 0.023307972035792768 -0.018178885298680041 0.2082985975771329 0.0948018437516506 -0.028743841567978958 -0.002636558777342046 0.0070998840419803037 0.017097966893533118 -0.014084058429370862 -0.017429390893457596 0.17134686070152483 -0.0088954187060841395 0.096276904171490998 0.12118997445608831 0.14491757366600613 -0.0079037940263105479 -0.030356219145548237 0.1105910344326515 0.00255754829219902 0.044214585458947964 -0.0035615359379935507 0.19525147563413423 0.058177409531685598 0.027109860779742746 0.08000993644471216 0.095703212946328386 0.022428179362697018 0.0079880471696624506 0.1014841506706624 -0.025994899423364026 -0.024482039492150897 -0.017549505959623197 -0.010288879731437689 -0.019780863045309516 0.15805099393754682 -0.0073089697766123164 0.19233623497341923 0 0.095281521032714214 -0.021894400587019209 -0.008191923431051077 0.013543786271573585 -0.001696957770855298 0.14229832451446864
leaf_weight=267.23875124752522 37.493638198822737 81.63360233604908 653.38860485330224 3.4383570477366474 5.198998428881171 662.39609180018306 906.76450782269239 8.3135756030678731 5.8703175559639922 107.93190356343985 18.550382904708389 19.115015439689159 117.5389132834971 5.4417996853589994 2.3944379836320877 10.605531211942433 11.18530137836933 2.1458738446235648 50.75192641094327 1.9808221086859701 2.6097543463110924 16.020205438137062 5.1606568172574034 6.8240492120385161 183.06309339404106 2.4593814089894286 2.9034133180975905 1.9515902325510968 5.8511974960565558 189.16425836831331 2.637421488761901 4.3948322758078575 4.7475144490599623 12.59068223834038 3.1868213713169125 11.807188652455805 4.08164969831705 47.646796211600304 14.268791042268274 4.5564792305231121 18.160492040216923 2.0084754154086113 4.8355020508170119 2.9371267035603514 431.50548677146435 126.51050893217325 5.6316581144928914 2.6144406497478485 37.998795233666897 746.57945049926639 275.57332651689649 2.2442241869866844 1.5944308117032049 3.5390146709978563 3.0673250406980515 1.9696977175772188 2.6917294263839713 23.631448052823544 119.50821702554822 163.0337832942605 2.9709999412298203 3.5664702653884879
leaf_count=1313 673 788 16246 22 66 18531 6038 53 37 1097 108 227 1542 70 31 134 145 27 640 25 33 199 67 85 2344 29 36 26 74 2462 33 56 58 127 30 108 40 434 141 44 182 21 45 27 4053 1196 53 25 369 13560 4975 41 28 64 57 36 48 302 1545 2096 40 46
internal_value=1.63776e-05 0.0219554 -0.0284008 0.0371912 0.0121659 -0.0405524 0.0325655 0.0638182 0.0829592 0.0187109 0.100701 0.00592072 0.00266293 0.00142643 0.00457079 0.0234234 0.0148327 0.0240191 0.0339583 0.100166 0.144923 0.016313 0.0484689 0.0665954 0.0116002 0.053519 0.079182 0.104921 0.132976 0.00135417 0.00734081 0.0651537 0.104636 0.0205916 0.0229502 0.0648676 0.0849293 0.0217294 0.0451282 0.0614266 0.0890627 0.154855 0.0192379 0.0196401 0.017634 0.00577068 0.00367091 0.0620858 0.000355206 -0.0134954 -0.00534512 -0.0169996 0.0704491 0.0221392 0.0772223 0.128815 0.00867284 0.0053214 0.00423389 0.0119484 0.0167947 0.0846521
internal_weight=5487.48 3096.94 2390.54 1210.18 1886.76 1315.78 942.937 36.1726 27.8591 919.906 21.9887 966.857 737.424 718.309 600.77 86.4212 79.2792 68.6737 57.4884 6.73645 4.75563 229.433 28.0049 22.8443 201.428 18.3646 13.1656 10.2622 8.31058 514.349 325.185 9.83663 7.14195 838.273 730.341 19.0757 15.8888 711.265 56.4204 42.1516 24.7254 6.56495 17.4262 654.845 607.198 175.693 172.755 8.2461 164.509 1074.75 324.335 750.418 3.83865 48.7614 8.57604 5.03702 40.1854 315.348 312.711 193.203 169.571 6.53747
internal_count=83048 28789 54259 7571 21218 34777 6258 220 167 8780 130 12438 9512 9285 7743 1093 1004 870 725 85 60 2926 351 284 2575 231 165 129 103 6650 4188 126 89 7992 6895 178 148 6717 560 419 247 65 172 6157 5723 1670 1643 78 1565 19482 5853 13629 69 878 157 93 721 4062 4029 2484 2182 86
is_linear=0
shrinkage=0.05


Tree=16
num_leaves=63
num_cat=0
split_feature=6 6 6 6 6 6 162 193 93 86 241 75 3 155 96 127 125 128 155 245 131 30 249 89 249 76 221 3 174 149 59 33 116 75 162 236 213 127 228 195 71 193 202 216 125 228 126 158 246 76 228 191 203 227 203 144 151 193 140 126 103 67
split_gain=1250.23 178.244 143.037 34.859 31.0184 22.1149 15.9647 15.2803 15.974 15.0318 14.7666 14.7604 16.7934 16.2143 23.2452 15.9124 15.7461 15.6586 16.0064 14.154 15.7225 17.7133 16.1544 19.6587 24.3115 29.6275 21.5363 18.156 16.2196 14.1187 13.8427 13.2153 12.7939 15.0418 15.8345 16.0607 17.3021 14.2983 14.0958 13.9634 13.9396 14.6669 22.8732 13.5188 17.7539 13.3496 16.9686 13.0074 15.2385 16.3682 14.9693 14.4003 18.7832 19.3316 18.1324 13.2116 17.5732 21.4011 12.7147 12.3623 12.2559 14.7041
threshold=2.6137328127880433 1.3479888099339705 3.4827761888541775 2.1222436103259104 0.6675005333661701 4.3726072137305918 1.0865907970509852 -0.66498317056008427 0.058722383071930589 0.89282770795549549 -1.0312528431258634 2.2236111111111119 471.00000000000006 -0.1292308021206077 0.10958856880171623 -1.2832814147324363 0.50463925443906021 0.55337342848734716 0.21001986586379212 -0.45249554857248964 -0.67795471476455893 34.888194444444451 -0.43139395648450696 -5.3262310014381997 -0.72743279032484665 -0.54754891913551595 0.24838253340403996 481.00000000000006 -0.67417090074393671 -0.88207170470134699 -27.830952380952379 36.250000000000007 1.5000000000000002 3.280350877192983 -0.90695376600210698 -0.6167902688705984 -0.85968102099324206 1.0462983095443132 0.54277239765514385 0.34105843355542292 111.50000000000001 -0.62650102493236715 -0.16160009360683381 -0.50969693050307163 0.20770635445703037 0.35551509722457314 0.35862815018715849 1.163516114844269 -0.27230567001251943 -1.0028560600670449 -0.90539356104139546 0.46720120341172083 -0.38691818691447738 0.7419995161590035 -0.45777206198834025 -0.84572201834917704 -0.04238746342252149 0.66615752427447272 1.0000000180025095e-35 -1.3137407390113458 0.090935595017227686 0.075568475452196401
decision_type=2 2 2 2 2 2 2 2 2 2 2 2 2 2 2 2 2 2 2 2 2 2 2 2 2 2 2 2 2 2 2 2 2 2 2 2 2 2 2 2 2 2 2 2 2 2 2 2 2 2 2 2 2 2 2 2 2 2 2 2 2 2
left_child=1 4 7 19 -1 -4 -6 8 9 31 -11 12 -5 -14 -15 16 17 -13 -19 20 60 -22 23 -23 -25 -26 -27 28 -24 -8 -9 -2 39 34 35 -34 -37 38 -38 40 -21 42 -42 44 -41 -45 -47 48 49 -36 -51 52 -52 -54 -53 -49 -57 -58 -33 -31 -3 -62
right_child=2 3 5 11 6 -7 29 30 -10 10 -12 15 13 14 -16 -17 -18 18 -20 32 21 22 27 24 25 26 -28 -29 -30 59 -32 58 33 -35 47 36 37 -39 -40 43 41 -43 -44 45 -46 46 -48 55 -50 50 51 54 53 -55 -56 56 57 -59 -60 -61 61 -63
leaf_value=0.049588436030893968 -0.0060499085519337545 -0.0070268226087328873 -0.032960839342644384 -0.0068297772728041738 0.032699998139337223 -0.046410713953472994 -0.0014909780284160755 0.077077199569573415 -0.015258033786155931 0.051372287290144349 -0.0016904464483911167 0.023790832377428048 -0.002063832995284618 -0.0081015593225188167 0.14061140821189841 -0.0035305690291617606 -0.011091224718221084 0.034158501781377013 0.17920856146446648 0.037234871676674802 -0.037652018209664989 -0.022358195550444035 0.12461091227908921 0.017410646956124914 0 0.24501577850973413 0.030129102930286068 -0.034043119159554013 0.018771188033998427 -0.025786493969776409 -0.01846186319462487 0.21233364253426862 -0.022243215473644839 -0.0058354286010274935 0.014085825185370247 -0.0085097712253665563 0.091219077405531215 -0.022575853071428318 0.019594648114608385 -0.005352235539716128 0.0057137477442789058 -0.0057498526538568764 0.11734440740419216 -0.020807359434741528 0.10526985312041065 -0.013321508377317185 0.081571214780661427 -0.015143253237606622 0.0084936680968209031 -0.027125990172259907 0.029571928429864336 0.084715446280885828 0.15417132603495165 0.021230994107187161 -0.027412328068406558 0.0096681120202828756 0.14826310271262697 -0.020414351448646381 0.019194329353988276 0.045056860026351009 0.063277861624127366 0.0019524048432385923
leaf_weight=272.86239992082119 2.354023713618516 179.16269183531404 604.20625049993396 13.819476183503868 847.33606428653002 663.29858252778649 69.70661161839962 2.8279839232563964 127.51892061159015 14.28916249796748 90.615500297397375 31.629755102097988 5.8379751369357136 3.4875212311744672 7.9325541444122791 551.17181403562427 21.191126324236393 5.2069451473653299 2.8425856865942478 204.15843991935253 8.2034799754619581 3.9046959728002575 3.7165025994181624 6.561304137110711 2.6639879643917084 4.659585684537884 1.9304938390851019 11.246597677469252 18.568631686270241 6.5402429848909369 693.75128779560328 1.4420416876673701 8.0392268151044828 84.805048584938049 75.406640715897083 9.5771571993827802 28.312325991690159 3.7548514902591696 10.07224979996681 7.0490395054221135 13.368867866694929 44.420479342341423 6.1615826785564414 40.016651883721352 6.1126348823308945 9.6621197760105151 7.6540393829345694 5.2924449592828777 479.55010396242142 4.5700218379497519 10.689179062843321 5.0075572580099097 10.373332835733892 4.1919046863913527 8.0850322470068914 7.2779960855841699 7.5044100210070557 2.0656560435891151 1.7430537939071653 38.032087080180645 13.661409281194208 30.064742125570774
leaf_count=1313 42 1969 15404 179 5482 19373 468 53 2363 259 1673 440 76 44 94 7774 297 72 36 2029 100 48 42 77 32 54 23 132 219 46 13018 27 81 980 710 94 272 38 95 73 130 449 58 415 62 98 73 53 4735 49 116 49 102 45 86 70 68 20 33 262 147 327
internal_value=1.32193e-05 0.0196477 -0.0290936 0.010527 0.0346261 -0.0400343 0.0303282 -0.0142226 -0.00324105 0.0106014 0.0059069 0.00089372 0.0339595 0.0654807 0.0977984 -0.000829754 0.0232067 0.0414691 0.100076 0.0149845 0.00499092 0.0271668 0.0377543 0.0726395 0.0963259 0.144636 0.194989 0.015584 0.0412303 0.0125678 -0.0179569 0.0842449 0.017549 0.0139186 0.0163953 0.0408584 0.0509981 0.0645223 0.0735263 0.0256666 0.0308624 0.0101817 0.0451754 0.00568019 0.0494762 -0.00496399 0.0305132 0.0139676 0.0125085 0.0285307 0.0528984 0.0630095 0.0845322 0.120054 0.0180869 0.0509086 0.0716234 0.112895 0.137674 0.0342143 -0.00119514 0.0222106
internal_weight=5467.17 3265.12 2202.05 2030.64 1234.48 1267.5 961.615 934.542 237.963 110.444 104.905 643.12 31.0775 17.2581 11.4201 612.042 60.8704 39.6793 8.04953 1387.52 284.344 61.4553 53.2518 19.7201 15.8154 9.25407 6.59008 33.5317 22.2851 114.279 696.579 5.53912 1103.18 764.575 679.77 59.7558 51.7166 42.1394 38.3846 338.604 268.109 63.9509 19.5305 70.4945 13.1617 57.3328 17.3162 620.014 597.874 118.324 42.917 38.347 25.2544 14.5652 13.0926 22.1405 16.8481 9.57007 3.1851 44.5723 222.889 43.7262
internal_count=83048 30803 52245 23232 7571 34777 6258 17468 4397 2034 1932 9012 393 214 138 8619 845 548 108 14220 3170 727 627 234 186 109 77 393 261 776 13071 102 11050 7663 6683 580 499 405 367 3387 2666 637 188 721 135 586 171 6103 5892 1157 447 398 263 147 135 211 158 88 60 308 2443 474
is_linear=0
shrinkage=0.05


Tree=17
num_leaves=63
num_cat=0
split_feature=5 5 5 5 5 168 166 5 197 235 145 198 193 241 212 108 203 160 131 88 163 194 216 143 223 182 232 188 189 103 203 227 211 59 241 244 223 173 193 64 169 170 215 244 128 192 92 154 229 241 203 127 128 127 66 96 198 140 173 244 62 76
split_gain=1142.61 157.431 139.971 40.1124 22.4629 16.9903 18.3832 15.643 16.8271 17.2624 15.0517 14.7204 14.3106 14.2018 13.7946 19.1083 16.8764 16.7159 17.9697 13.7523 13.685 15.4557 18.4435 13.5987 13.4423 13.4208 12.6086 13.5243 12.5621 12.4946 14.1218 12.6358 14.7154 12.4363 12.3382 13.4095 12.4162 12.3381 12.3362 17.2466 13.6043 13.7305 14.8795 16.6639 14.006 13.4292 13.2144 12.326 12.2634 17.2307 15.0532 13.943 13.307 15.7668 12.3485 17.5913 11.997 16.9549 14.7513 13.2885 12.2823 14.1881
threshold=13.65 4.9500000000000011 32.550000000000004 1.9500000000000002 83.750000000000014 -1.681146096069039 1.1331979452742174 8.7500000000000018 -0.63946738397063629 0.87409527363122363 -0.91333898195465468 -0.43806947210694064 -0.66498317056008427 0.68924729406456986 1.0624319904525124 0.31666666666666671 -0.94859365585959221 1.3637462689805666 -1.313621272121495 28.473510786521331 -0.47668546609087259 1.1807711773186889 1.0000000180025095e-35 -0.31622776601683783 1.2556562238868916 -0.44705453851071758 -0.69161609750156761 -1.5677782496850399 -1.1830388474515499 0.073290476157683207 -0.45402418729966515 -0.65619009576501564 -0.68902561629761705 -27.830952380952379 0.51767890751678858 -0.26754784469761311 -0.29509323958628814 -0.68043013053121848 -1.150049067213829 39.500000000000007 -0.98152163891338395 -1.0000000180025095e-35 -0.34757964263100088 -0.20809813996997847 0.36005944552024038 -0.037786305369212098 0.24681708299758262 0.073922127095453385 -0.40738021255793638 -1.2045673046696879 1.3641492705628309 -0.6895289221826727 -0.41783869672008195 -1.1328430311977589 0.060167780562517405 0.11490648592999315 1.5364358084895251 -0.38204840831617909 -0.81913370240484373 -0.36551631788571554 0.081200153507294676 -1.1969313252145426
decision_type=2 2 2 2 2 2 2 2 2 2 2 2 2 2 2 2 2 2 2 2 2 2 2 2 2 2 2 2 2 2 2 2 2 2 2 2 2 2 2 2 2 2 2 2 2 2 2 2 2 2 2 2 2 2 2 2 2 2 2 2 2 2
left_child=1 3 12 -1 -4 25 7 8 9 10 23 -12 19 20 16 17 -5 18 26 -2 -13 22 -22 -7 29 -3 -16 -28 -9 30 31 -20 -33 -14 36 -36 -10 -17 39 -38 -41 -42 43 44 46 56 -43 48 49 -29 52 -51 -50 -54 -55 -56 59 58 -58 -40 -61 -62
right_child=2 5 4 14 -6 6 -8 28 34 -11 11 13 33 -15 15 37 -18 -19 24 -21 21 -23 -24 -25 -26 -27 27 47 -30 -31 -32 32 -34 -35 35 -37 38 -39 45 40 41 42 -44 -45 -46 -47 -48 -49 50 51 -52 -53 53 54 55 -57 57 -59 -60 60 61 -63
leaf_value=0.046242711300564954 0.0026755116575104118 -0.014682226272357272 -0.032618102259384933 -0.013496426614001595 -0.046402164495690887 0.095296906375336277 -0.010931311606816825 0.034211887826580495 -0.010337594407184033 -0.019298033448154651 0.027586052879239376 -0.013499630712393114 0.070469625357881691 0.0088096157363421364 -0.0017583385377535907 0.020913545950721438 0.024011225215865017 0.071873784065027799 -0.0072042210196009999 -0.028131142616147204 0.13249638519490892 0.015828820270667388 -0.018458059724118205 -0.0066977882839911922 0.08852209385735503 0.047778874163461327 -0.019940625235977911 -0.033619708274485363 -0.0011565479682509937 -0.021427893213693344 -0.0096873818587875984 -0.016920096201685945 0.1048063049842814 -0.017836963441687885 -0.015122550448249722 0.011184014116761024 -0.004926110353375846 0.12921633776011218 -0.019192294558067088 0.11238973677453586 -0.022546445824010573 0.013115834432905302 0.0011505381449258404 -0.026790209355445876 0.1564958333665909 0.0021278455382945116 0.13069027922812068 0.093664873798828666 0.0037670961258226172 0.0041092453031729989 -0.03863850445667677 0.09678970611065435 0.11554983050373607 0 0.019351877434881787 0.082334162026874019 -0.018109981382837505 0.011441519458926967 0.1221641483252842 0.013128357950437581 0.099742785274961387 0.027800063835741504
leaf_weight=277.91034735739231 193.60818960517645 10.195656038820742 614.10838481038809 30.011816330254078 607.32756359875202 2.6362228244543067 144.828992087394 25.49583426117897 52.349764674901962 17.138508297502995 65.428755484521389 2.8183741644024876 3.0268712639808646 8.2732068896293622 18.214212492108345 4.5379759818315506 1158.4090606048703 23.977626480162144 6.1170616075396564 43.478635016828775 17.275724112987525 5.2430213615298262 1.9560610279440869 31.05435099452734 3.7476689890027037 40.598712116479874 7.7158838137984267 3.1278894320130375 475.60539237782359 31.298187673091888 18.598309434950352 2.8230628967285165 9.64453029632568 682.48072093725204 98.094098560512066 93.67397753149271 17.693064220249653 7.9050717949867231 22.620301678776741 7.2720970734953871 6.8459113016724578 7.7034239098429733 9.5564570426940936 2.7448697462677947 5.5919800251722327 189.15519905090332 2.7327716052532196 11.868961423635481 23.939116209745407 5.1560088172555032 6.3534063026309004 22.437817059457299 6.8775472193956295 16.035200379788883 23.481797985732555 21.985980018973351 1.951059691607951 12.333902984857557 8.81463570892811 131.87148416042328 8.3014504387974721 33.101612150669098
leaf_count=1313 3586 115 16246 221 18531 28 1863 348 600 190 706 32 53 89 121 31 8258 159 52 811 180 54 21 364 29 378 51 21 6802 255 153 21 74 13018 1116 1029 183 52 256 71 76 84 106 28 60 2123 26 79 155 35 44 143 44 107 153 137 22 132 93 1468 86 366
internal_value=8.01473e-06 0.0184566 -0.0284072 0.028786 -0.0395083 0.00691374 0.00593967 0.00773962 0.0118115 0.0268947 0.0329084 0.0424861 -0.0136781 0.0682559 0.0254401 0.0356022 0.0230493 0.0324498 0.0281982 -0.00304745 0.0851505 0.0967907 0.116742 0.00365597 0.00714185 0.0351035 0.0371685 0.041941 0.000697579 0.00140637 0.0208155 0.0505321 0.0776625 -0.0173377 0.00855679 -0.00225515 0.0125454 0.0945842 0.0151308 0.0361649 0.0531268 0.0379686 0.0530328 0.0777969 0.0965228 0.0119383 0.0530762 0.0454725 0.0403292 0.0679363 0.0310883 0.0803962 0.0363031 0.047403 0.0379757 0.0510311 0.0203412 0.0538645 0.0969388 0.0161093 0.0208301 0.0443548
internal_weight=5447.16 3303.13 2144.03 1742.17 1221.44 1560.96 1510.16 1365.33 864.232 151.824 134.686 100.995 922.594 35.5664 1464.26 275.843 1188.42 263.4 239.423 237.087 27.2932 24.4748 19.2318 33.6906 72.2288 50.7944 167.194 148.98 501.101 68.4812 37.183 18.5847 12.4676 685.508 712.408 191.768 520.64 12.443 468.29 60.1406 42.4475 35.1754 28.3295 18.773 16.0282 408.15 10.4362 141.264 129.395 30.7217 98.673 27.5938 92.3196 68.3805 61.503 45.4678 218.994 23.0996 10.7657 195.895 173.275 41.4031
internal_count=83048 30803 52245 11708 34777 19095 18602 16739 9589 1664 1474 1082 17468 376 10395 1916 8479 1833 1674 4397 287 255 201 392 584 493 1090 969 7150 555 300 147 95 13071 7925 2145 5780 83 5180 634 451 380 304 198 170 4546 110 918 839 199 640 178 596 441 397 290 2423 247 115 2176 1920 452
is_linear=0
shrinkage=0.05


Tree=18
num_leaves=63
num_cat=0
split_feature=6 6 6 6 6 6 214 162 194 193 93 249 130 166 145 93 160 44 127 70 184 168 37 186 247 221 157 93 176 41 77 221 141 70 35 141 65 134 244 93 102 244 227 162 116 206 144 155 90 214 116 70 188 236 188 243 248 175 62 192 242 162
split_gain=1044.98 138.306 136.683 27.5267 23.9697 22.7712 15.1972 13.4868 15.5818 13.3057 14.8622 15.0778 12.7468 12.458 12.1674 11.9255 11.6916 14.5934 20.1671 17.9447 19.9656 11.9046 12.4552 11.9887 11.5236 11.2652 11.1955 11.0172 10.9248 13.1101 16.7997 10.6116 12.3706 11.7087 13.8546 16.4443 15.1542 11.8929 14.463 10.5591 10.6305 15.2435 13.5251 14.5391 18.9269 13.1846 10.44 16.5878 15.3586 14.4056 11.8819 14.0429 11.4887 14.627 14.1509 17.7225 14.9301 14.299 11.6231 14.5757 11.5155 11.465
threshold=2.6137328127880433 1.3479888099339705 3.4827761888541775 2.0215256339172751 0.6675005333661701 4.4278359924917341 -0.72810520689809211 1.0865907970509852 1.6047959952248048 -0.66498317056008427 0.0082769682470639431 -0.43139395648450696 -0.49211927073021516 1.1331979452742174 -0.67037800807792103 0.062418414918414926 -0.84526248572613816 5.5000000000000009 0.51326490057954588 7.175474400286431 0.25255131123621588 -0.66143782776614746 1.5000000000000002 0.43076336489797962 2.5183057128214084 -0.98460006648801024 -2.7134783062253347 0.11116884107955537 1.9266604683927817 1.0000000180025095e-35 1.2083333333333335 -0.57035710846506382 -1.0832692269757302 7.5013955296404289 54.500000000000007 -0.79332882802191773 0.11312458650646863 -0.5035944552095829 -0.28883112072054345 0.058722383071930589 58.500000000000007 -0.28945882912442084 -1.0100556977966602 -0.11479460885485537 4.5000000000000009 -0.76707559727711649 -1.442150536296291 0.59338255774557636 23.500000000000004 1.3482699796066588 2.5000000000000004 6.1208970767794302 0.13954371495168025 2.6282471038283455 0.72726511761156376 1.1515151515151516 -0.37196350018246349 0.29843905639488771 0.083501687708948211 0.20770694586232782 -0.55087184177233683 0.44990120254338206
decision_type=2 2 2 2 2 2 2 2 2 2 2 2 2 2 2 2 2 2 2 2 2 2 2 2 2 2 2 2 2 2 2 2 2 2 2 2 2 2 2 2 2 2 2 2 2 2 2 2 2 2 2 2 2 2 2 2 2 2 2 2 2 2
left_child=1 4 9 -3 -1 -4 16 46 14 10 11 -2 -13 -8 -9 25 -5 21 19 20 -19 23 31 -18 26 -16 -11 -17 39 30 -30 -23 -33 34 -34 -36 37 38 -37 40 41 42 -12 44 -44 -42 47 -6 49 52 51 -51 53 58 55 61 57 -57 60 -60 -48 -54
right_child=2 3 5 6 7 -7 13 8 -10 24 28 12 -14 -15 15 27 17 18 -20 -21 -22 22 -24 -25 -26 -27 -28 -29 29 -31 -32 32 33 -35 35 36 -38 -39 -40 -41 45 -43 43 -45 -46 -47 48 -49 -50 50 -52 -53 54 -55 -56 56 -58 -59 59 -61 -62 -63
leaf_value=0.043217705047430707 -0.031516967292386525 0.013984495726073957 -0.03195959238161853 -0.031733691520947731 0.0079916112019975897 -0.046086063132180825 0.0019542236635781873 0.0064386243369260457 -0.039140149799819973 0.09021187973759319 -0.030492304681572879 0.18526867639222599 -0.0032369798479970294 -0.019826345590029937 0 -0.033767508831573916 0.11472709193915918 0.2338982677710166 -0.013698252667091577 0.024808318272909004 0.017307043885240455 -0.0092084472520934501 -0.036501298201363913 -0.018158622127654383 0.060332100402767076 0.095339000631608384 -0.017638711405345005 0.056260076178356357 0.20367797108127306 -0.0085661716075672144 -0.0078540672578483375 0.12215701267999897 -0.0089303066516810952 -0.012954346717625543 -0.033756706950321805 0.027523259197699025 -0.002866100177967366 0.026945778218494084 0.24163929409441401 -0.016749535530278751 0.083416187592723207 0.005414397042509525 0.23200254766978717 0.0058346923486106983 0.017336684652025862 -0.0096143855986310593 0.006107661871887592 0.076448640370563939 -0.0052985309608865648 0.020254876919541712 0.030895508453794941 0.091380809623251305 0.054087705632014552 -0.028899913629920271 0.027700126480622606 0.082496713376658412 -0.03669898041977275 -0.033864370978330491 0.026907705017615899 -0.024133938387645118 0.033064933658005682 0.11550767494019386
leaf_weight=282.44241870939732 1.6829396970570085 1251.7167767062783 595.91069956868887 8.2825712673366052 102.03787721693516 581.57791526243091 651.36196643859148 76.431098982691765 13.010310418903826 1.425756163895129 1.5645214505493639 1.9275231547653673 1.1702097654342645 71.992528948932886 4.0216539725661269 6.7860151305794698 4.5937165580689898 2.9816682562232 4.1395382434129706 4.0327620841562748 1.7565561719238756 18.007225010544055 10.804652601480482 2.0004941895604134 3.8373418040573588 11.665912866592409 669.69855671003461 5.0206156596541405 1.3279013857245439 3.6682523936033249 1.3801394104957578 2.9601196125149754 5.8056251369416811 11.305254120379685 1.8796618431806589 1.434978011995548 2.0834690555930138 2.0570461899042138 2.7099998630583282 121.99443259462714 3.0126569308340541 19.476666778326035 2.3239189758896828 2.3639509491622466 1.814661420881748 72.76638512685895 46.794812932610512 8.7661919221281988 27.905521787703037 10.356840245425699 35.018566183745861 27.328632459044456 79.460466183722019 11.607488706707953 146.77478794753551 7.2519706040620822 9.0018625631928426 3.1426256448030472 30.784882865846157 23.948565118014812 298.12908153235912 8.8185875266790372
leaf_count=1313 30 12221 16246 116 650 18531 8799 508 87 26 28 34 22 1027 26 46 57 38 57 55 22 248 153 26 74 74 12971 35 23 67 24 40 80 157 26 20 28 27 35 2303 54 358 41 44 34 1335 296 56 177 63 219 166 493 77 918 45 56 21 195 152 1844 54
internal_value=3.05536e-06 0.0173572 -0.0277242 0.00933874 0.0302879 -0.0389743 0.00214665 0.0265695 0.010435 -0.0131578 -0.00291017 0.0762533 0.129426 -0.000230983 0.0170028 0.044938 0.0217868 0.0278208 0.0746532 0.113997 0.171484 0.0175528 0.00970041 0.0766724 -0.0167311 0.0721894 -0.0172683 0.00552885 -0.00488576 0.0549679 0.121479 0.0206805 0.0383659 0.0250971 0.0515034 0.0841752 0.112222 0.146608 0.188242 -0.00683706 0.00486715 0.0309088 0.084524 0.113239 0.160541 -0.00481248 0.0287004 0.0140876 0.0307857 0.0321614 0.0534779 0.0729919 0.0297492 0.0244294 0.0381986 0.0520767 0.00801192 0.0469936 0.026059 0.00445246 0.0294504 0.0615043
internal_weight=5427.34 3338.41 2088.92 2061.91 1276.51 1177.49 810.19 994.064 116.936 911.436 236.474 4.78067 3.09773 723.354 103.925 27.4942 86.8353 78.5528 12.9105 8.77099 4.73822 65.6422 59.048 6.59421 674.962 15.6876 671.124 11.8066 231.693 6.37629 2.70804 48.2434 30.2362 27.276 15.9708 10.1652 8.28549 6.20202 4.14498 225.317 103.323 27.5437 8.06705 6.50253 4.13858 75.779 877.129 110.804 766.325 738.419 72.704 37.6855 665.715 411.265 254.45 107.676 19.3965 10.3946 399.657 54.7334 344.924 88.2791
internal_count=83048 30803 52245 23232 7571 34777 11011 6258 776 17468 4397 86 56 9826 689 181 1185 1069 172 115 60 897 814 83 13071 100 12997 81 4311 114 47 661 413 373 216 136 110 82 55 4197 1894 505 147 119 75 1389 5482 706 4776 4599 448 229 4151 2564 1587 669 122 66 2487 347 2140 547
is_linear=0
shrinkage=0.05


Tree=19
num_leaves=63
num_cat=0
split_feature=5 5 5 5 5 5 106 3 63 204 75 221 195 168 93 156 236 193 93 195 86 188 219 165 209 126 166 99 27 35 227 127 207 132 96 201 175 156 31 75 64 241 241 168 104 67 91 195 245 95 87 202 64 59 70 140 71 127 61 28 144 248
split_gain=955.377 133.497 123.706 35.9505 23.0569 14.5539 13.6622 16.6795 24.2043 32.818 15.5641 13.0476 13.7282 12.7354 18.8615 12.6404 13.8928 12.5262 13.3187 13.2905 15.8813 12.5141 14.1916 14.6625 13.0407 12.4982 14.1109 16.676 13.3996 22.7821 22.1167 22.3217 16.9198 16.007 13.9734 14.0574 14.4915 13.8287 19.4906 15.1195 16.5928 14.4633 11.7622 11.7044 15.1311 14.6927 13.8032 11.9057 12.2705 12.6796 11.5362 11.4318 11.4154 11.2809 11.6276 11.1203 11.369 13.2261 11.0164 11.922 10.9891 12.4515
threshold=13.65 32.550000000000004 5.3500000000000005 3.1500000000000008 83.750000000000014 1.5500000000000003 7.5422187815065547 491.00000000000006 7.6295469576719581 -0.28767821526255477 1.0515030946065431 -0.59115525510154743 0.38596079574383896 -1.681146096069039 0.027849927849927857 -0.33386200256218407 0.83284524105852664 -0.66498317056008427 0.058722383071930589 0.038913734718364935 0.89282770795549549 -0.67813847951903927 2.8584433857780911 2.1031401858512173 0.88243710010879206 1.097550190987046 1.1331979452742174 9.5000000000000018 7.2928571428571436 91.500000000000014 -0.79146242932882149 -0.70707180879508724 -0.65972893825026657 -0.2570120866101554 0.11121248986212491 -0.13078983949770234 -1.0000000180025095e-35 0.24006994409611085 35.45000000000001 3.8289198606271784 319.50000000000006 1.6824544301831745 -1.0312528431258634 -1.4832689471457952 0.076946951248627243 0.1622329135418141 0.11483516483516486 -0.45417062987853662 1.6608906221878537 1.0690476190476199 -45.793177184126677 0.84837530373002024 371.50000000000006 -27.830952380952379 7.3216918740174561 -0.75244808604464164 99.500000000000014 -0.17577947650643685 7.2811320128728321 0.27879870129870138 -1.4820174011856675 -0.61525420181408119
decision_type=2 2 2 2 2 2 2 2 2 2 2 2 2 2 2 2 2 2 2 2 2 2 2 2 2 2 2 2 2 2 2 2 2 2 2 2 2 2 2 2 2 2 2 2 2 2 2 2 2 2 2 2 2 2 2 2 2 2 2 2 2 2
left_child=2 17 3 5 -3 -1 7 8 -5 -10 -11 12 -8 14 -4 -12 -17 18 19 20 -2 24 23 43 60 26 27 -15 33 30 -30 -32 -33 37 -35 36 -36 -29 39 40 -39 -40 55 52 45 47 -46 -45 49 -49 -27 -21 -23 54 -19 -22 57 -57 -50 -60 -7 -62
right_child=1 4 13 6 -6 21 11 -9 9 10 15 -13 -14 25 -16 16 -18 53 -20 51 42 22 -24 -25 -26 50 -28 28 29 -31 31 32 -34 34 35 -37 -38 38 41 -41 -42 -43 -44 44 46 -47 -48 48 58 -51 -52 -53 -54 -55 -56 56 -58 -59 59 -61 61 -63
leaf_value=0.05075118465114397 0.11349584481507527 -0.031297380321384446 0.10269486749438038 0.023896147218533306 -0.04576458168338203 -0.018599604375289056 0.029635946676864172 0.0082638790379611724 0.014329589624557163 0.026273472841331181 0.035789747758013288 0.0068666641519278182 -0.0077865724075792944 0.005410366341490995 0.016226237377282314 0.1510042079641121 0.020091714610646044 0.14261922962729487 -0.013952899025232682 -0.024746611566547866 -0.033219698347229862 0.081499885029862731 -0.036238672984647023 0.06934684161622072 0.050636413777275513 0.089225041476527767 -0.011013913283840576 0.0012714855053490921 -0.010322521571079065 -0.015025336996090552 -0.0072604837718181952 0.014461811958699803 0.19327321751875007 -0.015006827032168652 0.00081839050017902667 -0.014495992041558282 0.17056836246699555 0.020957887865197752 -0.00082179663699381844 -0.031595214409403209 0.164131574432343 0.1174715049172097 0.0066740618468047429 0.049486801694251889 0.028163398502687606 -0.00045937233107994232 0.0021743080772227831 0.037826387528265913 -0.010495443465137724 0.11176297527459902 -0.0075851168878825802 0.056313099519607196 0.00089648561583481829 -0.016633391030488397 -0.015843865259841074 0.011680884424366083 -0.028790403065537758 0.15109854729466779 0.053145887509260969 0.01275484749310167 0.041104284955642258 0.0083223268040574557
leaf_weight=91.436999753117561 3.4848342873156062 578.55953608080745 6.6590412706136695 301.63470996171236 557.0098073054105 23.178558014333248 147.67303668707609 125.32802357524633 23.450522400438786 7.6878957897424725 5.3751984015107181 357.94136692583561 28.667825736105442 877.65563058853149 40.571176499128342 15.108834430575373 2.806739278137683 1.2865296714007848 123.55901519581676 32.769292060285807 1.900588497519492 20.336293622851375 6.5215735733509055 27.366608686745167 25.599712714552879 2.1161231100559226 104.80022286623716 92.9073750898242 3.7023004293441781 6.7341461181640616 2.3469166085124025 1.8819450810551632 6.6378593370318404 3.0641623400151721 1.6959393993020047 1.7595913112163533 4.7707415595650673 3.57918733358383 23.165042188018564 1.6181789599359024 5.3629215843975544 1.8954657912254322 60.861214566975832 165.78840060532093 183.0364380851388 23.658175438642502 71.564079716801643 37.70368093252182 23.077851288020611 6.6093273758888236 230.58946684002876 4.0053413249552241 5.7183678746223441 661.67288840562105 1.8875463530421255 2.8158355839550486 1.3872051499783991 4.6135472096502772 29.151591435074806 49.802075885236263 40.235244743525982 101.75266833603382
leaf_count=384 60 16246 47 2343 18531 137 1153 978 184 55 44 2882 235 10903 407 111 21 21 2363 601 33 101 38 154 145 26 1408 1140 47 83 29 24 78 44 22 26 64 41 289 23 61 23 1118 912 1013 134 397 211 134 37 2936 72 31 13018 32 48 25 77 164 273 230 581
internal_value=3.23181e-06 -0.0270349 0.0163333 0.0245176 -0.0384321 0.0316201 0.0179667 0.0240915 0.0296098 0.0601809 0.0932001 0.0124043 0.0235144 0.00511943 0.0303977 0.113094 0.132906 -0.0126263 -0.00267435 0.00975517 0.0217525 0.0294766 0.0328019 0.0335641 0.0180026 0.00422687 0.00637807 0.00814643 0.0228941 0.0591317 0.0924934 0.125862 0.159969 0.0169566 0.0716426 0.102588 0.132792 0.0115981 0.0376256 0.091486 0.1152 0.0120978 0.0157148 0.0318578 0.0302938 0.037307 0.0209149 0.0401778 0.0293337 0.0511875 -0.00630536 -0.0145285 0.0646812 -0.0161331 0.0659675 0.0616775 0.0839439 0.106505 0.0193892 0.0282089 0.0126402 0.0178692
internal_weight=5407.54 2035.81 3371.73 1948.21 1135.57 932.538 1015.67 481.392 356.064 54.4292 30.9787 534.282 176.341 1423.51 47.2302 23.2908 17.9156 900.244 235.397 111.838 75.0632 841.101 650.334 643.813 190.766 1376.28 1143.58 1038.78 161.122 21.3032 14.569 10.8667 8.5198 139.819 11.2904 8.22627 6.46668 128.528 35.6208 10.5603 8.94211 25.0605 71.5784 616.446 590.392 335.791 254.601 312.133 146.345 44.313 232.706 36.7746 26.0547 664.847 3.17408 10.7172 8.81659 7.42938 102.032 78.9537 165.166 141.988
internal_count=83048 52245 30803 13082 34777 5076 8006 3736 2758 415 231 4270 1388 17721 454 176 132 17468 4397 2034 1361 4692 3599 3561 1093 17267 14305 12897 1994 261 178 131 102 1733 156 112 86 1577 437 125 102 312 1301 3407 3275 1865 1410 1731 819 248 2962 673 132 13071 53 183 150 125 571 437 948 811
is_linear=0
shrinkage=0.05


Tree=20
num_leaves=63
num_cat=0
split_feature=5 5 5 5 129 5 168 93 165 230 241 126 229 221 230 44 178 95 176 99 199 5 5 168 69 58 73 93 175 223 193 231 209 176 211 87 70 93 75 120 65 63 32 70 194 244 69 194 65 172 72 68 194 197 217 79 89 125 249 237 190 44
split_gain=856.876 110.137 102.465 32.3275 16.2647 15.141 15.0371 39.2314 17.3999 16.1783 15.0374 13.6611 12.2341 13.1126 13.7893 16.2418 12.2193 18.6769 22.5911 11.7792 11.3005 11.9268 11.208 11.012 17.0563 16.0833 11.9439 14.1717 11.8041 12.3609 10.904 24.4935 19.0103 20.5716 11.052 13.1898 15.192 10.8388 10.7802 10.7539 11.8908 14.4794 10.5913 10.5652 10.4697 13.0456 14.8992 13.0693 11.1346 12.829 11.0672 16.7829 21.107 12.975 15.9223 12.3483 19.9452 11.6572 11.2124 11.0669 10.7183 10.6182
threshold=15.950000000000001 6.5500000000000007 44.95000000000001 3.1500000000000008 -2.1280320830330441 1.5500000000000003 -1.7623381637145077 0.053325887075887084 -0.03267696199995674 0.51291138516714574 0.29846026335628667 1.1189666343050801 2.4443240352554905 -1.2145058640890238 1.0000000180025095e-35 3.5000000000000004 1.094316952005115 0.58578431372549045 0.47374643245916065 5.5000000000000009 -1.1186017226812648 15.65 120.45000000000002 -1.681146096069039 0.049940617577197158 0.14642857142857146 0.2310562571756602 0.092105793512043524 -1.8363936740286 -0.50161813987009807 -1.7454015395725124 0.37528661621070242 0.18397755163209192 -0.23788807032484496 -1.7105508643251826 -18.310801779954105 7.1523581429624175 0.046672351924452772 2.3594871794871799 0.13525000000000004 0.14437528636607105 7.1883373584037731 85.350000000000009 7.5415650406504069 1.6844557812459506 3.473396829750317 0.1391140895717555 0.85809323793852232 0.11196123885792787 1.7614950005625489 0.024144966964632728 6.8095715240003827 -0.45662870657894788 1.7127964980733508 2.2411126443597085 2.2227182539682544 2.8669174431459896 -1.814659843098301 -0.4697359518673942 0.33383047504632024 -0.1351833432186883 3.5000000000000004
decision_type=2 2 2 2 2 2 2 2 2 2 2 2 2 2 2 2 2 2 2 2 2 2 2 2 2 2 2 2 2 2 2 2 2 2 2 2 2 2 2 2 2 2 2 2 2 2 2 2 2 2 2 2 2 2 2 2 2 2 2 2 2 2
left_child=1 3 6 5 19 -1 7 8 -2 10 -10 12 30 -14 15 -15 -8 -18 -19 -3 -13 -22 -4 24 -5 26 -26 43 -25 38 31 39 33 37 35 -32 42 -33 -30 40 -6 -42 -37 -28 45 50 47 -47 49 -49 51 -7 -53 54 55 57 -57 -52 -54 -55 -58 -51
right_child=2 4 22 23 11 44 16 -9 9 -11 -12 20 13 14 -16 -17 17 18 -20 -21 21 -23 -24 28 25 -27 27 -29 29 -31 34 32 -34 -35 -36 36 -38 -39 -40 -41 41 -43 -44 -45 -46 46 -48 48 -50 61 53 52 58 59 -56 56 60 -59 -60 -61 -62 -63
leaf_value=0.046332849991113242 -0.01595484409690022 0.12807236240529926 -0.035770807388714104 0.10016977408117943 -0.024803030107180199 0.018626393198552103 -0.018617545156705367 -0.026019802893054313 0.23607112136593744 0.0029689713807712764 0.01449542572921623 0.028774176369423178 0.11097544121528156 0.12681760722410818 -0.013738416613737063 -0.033183175810823334 -0.01474845491927068 -0.0022121234079497147 0.21863048190521345 -0.00039321041831172652 -0.016428690578125599 0.059777854568561176 -0.047566724275801976 -0.012033617287693517 -0.025943564331057451 0.11134180426227816 0.078371540416445951 -0.019042688103536674 -0.029103609419593959 0.015871264649671844 0.12147474542521719 0.22087170326977934 -0.0065270918761311282 -0.013734954083864277 0.00105598113438395 -0.0056331649799484206 -0.034362706398512882 0.045258972290686504 0.050120565307432585 -0.047832635082801105 0.14055416254649369 0.0051679801616354498 0.1056562366414656 -0.0189968653167264 0.011156164243711986 0.015877091369130573 -0.019814744131400237 0.08943809316543834 0.0045199232630845068 -0.017170629452308891 0.089555498834965511 0.14019867586656615 0.079260593322544037 0.0070649177188073292 0.095138910031366722 -0.037799910574931261 -0.019850907693401663 0.024844143753794574 0.0089243311203548153 0.054717688242051171 0.051007817836925297 0.073257651342600177
leaf_weight=94.215980812907219 1.9081612564623354 3.3718442507088175 500.86699616163969 8.2836496457457525 6.0375306420028263 21.833083882927895 876.64478899911046 14.23426331207156 2.9538319483399418 1.629053510725498 1.1819380372762678 15.607047162950037 4.1243181675672558 3.6784802973270443 11.506420172750948 1.813456308096647 7.1369229406118375 2.1249579973518853 1.3872629553079603 2.8744012452661991 178.74567263945937 4.2963793762028208 379.21069907024503 40.3515829667449 12.638773612678049 3.6500867009162894 12.504245296120645 8.1557241529226285 25.215463474392894 1275.9754859730601 2.9665489420294788 3.3472839221358299 3.3320743255317211 1.6621195785701255 982.69756583496928 3.286160331219433 6.909869410097599 1.9903611131012438 4.1581727564334861 6.9380802884697905 2.5525375679135323 4.8115233406424522 4.2976787202060223 2.9841768667101851 120.16487070918083 183.89422763884068 22.932871580123901 17.444236740469936 11.518472760915754 7.2610927373170835 6.3800963610410681 8.6981681734323519 11.861613959074022 15.313951596617697 6.9745856225490561 19.874573677778244 7.0391495376825359 279.97313241660595 10.953812286257742 71.928326711058617 15.85205717384815 4.4058178067207336
leaf_count=392 36 43 15667 57 82 120 19211 295 43 28 20 182 53 48 158 26 158 46 30 39 2533 77 13170 349 97 25 83 68 221 10899 39 42 42 21 13470 45 95 25 41 82 29 61 57 22 661 1017 128 92 61 39 34 47 62 84 36 116 40 1546 59 392 85 24
internal_value=-0.000487946 0.0136012 -0.0287453 0.0200285 0.00166305 0.0272139 -0.0169353 0.023138 0.107393 0.145284 0.188874 0.00122521 0.00350158 0.040312 0.0176758 0.0762414 -0.0179553 0.0330504 0.11303 0.0763691 -0.0107615 -0.0142977 -0.0409074 0.015171 0.0385472 0.0235073 0.0117875 0.0323936 0.0143017 0.0151283 0.00270411 0.0315993 0.0905142 0.132375 0.00178232 0.0401197 0.0163798 0.17365 -0.016443 -0.000932236 0.0246366 0.0638874 0.0618125 0.0592938 0.0250222 0.0272977 0.0178169 0.0217536 0.0472108 0.0632253 0.0321613 0.0538408 0.0767608 0.0292971 0.02467 0.0228778 -0.0020348 0.02661 0.0474944 0.0465845 0.0290903 0.0196709
internal_weight=5378.56 3589.28 1789.28 2332.44 1256.85 938.52 909.201 21.9072 7.67298 5.76482 4.13577 1250.6 1051.95 21.1227 16.9984 5.49194 887.294 10.6491 3.51222 6.24625 198.649 183.042 880.078 1393.92 48.2167 39.933 36.2829 23.6441 1345.7 1305.35 1030.83 30.6715 10.3318 6.99976 1000.16 17.4603 14.4937 5.33765 29.3736 20.3397 13.4016 7.36406 7.58384 15.4884 844.304 724.139 247.457 224.524 40.6296 29.1111 476.683 53.3467 31.5136 423.336 336.094 329.119 42.7658 286.353 22.8154 87.2423 22.8912 11.6669
internal_count=82850 34146 48704 16897 17249 5035 19867 422 127 91 63 17167 14375 285 232 74 19445 234 76 82 2792 2610 28837 11862 352 295 270 173 11510 11161 14090 384 130 88 13706 236 197 67 262 254 172 90 102 105 4643 3982 1361 1233 216 155 2621 288 168 2333 1857 1821 241 1580 121 476 125 63
is_linear=0
shrinkage=0.05


Tree=21
num_leaves=63
num_cat=0
split_feature=5 5 5 5 129 168 64 89 5 126 194 29 147 5 75 211 130 174 188 68 228 20 103 230 68 71 232 189 144 150 133 150 193 168 20 162 239 56 191 227 157 194 65 230 189 192 170 155 48 213 174 231 20 131 249 217 103 162 110 167 176 228
split_gain=787.393 100.713 97.3526 28.9092 14.201 13.945 22.1073 16.8185 13.6641 12.4181 11.6292 14.1751 12.1886 11.4519 11.3843 12.8128 11.361 11.1458 11.1011 16.4097 13.542 11.747 11.0902 15.8317 10.7792 11.3772 10.8106 10.217 10.1714 10.9914 14.6661 13.1061 11.0327 15.5188 14.2152 14.6238 12.1115 10.577 11.4962 12.4678 10.154 11.4137 12.6979 10.713 14.2785 17.9157 16.2966 15.1181 13.9738 16.53 15.0142 14.6894 15.4688 13.161 10.858 15.2362 18.2119 18.0985 10.4717 10.2519 12.5766 10.781
threshold=15.950000000000001 44.95000000000001 6.5500000000000007 3.1500000000000008 -2.1280320830330441 -1.7623381637145077 133.50000000000003 3.0066826491335585 1.5500000000000003 1.1189666343050801 -0.068956322624245933 69.450000000000017 1.7126205031834481 120.45000000000002 2.097167584579072 1.2791467478821181 -0.23710971161813557 -2.2804612160421942 1.4656459636535364 6.4205294265593569 -1.1339263541301501 0.47917220450115194 0.076301096916802466 -0.69534557589873092 7.4905301671568987 30.500000000000004 -0.46228464532436642 -1.4573115868480706 -1.6194127990761953 1.9157430624160774 -0.53314826822576944 1.5384205977235039 0.23779104059330688 -1.441153384245782 0.27661603102779581 -0.44212771161095016 1.9198604321251616 2.9850000000000008 -0.19574848401353803 0.46936044907991864 -1.8808671486493738 0.7884842668809523 0.096496518739550938 0.33331166466402856 -0.79473859649447542 1.16005613620264 1.0381825719217959 -0.99840068218150935 3.6770833333333335 0.12302594200481588 -0.31056116205208589 0.078132038072888571 0.41503798489092614 -0.65256167929070918 -0.24626781251816646 0.65892084708118193 0.070882039172830133 -0.47942091424209876 0.47222222222222227 -0.61913620162824312 -0.54380074671627943 2.6407546623846545
decision_type=2 2 2 2 2 2 2 2 2 2 2 2 2 2 2 2 2 2 2 2 2 2 2 2 2 2 2 2 2 2 2 2 2 2 2 2 2 2 2 2 2 2 2 2 2 2 2 2 2 2 2 2 2 2 2 2 2 2 2 2 2 2
left_child=2 5 3 8 -4 6 7 16 -1 10 11 -6 40 -3 15 22 -2 -11 -16 -20 -21 -22 23 -13 25 -25 -27 -7 -10 31 -31 32 33 -30 35 -34 37 38 -37 -40 41 -12 -43 44 46 -46 48 -47 51 50 -50 53 -53 -42 55 56 -49 -58 -52 60 -45 -61
right_child=1 13 4 -5 9 27 -8 -9 28 17 12 14 -14 -15 18 -17 -18 -19 19 20 21 -23 -24 24 -26 26 -28 -29 29 30 -32 -33 34 -35 -36 36 -38 -39 39 -41 43 42 -44 59 45 47 -48 54 49 -51 58 52 -54 -55 -56 -57 57 -59 -60 61 -62 -63
leaf_value=0.043684217379731716 0.17403952587853139 -0.035169180111687751 0.069691911939550558 0.014263853690657732 -0.031110922404299177 0.029517396922344272 -0.017903332747454082 -8.3651443681461053e-05 0.0058971295450382195 0.089217925144688348 -0.0052065541138613556 -0.036017133396727227 -0.023186418233031282 -0.047314806541770227 -0.0041294699173314853 0.10002044319938422 0.0062235119989685018 -0.011689444770569879 0.10209049574416484 0.10946092894146305 -0.034637116930370963 0.055395024374804473 -0.018498348222332792 0.15657221176878411 0.0012091476306424053 -0.026685310479759972 0.087356471811032302 -0.017950606082665552 0.060633688781048703 0.061205502022712903 -0.023135402183324095 -0.015081723783136949 0.085502566877311253 0.019291215949136395 0.023412666520885025 0.029113209027062617 -0.041461198290961246 -0.020863465465241468 0.10724784594670851 0.00064043802125479459 0.082826926328957023 0.16887697163254431 0 -0.033552326533006778 0.0039596914347376075 0.11651344545633938 -0.025440214851194298 0.014981310589212827 0.11601061895864551 -0.01278804750663794 0.019219167658135281 0.18819806390501487 0.025702315030140113 -0.039881780487465733 -0.012178639366011533 -0.025892283769932741 -0.012394110408192631 0.16674812661719077 0.10778382585677765 -0.0072368835709987955 0.10463131187817459 0.057756467223136737
leaf_weight=94.972178310155869 3.3645728006958961 484.40137560665607 6.6147408187389365 1408.6297836080194 38.077987894415855 10.544791907072065 13.490889899432657 3.8462594039738178 76.070303037762642 1.7756185121834267 3.2542180716991416 4.7518385350704184 28.122807424515486 362.59413532912731 398.49909275397658 4.1373845264315596 1.4931563772261158 195.0096104927361 5.0609132088720825 1.7345513440668643 12.231846548616884 3.9894256293773642 14.212653465569018 3.2463370114564913 5.2054801210761061 2.8791948929429028 3.8981853798031834 862.3359901458025 23.167425483465195 36.807805143296719 5.3413381427526465 20.35598848760128 22.967161372303963 514.35161488503218 104.32304464280605 26.227556228637695 3.7772754430770865 5.075385481119155 12.092388704419134 3.6043932288885108 3.69196542724967 2.3433942720293999 1.7472389191389082 1.8676446340978143 253.69876377284527 4.8208853602409354 9.6040318198502046 7.5936117209494132 5.7281621880829325 15.880179543048142 27.955545946955684 3.9236266352236271 2.7095782421529293 3.1894474849104864 11.033302426338198 4.5892469845712176 1.597788907587528 5.0945912823081017 2.9743302166461936 145.80436057597399 3.6918538473546496 5.6641117818653575
leaf_count=392 49 15667 82 11862 536 234 273 70 423 24 45 57 390 13170 5565 46 30 2768 68 24 175 57 168 37 62 35 45 19211 114 203 31 110 120 2794 568 147 21 29 63 20 41 28 24 27 3468 60 130 99 76 208 356 47 34 48 151 63 22 69 33 1959 47 75
internal_value=-0.000459919 -0.0280659 0.0128437 0.0188345 0.00160468 -0.0163338 0.0219998 0.0798351 0.0255905 0.0011854 0.00334254 -0.00219934 0.0083044 -0.0404242 0.000246171 0.0259846 0.133179 -0.0103072 -0.00213851 0.0308603 0.0061935 -0.0102736 0.0142968 0.0376324 0.0617241 0.0897364 0.041064 -0.0173383 0.0235241 0.0252313 0.0501131 0.0237334 0.024864 0.0211917 0.0357412 0.0525685 0.0362117 0.0432921 0.0514804 0.0845719 0.0100303 0.0649363 0.111781 0.00912397 0.013823 0.00866633 0.0330469 0.0418353 0.0418781 0.0290362 0.0471455 0.0860167 0.134539 0.0274746 0.0262562 0.0484568 0.0727992 0.127277 0.0310014 -0.00175799 0.0594098 -0.00441082
internal_weight=5357.74 1742.07 3615.67 2357.76 1257.91 895.076 22.1949 8.70399 949.134 1251.29 1054.51 497.925 556.581 846.996 459.847 38.3311 4.85773 196.785 421.516 23.0167 17.9558 16.2213 34.1937 19.981 15.2292 10.0237 6.77738 872.881 854.162 778.091 42.1491 735.942 715.586 537.519 178.067 73.7442 50.777 46.9997 41.9243 15.6968 528.458 7.34485 4.09063 521.113 364.085 288.428 75.6569 34.7294 66.0528 52.5382 36.658 13.5146 6.6332 6.88141 29.9085 18.8752 14.286 6.69238 30.9299 157.028 5.5595 151.468
internal_count=82850 48704 34146 16897 17249 19867 422 149 5035 17167 14375 6875 7500 28837 6339 450 79 2792 5889 324 256 232 404 236 179 117 80 19445 4643 4220 234 3986 3876 2908 968 400 280 259 230 83 7110 97 52 7013 4905 3932 973 464 843 673 465 170 81 89 404 253 190 91 389 2108 74 2034
is_linear=0
shrinkage=0.05


Tree=22
num_leaves=63
num_cat=0
split_feature=6 6 6 6 6 129 6 194 143 202 215 150 103 93 73 105 192 231 22 213 235 166 166 240 190 30 168 93 151 247 157 161 163 229 49 47 235 120 231 140 161 3 129 65 32 102 151 178 95 33 193 2 20 132 196 194 191 186 229 229 242 70
split_gain=723.972 96.1581 88.1011 25.8375 12.3955 11.7011 11.6882 11.489 13.2657 16.3825 21.9127 15.7491 18.2689 19.8025 14.7087 16.0711 14.0486 14.2518 13.5412 13.425 15.1097 12.9884 17.0019 14.8569 17.0299 16.8067 11.4481 28.3383 14.4274 11.3865 11.0745 16.2052 13.3121 12.4093 11.017 11.0128 11.142 12.3362 10.7855 12.4807 16.4977 13.9019 11.9004 13.2986 10.7783 10.6577 10.5321 10.5126 13.6283 15.8869 10.2866 10.2413 12.7218 12.0076 10.0489 15.2695 13.3564 12.415 10.7659 15.538 10.0461 10.6659
threshold=2.788088175025528 3.8055501422592646 1.8794359129669858 1.1472764606483909 0.43773436867695009 -2.1280320830330441 4.7912346429027162 -0.068956322624245933 0.99733397702914317 -0.45976430714253574 -0.08234337150641742 0.16412418830734971 1.0000000180025095e-35 0.044456469456469465 0.34951082525591093 0.071801691216584848 1.1391944158115825 0.090258805994552591 0.36666666666666675 0.67827234212959497 -0.055651202531028975 0.18547255252939818 1.239361378118397 0.33199674952566144 0.91546058817144904 37.551666666666669 -1.7623381637145077 0.053325887075887084 -0.50837223461301673 -0.61525420181408119 -1.8808671486493738 -0.27230567001251943 -1.0000000180025095e-35 2.4443240352554905 1.0000000180025095e-35 0.44097222222222227 -0.33213449605948103 0.0082500000000000021 -0.89604687139486716 -0.61207386300864608 -0.34543645953122043 433.00000000000006 0.45554784690957245 0.059343920174780719 164.15000000000001 21.500000000000004 -0.6764312717246953 1.094316952005115 0.58578431372549045 36.850000000000001 -2.0519175220058377 56.750000000000007 0.32694623058400152 -0.77041657336045111 -0.30089682869965795 0.35874924399943658 0.0096697025972075773 0.44116980663339039 -0.22938771302228503 0.15952151875648937 -0.76258670024891539 7.3216918740174561
decision_type=2 2 2 2 2 2 2 2 2 2 2 2 2 2 2 2 2 2 2 2 2 2 2 2 2 2 2 2 2 2 2 2 2 2 2 2 2 2 2 2 2 2 2 2 2 2 2 2 2 2 2 2 2 2 2 2 2 2 2 2 2 2
left_child=2 26 3 4 -1 -4 50 45 9 10 11 12 13 -9 16 46 17 18 -14 20 -20 38 23 24 25 -23 27 28 -2 -30 31 -11 35 -34 44 -32 37 -37 -12 -40 -41 -42 43 -43 54 60 -16 -28 -49 -50 -3 52 -18 -54 55 58 57 -57 -10 -60 61 -7
right_child=1 6 5 -5 -6 7 -8 8 34 30 21 -13 14 -15 15 -17 51 -19 19 -21 -22 22 -24 -25 -26 -27 47 -29 29 -31 32 -33 33 -35 -36 36 -38 -39 39 40 41 42 -44 -45 -46 -47 -48 48 49 -51 -52 -53 53 -55 -56 56 -58 -59 59 -61 -62 -63
leaf_value=0.041245497214610224 -0.0011772113306344728 0.038206924281091063 0.06114525815760069 0.013412405839417912 0.022112701942933369 -0.012061936648369853 -0.047058783908277994 0.16547511584060726 -0.0086288099169403425 0.15549186340837701 -0.026554910486391088 -0.019935664049388253 -0.0013046217051523098 0.0066697044821813203 0.0021689905736090721 -0.0030207639253604177 -0.020668442775014572 -0.032750487239732659 0.18022364262662804 -0.021713189472478189 0.013167260934663775 0.22886609123811841 0.0096619874837216221 0.025151733535623028 0.012000167424802841 0.023005898682905132 -0.017517620270055916 -0.024741837831725552 0.2023115344426708 0.043517837113363961 -0.031708112921637811 -0.018934343368706655 0.0041074018833204863 0.062730038651776635 -0.032593021799094124 0.11468535727344685 -0.012772643236885768 -0.031135070661058195 -0.009245741091472243 -0.02236290527180744 -0.032224568949130825 0.0066056238493124421 -0.0032468764253764217 0.14656575529907989 0.086020695009240811 -0.0066636205399997388 0.12283199761269843 -0.012354722474861482 -0.0018004347001350882 0.18069053026960155 -0.035273970704557359 -0.034718479253812523 0.0049564935927533076 0.14574956158025806 -0.017828627242443804 -0.0091343532845928246 -0.043852084116793165 0.1113485610913825 0.19215870953849357 0.025175563947292135 0.0081304415815911021 0.13789255416280577
leaf_weight=95.600338965654373 2.9481397196650505 3.972190383821725 7.1557352617382994 1422.8360537663102 863.53644025325775 1.5824466198682778 346.74507413059473 3.3052885793149462 2.4954544901847839 1.843893460929394 6.433906201273202 32.401440180838108 30.161625903099775 3.8961397223174572 2.5092549771070489 6.9344589151442042 2.2216859348118287 26.988282922655344 2.4054128751158714 2.3276864551007748 2.6453841887414447 4.4593175239861029 6.0321148075163356 4.0154475979506961 1.9975911602377889 1.5763027146458624 830.11182118579745 13.57417371124029 2.1049053892493248 3.0699680261313933 45.746232863515615 2.0588120929896823 307.91526177898049 8.3276133239269239 36.144780609756708 3.4263591766357449 11.197495914995669 1.561950162053108 8.015475310385229 3.9578446708619621 1.6758521310985077 2.2572280764579764 2.1134140603244296 8.9093066081404668 2.5475627556443206 516.13306219875813 6.8357599489390859 6.6688807941973192 2.0970358811318879 1.5591480061411855 464.7318821772933 2.0049245022237292 2.2973451167345038 4.4760469831526288 43.103270895779133 4.7657125219702747 9.3770326487719995 2.6001094430685043 2.0363925136625793 3.3860040940344334 79.578201714903116 2.1161448396742344
leaf_count=392 47 132 85 11862 4643 22 13170 43 36 22 85 439 415 54 33 94 29 372 33 31 33 57 87 55 27 22 18857 289 28 47 647 27 4166 103 504 46 154 22 106 54 23 30 29 112 34 7245 83 153 44 31 15535 27 26 57 608 70 130 34 27 46 1107 29
internal_value=-0.000433776 -0.0276243 0.0120322 0.0177126 0.0240659 0.00143502 -0.0399323 0.00104705 0.00553838 0.00859443 0.0208631 0.00982607 0.0197177 0.0914565 0.0131119 0.0547543 0.00347267 -0.00561288 0.0141107 0.0703565 0.11019 0.0482363 0.0816941 0.113869 0.149968 0.186725 -0.0159442 0.0191669 0.087759 0.131221 0.00267071 0.0773625 0.00168472 0.00585974 -0.0105617 -0.019309 0.0152497 0.0706163 0.028109 0.0418315 0.0631061 0.0860216 0.102505 0.121553 0.000991947 -0.00397611 0.0942573 -0.0168783 0.0310895 0.0970404 -0.0345606 0.0532134 0.0748256 0.10542 -0.00333644 0.0215066 -0.00602234 0.0410242 0.0744269 0.108821 0.0125026 0.0837578
internal_weight=5337.51 1677.58 3659.93 2381.97 959.137 1277.95 815.449 1270.8 671.388 564.932 182.855 131.411 99.0093 7.20143 91.8079 16.2795 75.5284 64.5284 37.5401 7.37848 5.0508 51.4438 18.0808 12.0487 8.03321 6.03562 862.134 21.6972 8.12301 5.17487 382.078 3.90271 378.175 316.243 106.456 61.932 16.1858 4.98831 33.363 26.9291 18.9136 14.9558 13.2799 11.1665 70.3115 599.41 9.34501 840.437 10.3251 3.65618 468.704 11 8.99508 6.77339 67.764 24.6607 16.7429 7.36582 7.91785 5.4224 83.2768 3.69859
internal_count=82850 48333 34517 16897 5035 17620 28837 17535 9132 7643 2456 1769 1330 97 1233 210 1023 884 512 97 66 687 248 161 106 79 19496 411 122 75 5187 49 5138 4269 1489 869 222 68 439 354 248 194 171 142 985 8403 116 19085 228 75 15667 139 112 83 951 343 234 104 109 73 1158 51
is_linear=0
shrinkage=0.05


Tree=23
num_leaves=63
num_cat=0
split_feature=5 5 75 5 193 234 232 99 5 126 168 92 2 192 151 193 173 93 159 22 192 73 105 105 86 1 220 248 215 239 126 193 61 173 228 162 5 153 102 61 86 240 77 238 39 191 63 215 176 231 133 245 148 62 196 13 67 234 152 64 169 64
split_gain=665.908 101.665 67.8764 23.0478 12.1731 12.9019 18.3362 21.6148 11.8138 12.7726 12.3651 14.2682 13.1731 15.3114 14.772 13.792 16.9916 16.3269 13.1091 11.8614 14.0333 15.4003 15.5681 13.0776 14.0212 15.5571 15.8241 17.9056 12.8294 14.7262 14.1805 12.3499 12.2382 12.1863 13.8607 11.3194 11.294 11.2928 11.2312 17.8378 15.3775 19.3105 13.2933 10.9195 10.8692 20.9207 10.8224 10.4126 12.291 13.6937 22.2881 10.3739 11.075 10.886 10.2982 10.4562 10.2621 10.1952 13.5502 19.3645 17.1796 15.6002
threshold=19.850000000000005 6.5500000000000007 26.612007168458785 3.1500000000000008 -1.3694978164783835 -1.0142708573536756 -0.63602368867700798 6.5000000000000009 10.15 -0.73478101599046541 -1.044465935734185 0.089087301587301604 57.250000000000007 -0.46602749772996838 0.091920203376507317 -1.4655185249511373 -0.60797964918592184 0.05549288674288675 0.46483217697870666 1.0000000180025095e-35 -0.05664056958075106 0.21222498962224992 0.095260120699528675 0.051857854613122041 1.7380840773809527 15.500000000000002 1.0426217642136926 -0.4697359518673942 1.2461769602676898 0.51895438537432292 -0.77039565136794008 1.8367803226755059 6.7821324924656778 -1.0673057854322809 -0.051501121775089066 -0.41963530911963381 1.5500000000000003 -0.68041454283839686 472.50000000000006 7.631954171842378 1.559806495643264 0.093350710534825562 1.6458333333333337 0.88970464917234404 1.0000000180025095e-35 0.54615765230990232 7.1347923548843806 -0.99784126940308882 -0.35389967240465586 -0.00050710708779306494 -0.77492254084698498 -0.69445074671006124 0.47891801282816937 0.096162736939435986 -0.85751577823961622 16.500000000000004 0.13516016016016019 -0.81747886641130096 0.60726924540487903 310.50000000000006 -0.30114482079254262 692.50000000000011
decision_type=2 2 2 2 2 2 2 2 2 2 2 2 2 2 2 2 2 2 2 2 2 2 2 2 2 2 2 2 2 2 2 2 2 2 2 2 2 2 2 2 2 2 2 2 2 2 2 2 2 2 2 2 2 2 2 2 2 2 2 2 2 2
left_child=1 3 4 36 5 6 -2 -8 19 10 11 18 15 14 -14 16 -12 56 -10 28 21 -21 23 -23 25 26 32 -28 51 30 -30 -24 -25 34 37 -31 -1 -26 -7 40 -40 42 -42 -6 45 -22 -34 48 -11 50 -50 52 -3 -53 -46 -56 -18 -17 -59 -60 61 -61
right_child=2 8 -4 -5 43 38 7 -9 9 47 12 -13 13 -15 -16 57 17 -19 -20 20 44 22 31 24 33 -27 27 -29 29 35 -32 -33 46 -35 -36 -37 -38 -39 39 -41 41 -43 -44 -45 54 -47 -48 -49 49 -51 -52 53 -54 -55 55 -57 -58 58 59 60 -62 -63
leaf_value=0.038990879997147038 -0.024143258375006582 0.12367359676157118 -0.042924885978831546 0.012620116456794929 -0.024712294413741218 -0.024079911558934533 0.21440851479881357 -0.0099871234683537521 0.15559040927306875 -0.034326292932255295 -0.040187863218384759 0.013539897387922812 0.196207612110704 0.01254658640037931 -0.0046281341445732161 0.01606421030429012 0.047810135046375754 -0.00044638560699586383 -0.0093483894027470461 -0.0041129927715716375 -0.024840251190759596 0.00036125100327042342 -0.022573991694329471 0.10858512819972761 0.011686284070342006 0.16430268488598193 -0.00048299998787595884 0.18004444088731986 0.099723186046315707 0.012840210672624664 -0.01524741158350945 0.079235294388004363 -0.01836807279663796 -0.0086734643813378993 -0.023035738788421634 0.170700951827328 0.020783869944685569 0.17404403844436656 -0.0084478119369871003 -0.028965924777595298 0.24453249408060651 -0.024498515067953766 0.0023033555327875532 -0.0092631946475399442 0.01427859106079715 0.12463568577331773 0.038978185071308069 -0.0092928030876037754 -0.00061197060295690141 0.00039792300358036713 0.177847148792601 0.0062716263686520852 0.007719969260869034 0.099281320834631759 -0.0073233771489841894 -0.033769004047167532 0.19670072698186386 -0.01656867953784965 -0.013056364315558148 0.18525487401392726 -0.019011855110881361 -0.0060390675249994107
leaf_weight=96.115792736411095 2.8078298959881067 3.1797532364726058 572.41220236010849 1436.2598387375474 669.6540503334254 27.592987267300487 1.8007464203983539 1.5357674695551393 3.2681018225848701 4.6654909998178509 3.3253968320786944 12.199695751070974 1.7985530979931348 8.82417283952236 1.2230813689529894 45.700572397559881 3.4008502885699254 3.8475135453045368 1.4508640170097349 118.58771878108382 4.3096166700124732 30.454441960901022 26.865037076175216 4.157524272799491 2.0005709379911423 2.1879579946398726 1.9423671662807462 3.24067548662424 2.8602206483483306 1.9348633810877798 7.9513942971825591 2.3377935215830794 10.111683540046213 21.826803632080555 2.4381281808018711 2.9763901680707923 872.63166370987892 2.0409373715519905 2.57998996414244 5.751484302803874 1.8538050130009658 1.0593788977712391 0.78304412402212609 141.21176263689995 37.885783597826958 3.4197823852300644 32.435112439095974 555.31880091875792 2.9468225091695786 6.3896585628390286 3.0933337062597284 145.00993588939309 4.5391324684023857 2.2336756810545912 156.46195049211383 48.814501505345106 2.1823776252567768 125.2132144421339 10.351696245372297 3.1729250475764275 2.1506476067006579 1.282070707529783
leaf_count=392 70 36 21824 11862 17604 688 43 38 44 79 52 180 32 150 21 775 50 61 24 1440 54 366 324 45 25 26 25 36 32 23 94 26 121 269 30 33 4643 22 61 145 45 26 20 3646 461 37 388 9371 51 107 47 1722 53 26 1946 606 30 2119 178 48 37 21
internal_value=-0.000409344 0.0103153 -0.0295858 0.0166635 -0.020627 0.00428581 0.0662406 0.131483 1.96463e-05 -0.00408965 0.00584885 0.045756 0.00244827 0.0515397 0.132734 -0.000666715 0.0476434 0.0799768 0.111238 0.00485561 0.0010263 0.00914329 0.0201972 0.028581 0.0388237 0.0535639 0.0457814 0.122446 0.0162295 0.058 0.0206126 -0.0119046 0.0347803 0.00962707 0.0648591 0.122048 0.0226338 0.112927 -0.00659318 0.0319087 0.0846951 0.138729 0.194387 -0.0220427 -0.00738863 0.0474226 0.0251256 -0.00808443 0.0292362 0.0542459 0.102352 0.0116147 0.064766 0.00837651 -0.00933848 -0.0137696 0.127807 -0.00420825 -0.0108264 0.0298575 0.0906397 0.138272
internal_weight=5318.06 3889.02 1429.04 2405.01 856.631 45.765 6.14434 3.33651 1484.01 801.806 229.392 16.9187 212.473 11.8458 3.02163 200.627 12.7561 9.43074 4.71897 682.204 511.518 260.627 142.039 112.836 82.3818 54.0753 51.8874 5.18304 170.685 15.7229 10.8116 29.2028 46.7043 28.3064 6.47964 4.91125 968.747 4.04151 39.6207 12.0277 6.27622 3.69623 2.63685 810.866 250.892 7.7294 42.5468 572.414 17.0953 12.4298 6.04016 154.962 7.71889 147.244 243.162 205.276 5.58323 187.871 142.171 16.9573 6.60564 4.455
internal_count=82850 38640 44210 16897 22386 1136 151 81 21743 13477 3822 248 3574 203 53 3371 193 141 68 8266 6247 3143 1703 1353 987 641 615 61 2019 182 126 350 554 346 77 56 5035 47 985 297 152 91 65 21250 3104 91 509 9655 284 205 98 1837 89 1748 3013 2552 80 3178 2403 284 106 69
is_linear=0
shrinkage=0.05


Tree=24
num_leaves=63
num_cat=0
split_feature=75 7 75 131 193 93 76 160 89 147 66 194 156 158 64 128 196 197 129 208 211 75 28 56 173 243 234 49 92 31 83 103 143 147 243 131 71 128 147 239 168 104 171 115 89 209 209 155 249 227 216 237 64 158 3 33 48 247 64 168 71 216
split_gain=610.77 83.736 62.1528 22.0781 14.752 21.0747 14.1471 14.8297 14.0432 12.9775 16.8102 12.5082 12.0916 12.0382 11.0448 12.0467 11.2063 10.6629 10.6767 14.3032 10.6272 10.4032 11.2395 15.1749 14.2423 10.7696 10.6232 10.4225 11.6744 10.5421 15.2732 13.4624 10.5052 10.3121 12.7077 12.8552 11.1408 11.0955 10.7494 10.2313 10.2189 18.1947 13.9515 11.9874 11.4036 12.9922 15.4959 12.7974 12.5086 13.5015 13.6931 12.9197 21.66 12.7487 12.2678 11.8435 15.3145 11.6468 11.5387 11.3246 15.2329 12.1784
threshold=8.2022727272727298 3.5000000000000004 26.612007168458785 -1.3486678288447338 -1.5382478960785944 0.034113389983835334 -0.32101770063529694 -1.0000000180025095e-35 -12.195121951219452 0.73815302635383173 0.18942218080149117 0.33296777667764549 -0.48794667938392938 0.88484218254421354 984.50000000000011 -0.17442606805144384 0.95989584411206275 0.2949087493978802 -1.5848826698987561 1.2505930574508521 -0.19579554418546416 3.3424812030075191 0.44205904792446982 3.9500000000000006 1.6628589527094315 -0.35374238258639973 -1.4429173129173547 -12.999999999999998 0.70294117647058829 35.750000000000007 71.922500000000028 0.074419353871973168 -0.38515971957614487 -0.5373922043865994 -0.46785878631995509 -0.87646662194829983 37.500000000000007 2.3994245638382004 -0.75901363708332836 1.1183462667005302 -0.67700320038633011 0.052294418464735974 0.8642900551412368 -0.038749999999999889 -8.4481909053962116 0.86387657345956137 1.3918698332350685 0.099023077587668151 -0.51170755616414454 -1.0686897681125935 0.22106519060691515 -0.71730581509917501 33.500000000000007 -0.091524608491857395 501.00000000000006 34.350000000000001 3.7559523809523814 0.7194964881496132 99.500000000000014 0.19562263912382957 109.50000000000001 -0.53649103503625628
decision_type=2 2 2 2 2 2 2 2 2 2 2 2 2 2 2 2 2 2 2 2 2 2 2 2 2 2 2 2 2 2 2 2 2 2 2 2 2 2 2 2 2 2 2 2 2 2 2 2 2 2 2 2 2 2 2 2 2 2 2 2 2 2
left_child=1 3 11 14 5 6 7 8 -3 10 -10 -2 21 20 40 -16 39 18 19 -14 -7 27 26 24 -24 -26 -23 -6 29 -29 -31 -32 -30 34 35 -5 -37 -35 -38 -17 41 -1 43 -43 45 -42 47 -47 49 -46 53 52 57 54 -51 -54 -57 -50 -56 61 -61 -58
right_child=2 4 -4 33 12 13 -8 -9 9 -11 -12 -13 17 -15 15 16 -18 -19 -20 -21 -22 22 23 -25 25 -27 -28 28 32 30 31 -33 -34 37 -36 36 38 -39 -40 -41 44 42 -44 -45 48 46 -48 -49 51 50 -52 -53 55 -55 58 56 59 -59 -60 60 -62 -63
leaf_value=0.068212119242518049 -0.024594553818355337 0.0015264515613745942 -0.042515750954665324 -0.013385835035523826 0.093775790977984996 -0.038189355887343575 -0.0097998924963300527 0.0018321815619863646 0.20113697150953944 0.011600222723578822 0.015905851936719267 -0.01061482850344736 0.023826646652426807 0.06773907116737049 -0.020521786582940203 0.040143637047542868 -0.022585137074013151 -0.0057959030903385594 0.0039778431001913786 0.16013609033248224 0.011742311600494793 0.070457873141105409 -0.013858904147229074 0.075282308422206928 -0.009482018934618185 0.11762376837395766 -0.028668889977400816 -0.011722057677659138 0.11961627436265219 -0.0055780256358469926 0.1299621106573314 -0.016963694878402689 0.01559056132036394 0.0084591952955736672 0.033441814346972194 -0.014104776337399837 0.010654981044269459 0.083733025264908306 0.12153784091547962 -0.012310887506619312 -0.0041678634141985643 0.041333978226568063 -0.012387840254092812 -0.00072707126698753758 -0.025243720663480979 0.097391096434763694 -0.013600869230780847 -0.00042558999231689525 0.10480924131621555 0.041249938103020328 0.013407826340951333 0.014371510449103226 -0.029397531227030156 0.067640149417325421 0.043457463128184666 -0.011305949020279454 -0.02911448356999163 0.011507601689493057 -0.026387959584705557 0.10934626474730463 -0.008497417665865965 0.038078280783992252
leaf_weight=29.581390216946602 556.50698828883469 2.4815668463707015 549.61331232078373 36.135145865380764 1.9842242598533619 14.896481160074471 4.8565732501447192 4.270875684916974 5.5929792635142785 1.9589221701025961 1.8027253448963163 229.76840970478952 15.595307376235725 5.5150567032396784 33.20475260913372 36.896987497806549 13.499318510293959 340.55982419475913 667.94075556844473 1.3276029936969269 31.234723675996065 1.8130885921418656 80.886576667428017 4.7897629849612704 2.6070670150220394 2.7922005318105212 115.90450079739094 103.78881624341011 2.4190680384635934 11.324355427175762 4.1176367700099936 1.8599826432764528 10.276580482721325 1146.8113158345222 96.216305021196604 5.16871179267764 4.2480586394667617 3.9458899945020667 4.3238862678408614 11.619762338697909 91.546233259141445 76.19349992275238 20.64823143184185 21.360787764191628 9.2431924641132337 9.7525797188282031 8.9756278544664365 4.6932695582509032 13.30486583709717 93.21517264097929 59.900902681052685 534.01179289072752 8.8929565176367742 37.182843685150146 8.6053058207035082 17.974703393876553 7.1005904227495185 4.8800179585814467 14.378604546189306 9.8261957317590696 3.3872687444090834 43.570323780179024
leaf_count=157 14940 30 21824 325 20 220 78 55 61 22 21 5930 234 75 199 212 77 5112 10413 20 423 33 1383 77 47 50 1983 1281 26 140 46 22 124 9943 838 54 45 34 42 64 545 413 115 115 48 53 55 28 71 487 316 3057 53 205 43 108 39 28 75 56 20 240
internal_value=-0.000381071 0.00947461 -0.0296068 0.0149716 -0.000129233 0.0216728 0.0627206 0.0841738 0.111038 0.136653 0.163854 -0.0205344 -0.00130336 0.00404127 0.0197961 0.0033418 0.0163211 0.001417 0.00501424 0.0431372 -0.00474349 -0.0093943 -0.0163755 -0.00306423 -0.00828322 0.0635777 -0.0265194 0.00134626 -0.000673055 -0.0056147 0.0293869 0.0876492 0.0430636 0.0104046 0.0229106 0.00223836 0.0417867 0.00879412 0.0739632 0.0274849 0.0211762 0.0335204 0.0242972 0.0321595 0.0192781 0.00438385 0.0368162 0.0673179 0.0212436 0.0315115 0.0341008 0.0176386 0.0333321 0.0420106 0.0332595 0.0227514 0.0287635 0.0819368 0.000275694 0.0401151 0.0803128 0.0281845
internal_weight=5298.78 3962.89 1335.89 2520.3 1442.6 72.6099 20.9636 16.1071 11.8362 9.35463 7.3957 786.275 1369.99 51.6463 1223.45 95.2208 62.0161 1025.42 684.864 16.9229 46.1312 344.564 208.793 91.0756 86.2858 5.39927 117.718 135.771 133.786 121.091 17.302 5.97762 12.6956 1296.85 146.092 49.8758 13.7407 1150.76 8.57194 48.5167 1128.23 147.784 118.203 97.5543 980.442 114.968 23.4215 14.4458 865.475 222.526 213.283 642.949 108.937 153.382 116.199 90.752 81.8591 18.1849 22.9839 63.8844 13.2135 50.6709
internal_count=82850 40156 42694 18160 21996 985 267 189 134 104 82 20870 21011 718 6879 552 353 15779 10667 254 643 5232 3573 1557 1480 97 2016 1659 1639 1489 208 68 150 11281 1304 466 141 9977 87 276 6327 800 643 528 5527 681 136 81 4846 1174 1126 3672 615 810 605 516 463 99 118 355 76 279
is_linear=0
shrinkage=0.05


Tree=25
num_leaves=63
num_cat=0
split_feature=6 6 6 6 223 6 64 202 193 35 134 168 93 177 193 93 71 244 147 141 34 239 190 211 86 126 24 61 102 191 247 145 72 168 93 176 192 89 240 162 240 236 211 156 69 48 67 152 195 116 133 33 134 233 58 6 89 244 141 189 4 193
split_gain=575.706 120.033 38.2527 25.3938 16.4641 15.9412 16.5945 17.3254 14.6532 14.3507 15.3696 13.8253 24.1696 24.5621 13.2641 19.1131 19.0757 14.723 14.1007 15.6429 13.6231 20.7804 13.5318 13.0478 12.9024 16.0262 13.8873 12.5512 16.6294 19.0519 14.7474 12.524 12.0032 11.9517 17.0448 18.4834 14.0093 13.6468 22.2307 13.2213 11.9148 11.5426 11.9333 11.5063 13.3609 11.4836 11.3495 11.4135 11.2867 11.1302 11.0614 13.2302 10.9107 10.882 12.407 14.3163 19.878 11.7885 13.0346 10.688 15.0506 10.6022
threshold=3.2865327264615076 1.599336558775341 4.161223787311271 2.4807225249527423 -0.6152542018140813 0.85418893014450192 684.50000000000011 -0.7812664962492194 -1.3694978164783835 343.50000000000006 -0.75477726265637479 -1.7623381637145077 0.05549288674288675 1.1482879431840882 -1.4989272409037575 0.033339808339808354 22.500000000000004 -0.2587503711445468 -0.52690380625509847 -1.3593822461765874 5.5000000000000009 -0.37064600015563592 1.1611941702126838 -0.85100442542140475 0.99116245973418671 1.1440469945446485 0.22917366946778714 7.7665532879818597 382.50000000000006 1.3722114919248225 -0.49314108563992209 -0.99031930633030341 0.021818470326880359 -1.044465935734185 0.098976390629351166 -0.35389967240465586 -1.3306380206947661 10.054925598099352 -0.43610156457667937 0.8070581580309163 2.4854093906933898 -0.98669646465742866 -0.032027734522451688 -0.41339627690844111 0.058892896781354058 10.45804195804196 0.16509307918410979 -1.6170110719287998 -2.3896133546015932 4.5000000000000009 -0.86156977559515957 37.550000000000004 -0.44927764405728321 -0.53705540549417952 0.12916666666666668 2.9575076874722881 10.817340812096012 1.1935163634769193 -0.65904979463176516 -0.66534088940271208 1.5000000000000002 0.16622164490993288
decision_type=2 2 2 2 2 2 2 2 2 2 2 2 2 2 2 2 2 2 2 2 2 2 2 2 2 2 2 2 2 2 2 2 2 2 2 2 2 2 2 2 2 2 2 2 2 2 2 2 2 2 2 2 2 2 2 2 2 2 2 2 2 2
left_child=1 4 8 14 -1 6 -6 -8 27 10 40 12 13 -10 15 16 -3 -18 19 -16 -17 22 -22 -11 25 -12 32 28 49 -30 -31 -21 -26 34 35 -5 -37 -38 39 -39 46 42 -20 -35 -45 -36 47 -7 -28 -2 51 -25 -27 57 -55 -56 -57 61 -59 60 -34 -46
right_child=2 3 -4 33 5 9 7 -9 11 23 24 -13 -14 -15 18 20 17 -19 41 31 21 -23 -24 50 26 52 48 -29 29 30 -32 -33 59 43 45 36 37 38 -40 -41 -42 -43 -44 44 53 -47 -48 -49 -50 -51 -52 -53 -54 54 55 56 -58 58 -60 -61 -62 -63
leaf_value=-0.045584372823206779 -0.03117326071204081 0.1279572540575532 -0.042032040918537336 -0.020454290791373269 0.029368355295310601 -0.011536511579772035 0.051427185838352707 -0.0076099233528923232 0.19750763630281676 -0.016811654297645622 0.017063362771439994 -0.026434138811256194 -0.023120450157908604 -0.029392705784490471 0.094448417487808634 -0.016636292359896197 0.066687243570047544 -0.023889689329860048 0.10059483694796395 0.067836302439490112 0.0025889679326607539 0.0042205762895990654 0.12859964941482205 -0.012533282724239507 0.030634962640903297 0.04425715147700017 0.08627119660746102 -0.032835621801405986 0.015195580945554671 0 0.24122406727801496 0.0095705480447797059 0.027235270840763628 -0.018765725601450484 -0.030154816211110748 0.15106116352213361 0.014611138430006866 0.22354536673329894 0.012534598167108829 0.013421946802204113 0.057316256139776769 0.00032754704528888297 -0.016032884337766864 -0.015042483897904061 0.017998790572714272 0.06292976767275503 -0.012153993252584504 0.024655807022440843 0.011201213281007556 0.061410690437123605 0.064720692860058993 0.083998073120004929 0.14183229201787781 -0.0088801755048749289 -0.0018074886386693339 -0.0024938377375379739 0.19627544270822458 0 0.18042012033115096 -0.014978513385030102 -0.035886376825211834 -0.00989232980636672
leaf_weight=9.40287087112665 8.9316414203494841 6.5397453308105495 551.55860031396151 11.26254817843437 411.79322198033333 22.597699567675591 14.444039851427076 62.439763084053993 2.1796166393905865 8.3226016685366613 89.566350229084492 499.99828733317554 7.9148756023496389 1.4879428744316099 4.9724668674170962 28.412635967135429 9.5072894319891965 7.0204700157046291 4.7530724070966244 8.7129433527588827 3.2412188723683339 24.526769738644361 5.9981399886310101 12.490135282278063 22.267613969743252 16.347150184214119 4.0924621894955626 9.8287131898105127 4.1540807317942372 0.88577657751739058 1.5455812457948921 218.41723943501711 37.988533779978752 196.69849429279566 23.278059098869566 2.3932887092232731 20.059650003910068 2.239153947681189 4.9772281087934953 1.217530310153961 22.11390496045351 1118.5094065256417 3.0467207580804816 205.07691051065922 100.32123617455363 2.8577458783984175 24.965435691177845 321.87790919095278 644.8430797830224 3.8205625358968964 33.595766164362431 3.8250521197915068 3.1906419396400443 216.78482245281339 6.9469702355563623 2.1482364796102051 1.8031756468117235 1.8879417032003405 1.1329650990664948 130.73401572555304 11.472608268260954 50.30167518183589
leaf_count=68 250 60 22875 195 1925 146 69 299 44 58 597 14551 228 36 52 311 95 73 53 100 33 259 58 85 154 108 27 282 110 23 38 2494 252 3846 434 35 322 36 81 21 137 12837 35 4017 1908 52 163 2098 4341 105 222 25 21 4176 126 47 39 37 21 887 80 988
internal_value=-0.000419202 0.00798504 -0.0327427 0.000276923 0.0172474 0.0175849 0.0253933 0.00393499 -0.0231984 0.0148596 0.0137856 -0.0251662 0.0269229 0.117807 0.00431707 0.0233427 0.0612386 0.0287598 0.00310315 0.0142981 0.00845789 0.0295885 0.0894527 0.0390581 0.0103535 0.0264974 0.00825019 0.0108416 0.0338102 0.0924386 0.180065 0.0121152 -0.003151 -0.00656492 0.0133351 0.0327527 0.0523439 0.039042 0.0889115 0.170275 0.0221442 0.0007811 0.0578251 -0.00832134 -0.00478347 -0.0178485 0.0198763 0.0222406 0.0118143 -0.000622996 0.0486198 0.0133536 0.0665653 0.000745642 -0.00617006 0.0435336 0.108523 0.0109999 0.0957248 -0.00749972 0.012074 0.00864755
internal_weight=5295.72 4203.42 1092.31 2295.05 1908.37 1898.97 488.677 76.8838 540.747 1410.29 1352.06 511.581 11.5824 3.66756 1443.66 85.2463 23.0675 16.5278 1358.41 232.103 62.1788 33.7661 9.23936 58.2336 960.502 109.104 851.398 29.1664 19.3376 6.58544 2.43136 227.13 202.463 851.388 68.2852 42.1494 30.8869 28.4936 8.43391 3.45668 391.555 1126.31 7.79979 783.102 586.404 26.1358 369.441 344.476 648.936 12.7522 49.911 16.3152 19.5378 381.327 227.683 10.8984 3.95141 153.644 3.02091 180.195 49.4611 150.623
internal_count=83145 44603 38542 32841 11762 11694 2293 368 15667 9401 9011 14859 308 80 16460 889 228 168 15571 2646 661 350 91 390 6467 726 5741 808 526 171 61 2594 1373 16381 1176 690 495 460 138 57 2544 12925 88 15205 11359 486 2407 2244 4368 355 332 110 129 7342 4388 212 86 2954 58 1219 332 2896
is_linear=0
shrinkage=0.05


Tree=26
num_leaves=63
num_cat=0
split_feature=5 5 5 5 223 193 5 64 202 148 186 106 227 168 93 237 147 206 176 173 175 106 155 220 206 89 175 216 249 109 155 29 213 169 244 217 236 193 223 93 247 10 34 236 188 168 93 176 160 89 141 93 140 86 20 236 96 102 192 63 213 48
split_gain=533.461 106.77 38.2202 22.8931 15.1031 14.5664 14.272 14.66 15.4934 13.2933 12.5319 14.9668 13.7637 12.5122 24.32 14.3163 11.9104 13.6746 17.5287 12.9551 15.498 15.1549 13.2996 12.5826 12.95 15.4758 13.124 16.3437 12.3806 12.2965 16.5114 14.1466 16.9712 13.9263 14.8707 14.7815 11.9289 11.8918 20.2942 17.1498 14.7462 11.6213 15.629 11.525 11.3373 11.0761 15.3393 16.3157 13.6165 21.7398 12.9312 11.2451 17.2752 20.3543 11.039 10.9797 13.086 10.9793 14.026 10.9387 10.9266 10.4919
threshold=26.750000000000004 4.9500000000000011 77.850000000000009 11.950000000000001 -0.6152542018140813 -1.3694978164783835 2.3500000000000001 684.50000000000011 -0.7812664962492194 -1.6344333097150086 -1.1458749474531638 7.2968065385911709 -0.51280769800641524 -1.7623381637145077 0.05549288674288675 0.16934447443969333 -0.47004482692621896 -0.29509323958628814 -0.81603450008868694 -1.2500040119311397 1.0000000180025095e-35 7.3491892911010561 -0.56551637793315546 1.3181322568168454 0.56506053379109622 4.5464879305341679 0.33301928242934214 -0.36479664128971595 -0.348572763030706 1.0000000180025095e-35 0.71257644857112457 72.250000000000014 1.0635502118240845 -1.1287513467412902 -0.33503299997252217 -0.53735832240380144 -0.40673250474178752 -1.4989272409037575 -1.0000000180025095e-35 0.033339808339808354 0.58470712594513119 1550.0000000000002 6.5000000000000009 -0.98669646465742866 -0.46660443768238707 -1.044465935734185 0.098976390629351166 -0.35389967240465586 -0.25878064781698512 10.054925598099352 0.13745710835947214 0.15747168441461923 1.7544044971054322 1.9023859149554065 0.69726307189542502 1.4922580589660732 0.1175256239997276 720.50000000000011 1.7598575246155905 6.8751996805111828 -0.66787290564874935 10.45804195804196
decision_type=2 2 2 2 2 2 2 2 2 2 2 2 2 2 2 2 2 2 2 2 2 2 2 2 2 2 2 2 2 2 2 2 2 2 2 2 2 2 2 2 2 2 2 2 2 2 2 2 2 2 2 2 2 2 2 2 2 2 2 2 2 2
left_child=1 4 5 16 -1 10 7 -6 -9 -8 11 -2 -13 14 15 -7 17 18 54 21 29 -20 -23 24 -19 26 27 28 59 -21 31 -31 33 -33 36 -36 -35 38 -18 40 -40 -41 60 -39 -25 46 47 -5 -49 50 -50 -47 -53 -54 -3 -12 -57 58 -44 -26 -43 -48
right_child=2 3 -4 45 6 13 9 8 -10 -11 55 12 -14 -15 -16 -17 37 23 19 20 -22 22 -24 44 25 -27 -28 -29 -30 30 -32 32 -34 34 35 -37 -38 43 39 41 -42 42 57 -45 -46 51 61 48 49 -51 -52 52 53 -55 -56 56 -58 -59 -60 -61 -62 -63
leaf_value=-0.044714929131344831 -0.017119009256218079 0.10174747446785658 -0.043250562857205493 -0.019842249445617882 0.027638007276414828 0.15091691617231084 -0.0054769250161701786 0.048233394096031001 -0.0072551256674390305 0.015198469038344318 -0.016223926662190816 0 0.21596265715636359 -0.026884234490651106 -0.026190474656182114 -0.026034076733410724 -0.041338053600326941 -0.0088976726886912955 -0.012055927365366342 -0.010658560739634622 -0.014107190641965049 -0.0034496423667044803 0.13767493814606288 0.13454817510841752 0.01651058310640427 -0.0095189481239344072 -0.021084740149198436 0.0055349256239053289 0.035080571691650998 -0.021506135390055119 -0.022549150172869865 0 -0.020055822739313788 0.09942637207463513 0.028587930449381106 0.13700315429827722 -0.020497048071361455 0.057550361738934776 0.10623928434742054 -0.016463899816180735 0.0047336547170881531 0.06930556134188301 0.1239054637003326 9.5489093881376123e-05 0.0023091408478467398 -0.0095228001456900049 -0.029471267407021495 0.019202393499559454 0.073768670949154388 0.16963502498493546 -0.039416972070994302 0.0057861334299294199 0.18727556037278614 -0.02807075054007227 -0.018132079035335265 -0.02847470020643398 0.14240286162020546 -0.0084708192306289388 0.0058591978176620388 0.17094700120413051 -0.031561547411112965 0.058099953326577747
leaf_weight=9.1327558606863004 2.06601433828473 9.7716666571795923 446.91106761619449 11.065387435257433 415.65538008511066 3.1455278415232888 81.672553785145283 14.690043002367018 62.271896094083786 1340.857623681426 25.777719259262089 1.0432195384055378 1.2256026696413753 565.54154003225267 9.0190338399261218 1.1570587828755377 9.9810474067926389 107.66432310268283 3.8052516505122167 15.851910308003424 34.042758878320456 2.0677201151847839 5.7102240696549416 2.4121950715780258 1.7840423509478602 20.80229365080595 5.0583253726363173 7.9721330851316461 6.130585789680481 5.1802003793418399 8.3787538893520814 5.2196886315941731 4.8764511644840232 2.2228009924292564 4.9059139527380458 14.241789758205433 4.9722756221890405 7.800714783370494 10.881068080663683 16.740733034908772 5.4094846323132506 2.5808304771780959 7.837778087705372 1086.5321580283344 3.3056420125067225 728.05833109468222 22.665976602584127 18.797842048108578 5.9501604139804858 4.1153936833143225 3.1100374273955822 45.806577634066343 1.90492570772767 1.3369205296039579 1.922437235713004 1.4287817254662507 1.5545974411070345 3.3852456882596007 3.7898871973156929 5.1599413380026817 9.6941246986389178 3.0193310156464568
leaf_count=68 58 108 19700 195 1925 63 540 69 299 8861 749 29 30 17524 277 27 112 1218 43 180 391 23 62 26 21 237 57 90 67 60 96 55 54 24 54 151 56 85 99 177 51 26 77 12470 37 14240 434 305 80 58 52 901 37 27 21 42 43 34 36 54 108 52
internal_value=-0.000391862 0.0075735 -0.0321053 0.000284349 0.0162556 -0.0239005 0.0165721 0.023932 0.00375489 0.0140049 0.00803513 0.0784995 0.1457 -0.0257457 0.0207428 0.106452 0.00410306 0.0132786 0.025743 0.0191464 0.0129166 0.0671781 0.103469 0.00356941 0.000621335 0.0223039 0.0472627 0.0641273 0.0965667 0.0269641 0.0389655 0.0517055 0.0625433 0.0756826 0.0899699 0.112271 0.0235528 0.00185608 0.0216434 0.0326507 0.0750454 0.0155353 0.0352312 0.000561776 0.0705654 -0.00624465 0.0128401 0.0308639 0.0486335 0.085954 0.034363 -0.00795318 0.0149705 0.111608 0.0817702 -0.00469797 0.0727079 0.0678182 0.0893367 0.138972 -0.0063542 -0.0171984
internal_weight=5277.07 4218.2 1058.87 2293.92 1924.28 611.959 1915.15 492.617 76.9619 1422.53 33.0959 4.33484 2.26882 578.863 13.3216 4.30259 1448.09 283.459 123.17 111.476 99.8925 11.5832 7.77794 160.289 154.572 46.9073 26.105 21.0467 13.0746 65.8498 49.9979 41.6191 36.4389 31.5625 26.3428 19.1477 7.19508 1164.63 70.3002 60.3192 16.2906 44.0286 27.2879 1094.33 5.71784 845.831 68.7241 43.0388 31.9734 13.1756 9.0602 777.107 49.0484 3.24185 11.6941 28.7611 2.98338 15.0129 11.6277 6.94398 12.275 25.6853
internal_count=83145 44603 38542 32841 11762 18842 11694 2293 368 9401 951 117 59 17891 367 90 16460 3185 1378 1249 1121 128 85 1807 1744 526 289 232 142 730 550 454 394 340 285 205 80 13275 720 608 150 458 281 12555 63 16381 1176 690 495 190 132 15205 965 64 129 834 85 147 113 75 134 486
is_linear=0
shrinkage=0.05


Tree=27
num_leaves=63
num_cat=0
split_feature=5 5 5 5 147 134 90 235 201 244 203 141 35 211 196 211 5 58 86 126 24 196 115 174 30 93 102 196 67 106 201 212 192 227 227 247 174 133 134 75 214 79 229 213 147 173 62 239 177 61 175 195 103 103 230 120 96 235 118 147 61 71
split_gain=494.029 94.9409 38.118 20.7492 14.6379 14.3216 13.5228 15.2285 13.8382 12.906 15.0396 14.3969 12.4439 14.9479 20.6084 13.9795 11.2992 11.713 11.5925 13.6824 11.862 11.2263 12.9221 11.5453 11.0963 14.6915 13.0613 11.893 12.6955 16.1576 12.3343 17.2285 11.5377 15.8463 16.5813 12.8192 12.7467 11.7615 11.2815 13.6101 11.2454 11.7527 11.5223 11.019 11.4164 11.1801 10.6981 14.1551 10.6815 10.6558 10.5849 11.2412 10.6429 10.864 11.9147 10.3009 10.2735 15.4735 14.6087 16.8843 14.7261 13.3512
threshold=26.750000000000004 4.9500000000000011 77.850000000000009 8.9500000000000011 -0.52690380625509847 -0.75477726265637479 16.500000000000004 1.5668388010534506 -1.5912640520510368 -0.30900991924237947 -0.84452427818384357 -1.2924329481806278 343.50000000000006 0.26029819425594619 -0.30089682869965795 0.90598661678150905 2.3500000000000001 -0.13611111111111107 0.99116245973418671 1.1440469945446485 0.22917366946778714 1.1031993421943935 -0.6894444444444443 -1.1238471300092845 37.775735294117659 0.0089972527472527482 199.50000000000003 0.84383533538913136 0.050048169556840084 7.268474699672371 -0.61571000138173504 -0.97122731208267943 1.5722002994646067 -0.64597982476502114 1.0374297397767342 0.95305520290342594 -0.35354878721331912 -0.79529718174194419 -0.53218652339063355 1.7101018675721564 -0.35000310326242728 1.5836640211640214 -1.6120042822918417 1.5639854385449672 1.9273791866110594 0.4315058933783264 0.087291125531968924 0.81902707825223164 -0.62472812679836853 7.6479384307806644 0.44984587193312153 -2.3896133546015932 0.041690154077414512 0.046755205578734998 -1.0538566091892003 0.99975000000000014 0.10675156943500341 -0.85434224081639154 0.27922077922077926 -0.1417219222686302 8.0062934681009512 33.500000000000007
decision_type=2 2 2 2 2 2 2 2 2 2 2 2 2 2 2 2 2 2 2 2 2 2 2 2 2 2 2 2 2 2 2 2 2 2 2 2 2 2 2 2 2 2 2 2 2 2 2 2 2 2 2 2 2 2 2 2 2 2 2 2 2 2
left_child=1 5 -2 4 9 6 21 -8 -9 10 -3 -11 16 49 -15 -16 17 -7 19 -18 46 23 -23 -1 27 26 -26 30 29 -29 32 -32 38 36 35 37 -34 -35 39 -6 -30 42 -42 -25 45 -45 -20 -48 -12 -14 51 -22 -53 54 -54 -51 57 -5 -59 60 -60 -61
right_child=2 3 -4 56 24 12 7 8 -10 11 48 -13 13 14 15 -17 18 -19 20 -21 50 22 -24 43 25 -27 -28 28 40 -31 31 -33 33 34 -36 -37 -38 -39 -40 -41 41 -43 -44 44 -46 -47 47 -49 -50 55 -52 52 53 -55 -56 -57 -58 58 59 61 -62 -63
leaf_value=-0.0022120345869244065 -0.023220838058515929 0.080215244526271823 -0.042866472202705272 0.054325977148193164 0.029732491955861296 0.07240103485215281 -0.024898773505354115 -0.0098050493830079497 0.10979156717546137 0.11028607505185038 0.081996356695406641 0.024887825494364298 0.040359049674224476 0.13478628044514446 0.073813345863969759 -0.005259600964466437 0.015084751427198485 0.018055133074757847 -0.0065910289286108042 0.059839998580527687 0.086877846775425829 -0.0059210948706169917 0.027475794403133288 0.026783912579013365 0.12390817674968416 -0.011652657740390912 -0.0074344066489118983 0.066193475087840889 -0.049715674489417744 -0.0031159691857593646 0.11437473310720325 0.021203251652212381 0.063480729304487518 0.077772869560399638 -0.0026626373958289731 0.15084581783714757 -0.034796149755677172 -0.028363049945045134 -0.0090354330121365806 0.0039300246799888212 0.064965863336261448 0.032315384270849193 -0.016502287493324594 0.098904487327644564 0.0084425567151624591 0 0.084651680171242361 -0.022875321765907338 -0.0111897083256336 0.020757424076240868 -0.0080150995335471105 -0.0052169549554530259 -0.022157631826976453 0.01285506775263478 0.079172833860840452 -0.0478731747825583 -0.0054242523019898325 -0.014263580432627163 -0.02795747495006078 0.1533635570529181 0.095628301403075752 0.02924190448996258
leaf_weight=31.427349969744682 598.17388997972012 4.4850828126072875 428.83752567693591 16.583833143115044 62.168122097849846 9.5252880752086622 28.650662265717983 4.6033447533845901 3.6356349512934667 4.3603250011801711 2.2447459474205962 101.20341133326292 16.934931248426437 6.2808315008878735 9.9409162029624003 10.952964089810846 92.133842937648296 262.45266890525818 194.1885911077261 20.508479595184326 4.0353291928768149 62.927207142114639 51.937140576541424 413.09682055562735 2.8718555122613898 164.29388890787959 3.3648425936698914 11.597389742732046 16.99089153856039 24.664244465529919 4.5629269629716864 59.478906512260437 3.5577277913689604 7.8663092926144582 7.5432487875223151 4.5246331170201293 10.926790513098238 3.0074361115694082 119.27216904610395 273.59150171279907 3.5362635776400557 15.356405820697544 102.81124469265342 14.89286651462317 8.1208123341202718 3.6018987149000159 6.4957972764968854 4.4874952286481857 56.873335003852844 10.518518202006817 72.015777304768562 81.156080059707165 3.2389022409915915 491.34065363556147 11.047023460268973 9.4258402436971664 1136.3570552319288 46.34124818071723 11.044115088880064 3.0973680168390256 2.0112864486873141 6.2052725367248058
leaf_count=190 18842 45 19700 284 587 44 170 22 22 38 21 1021 102 37 59 69 605 1214 1315 130 25 377 299 2377 28 1782 38 117 189 264 47 677 33 73 76 41 109 32 1228 2947 38 164 1116 77 43 21 42 30 598 71 492 552 23 3229 73 52 20048 815 193 52 37 103
internal_value=-0.000370391 0.00717881 -0.0314626 0.000287775 0.00536684 0.0153179 0.0215819 -0.00750212 0.0485998 0.0188242 0.000904892 0.029464 0.0123366 0.0337395 0.0612632 0.0337865 0.0112121 0.020235 0.00868646 0.0237321 0.00670316 0.0234309 0.00924332 0.0268524 0.00281935 -0.00862125 0.0611197 0.00550154 -0.00582752 0.0200983 0.00907629 0.0295749 0.00634588 0.0326818 0.0577035 0.0859392 -0.00779349 0.0480805 0.00410188 0.00879647 -0.012737 -0.00717057 -0.0131668 0.0289413 0.0600629 0.0808765 -0.00377108 0.0420589 -0.00626315 0.0122445 0.00995365 0.0121622 0.0114929 0.0141898 0.0559255 -0.0121762 -0.00416229 0.0124628 0.00165092 0.0340493 -0.00311331 0.0819288
internal_weight=5259.38 4232.37 1027.01 2292.79 1071.15 1939.57 622.894 36.8896 8.23898 169.167 63.6032 105.564 1316.68 64.054 27.1747 20.8939 1252.63 271.978 980.648 112.642 868.006 586.004 114.864 471.14 901.987 170.531 6.2367 731.456 174.956 36.2616 556.5 64.0418 492.458 37.4261 22.9416 15.3984 14.4845 10.8737 455.032 335.76 138.695 121.704 106.348 439.712 26.6156 18.4948 205.172 10.9833 59.1181 36.8793 662.834 590.818 586.783 505.627 14.2859 19.9444 1221.64 85.2831 68.6993 22.358 13.0554 9.30264
internal_count=83145 44603 38542 32841 11309 11762 3598 214 44 1723 664 1059 8164 390 165 128 7774 1258 6516 735 5781 3384 676 2708 9586 1848 66 7738 1888 381 5850 724 5126 364 222 146 142 105 4762 3534 1507 1318 1154 2518 141 98 1387 72 619 225 4394 3902 3877 3325 96 123 21532 1484 1200 385 230 155
is_linear=0
shrinkage=0.05


Tree=28
num_leaves=63
num_cat=0
split_feature=5 5 5 5 193 223 168 47 214 205 134 90 235 131 142 193 223 35 198 212 5 51 177 238 71 230 128 72 153 214 186 102 240 87 235 168 39 13 160 71 156 241 194 148 134 241 195 70 106 1 241 47 154 131 217 245 140 174 196 147 239 156
split_gain=457.787 84.7048 37.9939 19.3705 13.5824 13.5333 12.3493 17.4546 14.9072 13.4416 12.0734 11.8091 13.7384 11.9969 10.9843 11.6474 14.4131 10.8593 12.7629 12.2114 11.5982 10.9684 10.7202 10.6582 10.6399 17.1112 18.7185 14.3153 18.9124 11.9005 10.3376 10.3024 14.4756 16.2683 13.0537 10.1852 11.4558 11.3648 15.4263 11.1532 10.8382 12.0547 14.615 15.1726 24.0337 17.1079 13.466 18.2271 24.6698 24.1282 17.3132 12.41 16.9209 13.7981 12.2239 12.2116 18.0019 14.3025 11.8151 11.7177 14.1926 11.5632
threshold=26.750000000000004 4.9500000000000011 64.15000000000002 11.950000000000001 -1.3694978164783835 -0.6152542018140813 -1.7623381637145077 0.072751322751322761 -0.18128961892618303 -0.45729841484251316 -0.75477726265637479 16.500000000000004 1.5668388010534506 -1.5912640520510368 2.092335395536598 -1.4989272409037575 -1.0000000180025095e-35 246.50000000000003 0.46535746481025836 0.82481521463678986 2.3500000000000001 1.0000000180025095e-35 1.0262620711466857 -1.3224785148013452 24.500000000000004 -0.1115400856814278 -0.18508873505481102 0.049896265560165985 -0.051116843479750117 0.58664914003985313 0.44116980663339039 382.50000000000006 0.093350710534825562 1.489763080508155 -0.44523501092846524 -1.044465935734185 4.5000000000000009 12.500000000000002 -0.30143480827674202 50.500000000000007 -0.41339627690844111 -0.96362770297025568 1.2581305972042902 -0.16829605080197796 -0.55589389638375686 1.0608259776572164 -0.40611035547458307 6.5610307913033887 8.0610802520311733 12.500000000000002 0.58847875866323707 0.67948717948717963 -0.073847267313468037 -0.43330152248581716 1.1148482558705772 -0.58469941284169191 1.677252624462749 -0.27758230071089823 0.095381372323594907 0.66493952990040761 0.35762027364022697 0.60205779058269437
decision_type=2 2 2 2 2 2 2 2 2 2 2 2 2 2 2 2 2 2 2 2 2 2 2 2 2 2 2 2 2 2 2 2 2 2 2 2 2 2 2 2 2 2 2 2 2 2 2 2 2 2 2 2 2 2 2 2 2 2 2 2 2 2
left_child=1 5 4 14 31 -1 7 8 -6 -10 11 -7 -13 -14 15 16 -3 20 -19 21 22 -20 30 -22 27 26 -26 -18 -29 -27 -12 -2 33 34 -33 36 -5 38 -38 -40 -37 55 51 -44 45 46 47 50 49 -49 58 -43 53 -53 -55 -42 61 -58 -45 60 -54 -57
right_child=2 3 -4 35 6 10 -8 -9 9 -11 17 12 13 -15 -16 -17 24 18 19 -21 23 -23 -24 -25 25 29 -28 28 -30 -31 -32 32 -34 -35 -36 40 37 -39 39 -41 41 42 43 44 -46 -47 -48 48 -50 -51 -52 52 59 54 -56 56 57 -59 -60 -61 -62 -63
leaf_value=-0.043939632041479354 -0.010430769377937146 -0.025506289819752861 -0.040748457160317983 0.029911618511737726 -0.028027242380098284 0.02218494782243563 -0.024421253660039693 -0.021438744286996048 -0.0011904444813610059 0.19891468481382071 0.01066182694331377 -0.023767889580919941 -0.0094268148253136945 0.10061565903285728 -0.019858495586465394 0.0034122250178620704 0.010163129279439386 0.0095428354081124843 0.045775461997918147 0.086042581027800671 -0.047991156168321406 -0.015579994528897592 0.066541743576067888 0.0086013807452513125 -0.010745086470126069 -0.020390899134006581 0.08817492661042374 0.1261528411989111 -0.023167985486278849 0.047055728156463333 0.032318751278195411 0.0028168578444339992 -0.03699611572738698 -0.019862685808017123 0.17130334535130531 -0.017710913602893095 -0.035945175776184828 -0.02539730633742155 0.17044757883651659 -0.0046131360732169467 -0.022358668871058553 -0.012570147731010992 -0.016549996730283539 0.064184964735724256 -0.027950000865150933 -0.029459920481983971 -0.021193104976036964 0.25919727239746615 -0.025473434263437612 -0.00058839215284946776 0.16598304679468023 -0.030825216222106606 -0.013405937850127579 0.14465228653561907 -0.023427283045586732 0.025290355281814628 0.20673470915186579 0.025125915550025413 -0.033920766304987686 -0.014817227322570115 0.17317618258083337 -0.023522422725988486
leaf_weight=8.8897666335105878 18.43469290621579 12.472161658108233 490.90150997973979 39.3280242793262 1.3602767866104839 591.25019979476929 465.65947765670717 7.315118670463562 1.085495740175247 1.9636967740952953 175.27487690746784 28.124517664313316 4.5891357213258743 3.8540641516447049 46.493090283125639 1322.7720189653337 8.6253159604966658 47.907352067530155 25.025334365665913 13.211214259266852 7.3885260596871367 9.3896817043423635 10.991506233811377 946.1750762835145 6.9172767996788052 25.360243808478117 12.686133917421101 9.0055718719959241 2.2702363058924666 7.6891039907932273 81.369591698050499 1.6773160640150306 2.8001206871122122 2.3195411693304777 3.4562936108559352 191.26748503372073 2.3988310769200325 24.370212502777576 1.6690321974456339 1.2203386873006818 18.923893876373768 400.84998671710491 19.79245438426733 5.81103009730578 9.3060584850609285 3.59096610918641 2.401010841131213 3.4770982339978209 1.1181730963289735 1.0632442831993101 1.7291660830378521 1.6051149889826772 1.7390322983264952 4.554609194397929 0.97011176496744145 54.535613276064396 1.2984625026583669 2.8152970187366 4.6581333950161934 21.500826336443424 0.97975525632500637 14.571068141609429
leaf_count=68 536 142 22875 635 37 3374 14551 205 24 42 809 169 22 22 537 15067 84 297 154 75 52 57 48 6243 75 256 119 76 23 81 372 46 79 63 84 3846 46 447 27 21 378 7933 380 114 180 70 47 66 23 21 32 29 36 87 20 1053 22 55 89 419 18 287
internal_value=-0.000345679 0.00681511 -0.0308188 0.000291381 -0.0211156 0.0144623 -0.0231274 0.0257472 0.0944433 0.143742 0.0147543 0.0204789 -0.00682824 0.0456103 0.0037811 0.00457889 0.0224203 0.0120076 0.0282175 0.046317 0.0107134 0.028927 0.0199133 0.00810783 0.0309617 0.0184159 0.0541999 0.061446 0.0962435 -0.00363111 0.0176464 0.0118457 0.0497095 0.083399 0.126503 -0.00575939 0.0124947 -0.01066 0.0496987 0.113048 -0.00741849 -0.00397504 -0.0071327 0.0174062 0.0377144 0.0636322 0.0809788 0.0953772 0.164493 0.208333 0.0529031 -0.0101837 0.0196219 0.0820471 0.115305 0.0124947 0.0217498 0.112644 0.0209464 -0.00108141 0.0809746 0.0147382
internal_weight=5242.25 4245.28 996.974 2291.84 506.072 1953.44 477.384 11.7246 4.40947 3.04919 1944.55 627.818 36.5677 8.4432 1454.29 1407.8 85.026 1316.73 95.5336 47.6262 1221.2 34.415 267.636 953.564 72.5539 52.6528 19.6034 19.9011 11.2758 33.0493 256.644 28.688 10.2533 7.45315 5.13361 837.545 68.9864 29.6584 5.2882 2.88937 768.559 577.291 485.147 52.9473 33.1549 23.8488 20.2579 17.8568 5.65852 4.54034 12.1983 432.199 31.3494 7.12984 5.52472 92.1443 73.2204 4.11376 10.4692 24.2196 2.71879 69.1067
internal_count=83145 44603 38542 32841 15667 11762 14859 308 103 66 11694 3587 213 44 16460 15923 856 8107 583 286 7524 211 1229 6295 714 531 194 183 99 337 1181 808 272 193 130 16381 1176 541 94 48 15205 11359 9564 1022 642 462 392 345 110 87 235 8542 609 136 107 1795 1417 77 203 473 54 1340
is_linear=0
shrinkage=0.05


Tree=29
num_leaves=63
num_cat=0
split_feature=133 75 75 75 168 198 30 223 193 173 169 241 122 176 188 33 99 114 160 89 211 148 241 79 168 207 168 232 245 127 73 241 7 194 47 147 76 190 215 71 199 24 234 232 176 198 143 41 193 198 70 240 234 192 173 235 62 229 99 197 71 76
split_gain=412.628 85.5423 29.4535 21.4025 14.039 14.9556 21.5261 11.1667 11.211 14.9878 11.0906 11.0327 17.2994 16.6639 19.6792 21.0832 10.4485 14.0989 11.2391 10.3091 13.2143 12.4059 12.0769 11.0695 12.2517 11.5937 12.0121 10.1441 10.6124 16.1499 19.1312 17.4044 12.9776 10.122 18.1037 11.8092 16.853 13.6508 13.9595 19.2112 13.8235 13.6339 10.9448 10.0373 12.9487 10.0166 9.92085 9.89705 12.1404 16.0754 13.9692 13.1422 12.2657 12.0582 11.9135 11.8005 11.9129 11.7833 11.6596 13.9172 16.3118 12.0811
threshold=1.0000000180025095e-35 1.865765765765766 32.281650641025649 4.8280788177339913 -1.5264753856356641 -0.6258866777204154 36.380625000000016 -0.6152542018140813 -0.96288093415238996 -0.83778049208780025 -1.3073002830311193 -0.94960674477510421 1.0000000180025095e-35 0.15731706862366418 -0.39662921668760426 37.750000000000007 3.5000000000000004 0.41428571428571431 1.2894429317996634 -6.2904482720754702 1.1720935075909893 -0.98533010903875728 -0.33009618692447024 3.0023148148148153 -0.68718427093627776 -0.43139395648450696 0.58073647847357124 -0.6011753423114341 -0.458930142146385 0.40841204832833433 0.23670062252405208 -1.4063634219980414 6.5000000000000009 1.2309916582291716 0.29520697167755999 -1.0000000180025095e-35 -0.036499095368057968 -1.3504902365573856 -0.73022824095202643 56.500000000000007 -0.16464635118483625 0.54338585434173681 -1.1530602931995972 -0.36805040070532319 -0.40126010889131974 -0.25263114440496443 1.4144461250438092 1.5000000000000002 -1.4006660448529675 1.6174496257025666 8.1622329135418159 -0.54050009250979369 -0.31049640027060804 -0.046521085592443605 -1.466053988798979 -0.04146586869867664 0.081167035050002487 0.0081377901199979272 9.5000000000000018 -1.1252410347826596 40.500000000000007 -0.76701172997046885
decision_type=2 2 2 2 2 2 2 2 2 2 2 2 2 2 2 2 2 2 2 2 2 2 2 2 2 2 2 2 2 2 2 2 2 2 2 2 2 2 2 2 2 2 2 2 2 2 2 2 2 2 2 2 2 2 2 2 2 2 2 2 2 2
left_child=1 7 -2 47 5 6 -5 -1 9 10 -9 12 -6 27 -15 -16 17 -12 -18 20 23 22 -22 24 -10 26 43 -14 29 45 -31 -32 -33 -13 35 37 -37 40 39 41 -35 -39 -40 -26 -45 -29 -24 48 49 50 -3 -51 58 55 -55 -54 -57 -52 59 60 61 -50
right_child=2 3 -4 4 11 -7 -8 8 19 -11 16 33 13 14 15 -17 18 -19 -20 -21 21 -23 46 -25 25 -27 -28 28 -30 30 31 32 -34 34 -36 36 -38 38 42 -41 -42 -43 -44 44 -46 -47 -48 -49 52 51 57 -53 53 54 -56 56 -58 -59 -60 -61 -62 -63
leaf_value=-0.038924891025263302 -0.023382685518662284 0.0053443349796773948 -0.041993774701195898 0 -0.011452770968431765 0.0037664089084316872 0.15161447581729884 0.093239354694883772 0.036797186496501259 0.015054564111110539 0.092828790635847078 -0.013097885466427275 -0.021327137799318288 -0.030876822866042927 0.20663324462723287 -0.02424128592038273 0.029040512575124397 -0.0049308267492270451 -0.035174051062507421 0.013149981154644639 0.11453407996580922 0.0043408332799851415 0.078760012031853233 -0.031680963065338123 -0.027812802564099234 -0.0088650347717021839 0.080230064030625062 0.053765447748955114 -0.012550273797392625 0.027256816091666566 -0.0048869605254113074 0.053270232356071423 0.27150632651248424 0.17912012245559439 -0.027244112620254474 0.0085876790396261365 0.18992452027205006 0.19840530854645425 0.084202087236879344 -0.022857405051947052 -0.022926141152158505 -0.0016229916813492173 -0.011108590192075401 -0.026998073346125303 0.080653531231078171 -0.020913745529420186 -0.025362315815027688 -0.0068754182197814434 0.071834095501784198 -0.012299257017250037 0.102081272957675 0.11065417077604023 -0.0087091681365008868 0.033649623653936304 -0.0089723681141725305 0.0047934681006284374 0.028231720137266811 -0.0030773580080546703 0.032598039757739332 0.0041758963012809716 0.131274031330989 -0.012629045248182702
leaf_weight=9.2538679465651494 490.81834215298295 65.784306526184082 385.35999695211649 4.5667035505175573 72.600804023444653 25.477969229221344 3.8255526423454285 7.3131748437881461 21.080762654542923 328.7085565328598 12.409815296530725 610.08433149009943 13.371068276464937 1.6277179382741449 2.8412506878376003 1.0226885713636873 80.600153498351574 4.8225732147693625 6.5289354622364035 1426.2951421588659 5.8876933008432388 19.282629691064358 2.9000599384307844 27.416365243494511 10.08039072155953 135.5540906265378 6.6026318073272696 6.4856518618762484 11.295832972973587 7.7036535777151567 1.2474613748490808 1.8006835952401163 1.7693461365997789 1.3513724729418757 26.530837755650282 3.0129714459180832 1.4608651623129834 1.9683187380433076 2.2585587240755549 2.5833440013229847 0.94404411688446899 1.103306859731674 38.367935031652451 3.873582161962986 6.0773596763610822 10.211480978876354 4.6124782860279083 212.80632839351892 5.9981740191578874 2.597020260989666 6.5212938450276834 7.3139253966510278 99.129683222621679 16.212447576224804 339.07459232211113 195.70268354192376 74.681706316769123 3.8967421352863312 52.329017587006092 279.49233857542276 3.5412542484700671 9.9212391674518585
leaf_count=76 17365 709 18924 71 1444 389 52 41 135 2036 71 12238 256 33 54 21 490 27 42 9126 32 136 18 199 76 900 44 133 182 154 25 33 39 21 528 56 29 32 41 51 21 22 726 29 43 208 30 2743 61 25 68 69 1195 182 4010 2307 836 42 644 3379 40 136
internal_value=-0.000327526 0.00597882 -0.0316124 -0.000854212 -0.0070607 0.0240065 0.0779775 0.0131698 0.013419 0.0205371 0.0363534 -0.00837507 0.00481399 0.0246466 0.100677 0.152078 0.0314725 0.0664261 0.0238274 0.0115274 0.00198249 0.0310764 0.066228 -0.00263261 0.00183413 -0.00287728 0.0266346 0.0151138 0.0274851 0.0430314 0.0837458 0.153005 0.198267 -0.0109095 0.00575891 0.022555 0.0925933 0.0142662 0.00699356 0.0741717 0.112765 0.142576 -0.00379433 0.00575617 0.0396529 0.00921027 0.018775 0.0030061 0.00482413 0.0227906 0.014373 0.0798033 0.0033619 -0.000350806 -0.00692442 0.00595785 0.0113658 0.0654854 0.0110158 0.00712524 0.0469648 0.0212645
internal_weight=5226 4349.82 876.178 2230.52 855.514 33.8702 8.39226 2119.3 2110.05 440.383 111.675 821.644 131.978 59.3768 5.49166 3.86394 104.361 17.2324 87.1291 1669.66 243.368 32.6829 13.4002 210.685 183.269 162.188 26.634 53.8852 40.5141 29.2183 12.5211 4.81749 3.57003 689.666 79.5816 53.0507 4.47384 48.5769 46.2815 5.65497 2.29542 3.07163 40.6265 20.0313 9.95094 16.6971 7.51254 1375 1162.2 86.1133 76.2023 9.91095 1076.08 724.801 355.287 369.514 270.384 10.418 351.282 298.953 19.4607 15.9194
internal_count=83145 46856 36289 33305 16859 512 123 13551 13475 2707 671 16347 2582 1138 108 75 630 98 532 10768 1642 216 80 1426 1227 1092 192 1030 774 592 251 97 72 13765 1527 999 85 914 872 105 42 54 767 148 72 341 48 16446 13703 913 819 94 12790 8530 4192 4338 3143 110 4260 3616 237 197
is_linear=0
shrinkage=0.05


Tree=30
num_leaves=63
num_cat=0
split_feature=5 5 5 5 68 23 33 186 232 64 195 104 248 206 96 12 40 94 230 241 157 158 176 145 212 35 228 164 104 175 73 216 71 236 49 162 195 39 221 234 64 168 69 227 15 239 128 69 66 240 217 128 195 105 126 160 150 209 234 76 233 186
split_gain=398.376 78.4496 22.1729 17.7958 13.4073 16.981 15.6178 15.505 16.3909 14.0787 15.3874 19.465 23.4601 26.1802 18.8057 18.8326 16.1865 18.4786 22.6605 19.6122 13.4974 18.0073 13.0696 13.0468 12.9024 12.6536 12.768 12.4495 18.3547 12.2317 11.7669 17.5421 11.2458 13.7111 10.9008 11.2 10.835 14.845 16.6196 17.4704 15.6857 13.247 14.1049 11.7089 11.5261 12.5147 12.3861 12.5938 10.9055 16.079 13.8112 12.2964 11.6592 10.8243 15.9602 10.8208 10.6094 10.5709 17.2227 12.1205 12.0749 10.5358
threshold=32.050000000000004 7.5500000000000007 79.250000000000014 3.1500000000000008 6.6036152733043929 7.291666666666667 36.050000000000004 0.043325746217942183 -0.44934506467329571 845.50000000000011 0.25294680264178465 0.077606217746604617 0.8615697755951599 -0.58470712594513086 0.12674433698968005 1.5000000000000002 0.13484848484848486 -0.043722692591470866 0.20198201635675192 0.97177845601112478 -0.85819321565066864 0.18361380344602593 -0.30094352458540946 -1.5435088247189663 0.68490347953741815 40.500000000000007 0.31722560603626254 0.8314995619651192 0.086096788120199094 0.75650735801165914 0.25936723895907571 -1.0000000180025095e-35 63.500000000000007 -0.79170025995178916 5.0000000000000009 0.62323354955099586 0.25294680264178465 4.5000000000000009 -0.041345147211915213 -1.0404910656185229 650.50000000000011 0.8940593410189045 0.074651095173483242 -0.76987543824485383 1.0000000180025095e-35 -0.034467776325685026 -0.39662270454217136 0.022764287829434415 0.049960998439937607 2.0322618250419575 -0.82898047954168186 -0.012956654625761876 -0.92349570080541554 0.077832184018133646 -0.49639921280442795 -0.75406877589507626 -0.62871760647261954 -1.2533283660656287 1.6635084898831767 -0.88783123236340489 -0.4733368814291648 0.063728470486364527
decision_type=2 2 2 2 2 2 2 2 2 2 2 2 2 2 2 2 2 2 2 2 2 2 2 2 2 2 2 2 2 2 2 2 2 2 2 2 2 2 2 2 2 2 2 2 2 2 2 2 2 2 2 2 2 2 2 2 2 2 2 2 2 2
left_child=1 3 -2 24 5 6 -3 23 20 10 11 12 13 -7 15 16 17 18 56 -19 21 -9 -6 -8 34 26 -13 -10 -29 -24 31 -28 33 53 -1 -36 37 38 40 -40 48 43 -43 -38 46 -46 47 -41 49 51 -50 -35 -51 -5 -55 -11 -15 58 59 60 -34 -48
right_child=2 4 -4 32 22 9 7 8 27 55 -12 25 -14 14 -16 -17 -18 19 -20 -21 -22 -23 29 -25 -26 -27 30 28 -30 -31 -32 -33 57 36 35 -37 41 -39 39 44 -42 42 -44 -45 45 -47 61 -49 50 52 -52 -53 -54 54 -56 -57 -58 -59 -60 -61 -62 -63
leaf_value=0.013948039957592688 -0.02429344974071404 -0.014100807221885548 -0.041124575555251168 0.01876426577864046 -0.013241399517071206 -0.029767094425231479 0.090704774508643685 0.16632007162885609 -0.0090266832011047619 0.061654323869077481 -0.0036738588128116451 -0.016320893232228052 0.0017059403017216685 0.08979976818023308 -0.019998504125598181 0 0.0075937560491254235 0.23152878055291504 0.1849255894947025 0.022316676994690317 0.028932686418351661 -0.027883615735671004 -0.0029202597732721053 -0.0078014926371129572 0.023589342748103388 -0.021269933234939711 0.18673700530584028 -0.0046396232862211239 0.15245219152151274 0.03568575504600046 -0.0056768732489437864 0 -0.010986823330728491 0.050478228059161939 0.0042871129987519388 -0.046528405030825559 -0.026683761197140568 -0.0023628578787347832 -0.035652387422110285 0.11097370319415084 0.051757092539991716 0.0037723907786193279 0.070895233306339719 0.0022621722434195113 -0.022561487971912597 0.010396089819716663 -0.011988333397456327 0.028784219751239931 0.072443076269890924 -0.013830990494954407 0.020922439456675528 -0.014777372909443601 0.10783369833116406 -0.0025168632116398053 0.10834659119607409 -0.036693610789011025 -0.040542489499569956 0.0017890016349902072 0.11590411046031367 -0.036985157290543573 0.068840341117197959 0.025602893355389147
leaf_weight=575.68645299226046 429.612528456375 137.57784856855869 374.05612733401358 24.686033621430397 377.20832408964634 3.5035429596900931 2.4488998167216769 3.0597585737705222 50.460999201983213 2.45680093020201 24.209957305341959 4.5473643541336077 10.66695550829172 1.4210040308535092 2.2385352700948706 2.7520860694348803 2.2437035590410224 7.7297852002084309 1.926076255738735 1.6093023382127283 61.684454813599586 1.273182827979326 733.8920774422586 127.55343549326062 390.26179220527411 14.634738840162752 2.7357676811516285 4.3008797615766516 2.1282465048134327 20.095805786550045 2.3031464703381062 1.8588120378553865 7.5871518701315006 7.2403713762760153 38.938465431332588 13.881377726793287 43.489304773509502 131.58331571519375 21.355435274541378 4.3152248486876479 41.06929174810648 20.575150720775127 11.927978858351706 161.0934194624424 41.965818986296654 86.35149248316884 38.345332100987434 61.722791232168674 13.020756773650644 2.5985967069864273 260.25003623217344 56.909418605268002 4.6711264774203292 4.5282201096415511 9.401361905038355 14.129690524190663 3.3847789503634078 661.49904767051339 4.1273123174905768 7.2003132924437514 10.279662735760212 34.356741555035114
leaf_count=2849 15663 2313 19371 205 6727 57 38 44 836 42 430 75 181 23 40 44 38 114 33 28 1024 21 12959 2148 1922 255 48 77 32 331 40 26 62 60 203 75 383 1131 186 35 324 178 88 1382 359 708 312 519 107 21 2086 474 36 38 73 246 55 5542 31 74 83 284
internal_value=0.000181671 0.00607605 -0.0321748 0.0111612 -0.00265054 0.00420246 -0.000589751 0.00676689 0.0194359 0.0220179 0.0299853 0.0427427 0.065387 0.0895727 0.108206 0.122344 0.13978 0.156416 0.0751103 0.201607 0.0361916 0.11379 -0.00565385 -0.0052295 0.0164322 0.00880601 0.0462845 -0.000210885 0.0602108 -0.00183878 0.0850312 0.124282 0.00812066 0.0113037 0.0119498 -0.009591 0.0101891 0.012951 0.0159464 0.00680876 0.02273 0.000766376 0.0299352 -0.00396657 0.0103432 -0.000435045 0.0202793 0.0358047 0.0191173 0.00161526 0.0236507 -0.00667369 0.0673259 0.0402624 0.0742176 -0.0191645 0.00596573 0.00312038 0.0320634 0.0141504 0.0358911 0.00581463
internal_weight=5220.62 4416.95 803.669 2790.92 1626.04 494.84 390.488 252.91 122.908 104.352 87.7656 63.5556 37.4758 26.8088 23.3053 21.0667 18.3147 16.0709 6.73186 9.33909 66.0174 4.33294 1131.2 130.002 1018.77 26.0798 11.4451 56.8901 6.42913 753.988 6.89773 4.59458 1772.15 1081.46 628.506 52.8198 1042.84 805.756 674.172 288.413 385.76 237.086 32.5031 204.583 267.057 128.317 138.74 66.038 344.69 71.4195 273.271 64.1498 7.26972 38.6156 13.9296 16.5865 4.80578 690.693 29.1944 25.0671 17.8668 72.7021
internal_count=83189 48155 35034 19830 28325 8308 6533 4220 2034 1775 1487 1057 613 432 375 335 291 253 111 142 1089 65 20017 2186 5049 444 189 945 109 13290 114 74 14781 8989 3127 278 8673 6642 5511 2403 3108 2031 266 1765 2217 1067 1150 554 2784 591 2193 534 57 316 111 288 78 5792 250 219 145 596
is_linear=0
shrinkage=0.05


Tree=31
num_leaves=63
num_cat=0
split_feature=5 5 5 5 68 93 23 228 236 69 242 195 142 176 243 214 164 68 164 159 239 73 244 237 244 191 89 161 188 162 141 192 154 192 191 68 211 150 94 182 232 155 129 238 58 164 64 185 241 241 230 221 234 234 85 217 248 158 133 160 238 232
split_gain=369.551 70.1432 22.0771 16.0487 12.3042 25.4225 16.7427 15.1439 15.0801 16.5419 21.1164 14.342 12.1452 12.0232 12.3271 18.5386 15.6494 13.6391 16.1373 13.5231 16.4433 11.8794 18.16 14.934 14.0765 13.9712 11.407 17.4074 12.839 11.9099 17.2208 11.3562 10.8217 12.6643 10.8159 10.8009 12.2586 11.8854 17.636 13.5768 14.3036 14.4507 13.9898 11.4721 11.3722 10.5395 10.4583 10.4339 14.7797 10.3537 17.314 10.3411 14.2136 13.1567 10.9384 10.8697 14.544 11.0072 13.4836 10.2797 14.1941 19.9604
threshold=32.050000000000004 7.5500000000000007 79.250000000000014 3.7500000000000004 6.6036152733043929 0.052936136575842459 7.2250000000000005 -0.39636148191589482 -0.63611674453432998 0.069003916749865613 -0.26725857291839822 0.15895883788839901 2.4592741770816287 -0.30094352458540946 0.42186458025420154 0.70710678118654813 1.6381672184178202 7.0308031175872587 -0.69537926683507889 -0.33825658443653667 0.78724939533977656 0.12741975771200201 -0.27396928733541231 0.10183973045196419 -0.25020009994643622 0.39517205009997741 8.0663886600767203 -0.45166816682956062 0.95003151078314751 -0.38449184691118626 0.11512204296055749 -0.43736371605126806 1.536490607696928 0.76862225528691575 1.4689600171061745 6.4730525138929993 0.14559480468174135 -0.62052710585337001 -0.10494408369408369 -0.28811954073293994 -0.51075983629862598 0.56018699343946265 -0.3614074560883101 0.38490017945975058 -0.20416666666666664 0.12562768701997457 14.500000000000002 1.0000000180025095e-35 0.46538851697181438 -1.0527199118114818 0.11079606896906057 -1.7123449563052149 -0.11846977555181841 -0.60083526002215881 59.876388888888904 -0.68224392900347552 -1.1052924312977364 -0.52672940524126721 -0.65972893825026657 1.2563736194995285 0.66115439154964573 -0.4504824747454938
decision_type=2 2 2 2 2 2 2 2 2 2 2 2 2 2 2 2 2 2 2 2 2 2 2 2 2 2 2 2 2 2 2 2 2 2 2 2 2 2 2 2 2 2 2 2 2 2 2 2 2 2 2 2 2 2 2 2 2 2 2 2 2 2
left_child=1 3 59 32 5 6 12 8 -8 10 -10 -9 34 -6 46 16 21 -17 -19 -18 -21 22 -16 24 25 31 45 -28 29 -29 -31 -24 -1 -34 -3 51 37 38 -37 -39 41 42 -41 -44 -42 -20 -15 -48 -49 50 -36 52 53 -7 -53 56 -56 58 -58 -2 -61 -62
right_child=2 4 -4 -5 13 35 7 11 9 -11 -12 -13 -14 14 15 17 19 18 26 20 -22 -23 23 -25 -26 -27 27 28 -30 30 -32 -33 33 -35 49 36 -38 39 -40 40 44 -43 43 -45 -46 -47 47 48 -50 -51 -52 54 -54 -55 55 -57 57 -59 -60 60 61 -63
leaf_value=0.013917978406519649 -0.026137261437734066 -0.00010146233075949404 -0.04068679412823447 0.0068367483201889319 -0.012730008060164711 0.00058025175909729267 -0.021124493139665843 0.04232002477995056 0.2200780629971657 0.039658996132441643 0.0035287567330329543 -0.027587477167619775 0.10124900936627082 0.016954841919589191 -0.011914617262474265 -0.0098183564657807806 -0.0033085503596398131 -0.016732828105772601 0.090693356977382011 -0.0069731176434698963 0.19547419614409786 -0.0076185294984669394 0.049411744142504682 -0.035514557238098668 0.017001352615833788 -0.0066384678401476341 -0.029867996319018542 0.036122250689091986 0.0020322255771947381 0.2363026733308245 0.03353997296202673 0.22235118200894771 0.079984850807819086 -0.019780738702855703 -0.012587503542978346 -0.00439695667970833 -0.016198662836444885 -0.036272076124941474 0.14224598358892246 -0.01422985339662197 0.092346411840808454 -0.033198941089874458 0.17925030334437198 0.030579392942398937 -0.02051420233776426 -0.023017295002384374 -0.0082409510792975527 -0.018506132111477044 0.15381182818428485 0.020340935964944986 0.18504833411655941 -0.026603118450734098 -0.014924946885103752 0.18281313121916412 0.13590628496029555 -0.0098586584827123 -0.00061400662942214196 -0.0061488591739497838 0.13066248099719002 -0.015981031276200663 -0.016365632775349699 0.12070498112801185
leaf_weight=1357.6399073600769 380.58768124692142 108.68368060141802 359.55631718784571 1433.6809156835079 372.89599347114563 1.7321290597319605 2.2849880494177333 27.958113327622414 3.7194585576653481 5.8866377435624599 1.5840789824724177 8.9597869701683504 2.5105228200554839 46.398241251707077 13.671103049069645 8.2926110103726405 3.162579532712698 4.6161979772150543 2.4330665133893516 1.3382994234561914 1.9947261847555635 128.23419216275215 2.3524449989199625 2.2879882156848899 4.6678364239633074 1.3075386323034761 1.4735850207507653 2.3207730688154724 1.6845319382846362 4.3050727248191718 1.8464894443750379 2.7926553040742879 11.39096640050411 3.7214966714382163 1.6003589332103758 3.2304130718111992 20.648589041084051 8.2105129808187503 4.0844998806715003 1.7385279014706601 1.7227249220013607 1.8682019487023342 3.9299025237560299 2.5419659614562988 11.3835715316236 4.1649631857872009 509.89848032221198 2.1014093905687328 1.4016085453331468 21.566491685807705 1.7048676162958143 77.199508011341095 4.3333966359496108 1.5238396413624284 1.6313236504793192 135.7720429264009 3.8834923319518566 21.256838362663984 2.7758884616196182 30.200100883841515 4.8858406767249107 4.2063688635826093
leaf_count=7119 14203 1770 19371 12630 6727 29 36 444 53 88 25 162 37 810 255 137 58 78 39 25 29 2213 36 44 89 22 26 39 32 57 31 44 60 21 23 57 365 146 65 27 28 32 67 43 202 70 9095 38 23 321 22 1360 68 22 28 2309 67 369 43 1125 182 153
internal_value=0.000177138 0.00576826 -0.0315465 0.0105508 -0.00250721 0.00404329 0.018582 0.0429481 0.0868033 0.109177 0.167012 0.0249419 0.00927387 -0.00539864 -0.00174811 0.00911088 0.00217532 0.0438077 0.0630791 0.0727512 0.130183 -0.00119089 0.0282562 0.0675452 0.0903425 0.133326 0.0833698 0.111683 0.133504 0.156142 0.18934 0.165002 0.0144183 0.055404 0.00676817 -0.00473205 0.0142496 0.0306159 0.0841438 0.0157775 0.0351543 0.0769779 0.103473 0.133434 0 0.0246739 -0.00550938 -0.0075783 0.0681767 0.0358238 0.107497 -0.00929573 0.0446338 0.109958 -0.0111803 -0.00383155 0.0231157 0.0118796 0.0633692 -0.0236294 0.000583222 0.0522293
internal_weight=5207.44 4428 779.436 2806.43 1621.57 495.926 186.459 50.3931 13.4752 11.1902 5.30354 36.9179 136.066 1125.64 752.746 192.947 161.809 31.1373 22.8447 6.49561 3.33303 155.314 27.0796 13.4085 11.1205 6.45264 18.2285 11.6305 10.1569 8.47234 6.15156 5.1451 1372.75 15.1125 133.555 309.467 59.3589 38.7103 7.31491 31.3954 23.1849 10.0786 8.2104 6.47187 13.1063 6.59803 559.8 513.401 3.50302 24.8717 3.30523 250.108 7.58937 3.25597 242.519 165.32 29.5475 27.9162 6.65938 419.88 39.2923 9.09221
internal_count=83189 48155 35034 19830 28325 8308 2981 808 202 166 78 606 2173 20017 13290 3324 2815 509 372 112 54 2703 490 235 191 102 294 185 159 127 88 80 7200 81 2136 5327 1032 667 122 545 399 169 137 110 230 109 9966 9156 61 366 45 4295 119 51 4176 2816 507 479 110 15663 1460 335
is_linear=0
shrinkage=0.05


Tree=32
num_leaves=63
num_cat=0
split_feature=5 5 75 5 193 173 189 211 163 158 241 176 175 13 203 125 212 242 194 93 247 197 174 175 66 89 206 235 106 89 16 20 128 215 114 96 47 194 155 206 215 106 71 213 99 68 128 92 93 95 128 95 93 240 34 247 35 4 96 150 4 93
split_gain=342.803 62.3471 22.1249 14.5868 12.5571 12.5492 14.7543 13.3625 12.6677 17.4545 12.4497 11.8826 14.8786 11.8514 13.7244 17.4697 11.4481 11.2223 11.0184 11.0115 10.7524 10.7804 14.3127 10.6404 18.5766 10.3983 10.2613 10.4101 11.4152 12.1713 11.4666 10.8684 13.5848 15.8287 12.0758 16.4084 12.463 11.6036 16.5995 10.7761 11.7502 13.5103 12.0512 12.6182 15.2931 14.3089 11.117 11.7204 10.0955 10.0869 10.0471 16.3012 12.6208 12.3004 11.4537 15.2931 11.937 11.5723 11.5318 11.0776 11.0175 11.4231
threshold=32.050000000000004 7.5500000000000007 32.281650641025649 3.1500000000000008 -1.1688831307287237 -1.1090517201085774 2.0511091228862814 -2.499426635658315 0.031931891543751402 1.163516114844269 -1.4063634219980414 -0.30094352458540946 1.5004431315009963 15.500000000000002 -0.38691818691447738 0.56053930673468189 0.68490347953741815 -0.79906685835137525 -0.35690638951297471 0.071448299963924974 1.7515326515022356 -0.16219237798064737 -2.1793194996740741 2.0155704007085542 0.063645697218592506 1.7516260012729976 3.2518138289471588 -0.43503135451622582 6.9551904156348314 24.813352290199479 4.5000000000000009 0.52715829921712287 0.52080697551665434 -0.51708088843144584 0.11805555555555557 0.12054453698475438 0.13484848484848486 1.0176683593189282 -0.29011303581365455 1.2556562238868916 -1.0773634572265378 7.4924998124953133 144.50000000000003 -0.0064185844980693373 6.5000000000000009 7.833403775711469 1.0517933019594303 0.44281045751633991 0.079071530321530331 2.1055555555555583 -0.31639183266844867 1.1846590909090902 0.042751308599017879 1.0238919179180457 6.5000000000000009 0.70184099588405779 153.50000000000003 5.5000000000000009 0.11473635653963525 1.5004015733725413 -7.4999999999999991 0.028211911545244883
decision_type=2 2 2 2 2 2 2 2 2 2 2 2 2 2 2 2 2 2 2 2 2 2 2 2 2 2 2 2 2 2 2 2 2 2 2 2 2 2 2 2 2 2 2 2 2 2 2 2 2 2 2 2 2 2 2 2 2 2 2 2 2 2
left_child=1 3 -2 16 10 6 8 -7 17 13 18 20 26 14 15 -10 -1 -6 -3 -8 21 22 -9 24 -14 -11 27 39 29 31 -31 32 33 34 35 -29 -36 -35 -39 40 41 -13 50 44 -44 46 47 -46 -28 -18 51 -42 -53 54 59 56 57 -56 -59 -52 -57 -62
right_child=2 4 -4 -5 5 7 19 11 9 25 -12 12 23 -15 -16 -17 49 -19 -20 -21 -22 -23 -24 -25 -26 -27 48 28 -30 30 -32 -33 -34 37 36 -37 -38 38 -40 -41 42 -43 43 -45 45 -47 -48 -49 -50 -51 53 52 -54 -55 55 60 -58 58 -60 -61 61 -63
leaf_value=0.010508970737100796 -0.022986037929697854 -0.019912163470379097 -0.040334066821830605 0.0072291118818192182 0.082283919191180943 0.087052448520842804 0.1394204810270003 0.089903722537324496 0.15621087623009483 0.0051120256198830356 0.0070202289181730219 0.13515881594869822 0.18278193144821964 -0.016992511615696711 -0.004836976640213337 -0.01577049806239866 0.02294920928696707 -0.0024383609516492903 0.099838795188756838 -0.0240721097871219 0.041297658398706187 -0.022996206063257307 -0.008039363342874398 0.010907969599607034 0.00053841991239118381 0.16774020495778047 0.11425303637404104 0.21109430684996866 -0.010636571249755146 0.13832869979022019 -0.012753442296361878 -0.031889145914997384 -0.019409386167966683 -0.0054084663079696921 0.11943980116659594 0.02114254080656704 -0.0030294909047990687 -0.034366850270145397 0.12330058197378616 -0.031029179405077514 -0.019475808201923697 -0.017134006706932613 -0.010358135312895676 -0.0090825871130624115 0.15980241552229013 -0.0096421289354376282 -0.0075330925330866745 -0.0033702430645520948 -0.02822592344779988 -0.018928233521434631 -0.012198091581674198 0.13145583801453853 0.003495714924572361 -0.025534771130683993 -0.0055044591354088583 0.1526887862071635 0.08000655796381434 0.11641933555423478 -0.018361113117432781 0.083148784005617385 -0.019506607132368015 0.060100230384048992
leaf_weight=634.91591579467058 412.91852049902081 2.1890334375202656 343.39988634176552 1791.3300243467093 3.0292544998228541 2.8790166005492202 2.6084884777665134 2.7981674298644057 3.5072673708200455 1.5313454419374455 171.02476827055216 2.6914076656103125 2.1350218132138243 11.594345204532145 5.2640802189707809 1.8705335743725298 381.58675780147314 129.47387211769819 5.7514938302338114 1.0107721611857412 7.9164198115468016 184.62372079119086 199.58655403926969 8.7939395196735841 2.6349706239998341 2.5936615765094757 2.5616295486688609 2.0112078525125971 492.34635237976909 2.3528881892561904 1.66927158460021 15.708862856030462 21.069257598370314 27.247017744928598 1.8760734722018222 2.3308225348591805 7.0459854193031788 2.0198586955666542 3.5123426988720885 19.319987237453461 75.972372334450483 1.9854166507720945 4.9461420848965707 9.3134774900972825 6.7192793041467649 2.5775145962834349 1.3599483594298361 1.1664882414042947 1.3290704973042009 14.090705797076224 41.432788085192442 2.2359318584203711 5.1137905679643154 20.729411344975233 46.061178702861071 1.898613497614863 4.6004862338304511 3.1122040934860697 2.1023635342717171 2.2787494435906401 5.1276744566857841 19.648884993046522
leaf_count=3127 16112 35 18922 14781 52 45 39 47 53 27 2707 43 29 207 89 32 1852 2200 77 21 134 3334 3692 129 41 41 42 33 8659 35 31 296 356 488 30 42 118 33 61 352 1408 36 82 164 114 43 24 22 25 70 725 40 94 370 838 33 81 57 41 38 92 348
internal_value=0.00017886 0.005484 -0.0309122 0.00996811 -0.00234313 -0.00390228 0.0091345 -0.00557364 0.00649706 0.0374708 0.0101031 -0.00585544 -0.00259924 0.0171932 0.0531285 0.102514 0.0147124 6.29233e-05 0.0677321 0.0973519 -0.0130493 -0.0142774 -0.00622524 0.0475019 0.100517 0.12112 -0.00344608 -0.00385812 -0.00768525 0.00892049 0.0845768 0.00422147 0.0130913 0.0281662 0.0722243 0.133109 0.031661 0.00857978 0.0685208 0.00402877 0.0067507 0.0779968 0.00513374 0.0366919 0.0614762 0.0903817 0.116974 0.13744 0.06874 0.0214013 0.00139502 -0.0123615 0.0541041 0.00925747 0.0151646 0.0260303 0.0106513 0.00292164 0.0670646 -0.00536718 0.0565149 0.0433135
internal_weight=5194.53 4438.21 756.318 2821.92 1616.29 1437.33 162.484 1274.84 158.864 26.3612 178.965 1271.96 877.039 22.2362 10.6419 5.3778 1030.59 132.503 7.94053 3.61926 394.925 387.008 202.385 13.5639 4.76999 4.12501 863.475 859.584 579.19 86.8436 4.02216 82.8214 67.1126 46.0433 13.2641 4.34203 8.92206 32.7792 5.5322 280.394 261.074 4.67682 256.397 26.0829 16.7694 11.8232 9.24572 7.88577 3.8907 395.677 230.314 83.3221 7.34972 146.992 126.263 82.5514 55.8762 51.2757 5.21457 43.7115 26.6752 24.7766
internal_count=83189 48155 35034 19830 28325 25506 2761 22745 2701 449 2819 22700 15493 381 174 85 5049 2252 112 60 7207 7073 3739 199 70 68 15294 15227 10182 1523 66 1457 1161 805 223 75 148 582 94 5045 4693 79 4614 449 285 203 160 136 67 1922 4165 1542 134 2623 2253 1490 1017 936 98 763 473 440
is_linear=0
shrinkage=0.05


Tree=33
num_leaves=63
num_cat=0
split_feature=5 5 5 5 164 168 93 65 111 235 75 168 104 16 193 88 168 241 144 72 193 0 140 39 173 64 86 238 197 23 195 118 241 211 103 72 215 189 64 244 70 189 163 195 207 103 197 234 140 169 197 96 235 96 191 215 85 77 127 170 5 152
split_gain=317.938 55.3632 22.1544 13.4704 13.1298 12.4804 26.5376 12.3475 18.9147 11.597 13.2262 13.6093 13.35 13.2353 11.2393 13.0337 15.0128 12.5038 12.3436 12.9699 13.5302 13.4611 11.9476 11.8114 11.4579 13.4538 14.0194 12.9403 14.9093 24.5312 12.0669 15.4339 16.0682 14.8656 13.8876 12.9973 16.8593 15.1541 14.8173 12.8172 12.6122 11.6456 11.0244 15.9196 13.4155 10.9129 10.6868 12.3713 10.6565 17.4161 10.6285 15.3 15.9583 16.4992 15.6961 12.5814 12.4902 15.4888 13.151 11.953 10.7202 12.8845
threshold=32.050000000000004 7.5500000000000007 123.15000000000002 1.7500000000000002 -0.21118712891861399 -1.5920327235193754 0.079514913747868302 0.14213453823481256 1.0000000180025095e-35 0.91300134728616944 14.288018433179724 0.33333333333333237 0.094261338861562252 2.5000000000000004 -1.1688831307287237 31.472764523611989 -1.3074208571907879 -1.1748763852103881 0.44830507351886051 0.11093530239099859 -1.3166085117985196 5.5000000000000009 -0.66232471301064855 3.5000000000000004 -1.1090517201085774 729.50000000000011 2.1683575165738858 1.1622390651905394 -0.17116042697960118 5.7083333333333348 -0.37682975102410315 0.48529411764705888 -0.10932694022989022 -1.7641749903215782 0.062486984589754276 0.06459637297384048 -0.79896971784895132 -0.15415200448491076 3.5000000000000004 -0.25174047492667201 8.2965444194359872 2.0511091228862814 1.5004431315009967 -0.57726719748110689 0.37196350018246366 0.0472500960245823 -0.91327460441755948 -0.39852669849304279 -0.68389162397271519 0.15201116802897316 -0.64646783286737153 0.10861039479339352 0.10434125154603789 0.1192564584852789 -0.8728715278488165 -0.50389205216737409 34.703846153846165 1.0083333333333335 -1.0437257842785828 -0.58470712594513097 4.8500000000000005 -1.6915601264441242
decision_type=2 2 2 2 2 2 2 2 2 2 2 2 2 2 2 2 2 2 2 2 2 2 2 2 2 2 2 2 2 2 2 2 2 2 2 2 2 2 2 2 2 2 2 2 2 2 2 2 2 2 2 2 2 2 2 2 2 2 2 2 2 2
left_child=1 3 7 4 -1 6 -5 -2 -9 10 -10 12 13 -12 15 16 -3 22 -19 20 -20 -22 -18 45 25 41 27 28 -27 -30 33 -32 46 -26 -34 36 37 -35 -38 -39 -36 -16 50 -44 -45 -24 47 -33 -42 -50 51 -7 53 55 -55 -53 -57 58 -58 -56 61 -52
right_child=2 14 -4 5 -6 42 -8 8 9 -11 11 -13 -14 -15 24 -17 17 18 19 -21 21 -23 23 -25 30 26 -28 -29 29 -31 31 32 34 35 40 -37 38 39 -40 -41 48 -43 43 44 -46 -47 -48 -49 49 -51 60 52 -54 54 59 56 57 -59 -60 -61 -62 -63
leaf_value=0.040935092548027241 -0.026417147388983698 0.092219416177537372 -0.043610292140046539 0.044692476336939541 0.012627767886657731 -0.010476612945501848 -0.0081959088758757244 -0.01366933473701269 -0.023555386556656798 -0.028035916091632213 0.0073713932956912479 -0.018372599113591879 -0.013783759537167454 0.28251830753367629 0.0012316168064021513 -0.025456069175432802 -0.027529001455764451 9.1394756756604334e-05 0.027594716288450633 -0.026357749959321209 0.17898964333769371 0.0026111415673490137 0.0005387423109606132 -0.031917914959162963 0.063401853115026288 0.024430712142927063 -0.020746103682652284 -0.02401700223843754 0.20438758092125331 0.011599545509882681 -0.011970329991780432 -0.025079443858893602 -0.010850649406198686 0.003851813937559938 0.031995661824147204 -0.0085654796205853184 0.095077625307288624 0.11632641738124339 0.0019395450778616251 -0.016470752969456545 -0.004884481229789862 0.11262755728876395 0.00050748290561652531 0.023437233589743724 0.071326986483298577 0.11965261650680324 -0.016292975848434015 0.10027210206468967 0.21548217692437122 -0.0035768764944793421 -0.014136746336186055 0.010741824749549808 0.0028170397528116207 0.061085905951737053 0.050922220392322949 -0.0063566130812685653 0.013280610892730908 0.019675919189525687 0.079464525560002344 -0.012865705824009921 0.00047816247137991234 0.0091745143975412915
leaf_weight=62.823198050260544 484.04643274284899 5.0360424630343905 220.09931160137057 64.680617801845074 120.74437730014324 47.786804795265198 36.474432162940502 24.382297372445468 1.0192160196602333 1.4122317489236591 0.64030641876161221 0.70782151818275441 0.49970866739749897 1.5349233746528623 141.4182741753757 22.247604724019766 3.0346047952771178 117.58584454283118 11.214233491569757 4.729635812342166 2.8494003191590318 1.6273716650903223 2.5775454863905889 1.6778088584542263 8.3260409832000715 6.0433592759072781 5.3277540579438201 2.5973095856606951 3.81855406612158 2.7897673584520817 670.64048849791288 2.8237232230603695 14.388284746557472 9.4162183590233344 29.275314759463072 239.39181772619486 3.361595567315816 8.0774020552635175 217.56840707361698 1.9084467664360989 1.2306027449667452 1.38886273279786 54.543364077806473 63.033897548913956 19.129522293806076 7.8365916348993778 54.148068834096193 3.5130456984043112 2.1533100418746467 1.1665732227265833 60.948089696466923 30.35231938958168 92.405394747853279 10.460667811334131 7.6550925076007834 8.9503121450543386 9.6392229795455915 24.062011726200581 47.398996293544769 47.256143324077129 669.8013432174921 1358.256666302681
leaf_count=257 20761 61 13044 366 495 357 243 1002 35 54 25 29 20 64 2399 384 44 1842 181 75 43 26 34 28 133 110 91 42 54 45 12341 54 254 168 513 4145 58 129 3826 32 22 20 375 445 133 101 955 56 38 21 366 223 684 77 64 63 70 193 352 371 6565 8131
internal_value=0.000181481 0.00521677 -0.0302739 0.0094204 0.0225119 0.00850448 0.0256795 -0.0244826 0.00622035 0.0801285 0.114521 0.153147 0.192543 0.230929 -0.0021816 0.00953764 0.0146202 0.011454 0.00649415 0.0414036 0.0624834 0.12797 0.0531862 0.07438 -0.00366849 0.00874581 0.0455682 0.068896 0.0886987 0.135879 -0.00527844 -0.0091359 0.0082558 0.000877189 0.0295148 -0.000327213 0.00785959 0.0513751 0.00380126 0.0913027 0.0466469 0.00312541 0.00781187 0.021602 0.0353708 0.0932395 -0.0088134 0.0479279 0.117258 0.15434 0.00702055 0.0154172 0.0199049 0.0283171 0.00783423 0.0392408 0.0485683 0.0546943 0.0687874 -0.00313198 0.00570119 0.00816064
internal_weight=5181.93 4447.59 734.342 2836.4 183.568 2652.83 101.155 514.243 30.1965 5.81421 4.40198 3.38276 2.67494 2.17523 1611.19 180.417 158.169 153.133 138.006 20.4206 15.691 4.47677 15.1266 12.0919 1430.77 163.384 20.5767 15.249 12.6517 6.60832 1267.39 779.339 108.699 488.05 48.2141 479.724 240.332 19.4021 220.93 9.98585 33.8258 142.807 2551.68 136.707 82.1634 10.4141 60.4848 6.33677 4.55049 3.31988 2414.97 325.967 278.18 185.775 65.3719 120.403 90.0505 81.1002 57.0382 54.9112 2089.01 1419.2
internal_count=83189 48155 35034 19830 752 19078 609 21990 1229 227 173 138 109 89 28325 2819 2435 2374 2167 325 250 69 207 163 25506 2761 342 251 209 99 22745 14254 1913 8491 848 8358 4213 329 3884 161 594 2419 18469 953 578 135 1065 110 81 59 17516 2454 2097 1413 512 901 678 615 422 435 15062 8497
is_linear=0
shrinkage=0.05


Tree=34
num_leaves=63
num_cat=0
split_feature=5 5 5 5 168 93 176 190 70 175 72 30 195 96 83 70 248 105 248 158 104 168 93 28 131 87 67 227 191 148 163 169 195 103 5 195 149 154 3 165 126 154 213 245 193 245 193 90 61 158 71 197 96 231 236 229 231 87 190 62 206 61
split_gain=294.585 49.4659 22.0926 12.4193 13.5577 21.1459 10.5062 14.6418 12.4653 14.7872 13.1022 11.8243 13.4389 12.9698 17.4033 14.9915 12.9316 12.504 11.7468 14.6801 12.3004 11.5009 21.4192 16.5128 12.8583 21.7957 10.9256 10.4984 10.9757 10.4554 13.9589 13.688 11.6801 11.9075 10.7167 11.9259 11.8387 12.5431 11.2592 11.9 15.0391 12.5269 11.434 10.8213 10.6424 11.1711 10.4888 10.3668 19.7905 13.9988 13.8358 10.3589 17.3896 15.0403 13.8498 14.2815 13.574 11.6708 11.4809 14.1249 11.3803 9.98139
threshold=32.050000000000004 7.5500000000000007 123.15000000000002 1.5500000000000003 -1.5920327235193754 0.079514913747868302 -0.30094352458540946 1.3584530720915131 5.3291202967673561 0.31925943602312928 0.061272622256449756 37.575961538461549 0.96887855902108699 0.11507106329282062 45.904166666666676 8.0014245014245038 -0.43139395648450696 0.070251022248576281 -1.0615687605195785 -0.92285455260936233 0.067945537547800056 -1.0981599769558128 0.084904529993815717 0.17779263220439695 -0.14253546923824265 10.612726222564438 0.066603295310519658 -0.65619009576501564 2.0407214471925541 -1.5446584149198637 1.5004431315009967 -1.2734003302689914 -0.57726719748110689 0.059212084569547983 4.5500000000000007 0.38596079574383896 -1.4819564424355729 1.4663032772311386 547.00000000000011 -0.72466948912899898 1.3862702732970542 -0.39077962080103318 0.12302594200481588 2.1850321181022134 -0.78051825624198834 1.9720050317762874 -0.37353301914810561 6.5000000000000009 7.7546194724781836 -0.30454419972947772 21.500000000000004 -0.64646783286737153 0.10844480864635013 0.68583320805052017 -0.55243917653865837 -1.1158048710790334 0.38624267994684119 -10.981473944436866 0.81785395620607815 0.071241563355669876 -0.40896076783160712 7.557243460764588
decision_type=2 2 2 2 2 2 2 2 2 2 2 2 2 2 2 2 2 2 2 2 2 2 2 2 2 2 2 2 2 2 2 2 2 2 2 2 2 2 2 2 2 2 2 2 2 2 2 2 2 2 2 2 2 2 2 2 2 2 2 2 2 2
left_child=1 3 -2 -1 5 -5 7 11 -9 10 27 -3 13 14 15 16 17 -13 20 -20 -16 22 24 -24 -8 -26 -21 -10 -29 31 34 44 33 -32 36 51 43 38 39 40 41 42 -38 -31 45 -6 -44 -37 50 -50 -49 52 -36 54 58 -56 -57 -55 59 -54 -61 -39
right_child=2 6 -4 4 29 -7 21 8 9 -11 -12 12 -14 -15 18 -17 -18 -19 19 26 -22 -23 23 -25 25 -27 -28 28 -30 30 32 -33 -34 -35 35 47 37 61 -40 -41 -42 -43 46 -45 -46 -47 -48 48 49 -51 -52 -53 53 57 55 56 -58 -59 -60 60 -62 -63
leaf_value=0.026528021495434585 -0.023817185676179357 -0.016199257113901643 -0.043262034865010436 0.042047430319311199 0.0083554878339659397 -0.0042732871796588457 0.022750646183170787 0.11209667833731043 0.0014224173756127243 -0.017753807635259491 -0.0036512836203114619 0.12010152651486967 -0.039381727076707396 -0.0098365781267448285 -0.017862608661258276 0.15351342803930956 -0.039621968242800058 -0.018365373489338824 0.10787614619326505 -0.030102075643077732 0.12296244075140728 -0.00071384474190866693 0.10007464175243075 -0.017556593123605625 0.023544834692925547 0.15297359670591115 0.014301905630164419 0.12122069265714185 -0.0032776377147456012 0.03812644431887275 0.05732193509791509 -0.0084804569737694704 0.039095078383804278 -0.0096930090204252195 -0.030080852517596346 -0.013866871214140137 0.0023306639288803023 0.0038598815618358841 0.061354867054891175 0.0072838935405427881 0.10173544186017736 0.0034968016623231147 0.010548166310569448 -0.016042799783838074 0.0080636369864331096 0.12718190006495705 0.10844960955295231 0.086626623808689754 -0.012057163703569063 0.11912332208014798 -0.020646302666925988 0.0036840878016629088 0.11935335185238699 0.072722533201865086 0.096910198017249552 -0.0037935229575924673 0.078216403321429748 -0.021776538833684113 0 -0.025518438347794842 0.064577788710560913 0.08639626777087199
leaf_weight=96.127779975533485 502.31258768029511 314.13019203394651 211.01606810837984 68.7250060364604 3.8213713616132763 37.552232593297958 29.744939256459475 2.2930132746696463 4.3797258660197249 22.763784263283014 10.966267026960848 3.5554426684975615 17.743239749222994 69.200970184057951 2.0043071843683711 3.0922239907085887 3.2526115216314784 2.0850037969648838 2.0795236974954596 22.773444905877113 3.2274427376687527 1000.6451345086098 2.24192065373063 36.247900150716305 7.9893414787948114 5.2171188481152058 32.125828463584185 7.2590189129114169 2.0891912914812565 60.814572304487228 7.3515448644757262 175.60899564623833 65.314916796982288 31.002542071044445 14.177164569497107 145.12213742733002 7.9210891947150257 6.3604221343994132 9.1649404838681203 1264.7266136333346 5.5319866091012946 38.914753310382366 4.3505636975169191 10.120306037366388 19.758482225239277 3.7347853854298592 8.4358972609043086 2.4679598957300213 2.6113046109676361 5.5289175063371641 21.44351427257061 624.25663939118385 10.549118787050249 2.8555099144578007 4.1692433804273596 34.342006139457226 4.8826488628983489 20.322097033262253 6.0504523143172255 4.0318939909338978 12.449095912277697 8.4389004409313184
leaf_count=387 21990 5726 13044 377 25 248 346 33 69 383 175 53 347 1271 32 52 60 37 34 419 52 17670 38 600 133 73 575 115 32 338 52 1130 455 216 134 1409 48 37 52 7271 30 235 26 57 129 23 47 21 26 52 214 5850 92 26 36 310 43 187 54 37 109 47
internal_value=0.000179181 0.00495748 -0.0296288 0.00891329 0.00828698 0.0257465 -0.00205335 -0.00785073 0.0176792 0.0107949 0.0369733 -0.0105652 0.000419303 0.00561735 0.0200365 0.072788 0.0315334 0.0731063 0.00880378 0.00155815 0.0740004 0.000759536 0.0187123 -0.00821762 0.0425965 0.0821955 -0.0042374 0.0678093 0.0952859 0.00757453 0.00848054 -0.00329963 0.0263795 0.00415524 0.00767451 0.00343934 0.0103873 0.00932331 0.00878906 0.00837722 0.0290935 0.020704 0.0511596 0.030213 0.0289551 0.0756723 0.0786828 -0.00816624 0.0171321 0.0797797 -0.00634077 0.00623924 0.0200544 0.0274647 0.0380553 0.0186287 0.0079814 -0.00740102 0.0620974 0.0755806 0.0420518 0.0537299
internal_weight=5169.47 4456.14 713.329 2849.04 2752.91 106.277 1607.11 525.021 49.751 47.458 24.6942 475.27 161.14 143.397 74.1958 11.9853 8.89306 5.64045 62.2105 56.9788 5.23175 1082.09 81.4412 38.4898 42.9514 13.2065 54.8993 13.7279 9.34821 2646.63 2443.71 202.924 103.669 38.3541 2340.04 915.26 1424.78 1353.85 1339.05 1329.88 65.1543 59.6223 20.7076 70.9349 27.3146 7.55616 12.7865 177.174 32.0517 8.14022 23.9115 738.086 113.829 99.6521 76.4745 43.3939 39.2247 23.1776 33.0806 27.0301 16.481 14.7993
internal_count=83189 48155 35034 19830 19443 625 28325 9465 807 774 391 8658 2932 2585 1314 202 150 90 1112 1028 84 18860 1190 638 552 206 994 216 147 18818 17511 1307 723 268 16788 8600 8188 7793 7709 7657 386 356 121 395 177 48 73 1722 313 78 235 6878 1028 894 681 389 353 213 292 238 146 84
is_linear=0
shrinkage=0.05


Tree=35
num_leaves=63
num_cat=0
split_feature=5 75 5 5 28 191 248 96 195 193 115 130 248 176 194 54 167 194 194 116 168 43 213 234 207 188 84 220 140 168 56 205 205 197 217 102 39 239 3 198 103 166 31 208 43 141 106 3 130 197 160 221 192 33 65 194 125 118 242 186 166 97
split_gain=276.533 39.5839 19.5595 18.7678 12.8602 13.0647 13.3534 12.7477 12.6095 17.3462 21.1416 17.6897 16.1703 20.7985 13.7613 12.7165 12.4996 14.3696 13.0559 12.4936 12.2083 15.4246 13.1936 17.2133 13.117 11.8224 11.617 11.2196 10.9399 10.6921 11.531 10.6125 10.2108 10.0357 11.8603 10.0282 13.7703 14.7459 17.1595 13.8326 15.1469 9.93023 9.80966 11.1832 9.69065 11.4222 9.50686 9.46308 9.92378 9.45566 9.41504 9.34377 9.19738 9.12214 11.8156 15.0433 9.67983 9.2005 16.3207 13.8722 10.787 11.5761
threshold=32.550000000000004 4.370899470899472 120.45000000000002 2.1500000000000008 0.377361353923854 -1.8820428021672959 -0.43139395648450696 0.13923937015951174 -0.70706687498635545 -0.56100869028232514 -0.37888888888888883 -0.69915386596195606 -0.25409944487358049 -0.30094352458540946 1.8678480066935537 1.0000000180025095e-35 -0.4987341690815455 1.0414293274499493 1.085541293534152 3.5000000000000004 -1.2719356603248022 5.5000000000000009 0.567189175580464 -0.25197405322038535 -1.0000000180025095e-35 -1.1052021690328129 47.550000000000004 -0.40775392271156979 2.3962739248059202 -1.1754125809775402 1.0000000180025095e-35 1.1227701558630681 2.6092911740550933 -0.4963318204356022 -0.25446352506246411 297.50000000000006 3.5000000000000004 0.81902707825223164 459.00000000000006 -0.51353032712757873 0.071654135588278475 -0.62300297788176728 34.350000000000001 0.092777535824224266 8.5000000000000018 0.36596435077724426 8.1774964838255979 547.00000000000011 -0.60666700678811802 1.0000000180025095e-35 -1.0000000180025095e-35 0.72517571092927569 -0.27219811569143032 38.550000000000004 0.10268209772060484 0.75318464865633883 -0.42390130374163187 0.42261904761904767 -0.48654773645039634 -0.71264687697001339 -0.83451662457302189 31.000000000000004
decision_type=2 2 2 2 2 2 2 2 2 2 2 2 2 2 2 2 2 2 2 2 2 2 2 2 2 2 2 2 2 2 2 2 2 2 2 2 2 2 2 2 2 2 2 2 2 2 2 2 2 2 2 2 2 2 2 2 2 2 2 2 2 2
left_child=1 3 -2 -1 5 6 -3 20 9 10 11 -6 13 -13 27 19 18 -18 49 51 21 22 41 26 25 -23 -24 -15 32 30 42 -25 53 -30 -35 -19 37 38 -37 -40 -41 -5 -7 52 45 -27 -29 -22 -49 -11 -26 -14 -44 57 -55 56 -56 -10 59 -59 -60 -62
right_child=2 4 -4 7 8 29 -8 -9 28 16 -12 12 15 14 -16 -17 17 35 -20 -21 47 24 23 31 50 44 -28 46 33 -31 -32 -33 -34 34 -36 36 -38 -39 39 40 -42 -43 43 -45 -46 -47 -48 48 -50 -51 -52 -53 -54 54 55 -57 -58 58 60 -61 61 -63
leaf_value=0.016968500381599597 -0.024147668955463546 0.11740443943479273 -0.042768982324539434 0.019731366228303866 -0.014040045037877022 -0.018124245543859729 -0.032329818731406113 0.096044060167462308 -0.0064018908893458959 0.16844617278470683 -0.005164821564463816 0.015963739762079515 0.13540348925525833 0.032498371749547804 -0.0086553083346027938 -0.025277463320819978 -0.023270420963321516 -0.0069884137544255556 -0.019622415452007821 -0.0084789821942023672 0.0043721422359891248 -0.020421572057737994 0.12171002568974926 -0.011768178154641328 0.032585932888040708 0.085305919098729616 0.020800906897371713 0.19047499468695123 -0.022580751779503954 -0.017147570934035229 -0.015216042597186369 0.07003263624335522 0.081947211058355701 0.12451377547543133 -0.027605068378688202 0.011480172008392749 -0.027796938409160379 0.010021740361178701 0.009103434768221173 0.28689816245395167 0.052814674326593813 -0.025253150766320044 0.023110665868628345 0 -0.018425656355199365 0.013832855070219488 0.026558741740263115 0.058207503437178801 -0.024619669983832856 -0.00063295069079749762 -0.020781801484457796 -0.0062989723524358764 0.19957725877265997 -0.032173761971651359 0.043486456056354289 0.12935232972294972 -0.033334203791808417 0.14062397862047668 0.059928104610265598 0.025177890012404603 0.010344006672060249 -0.038620392414657818
leaf_weight=404.30309142172337 481.46246151253581 2.7905782870948315 205.13818324543536 17.093322016298771 7.9391925632953635 2.0601897276937953 1.8065233789384354 2.8923249281942836 383.22756526991725 1.9242388978600495 26.03931262716651 6.2019284665584555 4.0115883052349073 2.4819757677614662 1.4264058731496323 6.482826452702283 54.788909886032343 26.124269500374794 2.2512079961597919 3.6770344078540802 2847.0063916966319 4.2411937378346911 5.5595795512199384 20.961184125393633 19.105699241161346 26.465736031532288 6.185052178800106 7.7804350629448926 2.5528482422232628 268.02953305840492 8.2595299296081048 3.8339561671018592 2.3126137405633918 3.7630228847265244 1.2572578750550736 3.5111904628574901 5.3066710606217375 8.4805880673229677 1.3874019458889959 1.4937552958726885 1.8179835714399812 37.147048778831959 1.5091379806399345 1.908087223768234 2.893620327115058 7.787146992981433 1.4634452871978281 14.339745789766313 4.0120616555213919 1.060986842960119 13.039899833500384 1.31740141287446 1.7521013729274273 60.031898383051157 5.6824219934642324 1.4553025439381588 9.5876759514212608 3.1060486659407607 6.0147859416902056 9.1635686717927438 35.137611571699381 17.102789707481861
leaf_count=1770 21630 51 13212 132 119 36 37 27 7875 38 466 120 70 48 26 128 1117 499 47 74 24875 32 43 164 131 169 49 126 52 5354 144 27 47 73 24 63 112 170 29 28 38 304 22 31 23 70 25 105 44 23 105 27 26 1286 104 28 195 58 110 177 679 360
internal_value=-0.000264273 0.00430103 -0.0297726 0.00685406 -0.00441875 -0.0133228 0.0624066 0.0054988 -0.000822102 0.0107167 0.0301487 0.0513835 0.066406 0.0960493 0.129664 0.025483 -0.0017664 -0.00592117 0.0669414 0.0613963 0.00537905 0.0186055 0.00464792 0.0275152 0.0354761 0.0538072 0.0747626 0.146241 -0.00462287 -0.0147833 0.0243853 0.00291107 -0.00552305 0.0513843 0.0873298 0.0138015 0.0379393 0.0595119 0.10345 0.15722 0.201609 -0.0108856 0.0665875 0.0986245 0.0627266 0.0700522 0.170139 0.00461261 0.039505 0.122019 0.0108126 0.104122 0.143678 -0.00606722 -0.0219062 0.0144009 -0.00352407 -0.00333461 0.0131194 0.0631749 0.00160414 -0.00601666
internal_weight=5128.95 4442.35 686.601 3436.87 1005.48 288.116 4.5971 3032.56 717.364 176.969 68.8215 42.7822 34.843 19.3542 13.1523 15.4889 108.147 102.911 5.23643 9.00602 3029.67 164.313 90.7801 36.5398 73.5333 41.3877 11.7446 11.7259 540.395 283.519 15.489 24.7951 532.822 7.57313 5.02028 48.1219 21.9976 16.6909 8.21033 4.69914 3.31174 54.2404 7.22952 5.16933 37.1465 34.2529 9.24388 2865.36 18.3518 2.98523 32.1456 5.32899 3.26124 530.51 76.7573 16.7254 15.2701 453.752 70.5248 12.2696 58.2552 52.2404
internal_count=83074 48232 34842 28070 20162 5701 88 26300 14461 3393 1229 763 644 345 225 299 2164 2056 108 171 26273 1249 719 283 530 294 92 199 11068 5613 259 191 10919 149 97 939 440 328 158 95 66 436 115 79 262 239 151 25024 149 61 236 97 48 10872 1613 327 299 9259 1384 235 1149 1039
is_linear=0
shrinkage=0.05


Tree=36
num_leaves=63
num_cat=0
split_feature=5 5 5 5 168 97 93 115 205 188 191 190 215 150 146 97 66 141 189 195 189 87 128 230 5 173 204 245 104 212 243 200 188 231 235 164 236 104 233 68 63 228 65 200 230 230 134 197 102 65 200 86 118 71 111 248 190 203 67 174 216 20
split_gain=256.545 35.5867 19.471 13.0397 11.9187 18.7198 14.9572 11.7974 12.107 13.0056 12.3913 11.5992 16.28 11.4068 12.89 12.3347 11.9872 11.2513 11.2339 11.1974 12.7856 14.1064 11.1957 12.1282 12.126 11.1218 10.895 15.1067 10.8189 10.6412 13.3347 12.0595 14.5241 13.9164 13.781 12.9033 12.1359 11.7604 13.2133 11.0357 10.926 15.7849 10.9644 10.6571 10.78 10.6357 10.5369 10.3394 14.9392 10.2136 11.6531 10.086 11.5205 17.509 15.9068 9.955 9.92001 9.80471 12.2022 12.8487 11.1584 12.8469
threshold=32.550000000000004 6.3500000000000005 120.45000000000002 1.5500000000000003 -1.441153384245782 38.000000000000007 0.061980388919001539 1.5650000000000002 0.53218652339063388 1.0803030671894074 -0.6940160376988781 0.28070698639215447 -0.22613795762071415 1.9157430624160774 1.2183195636318085 20.500000000000004 0.045499549954995507 0.7296113844112494 -0.86400774205266861 -0.14117821656186472 -1.4573115868480706 18.128119259539268 0.37051979333235879 0.5537423228306112 5.8500000000000005 -0.67199966205728201 -0.17682383650683095 2.1270082207421948 0.10294867182346946 -0.3868411525317999 2.0958027726793174 -0.78967139223103311 0.13954371495168025 0.43485549553083513 -0.54936630247267282 0.10966309030364603 0.41261300883009239 0.068977065385592548 2.4169935466763994 5.8449872231686548 7.6165403332308204 -0.38851485515826484 0.10469556368570253 -0.9208180917355121 -1.2086644235630162 -0.8261362685748751 -0.3088695552973007 -0.4203668479422486 52.500000000000007 0.071043104368672907 -0.89530591698583584 0.8849944227764629 0.32291666666666669 21.500000000000004 -0.62249999999999994 -0.4697359518673942 -0.77291352846107453 -0.57833578125224905 0.10258802143130503 -2.0011157588166628 -0.78279891213623187 0.40004668534080307
decision_type=2 2 2 2 2 2 2 2 2 2 2 2 2 2 2 2 2 2 2 2 2 2 2 2 2 2 2 2 2 2 2 2 2 2 2 2 2 2 2 2 2 2 2 2 2 2 2 2 2 2 2 2 2 2 2 2 2 2 2 2 2 2
left_child=1 3 -2 -1 5 6 28 13 9 -9 -11 -7 -13 14 16 -15 22 -16 19 -6 21 -21 23 46 56 -10 27 51 45 30 -18 32 37 36 35 -35 -34 38 40 -36 42 -42 -31 -39 -45 -3 55 48 -24 -38 -51 52 -20 -54 -55 -5 -25 58 60 -60 61 -53
right_child=2 4 -4 7 18 11 -8 8 25 10 -12 12 -14 15 17 -17 29 -19 26 20 -22 -23 47 24 -26 -27 -28 -29 -30 31 -32 -33 33 34 39 -37 49 43 -40 -41 41 -43 -44 44 -46 -47 -48 -49 -50 50 -52 57 53 54 -56 -57 -58 -59 59 -61 -62 -63
leaf_value=0.026046471116444526 -0.023490040028368228 -0.0057881555432692765 -0.042397390151265611 -0.023317779735752039 0.015774882195166921 -0.029424575043050669 0.0089364782056563542 0.033491663419176823 0.023470259552588166 0.064673968438514626 -0.030075862793909558 -0.012370276541140212 0.092841994768380398 -0.022509154567392047 -0.013800040236427275 0.025793231914822287 -0.0061155980483438279 0.058063189467881061 0.0068073920588336695 0.012680415392420928 -0.0059739216127666856 0.13147367420267725 0.064789595038291362 -0.0060296452196917597 0.11259828373820757 -0.029729556697356069 -0.010273864426800922 -0.044059983283045071 -0.012252121735041496 0.0040291106542982985 0.05706087363865852 0.0058332132828966795 0.048057605981761925 0.013857387456811818 0.047913313885711309 0.093286897391194834 0.062125575187299144 -0.015718729704204869 -0.040882889980343208 5.8119815798736734e-05 0.0093471197023521028 0.087042133365438229 0.038615347063826001 0.068873597504120684 0.0055447404152084894 0.091260345443822249 0.051483642507298047 -0.021471435659942913 -0.010390005079164717 0.035256884125503839 -0.041496072306854738 -0.031365093487456468 -0.036156563918345805 0.15415919894744079 0.0014185533773283475 0.0054474898351810188 0.046679975421654057 0.0015793045534279817 0.10634070366079183 0.0020404478733717581 -0.020857473414341923 0.12953417280307081
leaf_weight=95.650763317942619 470.5050776489079 3.0732367560267511 196.80951722059399 46.327190428972244 161.74159155972302 24.678757376968861 25.28074374049902 112.80865303426981 17.413144245743752 3.3593339845538166 15.56647966057062 9.6588988006114942 4.691096603870391 13.979192696511744 114.73771502077579 118.33934210985899 179.99019051343203 4.7166094481945029 23.723562732338905 10.183949176222084 169.75386344082654 2.4858610332012168 8.2852119356393832 17.603037759661674 3.0937317460775366 20.020566582679749 449.10951891168952 18.94447629339993 3.5937182717025271 66.118845224380493 7.7505238577723494 929.41152913868427 77.810082264244556 12.127643138170244 12.832586370408533 8.6650154963135702 5.2946943938732174 63.088428750634193 7.3861271739006034 94.989460662007332 12.379247792065145 13.943075120449064 34.611793413758278 6.0710288211703292 151.7750878110528 17.840520333498716 7.8002746775746337 100.30947744101286 21.95052058249712 7.2521324828267142 11.351140588521954 1.6355438455939286 2.3195229619741422 4.5123494826257229 2.5912170447409153 81.29664646089077 16.414882265031338 776.16513174585998 2.0974308140575877 67.245531031861901 143.49447445385158 1.7132747322320936
leaf_count=385 21630 34 13212 315 2508 363 339 707 107 22 101 135 56 92 754 733 1279 32 411 167 2871 38 54 119 26 133 7725 276 36 406 51 6295 465 78 76 52 32 357 43 576 79 83 209 37 921 167 54 670 152 41 68 29 39 72 42 541 102 13060 31 1074 2485 27
internal_value=-0.000242671 0.00409443 -0.0291289 0.00800143 -0.00102013 0.0167599 0.0368076 0.00727773 0.0199952 0.0270866 -0.0106051 -0.00897023 0.0255061 0.00631417 0.00541804 0.0205221 0.00637098 -0.0104626 -0.00189081 0.00623549 -0.00223501 0.0442666 -0.00277101 0.00555804 0.0304816 -0.00488558 -0.00376965 -0.00096091 0.0638845 0.00800172 -0.00319248 0.00939331 0.0150145 0.0247869 0.0136318 0.0499496 0.0385744 0.0086151 0.0202192 0.00618757 0.0241019 0.052365 0.0162251 0.00147213 0.00843021 0.0771577 -0.00140873 -0.0137757 0.0114654 0.00680707 -0.0110481 -0.000117704 0.0265957 0.0705022 0.106111 -0.00505548 0.0198686 -0.0010409 -0.0104351 0.00673322 -0.0185669 0.0606596
internal_weight=5116.37 4449.06 667.315 2522.52 1926.53 88.817 49.7882 2426.87 169.168 131.734 18.9258 39.0288 14.35 2257.7 2125.38 132.319 2005.93 119.454 1837.72 344.165 182.424 12.6698 303.081 172.536 37.1117 37.4337 1493.55 1044.44 24.5075 1702.85 187.741 1515.11 585.696 230.323 128.615 20.7927 101.708 355.374 134.439 107.822 127.053 26.3223 100.731 220.935 157.846 20.9138 135.424 130.545 30.2357 23.898 18.6033 1025.5 33.1467 9.42309 7.10357 127.624 34.0179 992.351 216.186 69.343 146.843 3.34882
internal_count=83074 48232 34842 16247 31985 1130 576 15862 1070 830 123 554 191 14792 13967 825 13181 786 30855 5584 3076 205 2033 1157 247 240 25271 17546 237 11148 1330 9818 3523 1388 782 130 606 2135 820 652 777 162 615 1315 958 201 910 876 206 141 109 17270 564 153 114 856 221 16706 3646 1105 2541 56
is_linear=0
shrinkage=0.05


Tree=37
num_leaves=63
num_cat=0
split_feature=5 5 5 5 104 130 189 151 195 193 208 235 67 90 194 126 67 96 86 221 104 94 140 202 77 230 230 126 227 86 189 132 246 102 87 168 190 206 164 48 242 167 64 227 244 203 104 242 16 87 65 247 194 239 240 234 95 127 186 116 231 198
split_gain=237.836 32.6039 19.4171 14.1816 14.1282 13.6421 12.8963 14.6215 12.2279 12.2262 11.7956 13.1717 11.8889 17.5588 23.7256 33.1227 11.6276 11.0407 11.0313 10.3672 9.82316 10.0966 9.78874 9.62891 13.495 18.7049 11.7361 13.4911 15.4239 15.5047 14.0303 10.9523 9.74402 9.63276 10.1652 13.3667 13.121 9.61652 9.19282 15.9816 10.0502 8.91283 9.56904 12.4973 11.8955 11.6422 14.1088 13.3218 12.5232 16.2048 13.3632 13.6122 13.0179 11.5693 17.0015 14.646 13.9521 10.1811 16.0499 9.20841 9.08928 8.85027
threshold=32.550000000000004 8.7500000000000018 85.250000000000014 2.1500000000000008 0.062178806652828621 -0.59166889618440288 -1.4573115868480706 -0.32104014304991024 -0.48417258454432205 0.34775114938635271 -1.9131945040768332 -0.39541694896382279 1.0000000180025095e-35 2.5000000000000004 0.44980028670984989 0.59437975869982973 0.045515476480623943 0.13923937015951174 7.459474521566178 -1.2336904484158919 0.046537410405816541 -0.033920566612874299 -0.80917359371268682 -0.24282248953261332 3.8416666666666672 -0.28742009287381926 1.2817895558693337 0.39629356174784691 -0.90008259171802607 1.6432978113258596 1.4292591911244543 -0.37221869990435902 -1.0000000180025095e-35 355.50000000000006 16.527806077324517 0.55278039560767434 0.41768360351164763 -0.36010424078586895 1.4036240641698219 5.1291666666666673 -0.34262366950893464 -0.73521685889106514 394.50000000000006 0.68300029619426017 -0.26432717012356549 -0.54896408710030353 0.11349434540923904 -0.27693827841376484 2.5000000000000004 -16.817940333575233 0.040840855572998436 0.89659764705419287 0.62502532218578777 -0.45381809194403627 0.66962390250791815 -0.23482429946940994 0.33854166666666791 0.39336862882433382 0.48113873520641687 3.5000000000000004 -0.95255794577414965 -1.195513063874561
decision_type=2 2 2 2 2 2 2 2 2 2 2 2 2 2 2 2 2 2 2 2 2 2 2 2 2 2 2 2 2 2 2 2 2 2 2 2 2 2 2 2 2 2 2 2 2 2 2 2 2 2 2 2 2 2 2 2 2 2 2 2 2 2
left_child=1 3 -2 4 5 20 7 -3 10 -9 11 -8 13 14 15 -12 -14 61 19 -6 21 -1 -22 26 33 31 38 28 -28 -30 32 -26 -31 -25 -35 -36 -37 -29 41 40 -40 -18 45 -44 57 -43 48 -48 52 59 51 -51 -47 -54 55 56 -55 58 60 -50 -45 -5
right_child=2 6 -4 17 18 -7 8 9 -10 -11 12 -13 16 -15 -16 -17 23 -19 -20 -21 22 -23 -24 24 25 -27 27 37 29 30 -32 -33 -34 34 35 36 -38 -39 39 -41 -42 42 43 44 -46 46 47 -49 49 50 -52 -53 53 54 -56 -57 -58 -59 -60 -61 -62 -63
leaf_value=0.00381237777643266 -0.021050486132816928 -0.018990835593309403 -0.038762767413705101 0.020946163262118404 -0.011714668211280286 -0.044911091335876827 -0.033717609179154839 0.012759692644654303 -0.0065974541119379398 0.11641398578759843 0.21637095987532781 0.10065968845926497 -0.02620828812450985 0.0052920529248897084 0.0083890055626186823 -0.01725908533954626 0.083780525427695984 0.092866460983287061 -0.04708580204908655 0.015182943101584643 -0.0086529802492799901 0.045456916705806483 0.062499368971078363 -0.026499170588277707 0.17854691462124739 -0.0020145933573381719 -0.0075198252678067264 0.065832023015051838 -0.0082326656174171019 0.040699561880586155 0 -0.0011684389939203084 0.195213562788256 -0.0095030239031778669 0.0068565149363497575 0.18775341759848654 -0.0047264363319956589 -0.034628958804663462 0.16301528453370207 0.0010700987563279595 0.0040451599130197661 -0.01723389156156933 -0.027821248414691566 0.097180373331520978 -0.027904554467092932 -0.0012031196903157443 0.011699946529964691 0.13968617704693811 0.12359687435814866 0.0042639349245022868 -0.014338364506936013 0.15680193301290213 -0.032483791415833664 0.042600138538800174 -0.00055790538725358221 0.054322196539894223 0.27104306898117814 -0.0030541221404656611 0.15429614762091548 -0.011039797946820341 -0.022387215511754158 0.0047553455669235994
leaf_weight=35.368692845106125 378.71272741630673 6.5073690861463573 270.23797777481377 86.564859390258789 40.761112034320831 4.7383045107126227 1.9498337171971796 5.6113748438656312 878.43909349478781 5.7357452921569347 3.6121053583919984 5.117230311036109 38.100037641823292 29.607641544193029 7.0421053227037191 1.9980884082615373 2.2710012253373852 2.6143005266785613 7.2908318787813178 252.06569039821625 5.1492398381233206 24.337933301925659 36.599680230021477 64.491705756634474 1.9894422329962256 7.8785291574895364 4.6105097047984591 2.3347085565328598 2.484700325876477 2.1558766029775125 1.7985968068242071 1.0888442415744064 4.4055672436952591 42.466235965490341 8.897995609790085 1.4790858142077916 1.2260480374097822 7.3096965923905355 2.450003370642662 8.161916606128214 1.5625011362135399 32.139492658898234 50.102833461016417 1.3117888122797001 9.1475809551775438 10.662817599251868 4.3462966438382864 3.3803456872701636 2.9282583929598323 4.1693474240601054 59.156609214842319 1.3667041063308714 1.796800289303065 1.5738660693168625 3.8603486008942136 5.4473253302276099 1.6085750162601469 7.0682420693337908 2.8407273627817631 1.5563898570835588 4.1467313021421459 2598.4827864468098
leaf_count=152 16594 120 18248 705 181 22 34 89 16934 97 58 79 722 550 125 36 44 21 32 1096 23 106 158 1202 25 147 81 40 43 36 30 23 68 783 159 25 22 130 40 153 25 577 918 24 169 195 78 53 47 76 1063 22 32 25 68 90 22 128 50 29 81 20069
internal_value=-0.000225738 0.00389434 -0.0284823 0.00673136 0.0154357 0.0310603 -0.00254976 0.0385013 -0.00312724 0.0707448 0.00341633 0.0633808 0.00234418 0.0272914 0.0742473 0.142383 -0.000238892 0.00540835 0.00980575 0.0113947 0.0350609 0.0213393 0.0536095 0.00243001 -0.00856057 0.0421039 0.00819762 0.0399564 0.0675209 0.0977872 0.127345 0.129053 0.157203 -0.0135975 0.00190198 0.0414819 0.121436 -0.00593979 0.00443924 0.0449791 0.115266 0.001874 0.000563045 -0.0136542 0.0150595 0.00855985 0.016836 0.0778564 0.0110086 -2.99729e-05 -0.0069932 0.0609153 0.0406294 0.0702139 0.0866712 0.122216 0.19646 0.0410819 0.0754952 0.0824663 0.0161708 0.0052868
internal_weight=5104.32 4455.37 648.951 3093.97 406.311 106.194 1361.39 17.8545 1343.54 11.3471 465.101 7.06706 458.034 42.2599 12.6523 5.61019 415.774 2687.66 300.118 292.827 101.456 59.7066 41.7489 377.674 129.518 10.9568 248.156 25.0997 15.4553 10.8447 8.36004 3.07829 6.56144 118.561 54.0694 11.6031 2.70513 9.64441 223.057 12.1744 4.0125 210.882 208.611 74.6179 24.5151 133.993 101.854 7.72664 94.127 69.1773 64.6927 5.53605 24.9497 14.2869 12.4901 8.62977 3.18244 15.3675 8.29925 4.48465 5.45852 2685.05
internal_count=83074 48232 34842 22565 1770 461 25667 306 25361 186 8427 113 8314 769 219 94 7545 20795 1309 1277 439 258 181 6823 2386 195 4437 428 258 177 134 48 104 2191 989 206 47 170 4009 218 65 3791 3747 1370 452 2377 1800 131 1669 1237 1161 98 432 237 205 137 47 283 155 76 105 20774
is_linear=0
shrinkage=0.05


Tree=38
num_leaves=63
num_cat=0
split_feature=9 75 194 24 140 96 144 229 189 128 69 186 63 119 234 216 186 97 64 128 72 77 69 227 229 48 140 102 126 99 227 233 247 30 140 75 151 73 48 230 160 234 192 238 229 245 166 86 91 158 212 69 69 131 102 227 129 70 246 62 32 134
split_gain=208.103 49.689 13.2672 18.3123 16.5889 15.1644 13.167 13.4641 12.452 13.3137 11.6754 16.3142 11.6521 11.3737 11.249 10.4072 9.86372 9.58336 13.2609 10.86 12.5101 14.6969 16.541 20.313 18.9125 27.1535 22.6669 22.8889 16.4937 17.3705 16.1174 12.7586 11.8779 11.3465 10.1458 14.3153 10.8718 10.0021 9.70048 9.43168 9.3263 9.7319 9.06192 8.96352 8.79136 8.68692 11.0441 10.9261 9.15745 11.0389 9.79458 8.98679 8.86174 8.85787 8.82121 12.2813 8.66693 13.3168 13.9284 10.082 10.3002 11.2034
threshold=1.0000000180025095e-35 4.9055059523809534 -0.019818683592795761 0.37501554602947795 2.251601424298217 0.12966837130017048 0.21825963760614017 1.0000000180025095e-35 0.38823365486946754 0.72717177071478367 0.070570191266690743 0.30249287671704445 8.334696048632221 0.99375000000000013 -0.047851632315934485 -0.65275184479637727 2.06583663163457 35.500000000000007 581.50000000000011 -1.2403041583103505 0.11131763733994218 1.291666666666667 0.079430817503964385 -0.83993586213393567 -0.10799335398596314 4.979166666666667 -0.6658466572244377 1564.5000000000002 -0.25698069577653199 6.5000000000000009 -0.61073042041588621 0.87041761772038251 1.0615687605195789 36.103571428571442 0.64914421710088499 10.029857397504459 -0.37796447300922703 0.23381860075408464 4.3100961538461542 -0.73110530762957882 -0.59189364206191197 -1.0404910656185229 0.6465767216455115 1.040962455697569 0.081505846024986714 2.1506570275089696 0.76419015603261053 0.83376771692453588 0.73214285714285732 0.86050561019613492 -1.2268957570846399 0.045167914155130169 0.19727575982209047 -1.1467552160548626 800.50000000000011 1.3607417683712508 1.9290994164611674 7.7351768220662835 -0.36010424078586895 0.067340896188102642 82.750000000000014 -0.58322473656233853
decision_type=2 2 2 2 2 2 2 2 2 2 2 2 2 2 2 2 2 2 2 2 2 2 2 2 2 2 2 2 2 2 2 2 2 2 2 2 2 2 2 2 2 2 2 2 2 2 2 2 2 2 2 2 2 2 2 2 2 2 2 2 2 2
left_child=1 13 4 -4 -3 8 -6 -8 9 15 11 -10 14 56 -13 -5 -12 19 -19 -17 21 22 31 42 25 -25 -27 30 29 -26 39 -21 -32 -31 43 -36 -37 -33 44 -28 -30 -42 -24 -23 -22 46 48 -48 49 50 -15 -52 53 -53 -47 -56 -1 58 -58 -60 -61 -62
right_child=-2 2 3 5 6 -7 7 -9 10 -11 16 12 -14 45 -16 17 -18 18 -20 20 38 34 23 24 28 26 27 -29 40 33 32 37 -34 -35 35 36 -38 -39 -40 -41 41 -43 -44 -45 -46 54 47 -49 -50 -51 51 52 -54 -55 55 -57 57 -59 59 60 61 -63
leaf_value=0.0040936801453339408 -0.03299009581715056 -0.013030931813442927 -0.016563389139765794 -0.024616273217625148 0.0060267656248506763 -0.038679252080121101 0.16130372194410691 -0.023648045261290798 -0.009793462061199151 -0.0052462976585534345 -0.012278166821404344 0.18647362356088679 -0.025401490113808801 0.069442251543160763 0.017400746821289618 -0.019512848815220828 0.089440356330743598 -0.0064658309987903825 0.10700361737370774 -0.0067008335873854179 -0.011003320526995189 -0.032795374880762965 -0.02585152715442058 -0.020311935262978073 0.020802549078787497 0.014176450714185416 0.12567208658836576 0.0031370260571412139 0.089487611957186408 0 0.27016892744315107 0.14628868510026072 0.040775933279360202 0.18026952522204431 -0.0098822977950423219 0.015420229196492316 0.23667580134570612 -0.022116574656202346 -0.015050821169901791 -0.026968189656925875 0.081268279162381482 -0.035463750125168655 0.075341047046900103 0.045874922461388294 0.13211453403928822 -0.0040465699932109083 -0.042095151088501793 0.044982541731448611 0.052119719464739027 -0.036721298920160975 0.032896005846897718 0.0081036752881457411 0.037086636068843631 -0.031040011000183818 0.03951422988024756 -0.015364220570167434 -0.031245832644791367 -0.023754508318118379 0.12387948248631145 0.097703330678762343 0.048154649188952375 -0.023942581854250786
leaf_weight=2938.3485553152859 440.9763198653236 560.97606675513089 128.98385811969638 9.9840141944587213 8.3392292205244285 17.508336208760738 2.4791269786655898 0.99141919799149025 7.3269330859184247 57.855097832158208 109.26316978037357 2.3253444582223892 1.1098577715456484 6.5484117418527594 1.817588487640023 8.3383541163057071 1.4360665064305056 31.676658857613802 1.7934442795813073 14.311671553179623 1.5758279785513907 11.927392227575185 6.6938907802104932 2.3383950646966651 5.0696200598031247 2.6942036803811797 1.2221597470343115 1.6412308756262071 1.7893498111516173 1.0034079533070324 6.1116653177887157 1.7423026077449315 1.1018940471112726 4.3249067682772875 2.6468441821634761 1.1838852260261772 0.54852933064103115 0.88766590878367413 16.338638715445995 1.2481585852801789 1.2215159106999571 8.173883676528952 2.101208770647645 4.0325019638985387 1.406702848151326 131.15627087280154 3.0832708030939093 43.968099821358919 13.437211647629736 10.620790008455513 42.675646994262934 279.26150621473789 24.213703073561192 14.221146345138548 29.750903688371181 14.431862540543078 5.0122665092349044 9.6033664010465127 3.646849267184737 4.9859677627682712 13.104178216308359 7.8321656957268688
leaf_count=26715 27104 14165 2947 243 205 429 53 25 173 1353 2628 53 24 37 45 217 31 794 39 331 34 294 154 58 114 59 27 39 39 23 137 37 23 80 52 38 17 21 367 30 29 201 46 94 28 688 15 211 71 61 200 1296 119 117 152 76 51 99 35 43 109 79
internal_value=-0.00020214 0.00291164 -0.00662021 -0.000499939 -0.0117599 0.00537281 0.0445276 0.113879 0.00778919 0.0150898 -0.00480349 0.0389532 0.0984398 0.00571208 0.131076 0.0226911 -0.0101249 0.0261256 0.00239706 0.0331084 0.0375487 0.0458039 0.0574861 0.072613 0.088121 0.128389 0.153226 0.182066 0.0530463 0.0954661 0.208791 0.0137567 0.244968 0.151202 0.00801546 0.0676926 0.148285 0.097637 0.000918107 0.0615605 0.00860179 -0.0134484 0.00303718 -0.0110905 0.0714666 0.0119139 0.015674 0.038415 0.0128335 0.011288 0.0127873 0.0115547 0.00857799 0.00609097 0.00245675 0.0215348 0.0044314 0.026192 0.0404806 0.0534269 0.0390964 0.0210936
internal_weight=5092.42 4651.44 1055.54 482.756 572.786 353.772 11.8098 3.47055 336.264 212.985 123.279 12.5797 5.25279 3595.9 4.14293 155.13 110.699 145.146 33.4701 111.676 103.337 84.0163 63.6771 46.7355 37.9404 16.3577 14.0193 11.3251 21.5827 10.3979 9.68388 16.9416 7.21356 5.32831 20.3392 4.37926 1.73241 2.62997 19.3212 2.47032 11.1847 9.3954 8.7951 15.9599 2.98253 613.369 438.03 47.0514 390.978 377.541 366.92 360.372 317.696 293.483 175.339 44.1828 2982.53 44.1848 34.5814 29.5692 25.9223 20.9363
internal_count=83074 55970 25796 11348 14448 8401 283 78 7972 5018 2954 295 122 30174 98 3665 2659 3422 833 2589 2372 1943 1448 1059 859 373 315 256 486 217 217 389 160 103 495 107 55 58 429 57 269 230 200 388 62 3043 2127 226 1901 1830 1769 1732 1532 1413 916 228 27131 416 317 266 231 188
is_linear=0
shrinkage=0.05


Tree=39
num_leaves=63
num_cat=0
split_feature=5 75 5 5 104 128 130 28 191 128 2 228 243 196 213 168 84 65 194 133 44 232 62 60 67 208 96 102 229 199 103 2 234 211 215 195 193 115 130 106 118 167 194 203 70 198 186 115 103 93 227 93 205 64 240 54 152 196 103 196 69 64
split_gain=205.699 26.8008 19.4866 13.144 12.5442 14.6222 12.2985 11.228 11.4306 10.8834 12.2565 12.7604 13.3336 14.7665 11.6828 11.0243 15.2725 17.1549 11.175 12.9215 11.4026 10.9925 13.5378 14.5351 11.7323 14.8626 12.1155 11.3135 16.3907 16.9558 16.4763 10.8678 10.7192 11.5086 12.8776 10.4624 15.346 18.6123 15.0142 13.8561 12.1741 11.1162 13.1436 10.8334 10.3068 10.2332 10.741 12.5816 12.4267 15.6516 10.6624 11.5305 11.0172 10.0747 9.9746 9.8311 18.2376 17.192 11.3222 9.74506 12.5064 9.52267
threshold=32.550000000000004 4.370899470899472 120.45000000000002 2.1500000000000008 0.062178806652828621 1.3389190567472256 -0.59166889618440288 0.37500530515236402 -1.8820428021672959 -0.83395827922682608 56.750000000000007 -0.72859996381533632 -0.49134346470955581 -1.0000000180025095e-35 -0.20775628801909032 -1.2719356603248022 34.550000000000004 0.096134672830485671 2.637871291880812 -0.82310120515485374 3.5000000000000004 -0.27230567001251937 0.068672493835187406 3.3000000000000003 0.11305302343339857 -0.19087025367172858 0.12330302844155047 680.50000000000011 -0.37078984710728663 -1.3787933417208629 0.10792508850062808 54.500000000000007 1.3662233579141094 -0.078627554291631971 -0.38245976675163895 -0.70706687498635545 -0.56100869028232514 -0.37888888888888883 -0.69915386596195606 7.9786090139556176 0.32291666666666669 -0.4987341690815455 1.0414293274499493 -0.30703166243742497 6.7937326133202429 -1.195513063874561 -0.28695483767554641 -0.47888888888888881 0.069052644569366495 0.082965985670312603 -0.64095263148843706 0.14106397483235722 -0.49152294576982392 430.50000000000006 0.45733538970314508 1.0000000180025095e-35 0.21715760801675391 -0.62233626654380847 0.079698373332983435 1.7129306740289694 0.092120047309284456 376.50000000000006
decision_type=2 2 2 2 2 2 2 2 2 2 2 2 2 2 2 2 2 2 2 2 2 2 2 2 2 2 2 2 2 2 2 2 2 2 2 2 2 2 2 2 2 2 2 2 2 2 2 2 2 2 2 2 2 2 2 2 2 2 2 2 2 2
left_child=1 3 -2 4 6 -6 -1 8 -3 10 21 12 13 -12 -13 16 32 31 45 20 -20 27 24 59 -23 -26 -27 28 -5 30 -30 -18 33 34 -11 36 37 38 -9 40 55 43 -43 -38 -16 46 50 -48 -49 -50 -17 52 -52 -54 -19 56 57 -40 -59 -24 -61 -44
right_child=2 7 -4 9 5 -7 -8 35 -10 15 11 14 -14 -15 44 18 17 54 19 -21 -22 22 23 -25 25 26 -28 -29 29 -31 -32 -33 -34 -35 -36 -37 41 -39 39 -41 -42 42 61 -45 -46 -47 47 48 49 -51 51 -53 53 -55 -56 -57 -58 58 -60 60 -62 -63
leaf_value=0.032463101405404142 -0.021502814461035785 0.056946854414479123 -0.041338987376512495 -0.028679684276978826 0.013203533026772275 -0.018249065202927208 -0.043780486010494932 -0.013715303113989365 -0.013674817791739933 0.020434434566915283 0.0043512327253467818 -0.028933938585868093 0.01310224114212385 0.1680763772850106 -0.0076728885456026621 0.0026469037860147281 0.024672237419441974 0.051822236292073554 0.062953038911178982 -0.011836152672509969 -0.025779458042213356 -0.03615115117466252 0.0036455694938608342 0.078851482909431475 -0.044571035025572234 -0.0097986122495816886 0.08690451820390814 -0.028502867050039377 0.065685266192860373 -0.0050836936396254223 -0.02034688980923452 -0.016115737776317498 -0.016730708667487392 0.0092339865433884484 0.11131559486281328 -0.0038778270067826139 0.1158330437881373 -0.005398123711266186 0.017576319578974819 0.0053033305737673802 0.030787984245970332 -0.022699954703787648 0.028141773160783853 -0.010144156491761036 0.041311073124669598 0.0038986161818025653 -0.014218061550936752 -0.014666443333661752 0.10914230173323712 0.00028458903110486171 -0.020329265314925335 0.14911124932169664 0.078793538285304124 -0.0077268419261699479 -0.0086173243515123635 0.046200666413451212 0.013178448090087669 0.086676332400813239 0.27398174237570511 0.10282037111406894 -0.008650463379908449 -0.01764805622078924
leaf_weight=102.30963492393494 440.0168891120702 4.8581077195703974 176.15286620333791 49.634571172297001 259.08865122497082 42.056536376476288 4.676317796111106 7.8653011135756961 272.15101509727538 6.5246996246278348 2.2295715548098087 16.244557645171881 8.0031449832022172 3.1842827163636676 18.531707655638456 12.80630252510309 22.620846021920443 28.080047477036715 22.932401113212112 11.434784032404421 3.6133149378001681 30.983482073992491 102.07401168718934 6.8841318599879733 6.1239264756441143 5.2591284625232202 6.4457720592617989 76.331304512917995 17.884350769221786 85.0036133043468 7.2250756472349158 51.774828802794218 4.6365099996328345 8.0326327569782716 12.054406214505436 534.39645592495799 2.8264628332108259 26.132217150181532 1.7749357037246225 9.1428025998175126 10.78049401566386 53.798264998942614 32.564831044524908 2.6928004138171664 23.246150072664022 2323.3590577356517 30.754635915160179 7.3390245549380806 6.9842421561479551 5.7974811159074306 4.7304290384054211 2.3525523990392676 14.494145911186939 3.9532288312911978 8.4078890383243543 7.0009995624423018 2.7011007852852345 2.8804735727608257 2.7988696023821831 4.8299897983670217 4.0391808748245239 16.196254687383771
leaf_count=439 21630 87 13212 470 1123 186 22 119 5546 49 22 156 76 28 171 119 161 210 154 94 27 278 872 58 51 46 54 705 100 876 43 396 35 64 87 11125 52 469 30 170 186 1121 611 56 216 19810 306 76 61 55 52 20 130 36 63 128 49 44 40 39 34 329
internal_value=-0.00018169 0.00355599 -0.0272395 0.00562434 0.0140507 0.0087486 0.0287097 -0.00369328 -0.0122179 0.00449713 -0.00245627 0.0164705 0.0586317 0.112621 0.00580825 0.00577117 0.0192775 0.0103071 0.00497822 0.0315673 0.0501961 -0.0058586 0.00393862 0.0131139 -0.0179277 0.0137141 0.04571 -0.0127826 -0.00510944 0.00563258 0.0409074 -0.00348463 0.0496469 0.0615799 0.0823287 -0.000364464 0.010051 0.0279256 0.0471056 0.0601595 0.0771356 -0.00180653 -0.00582106 0.0614748 0.0197946 0.00454466 0.0210845 0.00567822 0.0355598 0.0637332 0.0407385 0.0588373 0.0436793 0.0605514 0.0379035 0.102684 0.133542 0.169848 0.206931 0.0083222 0.0558153 0.0127829
internal_weight=5081.7 4465.53 616.17 3474.97 408.131 301.145 106.986 990.561 277.009 3066.84 474.158 71.4394 13.417 5.41385 58.0224 2592.68 142.132 110.884 2450.55 37.9805 26.5457 402.719 166.64 117.827 48.8123 17.8288 11.7049 236.079 159.748 110.113 25.1094 74.3957 31.2482 26.6117 18.5791 713.552 179.156 71.0772 44.945 37.0797 27.9369 108.079 102.559 5.51926 41.7779 2412.57 89.212 50.8754 20.1207 12.7817 38.3367 25.5304 23.1778 18.4474 36.4879 17.1564 10.1554 7.45428 5.67934 110.943 8.86917 48.7611
internal_count=83074 48232 34842 28070 1770 1309 461 20162 5633 26300 4295 669 126 50 543 22005 1065 830 20940 275 181 3626 1432 1003 429 151 100 2194 1489 1019 143 557 235 200 136 14529 3404 1235 766 647 477 2169 2061 108 387 20665 855 498 192 116 357 238 218 166 273 291 163 114 84 945 73 940
is_linear=0
shrinkage=0.05


Tree=40
num_leaves=63
num_cat=0
split_feature=5 5 168 238 101 5 245 189 247 5 193 174 178 162 213 156 235 167 134 189 64 62 61 63 166 73 117 130 175 176 235 172 188 129 197 194 193 163 241 84 207 130 141 112 49 5 79 239 127 65 238 194 214 189 227 191 158 128 209 66 79 111
split_gain=179.657 48.8953 16.969 13.468 13.4607 13.09 12.6341 11.7494 11.5933 11.4862 12.563 11.3189 10.7153 11.1838 10.9473 13.6327 11.4407 11.2734 10.6953 13.5695 15.566 13.3215 10.4588 10.9093 10.4208 10.3629 10.349 11.701 10.2224 12.9797 20.5315 12.2132 11.7791 11.4698 23.0278 12.8394 10.1943 15.0189 15.6502 15.5325 18.478 12.8748 14.014 13.1904 12.1429 10.7893 14.2482 10.3751 9.90635 10.6294 9.90622 10.7549 18.6228 14.1316 11.2969 10.5344 9.94174 9.90301 12.8539 16.1681 14.44 12.5632
threshold=45.650000000000013 8.9500000000000011 -1.0609917835346117 -0.26790215983860571 1.5000000000000002 1.5500000000000003 1.9066686413152871 -1.1070089356966053 -0.95742710775633788 191.35000000000005 -2.0519175220058377 -2.0011157588166628 -0.84002688129030878 -0.95742710775633788 0.096857673117694776 -0.23050082817365156 0.87409527363122363 -1.0000000180025095e-35 -0.3088695552973007 -0.075215041113556438 917.50000000000011 0.083785687039699561 7.3800775507755088 7.0298002219755835 0.31053429093512624 0.15009881422924903 0.23303167420814483 -0.6804033384442395 0.63284666114546939 0.86053698797840561 -1.0000000180025095e-35 0.33182268483850647 -0.46660443768238707 -1.0000000180025095e-35 -0.83563309639461114 -0.34945752211240649 -0.55220150252290001 -0.33319285858276587 -1.0431393650844472 74.15000000000002 0.29509323958628847 -0.70236446813625741 -0.53096980948055272 1.5000000000000002 15.000000000000002 19.850000000000005 8.8975694444444464 -0.25816714736393337 -1.3616813780258707 0.03094379368676391 -0.48266172882507458 0.15266160948136628 1.0581147099183721 0.7438920667462886 0.66483558168551415 0.70214493333182848 -0.68331180705323513 0.083614060954382508 -1.0293491542655626 0.06507220752978933 1.5281746031746033 -0.28166666666666662
decision_type=2 2 2 2 2 2 2 2 2 2 2 2 2 2 2 2 2 2 2 2 2 2 2 2 2 2 2 2 2 2 2 2 2 2 2 2 2 2 2 2 2 2 2 2 2 2 2 2 2 2 2 2 2 2 2 2 2 2 2 2 2 2
left_child=1 2 3 4 6 26 25 -5 11 10 22 -7 -10 14 48 16 -16 -17 19 21 24 -9 23 -2 -21 -1 27 -4 36 33 -31 32 -32 34 35 -30 37 39 41 44 -41 -39 -43 -44 -3 -38 57 -48 -14 -50 -13 52 54 -54 -52 -53 -56 58 59 60 61 -47
right_child=9 28 5 7 -6 8 -8 18 12 -11 -12 50 13 -15 15 17 -18 -19 -20 20 -22 -23 -24 -25 -26 -27 -28 -29 29 30 31 -33 -34 -35 -36 -37 45 38 -40 40 -42 42 43 -45 -46 46 47 -49 49 -51 51 55 53 -55 56 -57 -58 -59 -60 -61 -62 -63
leaf_value=0.053554289236013776 -0.015227039823709694 -0.032064591409820251 0.037902566095143683 0.084897528598122676 -0.019938298123666251 0.063192980751001701 0.054011530937463026 -0.0024395553038004461 -0.022663369281527224 -0.046253132794381688 -0.027063412003548188 -0.022385181483233155 -0.030153916183057905 0.0050185606403926816 -0.0053203630021757316 -0.023704070815474269 0.044538979919542587 0.065632002747574941 -0.029200668697743015 0.067631166535310122 -0.011937998400299426 0.071983973905765483 -0.0069511142384204947 0.21201652122323322 0.016914372451019014 -0.0060460466259153337 -0.01656955727596187 -0.026992822881198298 0.20128784789820808 -0.0056418436172665995 0.0090356129583015372 0.012764655342011317 0.19013241005636067 -0.011163449320352787 0.006333129980492686 0.016847657060345269 -0.0045393807912580807 -0.025164351823816856 0.00052729248817900054 -0.0077950013226946186 0.13193240400898018 -0.014627813841389677 0.069391978419839198 -0.013190512786119683 0.066650741715063189 0.13365432046382641 -0.02467560793704264 0.13766311102900186 0.07509078851546247 0.008326641999092655 -0.015344825913108852 -0.024148181255400091 0.088474207566767937 -0.030515415999947112 0.098867317169578112 0.018224624668736401 -0.0032240178335158909 -0.025745886852699674 -0.013644310299709379 -0.015394101628904117 -0.0099958015400144519 -0.011453523602764394
leaf_weight=7.9036931023001662 0.56332765985280209 66.192316018044949 66.836707442998886 8.3823491781949979 33.330672279000282 4.6305051594972602 17.296273738145828 40.255698408931494 32.154397048056126 91.1248311214149 355.73373863101006 78.61647167429328 14.384006991982458 2433.6754330843687 29.516150992363691 3.3956016376614562 17.519182816147804 29.569721363484859 7.4512086138129225 39.960940293967724 9.9553908854722959 6.0353132486343375 2.5364798652008176 0.50478160660713911 14.93027453869581 39.109755903482437 12.405710488557814 6.9350868314504615 1.7425141632556918 7.5432325750589371 1.3435878604650495 2.716227063909173 3.2723085768520814 47.92888012342155 18.9129449557513 1.8413347601890588 573.35129285231233 7.8872720412909976 316.75691870227456 6.8582906350493413 2.488369220867753 8.2888920344412309 27.758807234466076 5.3489489518105975 2.3214477337896815 5.702879449352622 1.0854357760399582 1.6175218243151892 5.4811230450868598 85.482673071324825 30.064276490360498 51.303671464323997 11.074691608548163 2.5352388843893996 3.6804395094513893 19.415369234979153 4.5524166300892812 161.53302901051939 167.58507287316024 11.50395376048982 3.9061569236218929 1.6480424962937847
leaf_count=56 28 1393 270 54 234 39 87 272 251 7124 21301 640 105 17999 222 28 115 205 51 241 73 36 135 23 99 282 50 28 37 152 24 46 51 1034 385 43 9976 117 6250 135 44 165 517 97 45 162 32 47 39 643 243 395 77 19 28 139 38 4852 5055 345 118 52
internal_value=-0.000138367 0.00279885 0.00628565 0.0195136 0.00540387 0.00526819 0.018719 0.0301978 0.00468182 -0.0302458 -0.0260555 -0.00671335 0.00557078 0.00592784 0.0177491 0.0316001 0.0136872 0.0558557 0.025612 0.0295591 0.0441769 0.00847485 0.0566068 0.140338 0.0544752 0.00477628 0.024374 0.0314556 -0.0047772 0.0119062 0.0527684 0.106925 0.149305 0.00258732 0.0313241 0.131964 -0.00582614 0.000395084 0.00465866 -0.0193905 0.0380774 0.0305737 0.0416544 0.0559077 -0.0277372 -0.00880482 -0.0156557 0.0820633 0.00698552 0.0131767 -0.0086511 0.000223326 0.0173622 0.0653952 -0.000810097 -0.0123534 0.0476387 -0.0166509 -0.00881239 0.0256307 0.0657986 0.103047
internal_weight=5075.44 4624.98 3167.84 224.612 97.6404 2943.23 64.3097 126.971 2857.05 450.463 359.338 205.873 2651.18 2619.02 185.348 80.0007 47.0353 32.9653 118.589 111.138 64.8466 46.291 3.60459 1.06811 54.8912 47.0134 86.1775 73.7718 1457.14 85.301 14.8754 7.33212 4.6159 70.4257 22.4968 3.58385 1371.83 443.901 366.041 77.8604 9.34666 49.2839 41.3966 33.1078 68.5138 927.933 354.582 2.70296 105.348 90.9638 201.243 122.626 51.9071 13.6099 38.2971 70.719 8.23286 351.879 190.346 22.761 11.2571 7.35092
internal_count=82843 54232 23058 1485 659 21573 425 826 21225 28611 21487 1618 19607 19356 1357 570 337 233 772 721 413 308 186 51 340 338 348 298 31174 1772 273 121 75 1499 465 80 29402 8763 7146 1617 179 896 779 614 1438 20639 10663 79 787 682 1579 939 405 96 309 534 66 10584 5732 677 332 214
is_linear=0
shrinkage=0.05


Tree=41
num_leaves=63
num_cat=0
split_feature=9 75 168 93 249 196 106 234 231 232 192 193 193 193 208 211 156 202 75 129 194 240 247 125 248 237 103 167 202 27 245 242 174 143 72 62 242 33 48 211 96 156 93 161 204 190 97 235 203 96 234 70 234 125 113 154 240 168 113 146 205 51
split_gain=159.541 43.0134 16.5615 27.2082 14.6603 18.2751 16.0375 15.6016 15.0057 15.5016 16.8693 16.8784 13.32 11.6071 12.3271 11.5573 11.502 15.386 12.0735 15.3842 14.7175 14.2415 13.2636 13.4239 12.7744 12.7634 11.746 11.5452 15.3039 16.7287 16.207 20.9956 16.0736 11.5854 11.4723 11.4152 17.8687 11.4133 19.0539 19.0192 11.2449 15.5833 11.1878 11.1068 11.0976 11.2527 11.6586 17.6737 12.8999 15.4598 11.9555 11.6935 15.9137 14.8616 11.6266 11.1023 11.0165 10.9733 10.9213 11.3617 10.8601 10.6981
threshold=1.0000000180025095e-35 3.0096153846153855 -1.681146096069039 0.046299035722112657 -0.63336845315274892 -0.067763360877360387 8.4886304909560746 -0.95441875013298805 0.23962567392586165 -0.47346868255978841 -0.10095824913991049 0.34775114938635271 -1.4989272409037575 -1.4655185249511373 -2.5106471309397969 0.5402629803167015 -0.51094495085774239 -0.91325269939801113 8.7312382739212016 -2.1280320830330441 1.6047959952248048 0.20281539966229348 -0.58470712594513097 0.80048940084542786 -0.86156977559515957 0.39242663782335629 0.10349525509724704 -0.28607424467586656 -1.1176649121272895 6.7071428571428582 -0.52079060561288593 -0.57809942255748703 0.83845976518716758 0.42142439547145005 0.11093530239099859 0.068143330532711086 -0.43144777416512009 32.850000000000001 8.9354166666666686 0.30146414711301617 0.11205108026899414 0.60205779058269437 0.028211911545244883 -0.27230567001251943 0.89432517430644121 2.698190051243321 31.000000000000004 -1.2356023007070795 -0.20430158800314621 0.11545745920745921 0.35417119222267041 7.0819930702797755 1.0980237795114571 0.1179880868052073 0.18333333333333338 0.050822550364003106 0.85318665299504337 -1.9697708883004845 1.0000000180025095e-35 -0.30227855397171338 0.965934974105643 2.5000000000000004
decision_type=2 2 2 2 2 2 2 2 2 2 2 2 2 2 2 2 2 2 2 2 2 2 2 2 2 2 2 2 2 2 2 2 2 2 2 2 2 2 2 2 2 2 2 2 2 2 2 2 2 2 2 2 2 2 2 2 2 2 2 2 2 2
left_child=1 2 3 -1 5 7 12 -4 9 42 11 -11 -7 44 -15 -10 17 -16 19 34 24 22 -22 40 -20 27 -26 28 33 30 -30 32 -32 -21 -18 36 -33 38 -19 -40 -24 -42 -9 -38 45 46 48 -48 49 50 -3 53 -53 -51 -52 -46 -44 -39 -5 -60 -37 -29
right_child=-2 13 4 58 -6 6 -8 8 15 10 -12 -13 -14 14 16 -17 18 37 20 25 21 -23 23 -25 26 -27 -28 61 29 -31 31 35 -34 -35 -36 60 43 57 39 -41 41 -43 56 -45 55 -47 47 -49 -50 51 54 52 -54 -55 -56 -57 -58 -59 59 -61 -62 -63
leaf_value=0.057038559098667264 -0.03036865986796047 -0.030457622276562901 -0.0090731231242524545 -0.01894478371018531 0.0036325115091783641 0.039655862924671353 0.055088502171933763 0.004101856209065508 -0.0015552922216902057 0.090646974742542644 0.0091717893642477843 0.012742504444239076 -0.00155586924046885 0.077174684716791814 0.014134276786770478 0.04004318423560152 0.1086761950300905 -0.0054163025681388663 0.014439861322233689 0.14713219581294573 -0.033804148259158125 -0.010897120479075933 -0.0042011679969357419 -0.0060595789234635117 -0.020364197104516587 -0.0093287117614909362 0.010870166035238315 0.00042500049674216176 -6.1780788235815467e-05 -0.017446472824228645 0.20334361579647339 -0.031741988132498254 -0.0034508485666932247 -0.0093742836131671253 -0.030272226484839349 -0.0040608569932230869 0.19883272281034517 0.02344657286106086 0.19875854988007291 -0.0016515657939323754 0.18690167583864523 -0.020703402065682615 0.086055810860003801 0.028201711471109434 0.081936590296540587 -0.04377451804388327 0.092729789069644145 -0.037460661848092672 -0.023560478726084202 0.13835876199099503 0.09250366566822768 -0.00022655784798963154 0.11621566165412729 0.02766289188210197 -0.03551103646541378 -0.024094788180517412 0.0046773754704006803 -0.021634306852885612 0.046716153794348979 -0.002240238070382118 0.081091306664708651 0.10337552490221642
leaf_weight=40.564947240054607 400.53721804823726 11.725958010181786 31.67964668571949 26.471542239189148 2360.9449945315719 20.236941825598478 13.799066636711357 6.936693623661994 55.491263102740049 15.262378692626955 54.797474905848503 13.096615284681318 253.0559867285192 3.546865325421094 44.604369519278407 22.712790913879871 4.4954867139458647 17.826404292136434 35.889602806419134 2.9657662082463494 2.0380871724337331 11.195048032328485 1.2343377042561785 2.396035498008132 260.37114721722901 266.39519794471562 33.166335439309478 497.11226348765194 23.511730805039406 25.677982565015554 2.6725540291518004 1.6849038265645502 1.1554624550044534 1.4405188523232935 1.4657855182886121 16.203637920320038 2.1473480388522144 13.276001781225203 1.5698303412646049 2.0743323564529419 4.1995519511401653 0.81861700862646092 29.982948612421751 2.0313073694705994 8.8191351275891048 9.0042292103171331 2.0457937475293901 17.626693729311228 10.764858072623609 6.7077877242118138 4.0724720302969208 13.072277512401341 2.7507057674229136 6.2435109317302704 1.9957840349525211 2.6995473559945813 5.0927315875887862 281.70198928751051 21.205378383398056 24.8359569683671 3.8018805366009465 1.5372529085725535
leaf_count=198 26942 200 228 171 17282 128 87 48 388 97 354 94 1689 60 889 141 66 350 1154 49 63 313 36 67 8166 4443 1027 8273 438 489 38 30 20 24 22 269 34 195 30 48 101 24 200 35 139 146 36 328 190 96 63 236 35 95 26 55 40 5985 130 155 62 26
internal_value=-0.000125555 0.00247661 0.00605898 0.0247623 0.00531535 0.0128935 0.00438107 0.0232067 0.0282793 0.0389782 0.0258509 0.0564993 0.00161102 -0.00395606 -0.00500019 0.0108161 -0.00523853 -0.0130589 -0.00288347 0.00032237 -0.0106723 0.0281272 0.0668703 0.0921578 -0.0133419 -0.000278877 -0.0167932 0.00386417 0.0209816 0.0151213 0.0309622 0.0548893 0.152102 0.102772 0.0743519 0.0351925 0.091215 -0.0169401 0.017522 0.107812 0.126131 0.154391 0.0636402 0.138315 0.0126837 0.00614075 0.0125277 -0.0198492 0.0238726 0.0352072 -0.00131762 0.057248 0.0254237 0.0911611 0.0506262 0.0567477 0.074836 -0.0195161 0.00610816 0.0207152 0.0149736 0.000958648
internal_weight=5064.44 4663.9 2996.17 113.078 2883.09 522.145 287.092 235.053 203.373 125.169 83.1565 28.359 273.293 1667.74 1570.21 78.2041 1566.66 361.053 1205.61 854.299 351.309 21.8817 10.6866 8.64854 329.427 848.338 293.537 581.943 83.2931 78.8868 53.2088 29.6971 3.82802 4.40629 5.96127 25.8691 5.86356 316.449 21.4706 3.64416 6.25251 5.01817 42.0124 4.17866 97.5288 86.0101 77.0058 19.6725 57.3334 46.5685 17.7942 28.7743 15.823 12.9513 6.06826 11.5187 35.0757 294.978 72.5129 46.0413 20.0055 498.65
internal_count=82843 55901 21430 654 20776 3494 1904 1590 1362 833 545 191 1817 34471 32826 529 32766 7497 25269 14318 10951 604 291 228 10347 14230 9193 9787 1488 1415 926 488 58 73 88 430 99 6608 428 78 161 125 288 69 1645 1451 1305 364 941 751 289 462 271 191 89 194 240 6180 456 285 331 8299
is_linear=0
shrinkage=0.05


Tree=42
num_leaves=63
num_cat=0
split_feature=5 5 5 168 93 5 193 4 62 64 61 157 194 155 104 39 193 20 141 197 214 116 63 152 236 154 104 197 188 237 3 1 88 73 189 234 106 248 219 37 160 105 193 249 128 93 161 248 242 96 195 216 194 229 199 166 89 155 106 79 142 193
split_gain=155.328 40.0543 14.1281 12.5007 24.092 11.8575 12.2353 10.7881 11.9635 10.2222 10.8336 9.80098 11.3047 19.4362 13.496 11.9316 13.8921 15.5688 16.3622 11.3923 9.79125 15.7853 10.9693 9.48324 9.77077 10.2737 10.6583 10.0261 14.9134 11.262 10.7426 11.5461 11.5096 11.2661 10.6348 10.2893 11.8836 11.5645 11.3413 12.6624 10.6179 10.1191 10.2054 14.0771 11.7126 10.6475 10.0153 11.6129 9.73794 13.698 13.0471 14.3125 18.1105 14.3409 13.2184 11.4987 10.9018 13.2315 16.5571 13.0554 10.3355 10.0239
threshold=45.650000000000013 8.9500000000000011 1.7500000000000002 -1.7623381637145077 0.044005069005069015 191.35000000000005 -2.0519175220058377 -2.4999999999999996 0.081200153507294676 6.5000000000000009 7.7355976572899108 1.175984148109112 -0.76018955696382429 0.48376524660268905 0.052656335099272179 2.5000000000000004 -0.32810117849252857 0.23039754363283779 -0.70582073754259911 1.0702552287151621 1.4892255984085765 2.5000000000000004 6.924935233160622 -1.6915601264441242 2.8153857949219501 0.35860405842610027 0.14777667984189727 -1.0762339803730412 -0.40490264598184283 -0.66615228964763518 439.00000000000006 8.5000000000000018 28.813772530414983 0.1464191393506292 -0.27597906153691282 1.0281570611527964 5.7836617405582933 -0.65972893825026657 -0.87351716142271874 1.5000000000000002 1.8584087971659808 0.25320512820512825 -1.6268961323964066 -0.7547772626563749 2.3994245638382004 0.043142361111111117 -0.25409944487358049 0.965934974105643 -0.65829097240474066 0.12105398960780128 -1.1814185636014898 -0.69668079069956212 0.11874160389640896 -0.31914256745085706 -0.98925845437262894 -1.0000000180025095e-35 11.591648126451137 -0.41084171783539375 7.9050125313283219 1.1101851851851856 -0.42421186123388521 -1.2718528144342394
decision_type=2 2 2 2 2 2 2 2 2 2 2 2 2 2 2 2 2 2 2 2 2 2 2 2 2 2 2 2 2 2 2 2 2 2 2 2 2 2 2 2 2 2 2 2 2 2 2 2 2 2 2 2 2 2 2 2 2 2 2 2 2 2
left_child=1 2 -1 4 -4 6 9 -6 -9 -2 -11 20 13 -13 -14 -16 -17 -18 -19 -20 23 22 -22 -5 27 26 -26 28 30 46 -25 32 34 -33 -32 41 -37 -38 39 -39 48 42 43 -29 -44 -45 -30 -48 49 -40 54 52 -52 61 -50 -56 57 58 59 -55 -58 -53
right_child=5 -3 3 11 7 -7 -8 8 -10 10 -12 12 14 -15 15 16 17 18 19 -21 21 -23 -24 24 25 -27 -28 35 29 -31 31 33 -34 -35 -36 36 37 38 40 -41 -42 -43 44 45 -46 -47 47 -49 50 -51 51 53 -54 56 55 -57 60 -59 -60 -61 -62 -63
leaf_value=0.019169143718521058 -0.029087266071910541 -0.0043531506727999521 0.054715287442303362 -0.01290691822767606 0.050170048693072601 -0.045867701029716143 -0.025712196211990952 -0.017129279070111088 0.03380305055755474 0.16976747618710042 -0.019695799877337765 0.011731633846590895 0.041824254201340227 0.11073027999404264 -0.011140459577126834 -0.0031927961988952921 -0.019389841277033457 -0.0015377531262092863 0.12581452117586034 0.021130740242815246 0.062772385090085689 -3.3281918090542177e-05 0.0198480489946329 -0.033790689464204722 -0.033242592598820946 0.044711356470767849 0.053260047449412699 0.07494137870405336 -0.019116309141298193 -0.017449985278108655 0.13291877717093772 0.058459259586352501 -0.014293603819252815 -0.027213682999284679 0.039230240233133429 0.067714039183849203 -0.0041437217024964876 0.0068232154009433867 -0.038588447384683894 0.10994692905232838 -0.033321776799161679 -0.030164105370473267 0.00036338172513656003 0.033941161605409602 0.068500339724077319 -0.005688195802714264 0.021484744221353616 0.10561140931331642 0.021340136722571151 0.039760133660250711 -0.0073503264029111635 0.037384284300280068 0.10643530531055506 0.029053834308122681 0.10026466562339552 0.0010606236936357744 0.034073377878036486 0.010725331924471145 -0.0086295710518103814 0.094224242637121564 -0.026932552868847839 -0.01508020489208875
leaf_weight=182.35569702088833 1.5556889260187738 1444.3372547701001 35.399395406246185 92.652158245444298 9.8017910569906217 84.565061684697866 337.23657863587141 44.130421422421932 14.468787983059881 1.2440588437020781 0.78852143790572871 13.60455657169223 27.392557077109814 7.1895772963762274 64.172718480229378 29.113182328641415 6.2008346617221859 5.84091786295176 9.1543734222650475 4.2868355512619027 18.528708606958389 92.071296032518148 73.988136857748032 3.0880996510386458 41.351185396313667 4.7748706936836234 2.9547982886433592 8.9413662254810315 9.1969131752848607 29.395754031836987 8.1880849972367304 6.9514324441552144 2.3684429973363867 6.4814300835132599 6.5246216654777554 7.4072843119502059 153.70983630046248 6.2514903545379621 19.34887316823006 5.158707432448864 12.548515014350412 24.586219400167465 1571.8197467811406 27.92723435908556 5.3339482694864264 39.964000068604946 21.435537405312065 4.4238447286188594 72.77805882692337 6.7245842590928069 5.7604399472475034 9.177777633070944 7.1811125874519348 18.688361674547195 10.016099646687506 4.1439532823860636 8.283166937530039 143.82945251464844 11.624965965747831 14.362276196479796 26.620525658130646 85.179494477808475
leaf_count=745 88 31174 173 642 55 7124 21301 298 86 55 43 117 209 56 491 216 46 45 71 28 124 632 514 25 336 42 21 54 77 229 56 55 18 49 51 53 1111 48 140 41 87 188 12149 188 34 284 170 35 440 46 45 58 46 124 89 41 59 1027 81 94 190 629
internal_value=-0.000109068 0.00254928 0.0056815 0.00485456 0.0218355 -0.0289877 -0.0246629 0.00420408 -0.00411347 0.0569722 0.11236 0.00423744 0.0159721 0.0497 0.0108346 0.00335597 0.020379 0.0466013 0.0679792 0.0965489 0.00351284 0.0146083 0.0290775 0.00270139 0.00329762 -0.0185506 -0.0263151 0.00375302 0.0193422 0.00495796 0.0458473 0.054882 0.0812069 0.0177538 0.09683 0.00308028 0.0085313 0.00771011 0.0116173 0.0589523 0.0102962 0.00103149 0.00151617 0.0191929 0.000640249 0.0107969 0.0238492 0.0394589 0.0116132 -0.0174747 0.0134785 0.00887314 0.0585349 0.00665761 0.0306399 0.0735473 0.0135527 0.0183051 0.0418292 0.0594562 -0.0117699 -0.00958622
internal_weight=5054.58 4629.19 3184.85 3002.5 103.8 425.39 340.825 68.401 58.5992 3.58827 2.03258 2898.7 166.956 20.7941 146.161 118.769 54.5961 25.483 19.2821 13.4412 2731.74 184.588 92.5168 2547.15 2454.5 49.0809 44.306 2405.42 98.0542 64.452 33.6021 30.514 17.0811 13.4329 14.7127 2307.37 628.795 621.388 467.678 11.4102 456.268 1678.57 1653.99 76.8326 1577.15 67.8912 35.0563 25.8594 443.719 26.0735 417.646 330.708 12.9416 317.766 86.9381 14.1601 223.409 188.505 44.6756 33.0506 34.9037 94.3573
internal_count=82843 54232 23058 22313 612 28611 21487 439 384 186 98 21701 1279 173 1106 897 406 190 144 99 20422 1270 638 19152 18510 399 357 18111 765 511 254 229 125 104 107 17346 4449 4396 3285 89 3196 12897 12709 526 12183 472 282 205 3109 186 2923 2353 91 2262 570 130 1575 1326 299 218 249 687
is_linear=0
shrinkage=0.05


Tree=43
num_leaves=63
num_cat=0
split_feature=5 5 168 5 247 4 195 227 235 193 178 5 4 235 84 242 186 199 129 95 66 158 237 236 126 152 162 61 198 216 65 216 3 233 236 236 231 166 71 96 64 140 61 62 65 242 189 202 32 102 104 188 70 1 206 237 71 65 242 194 158 168
split_gain=144.169 36.2403 12.9651 11.858 11.513 11.3765 12.3331 11.5189 11.4005 11.3573 11.0209 11.4011 10.3512 10.0771 13.4344 12.3145 11.505 11.8709 9.88252 13.5117 11.3044 10.9295 10.8887 13.1172 10.402 10.2721 9.76775 16.5371 12.8702 10.759 12.3671 10.3801 12.7565 12.7156 11.791 11.5344 10.6847 10.614 11.2427 10.5849 17.2252 10.6569 10.4456 13.2011 9.98728 10.9677 9.80067 9.71672 9.68604 12.4484 10.3843 9.82163 9.66136 9.62595 10.9499 10.8757 10.5794 10.0952 9.81647 13.0659 10.4433 9.55314
threshold=45.650000000000013 8.9500000000000011 -1.0609917835346117 191.35000000000005 -0.95742710775633788 -2.4999999999999996 -1.3059606793330671 0.57949979611979774 0.13582503075000679 -2.0519175220058377 -0.84002688129030878 1.5500000000000003 9.5000000000000018 2.2138471279881764 73.750000000000014 0.93953847373424404 -0.41005416662234045 -0.97231102494662369 0.46747988828898507 -2.4852941176470575 0.090956637504754675 1.3773217324252676 1.0287165999321781 -0.59019888609521087 -1.5732571059893243 -1.6915601264441242 -0.95742710775633788 7.9116963064295502 0.81617186890268789 0.93325538202573477 0.029875539247285175 1.9837631972416545 451.00000000000006 0.69908738180541719 -0.60170926481135156 1.7407863191667581 0.81035984583157628 -0.67656551036084245 8.5000000000000018 0.12278743734335841 195.50000000000003 1.4534378241651347 7.4488618171413785 0.08141702554421569 0.056876385929823046 -0.25803115874931232 1.3791661129059907 -0.22358991070124992 102.35000000000001 329.50000000000006 0.081638734158740983 -0.42470586109405345 7.4002288329519468 8.5000000000000018 -0.35389967240465586 -0.87581131218171315 10.500000000000002 0.13861817742367091 2.193853794777723 1.5664464076177829 -1.0951129677038967 -1.5264753856356641
decision_type=2 2 2 2 2 2 2 2 2 2 2 2 2 2 2 2 2 2 2 2 2 2 2 2 2 2 2 2 2 2 2 2 2 2 2 2 2 2 2 2 2 2 2 2 2 2 2 2 2 2 2 2 2 2 2 2 2 2 2 2 2 2
left_child=1 2 5 9 12 7 -7 -1 -8 -2 -6 -12 -4 18 16 -16 17 48 19 20 22 53 23 -13 -21 -26 27 29 -29 30 -27 32 33 -28 36 37 -33 -35 -39 -34 42 -42 43 -41 45 52 -46 -44 49 -15 51 -50 -40 54 57 -56 -57 -20 59 60 -58 -11
right_child=3 -3 4 -5 10 6 8 -9 -10 61 11 13 -14 14 15 -17 -18 -19 21 24 -22 -23 -24 -25 25 26 31 28 -30 -31 -32 34 39 35 -36 -37 -38 38 44 40 41 -43 47 -45 46 -47 -48 -49 50 -51 -52 -53 -54 -55 55 56 58 -59 -60 -61 -62 -63
leaf_value=0.061064171208687838 0.053304432914033077 -0.0041519980406654394 -0.0090620710500070919 -0.04562627523275313 -0.02321847158024579 0.041791406131437767 0.021254025327513998 -0.0017860724070383979 -0.0049954037031658058 0.023418833424055388 0.024058974800842656 -0.003351520741408342 0.045869119630257152 0.08697613546032136 0.074668775406982843 -0.012294001405761364 -0.00065353198161727049 0.10343993263239469 -0.027078949041149675 -0.020071580035145885 0.0038920385685500777 0.04528497522448055 -0.010262991679893056 0.061953820392774556 -0.011502524179287474 0.066840249414631764 -0.009139847320762522 0.08221961078832335 0.0093874350331879346 0.046425969631212226 -0.0023223107468433651 0.046673707015332334 0.0072425354477863545 -0.025658399969411657 -0.014709272854609382 -0.024379455028349022 -0.045192072213406161 -0.048259471902174084 0.14857518386563803 0.1212805351967141 -0.0049390138463570469 0.067698470975052091 0.046612851815130467 0.0088904839240092955 0.010848106599775385 0.00099654395085463474 0.059875275415025603 -0.020894647594243032 -0.018491290797236663 -0.00062484116161051219 -0.050702994751771702 0.063884923149378423 0.020952860005331281 -0.015069086499079384 -0.030153234759864464 -0.025454295150729962 -0.03707674530568264 0.053849931372677219 -0.032555967113238923 0.062228891190942048 0.016865133307630353 -0.026512811680795209
leaf_weight=24.287931032478809 3.745474479161202 1438.7896934691817 201.7379770167172 80.860958196222782 32.267526857554913 28.601444892585278 73.079841855913401 9.9507978111505491 92.497390259057283 9.0344301024451834 81.428985372185707 9.3956952244043332 7.9470179826021186 8.4087297022342664 16.050674140453342 4.8895230591297141 70.872531902045012 4.2900272682309142 42.108649373054504 39.870800752192736 40.854368634521961 10.36263922229409 8.9298584237694723 36.075837716460228 84.962302189320326 6.0037729740142813 226.66914417594671 15.369596838951113 10.356807570904492 16.169724263250828 82.04593788459897 14.303224988281729 1246.4428853839636 10.162006363272665 109.20815876871347 16.739213615655899 3.0851836130022994 3.76283224672079 4.1931367442011833 7.9572966769337636 39.558242470026016 4.7615837156772605 19.922391928732395 4.067342035472393 44.490574337542057 3.6165197566151601 12.642777990549801 6.3806518465280559 6.4796822145581228 6.9052697643637648 6.3335097804665557 6.1648726239800489 2.7412459328770638 134.85875666514039 16.849002249538898 17.037501379847527 8.6930345222353917 3.2682700827717772 9.1987501531839353 14.268770456314085 122.17912356927991 319.923639039509
leaf_count=143 186 31174 1570 7124 253 174 508 60 600 553 330 73 64 48 95 30 459 42 335 291 298 84 68 258 554 44 1798 110 71 108 610 100 9168 77 763 136 25 30 28 56 304 34 152 33 312 24 85 48 38 42 39 34 22 1011 129 130 62 21 63 96 918 20748
internal_value=-9.52171e-05 0.00243229 0.00540231 -0.0283446 0.00451167 0.0168651 0.0120122 0.0431238 0.00661818 -0.0240053 0.00537307 0.00572232 -0.00674863 0.00514594 0.018661 0.0545003 0.0113278 0.0329235 0.00443457 0.00575803 0.0240831 -0.00299181 0.038812 0.0485706 0.0048866 0.00539756 0.0061573 0.0193585 0.0545346 0.010192 0.00303511 0.00518083 0.00623956 -0.00262155 -0.00855385 0.012292 0.028531 0.0200784 0.026917 0.00841057 0.0256692 0.0040762 0.0497724 0.0872498 0.031811 0.074848 0.0226265 0.0298881 0.0212791 0.0495523 -0.0026235 0.0230435 0.107754 -0.00448198 0.00164681 0.00699606 0.0108311 -0.0201068 0.0150069 0.0182578 0.0129902 -0.0250595
internal_weight=5044.11 4630.55 3191.76 413.565 2963.34 228.417 194.179 34.2387 165.577 332.704 2753.65 2721.39 209.685 2639.96 130.395 20.9402 109.455 38.5821 2509.56 2130.74 95.2558 378.824 54.4014 45.4715 2035.48 1995.61 1910.65 129.946 25.7264 104.219 88.0497 1780.7 1654.11 325.017 126.597 98.3483 17.3884 81.6091 71.4471 1329.09 82.6475 44.3198 38.3277 12.0246 67.6843 10.5509 57.1334 26.303 34.2921 15.314 18.9781 12.6446 6.93438 368.462 233.603 188.226 171.377 45.3769 154.34 145.141 130.872 328.958
internal_count=82843 54232 23058 28611 21573 1485 1282 203 1108 21487 19939 19686 1634 19356 827 125 702 243 18529 15680 697 2849 399 331 14983 14692 14138 943 181 762 654 13195 12307 2512 888 714 125 578 501 9795 627 338 289 89 471 74 397 200 201 90 111 72 50 2765 1754 1398 1269 356 1139 1076 980 21301
is_linear=0
shrinkage=0.05


Tree=44
num_leaves=63
num_cat=0
split_feature=5 5 5 5 241 193 168 93 168 93 196 168 97 43 242 232 157 70 93 229 94 192 227 5 229 161 157 244 204 159 93 154 248 239 161 204 27 247 115 57 207 156 103 221 84 30 62 127 236 212 207 148 153 193 93 212 152 188 237 207 197 63
split_gain=133.714 32.7346 12.0524 11.8389 11.4632 10.4007 10.3368 20.9406 9.14507 20.183 11.4573 8.9086 17.7771 18.1687 18.805 17.273 8.6761 10.2416 15.1209 12.4309 11.5222 13.0149 12.443 11.4444 9.11439 12.6239 13.2627 11.7344 10.3968 12.6987 11.8103 10.501 11.8641 10.0564 9.93325 9.78063 10.2193 9.76677 9.75908 9.61431 9.68156 11.1937 12.6202 9.45827 9.92908 13.4905 18.6704 11.9193 10.9526 10.6533 10.4236 13.483 10.3786 9.35913 13.8683 12.6934 12.6745 11.9613 11.2173 12.0371 10.8858 11.9209
threshold=45.650000000000013 8.9500000000000011 1.7500000000000002 191.35000000000005 -0.3578406342453529 -2.0519175220058377 -1.7623381637145077 0.044005069005069015 -1.8451996923807217 0.031121814954051797 -1.0888345672631028 -1.5264753856356641 31.000000000000004 5.5000000000000009 -0.42939100384890988 -0.39338326252952566 1.175984148109112 6.5184617132469898 0.080001144688644707 -0.036358053895411226 -0.031479196729196711 0.73736018579530804 -0.62129851858367557 4.9500000000000011 -0.056315629376011297 3.3302903678670295 -0.58721023769865266 -0.34476615029227264 -0.27047761816992327 -0.94418209343864634 0.049591901154401159 -0.38549387139256802 1.343669867052997 -1.242478083456753 1.4451455294323641 -0.04257009068521881 7.7638888888888902 -0.68006662572515142 -0.51714285714285702 0.26136363636363641 -0.54641626162994406 -0.8793686748228281 0.090159072788440986 1.296363958807847 85.850000000000009 37.503846153846162 0.077267137034760472 -0.10948978029027136 0.042257020146937031 0.48673525631900266 -0.43139395648450696 -0.67336024437152908 -0.47488915706025386 -1.1143230803959543 0.053757106637008605 0.6417050927023894 -0.31499435058773839 -1.1199878831687429 -0.53971080741895749 -0.24626781251816646 -1.0762339803730412 6.3107954545454552
decision_type=2 2 2 2 2 2 2 2 2 2 2 2 2 2 2 2 2 2 2 2 2 2 2 2 2 2 2 2 2 2 2 2 2 2 2 2 2 2 2 2 2 2 2 2 2 2 2 2 2 2 2 2 2 2 2 2 2 2 2 2 2 2
left_child=1 2 4 5 -1 -2 7 -4 9 -3 -11 12 13 -7 -15 -16 24 -18 19 20 23 22 -22 -19 53 27 -27 35 33 30 31 32 -30 -29 39 36 -26 -36 -28 40 -32 -42 -43 44 45 46 -31 48 50 -49 -47 -52 -48 54 55 57 -56 -8 59 -57 61 -55
right_child=3 8 6 -5 -6 11 16 -9 -10 10 -12 -13 -14 14 15 -17 17 18 -20 -21 21 -23 -24 -25 25 26 38 28 29 43 34 -33 -34 -35 37 -37 -38 -39 -40 -41 41 42 -44 -45 -46 47 52 49 -50 -51 51 -53 -54 60 56 58 -58 -59 -60 -61 -62 -63
leaf_value=0.033440488877615117 0.049133586261127404 0.090802155590245792 0.049947660979407414 -0.045377604915886514 0.0075673520645288782 -0.027364816909888123 0.059183312135645774 0.003262223995665971 -0.0046450150490759514 0.081830907598028801 -0.0082156954245297502 -0.0258610384187338 -0.028658804928775608 -0.018305335770332554 0.31747921107616428 -0.010934580600648145 -0.0023846504465571028 0.037667302812004595 0.046606032320148122 -0.012284392753966034 0.010127157639019726 -0.022640142131618315 0.1160751355856085 -0.035826075805184841 0.0048000562858911654 -0.030122349085505557 0.009853281950417762 -0.021404119681676308 -0.0020538610496047961 0.054720977477424326 -0.017413760074086602 -0.024522401996633816 0.071275883258175174 0.0052237524243651211 0.057461764518218245 -0.031716812303238008 -0.044905325450493319 -0.030384156998879169 0.12144082468973959 0.073410662258881446 -0.019806616039158779 0.055510282231708834 -0.0016651274453167561 -0.016207764628877085 -0.015756724017326234 -0.0025347488731693956 0.031427294206568097 -0.032424143631923252 -0.0090413122652934341 0.021869655921463834 0.14896011146297805 0.031889183700085415 -0.022734343972419042 0.10153205397787567 -0.01779713249566385 -0.03228224744869955 0.016827319623083321 0.00011037167294035091 0.067911675446843331 0.051766194430115445 -0.0024993360482532222 0.013284182626404094
leaf_weight=69.520607531070709 3.939905470237135 6.9563619140535584 36.215882420539856 77.333663947880268 112.74257481098175 1.3747022105380877 9.1715795919299108 68.899870581924915 1393.4069948960096 2.9815868511795989 30.170744800940156 311.821039496921 6.0013588285073638 0.71321930922567833 0.75312115624546994 0.39822771959006775 56.992082759737968 10.143166802823545 42.644727800041437 34.465785820037127 4.4688382446765891 3.257345274090766 7.9578274413943282 9.0834692195057851 92.993241637945175 2.7375753074884406 3.2666213884949675 36.050265748053789 31.035445511341095 70.731002654880285 14.492512609809635 47.056007038801908 5.6649845615029326 805.88897771388292 2.8807234317064312 32.632711231708527 10.615949548780916 16.391330510377884 5.30981521308422 8.0841201543807966 9.4866503924131376 30.344551414251328 13.621359921991823 13.355950146913527 12.301176510751246 4.4420639201998702 20.731563501060009 19.546520747244358 8.0706674382090551 15.112984783947466 4.0222656950354567 6.5325845032930401 13.910746179521082 3.2406177669763556 59.450806546956301 7.3127188757061958 45.913274213671684 55.511747293174267 22.194155260920525 7.7439795657992345 1126.1747898198664 48.645119875669479
leaf_count=284 186 64 173 7124 461 83 61 439 30569 39 502 20748 359 42 45 24 422 59 329 264 31 25 57 92 826 21 26 273 207 537 104 336 40 5689 25 295 93 119 41 53 63 212 94 120 96 36 155 166 65 119 31 50 113 22 431 49 335 396 141 45 8567 370
internal_value=-8.70693e-05 0.00231549 0.00512923 -0.0277002 0.017592 -0.0233522 0.00436904 0.0197131 -0.00395943 0.0192704 0.00189526 -0.0244071 0.0219025 0.10142 0.174522 0.249281 0.0038068 0.0147777 0.0234973 0.00876123 0.0294414 0.0598644 0.0819388 0.00264413 0.00312377 0.00603433 0.0564986 0.0055648 0.00713434 0.0141425 0.00452834 -0.00907533 0.0107229 0.00405363 0.0165061 -0.00828586 -0.000625616 -0.0148198 0.0849282 0.0246008 0.0177404 0.0275082 0.0380421 0.0231644 0.0262656 0.0295421 0.0401338 0.00976896 0.0368762 -0.00866018 0.0609199 0.0859661 0.00951056 0.000266242 0.0100397 0.0230989 -0.00264588 0.00933608 0.0459975 0.011166 -0.00145636 0.020706
internal_weight=5034.91 4632.58 3199.06 402.335 182.263 325.002 3016.8 105.116 1433.52 40.1087 33.1523 321.062 9.24063 3.23927 1.86457 1.15135 2911.68 169.013 112.021 69.3764 34.9106 15.684 12.4267 19.2266 2742.67 1357.31 11.314 1346 1209.75 367.815 179.058 83.7564 36.7004 841.939 95.3012 136.242 103.609 19.2721 8.57644 76.0292 67.9451 53.4526 43.9659 188.758 175.402 163.1 105.373 57.7271 23.0676 34.6595 14.9969 10.5549 34.6423 1385.36 207.298 101.934 105.364 64.6833 37.2509 15.0567 1178.06 51.8857
internal_count=82843 54232 23058 28611 745 21487 22313 612 31174 605 541 21301 553 194 111 69 21701 1279 857 528 264 113 88 151 20422 10005 88 9917 8703 2741 1253 583 247 5962 670 1214 919 144 67 526 473 369 306 1488 1368 1272 805 467 182 285 117 81 268 10417 1458 692 766 457 235 94 8959 392
is_linear=0
shrinkage=0.05


Tree=45
num_leaves=63
num_cat=0
split_feature=5 5 193 32 207 140 241 227 233 240 61 159 33 90 202 196 166 214 168 93 192 176 28 186 170 205 236 188 110 168 93 204 204 204 67 192 208 166 236 106 107 189 202 228 197 165 182 141 71 24 207 73 162 158 62 34 79 99 83 208 24 133
split_gain=136.618 38.6625 14.0283 13.6916 13.0453 15.9996 13.1796 16.9189 22.8618 17.7199 13.52 13.6733 14.4326 15.3485 13.2776 12.8476 12.6639 12.6508 12.5359 18.4769 12.0211 11.5901 11.0675 16.5294 11.157 10.8884 12.9554 12.814 16.4492 10.8249 13.7914 12.8439 13.4055 14.2363 12.1562 11.7426 10.658 10.5807 10.3346 10.4464 16.9559 11.9389 10.3022 10.2368 13.6307 10.0817 14.8683 17.6471 14.378 9.90506 9.79337 12.0961 9.75428 9.70599 9.44098 15.0653 9.39624 10.9324 10.481 9.28062 9.16328 11.7028
threshold=65.250000000000014 13.65 -0.66498317056008427 73.350000000000009 -0.44091354459006721 -0.37405137353208678 -0.63887885118342913 -0.29423507041200891 -0.74937194313359634 -0.62676622253147274 7.7994213233574943 -0.43528502185045265 37.95000000000001 3.5000000000000004 -0.058748958027799801 0.3521598875904452 1.66838139403063 -0.16790350124975903 -0.59691519580068697 0.029423231280816423 -0.32416539365887137 1.2981695391009376 0.543411910218633 0.49246925097973016 -0.68040906546896052 -0.5035944552095829 -0.68819609375988933 0.095793030631137324 1.0000000180025095e-35 -1.2719356603248022 0.088319964349376126 -0.068146269349461594 -0.32893605660667075 -0.85120719395684574 0.098117146571079714 -0.35803547750995729 -0.32152445426444737 -0.56373594880097466 -0.51802879726888162 7.3249737945492672 1.0000000180025095e-35 -0.27597906153691282 -0.6641852669600451 0.028781113863986563 -1.2013333143844487 -0.30156243635221691 -0.37890085099172482 0.13745710835947214 20.500000000000004 0.21876796771340118 0.25409944487358066 0.28595478595478602 -0.15128846606621713 0.18361380344602593 0.069731989573066977 5.5000000000000009 0.54199735449735464 8.5000000000000018 75.307142857142878 -2.5106471309397969 0.47060394670688799 -0.51509372113159346
decision_type=2 2 2 2 2 2 2 2 2 2 2 2 2 2 2 2 2 2 2 2 2 2 2 2 2 2 2 2 2 2 2 2 2 2 2 2 2 2 2 2 2 2 2 2 2 2 2 2 2 2 2 2 2 2 2 2 2 2 2 2 2 2
left_child=1 29 3 -3 -5 6 7 21 -9 -10 11 -8 38 -14 -15 18 -12 -11 19 56 -21 -6 43 37 -25 -22 27 28 -27 30 -1 32 33 34 -32 -34 -26 50 -13 -40 41 -41 -38 -7 -45 46 54 -48 -49 -47 51 -24 -30 -46 55 -28 -4 58 -58 -20 61 -55
right_child=-2 2 15 4 5 22 10 8 9 17 16 12 13 14 -16 -17 -18 -19 59 20 25 -23 23 24 36 26 45 -29 52 -31 31 -33 35 -35 -36 -37 42 -39 39 40 -42 -43 -44 44 53 49 47 48 -50 -51 -52 -53 -54 60 -56 -57 57 -59 -60 -61 -62 -63
leaf_value=0.024818390373662062 -0.034424105457246321 -0.01989265448562787 -0.015677670941105934 -0.016539864741964363 -0.00085815497738786408 -0.022586293497989057 -0.021433956756496106 -0.018646559479034961 -0.022703019603407527 0.027822152387479579 -0.027482562358158765 -0.023784171733854099 0.033390873681674448 0.23725770856606676 0.026980766429022869 -0.019616802969521032 0.11121160539004499 0.22118439535272849 0.099260841558384175 -0.018201316122146521 -0.018312046351450423 0.1350988251156931 0.14568152201462453 -0.025247385610104991 -0.0029703882690109385 -0.020990485578768092 0.15209694104554639 -0.010006455253976466 0.024223928075704667 0.003537541814241547 0.09251715840828223 -0.021039137102896784 -0.014737042969042831 -0.02568316762800817 -0.029138156373572976 0.09922401509078338 0 -0.030921710843658586 -0.003689125100887015 0.19781991722291367 -0.0038089956670424928 0.027027242403804164 0.19415216717881284 0.12504020791441961 -0.010898571221185803 0.092168349414713829 0 0 0.21187038318266535 -0.025779103392955867 -0.020904342254459439 -0.025706247062215467 0.2542450351494458 0.10909909957344133 -0.035652374778500966 -0.030865591741204304 0.16264210793289613 0 -0.0020476281750186512 -0.0098514859009895747 -0.033668239233992502 -0.018022162439608226
leaf_weight=133.40059018135071 273.71686958428472 51.319300418719649 1.8865014500915984 40.72065469622612 9.7806263025850058 44.433017095550895 7.3148283306509247 2.1813477240502834 0.93451407551765431 1.4614668600261209 17.373054670169953 6.2682770937681225 4.7851730193942767 1.9138787575066092 1.4774998817592857 246.85316103883088 0.81285697035491367 4.2680549286305887 0.95747471228241821 35.774686435237527 12.499326506629584 0.84828756563365537 2.2615423612296595 1.1208981890231369 1.1777467206120489 0.83687071315943784 1.186505353078241 1.5422100555151699 0.91649187169969115 3531.2993270196021 5.0023228973150244 39.897742390632629 2.7604289837181568 16.69657047465444 2.4530529379844666 6.7565315887331945 0.88217873685061921 8.6305139884352684 5.2755518611520547 2.3549350649118441 3.2540034130215645 2.1072980705648643 2.8347899913787837 1.5179158970713604 26.759698811918497 1.0512824822217304 2.7775434982031593 1.0125045552849772 2.3941807597875595 12.475212180986999 2.3988584224134684 1.0555627215653656 1.4371771235018966 4.8258085809648037 5.4050298482179642 1.6836917269974945 4.0269911158829927 2.0085152797400951 1.0917654205113647 414.44686987623572 2.0381914190948009 2.171690294519065
leaf_count=824 22465 1340 43 1059 250 1159 188 59 27 40 465 176 127 37 35 7262 19 92 24 1022 363 19 58 32 35 26 30 46 22 29470 35 323 28 142 20 54 27 237 130 51 84 53 72 37 690 25 78 29 69 357 70 23 40 90 154 48 83 60 27 12817 50 82
internal_value=-0.000139115 0.00183937 -0.00678876 0.00304461 0.00860331 0.0145592 0.0323674 0.0667131 0.114313 0.155241 0.0186372 0.0366018 0.0524601 0.104762 0.173792 -0.0102792 -0.0155493 0.184069 -0.00567893 0.0111267 0.00310127 0.0202469 0.00169042 0.0337992 0.0967211 0.0200924 0.03502 0.104151 0.149744 0.0041934 0.0152888 -0.00202555 0.0203183 0 0.0531854 0.0674355 0.125045 0.00250629 0.0259343 0.0502652 0.0839182 0.137792 0.158698 -0.0065589 0.0124875 0.0199669 0.047678 0.100317 0.162537 -0.0105542 0.0508125 0.0966633 0.200099 0.00431027 0.00122612 0.0632337 0.0752281 0.0988733 0.132105 -0.00935021 0.0464481 0.0717011
internal_weight=5030.81 4757.09 1018.82 266.56 215.241 174.52 72.4117 19.4743 8.84538 6.66404 52.9374 34.7514 27.4366 8.17655 3.39138 752.264 18.1859 5.72952 505.411 90.0065 80.9927 10.6289 102.108 20.3621 6.01561 45.218 32.7187 4.73275 3.19054 3738.27 206.967 73.5666 33.6689 24.1519 7.45538 9.51696 4.89472 14.3465 19.2601 12.9918 7.71624 4.46223 3.71697 81.7463 37.3133 27.986 14.4595 6.18423 3.40669 13.5265 5.71596 3.31711 2.35367 35.7954 8.27523 2.8702 9.01377 7.12727 5.11876 415.404 9.03569 6.9975
internal_count=82899 60434 29538 6913 5573 4514 1852 487 218 159 1365 881 693 199 72 22625 484 132 15363 2522 2309 269 2662 554 166 1287 924 134 88 30896 1426 602 279 197 55 82 134 388 494 318 188 104 99 2108 949 790 408 176 98 382 151 81 62 912 232 78 213 170 110 12841 222 172
is_linear=0
shrinkage=0.05


Tree=46
num_leaves=63
num_cat=0
split_feature=6 131 189 204 143 151 231 214 94 203 193 207 32 27 213 76 140 129 204 102 105 64 175 249 103 130 24 129 150 118 95 243 91 193 49 87 141 213 220 10 234 215 207 186 235 148 47 196 65 193 16 20 212 146 101 229 67 228 166 69 243 94
split_gain=127.659 34.5439 10.2388 12.2115 13.4642 14.3548 13.8584 12.8671 12.7969 10.6302 10.1487 14.4074 12.5976 12.5273 14.4077 14.927 12.5519 12.598 13.4373 12.4331 13.2971 17.0381 20.8749 12.6192 10.7513 11.2845 13.4545 11.0263 15.1003 12.07 10.7308 10.3061 10.1287 13.9451 9.9059 12.9074 16.9539 17.7438 11.0156 11.7051 11.0528 14.3467 9.83452 9.55213 9.39663 9.26327 13.7345 12.1812 11.8707 9.0324 18.9053 14.2977 12.7508 12.3435 11.6182 10.8361 11.7048 9.74877 10.7943 12.6872 9.81286 9.57405
threshold=4.1782257526074966 -0.21158429872606221 -1.2452408705150078 -0.92544012381168206 1.2890947024130037 -0.47414982598016264 -1.2746941655520916 0.3885088320319206 -0.091569715007214988 -0.52638560035260085 -0.81444549556581192 -0.38616513480362907 83.550000000000011 10.183333333333335 -1.1189483062581755 0.096957832619372006 -0.28301261635371361 0.37150049014342112 -0.69608870925775967 13.500000000000002 0.084752063512066045 69.500000000000014 0.37843492988981547 -0.53218652339063366 0.085010163225075583 -0.41904457456676347 0.46405271757825944 -1.0000000180025095e-35 0.057474220086203641 0.37171052631578955 1.5147058823529422 -0.81326984384028389 0.14158805031446545 -1.0502868757855268 3.0000000000000004 12.844634500779836 -1.0589723651115899 -0.18544031131162356 1.2633846152030668 3185.0000000000005 0.11846977555181863 -0.35610100755867108 -1.0966663485387158 0.87212460901464539 0.83873035976217769 -1.0000000180025095e-35 0.22902097902097904 0.28219275042987674 0.058513417372551647 -1.1300434058748761 3.5000000000000004 0.58338206627680322 -0.037160698340099177 1.4421770556335927 1.5000000000000002 0.081505846024986714 0.14191779439952731 -0.67518096601497601 0.16895549165700149 0.063608735917424192 2.3179153175769649 -0.062739239926739909
decision_type=2 2 2 2 2 2 2 2 2 2 2 2 2 2 2 2 2 2 2 2 2 2 2 2 2 2 2 2 2 2 2 2 2 2 2 2 2 2 2 2 2 2 2 2 2 2 2 2 2 2 2 2 2 2 2 2 2 2 2 2 2 2
left_child=1 2 3 9 5 -5 7 -7 -8 44 11 -3 -13 16 -15 -16 17 18 -14 -20 21 -21 30 -22 -18 -26 27 -27 29 -29 31 -23 33 43 -12 38 37 -37 39 -36 41 -40 -4 -33 -1 46 47 48 -38 50 51 54 -53 57 61 56 -56 58 59 -52 -59 -44
right_child=-2 10 42 4 -6 6 8 -9 -10 -11 34 12 13 14 15 -17 24 -19 19 20 23 22 -24 -25 25 26 -28 28 -30 -31 -32 32 -34 -35 35 36 45 -39 40 -41 -42 -43 49 -45 -46 -47 -48 -49 -50 -51 53 52 -54 -55 55 -57 -58 60 -60 -61 -62 -63
leaf_value=0.12603317000764633 -0.03385089817295938 -0.022182256421305672 -0.01275863477389361 -0.025568180490968408 -0.01701901045381389 0.027310533159614431 0.083190621993664615 0.14795214342077453 0.013714735930671004 -0.011722959757651972 -0.013854500671830989 -0.019397278903110118 -0.025792427165915534 -0.017382364881345848 0.012951660713220535 0.19677931226316461 -0.020631879972409367 -0.025403796715097349 -0.027047860587187045 0.026626738722939625 0.094915392609828939 0.015019527597541358 -0.0054836940232379054 -0.028513485771431091 -0.03208491310814076 -0.011826012354576974 -0.024622149819025333 0.21461760840036295 -0.0085460762165195017 0.01412100445178175 0 0.1435751106392795 0.019606944979333737 0.31568591737651486 -0.015462099163844596 -0.023370928547879036 0.011741424195299555 0.20214122699810516 -0.025098293644177341 0.088080768519491315 -0.031081260057414746 0.16243593693138833 -0.011213773305553348 -0.019857549817548142 0.016399800256986469 -0.010719411185625654 0.012512740086719189 -0.022771345370106028 0.21395429564402835 0.0025785919311374201 -0.031936995081955466 0.0099623105504962218 0.09042114068213114 0.034071881602444336 0.028498353125824039 -0.015397389133102414 -0.010251981924245061 -0.019558323060734489 -0.034061346643156902 0.069237576090512662 0.051018163014030976 0.023644417894394736
leaf_weight=5.3172910250723344 264.68208388797939 39.008549010381103 93.441281540319324 13.354491189122198 29.508604202419519 5.7155779078602773 6.4855490960180751 3.5191202163696289 68.6127407271415 3.1493421755731097 497.96559936180711 23.421557750552893 4.8847776241600505 2.0752295814454556 2.0126687195152035 2.1946743540465832 29.278523763641715 6.6052914392203084 3.1821594648063209 7.6825429517775836 2.0150011256337166 1.179236246272924 2.3143206350505343 5.6153616979718199 4.1250298488885155 1.654047081246971 2.8809430915862322 2.5443136915564533 1.440061319619417 1.21200206130743 0.98209260776639062 3.5589618552476185 1.0448067188262937 1.9785329475998796 89.231070850044489 0.98700882866978679 1.2498517725616727 1.5408378075808276 1.1217514052987101 1.8174920640885819 1.7191886454820631 2.0107615459710351 21.060169406235218 0.77235604263842095 3.4849550612270832 17.218853238970041 13.569510819390414 0.94919326342642296 1.616755438968539 3219.1808876153082 3.4762002937495735 9.1885914355516451 10.798281902447341 16.435939092189074 48.366608109325171 54.63760482147336 31.274956233799458 107.08847706392407 5.4538773596286765 10.627413623034952 4.1832635551691046 198.94740698486567
leaf_count=43 22465 1092 905 155 215 49 54 28 617 31 16008 674 127 64 52 63 860 174 80 196 44 29 61 159 94 50 86 72 40 33 28 81 27 52 2800 30 31 37 36 49 53 55 163 24 27 529 393 28 41 29693 38 94 98 132 394 434 250 997 52 87 27 1499
internal_value=-0.000119823 0.00176228 0.00365663 0.0169416 0.012077 0.0210001 0.0286462 0.0837367 0.0207948 0.0633975 -0.00781626 0.00366357 0.012616 0.02101 0.0843397 0.129176 0.0153414 0.034535 0.0463084 0.0585345 0.0693501 0.0903917 0.126108 0.010723 -0.00351259 0.0312778 0.0590895 0.0935832 0.124436 0.167547 0.156065 0.172276 0.192076 0.213361 -0.0106212 0.00145762 0.0261218 0.131006 -0.00821161 -0.0124064 0.0583228 0.104247 0.0031689 0.115236 0.0892388 0.0148552 0.0396622 0.112525 0.15292 0.0035714 0.00967324 0.0156363 0.0559071 -0.00545134 0.0131994 0.00154725 0.0132808 -0.0106753 0.0210274 0.043506 -0.0164297 0.0202494
internal_weight=5022.65 4757.97 3973.31 139.148 127.196 97.6875 84.333 9.2347 75.0983 11.9516 784.661 153.663 114.654 91.2329 6.28257 4.20734 84.9504 41.8154 35.2101 30.3254 27.1432 19.5129 11.8303 7.63036 43.1349 13.8564 9.73137 6.85042 5.19638 3.75632 9.51599 8.53389 7.35466 6.30985 630.998 133.032 37.132 2.52785 95.9003 91.0486 4.8517 3.13251 3834.16 4.33132 8.80225 34.6042 17.3853 3.8158 2.86661 3740.72 521.539 374.274 19.9869 147.265 354.287 134.279 79.6416 130.829 19.5575 14.1036 111.272 220.008
internal_count=82899 60434 36082 1219 1118 903 748 77 671 101 24352 4262 3170 2496 179 115 2317 1082 908 781 701 498 302 203 1235 375 281 195 145 105 241 213 184 157 20090 4082 1089 67 2993 2849 144 91 34863 105 70 1022 493 100 72 33958 4265 2932 192 1333 2740 1078 644 1201 177 125 1024 1662
is_linear=0
shrinkage=0.05


Tree=47
num_leaves=63
num_cat=0
split_feature=6 6 193 196 32 168 207 26 115 159 29 207 154 28 153 118 160 48 243 176 143 158 33 204 202 196 70 141 215 238 248 232 246 200 198 76 176 168 86 208 178 160 63 247 209 167 127 248 56 189 196 249 191 30 89 245 63 230 159 247 71 147
split_gain=119.214 31.7675 12.3153 12.1463 12.0245 11.6363 16.0963 16.8682 18.3926 21.4822 12.1082 11.1812 12.9536 13.1816 18.4459 20.462 15.0909 12.7491 12.1694 11.5522 12.7227 10.4718 11.5871 10.3659 12.8098 14.4324 16.1157 14.5641 16.2292 12.2961 12.2286 10.8081 10.2317 10.0881 9.93169 9.8562 12.1962 9.77105 10.0546 14.4577 12.3694 9.65707 9.43357 9.38725 9.77995 13.1164 15.3984 14.9513 12.5294 12.2427 15.9406 11.8362 9.55367 9.54028 13.33 15.7923 23.9234 17.5868 20.8248 9.28046 14.0832 14.9996
threshold=4.1782257526074966 2.6137328127880433 -0.66498317056008427 0.3521598875904452 73.350000000000009 -0.60944940022004557 -0.28301261635371361 1.0000000180025095e-35 0.069999999999999965 -0.28581898230365044 106.05000000000001 -0.44091354459006721 0.87577762465665532 0.53125969618616686 0.83989582118575323 0.24264705882352944 -0.59693373452398324 10.258333333333335 1.9831403282907953 1.8237706662352648 -0.05219539067541399 0.98707727373362975 35.550000000000004 -0.63850409496342275 -0.44810487229972334 0.82820384071192099 7.8720734476548442 -0.58222725987087587 1.0954816531455125 0.33429875337615678 0.65972893825026702 -0.71791898380935093 -1.0000000180025095e-35 -0.5381869650291492 -0.074604887611334894 0.44280244454513534 -1.0000000180025095e-35 -1.2719356603248022 1.1184583906616219 -0.68068485768828124 0.78166827977914932 0.1790215571361071 7.6743740532834375 2.5183057128214084 -0.89484038928921028 1.3341253398636266 -0.14134937092722791 0.64665191252710785 1.3500000000000003 -0.85002039542210894 -0.035373828829575717 0.94204882237199949 -1.0546751592615256 36.280909090909098 9.9328479299526879 -0.49478453316327237 7.0194193061840133 0.35517115021523687 0.3905068604338387 -0.91376502496766177 15.500000000000002 0.94856642210167541
decision_type=2 2 2 2 2 2 2 2 2 2 2 2 2 2 2 2 2 2 2 2 2 2 2 2 2 2 2 2 2 2 2 2 2 2 2 2 2 2 2 2 2 2 2 2 2 2 2 2 2 2 2 2 2 2 2 2 2 2 2 2 2 2
left_child=1 37 4 5 -3 6 7 8 9 33 -10 -6 13 19 15 35 -17 -16 21 23 -21 22 -18 -13 30 -26 27 -27 29 31 -25 -29 -19 -4 -31 -15 -37 38 39 -1 -40 -41 -32 44 49 -46 -47 48 -48 50 51 -7 -52 54 55 56 -51 58 -58 60 61 -39
right_child=-2 2 3 -5 11 43 -8 -9 10 -11 -12 12 -14 14 17 16 18 32 -20 20 -22 -23 -24 24 25 26 -28 28 -30 34 42 -33 -34 -35 -36 36 -38 59 40 41 -42 -43 -44 -45 45 46 47 -49 -50 53 52 -53 -54 -55 -56 -57 57 -59 -60 -61 -62 -63
leaf_value=-0.0073885699678743998 -0.033269258096639213 -0.018882048828305659 -0.018293905646291946 -0.0187312958225146 -0.015548164984781782 -0.012253924621395101 -0.0097196123297920468 0.011189396187547732 0.21663933854719583 -0.013768576424937132 0 -0.027756048049499767 -0.033557956896553436 0.0070580242350158032 -0.021656310811479861 -0.023614580276255851 0.022891840793258057 -0.025689809510973678 0 -0.025591546750067737 0.14929603936967054 0.0181467191143578 0.24909055393831708 0.014803081453000789 -0.0032841252764912302 -0.035402261455998583 -0.027971494185121522 -5.195144024636812e-05 -0.033141463648545609 0.11113214537593581 0.16245995968587823 0.16719412387406329 0.12908516019124158 0.1633102045356771 -0.016649707521129851 -0.019931387121998604 0.18780883034098683 -0.001735073034556297 0.011981531599729745 0.071927833677438421 -0.05193965357143026 -0.009444072022915714 -0.00063674273826413541 0.07923203448590746 -0.013706118173840938 -0.020496433032599529 0.20758258465938431 -0.025991421560272544 0 -0.031893868156302053 0 0.10494652958220628 0.19123293768452565 -0.0229809981168803 -0.024936500512336236 -0.024890298026018005 0.274438508605859 -0.0027542795861041601 0 0.0038966079803066551 -0.011504021717252483 0.056427281412906233
leaf_weight=11.654419604688881 256.08143344614655 49.850115893408656 0.68264469504356418 240.64965538680553 39.664165841415524 7.9885154552757722 44.765103248879313 31.050694147124887 2.117284474894404 6.9901329912245265 0.85160368122160424 17.410727351903915 12.560406066477297 10.46184489503503 12.188875487074254 0.97855969704687584 0.95575186610221763 1.1454186346381903 0.98749664425849903 1.1484418846666815 1.937840936705469 1.0703103598207233 3.4467196501791477 6.3471613805741054 77.224175805225968 2.3730343934148612 5.4555719457566729 1.0503027811646486 1.9548686370253552 1.4244240242987869 2.7025165352970366 6.0182658191770271 1.9964766073971978 2.4589768256992093 3.3763083070516586 0.79541714861989021 0.86406830139458068 31.667563654482365 165.04252516105771 20.811546791344885 6.9275264032185069 3.992885246872901 1.0757140051573513 2.0187700781971207 348.22344112209976 3.9770435076206923 1.8748555611819013 1.196074169129133 0.96895662881433953 1.8510171063244332 0.90577660501003299 1.8465797509998081 1.6562182940542687 23.373984463512897 6.6560498885810366 2.9526042547076932 2.0519592892378573 1.1666763629764316 0.91768472455441941 3287.5036226771772 210.34248035773635 15.879830006510018
leaf_count=82 22465 1340 16 7262 1059 251 1284 843 47 214 21 452 336 243 338 23 25 33 22 32 35 23 68 158 2002 59 146 28 44 34 61 131 49 69 80 35 28 296 1117 135 61 31 29 54 10983 115 49 38 30 61 28 59 43 736 203 92 61 33 33 27165 1889 120
internal_value=-0.000103556 0.00168647 -0.00619973 -0.00952002 0.00299343 -0.00503507 0.0112495 0.0323652 0.0778479 0.0371991 0.170983 0.0081143 0.013504 0.0173112 0.0442027 0.0751654 0.135707 0.00220828 0.160441 0.00974433 0.0926578 0.185388 0.214237 0.00696948 0.0127635 0.00690912 0.042024 0.0661463 0.0851275 0.106057 0.0637236 0.144797 0.0788734 0.127753 0.0330247 0.030119 0.116302 0.00380162 0.0143051 0.0378604 0.00909227 0.0587769 0.124563 -0.00860088 -0.00924097 -0.0121882 0.0473965 0.106031 0.155174 0.0109457 0.0522059 0.0169444 0.143406 -0.00303253 0.0261466 0.0633649 0.104936 0.16143 0.211637 0.00317887 -0.00593104 0.0183491
internal_weight=5015.56 4759.48 1005.66 739.192 266.465 498.543 88.9164 44.1513 13.1006 10.1318 2.96889 216.615 176.951 164.39 34.8909 19.5602 7.43884 15.3308 6.46028 129.499 3.08628 5.47278 4.40247 126.413 109.002 98.877 21.6528 16.1972 13.8242 11.8693 10.1254 7.06857 3.1419 3.14162 4.80073 12.1213 1.65949 3753.82 208.429 36.4589 171.97 24.8044 3.77823 409.626 407.607 356.24 8.01693 4.03989 2.84381 51.3671 12.3971 9.8351 2.56199 38.97 15.596 8.93994 5.98734 4.13632 2.96964 3545.39 257.89 47.5474
internal_count=82899 60434 29538 22625 6913 15363 2494 1210 367 299 68 5573 4514 4178 887 467 161 420 138 3291 67 116 93 3224 2772 2524 522 376 317 273 248 159 82 85 114 306 63 30896 1426 248 1178 166 90 12869 12815 11215 232 117 79 1600 381 310 71 1219 483 280 188 127 94 29470 2305 416
is_linear=0
shrinkage=0.05


Tree=48
num_leaves=63
num_cat=0
split_feature=6 6 189 151 128 97 168 6 245 71 240 61 152 102 48 212 193 70 104 28 168 245 84 27 174 147 238 184 151 244 240 79 238 32 208 93 238 67 194 126 143 230 161 188 225 236 174 129 242 59 207 230 33 154 106 235 128 4 227 238 64 176
split_gain=111.273 29.3659 10.6709 13.4641 13.8245 10.7991 10.1337 11.7068 10.9478 12.1086 14.0965 10.8021 10.512 10.2894 9.93978 12.7851 9.16023 14.6479 13.884 18.5091 12.2894 14.293 15.1246 14.6751 10.8501 10.8195 11.0769 9.75453 11.4569 11.8654 9.441 9.38811 17.7121 10.688 9.29764 9.08831 10.9902 11.3374 13.0476 10.4786 10.3413 15.9311 8.93281 11.6392 9.52947 8.92064 8.91074 11.4918 10.4382 9.6147 8.87831 14.1621 10.635 10.4557 10.454 14.548 13.2054 14.2855 15.1427 16.3882 12.4375 12.3775
threshold=4.1782257526074966 3.0933100309410118 -1.4573115868480706 -0.32104014304991024 0.79518844565568114 38.000000000000007 -1.0609917835346117 1.1472764606483909 1.2218348393828686 78.500000000000014 0.26613294701000662 6.7821324924656778 -0.91929289280341908 2.5000000000000004 2.3484848484848491 -0.049550927451922765 -0.64516753272397398 6.3251506024096393 0.038721035892776014 0.49877114307261378 -1.1754125809775402 -0.50396279136252331 58.95000000000001 10.267857142857144 0.055665696883209319 1.323047803776167 1.9059109889244552 -1.3754157480759306 -0.52300546493690725 -0.27861869043597987 -0.16966222864167965 7.0052910052910056 0.14497994401032324 111.45000000000002 0.83906446576761684 0.088319964349376126 -0.26790215983860571 0.13198363653561185 1.1807711773186889 1.4968447975082715 -0.54307399609395546 -0.2053013266260996 0.61671571955195681 -0.43527040676330692 -0.39310638173654505 -0.39757355360745239 -0.56374684944022824 0.092190751369551377 -0.42812429319853396 -1.1239285714285641 -0.3088695552973007 2.8597679170051786 13.250000000000002 -0.073847267313468037 7.7038374114186396 -1.4819448123494612 0.012554211748162623 11.500000000000002 0.53755409903837126 -0.69825459109217702 430.50000000000006 -0.31443435583768053
decision_type=2 2 2 2 2 2 2 2 2 2 2 2 2 2 2 2 2 2 2 2 2 2 2 2 2 2 2 2 2 2 2 2 2 2 2 2 2 2 2 2 2 2 2 2 2 2 2 2 2 2 2 2 2 2 2 2 2 2 2 2 2 2
left_child=1 6 3 -3 5 -5 14 8 9 12 -11 -10 -8 -13 15 -1 17 18 19 -4 21 23 24 -18 -23 26 -20 28 -22 -30 -26 -29 -33 -34 -24 36 46 38 40 42 41 -38 44 -44 -37 -17 47 48 -16 -48 51 52 -9 -53 -52 61 60 -58 59 -59 -57 -56
right_child=-2 2 16 4 -6 -7 7 50 11 10 -12 13 -14 -15 35 45 20 -19 25 -21 27 22 34 -25 30 -27 -28 31 29 -31 -32 32 33 -35 -36 39 37 -39 -40 -41 -42 -43 43 -45 -46 -47 49 -49 -50 -51 54 53 -54 -55 55 56 57 58 -60 -61 -62 -63
leaf_value=-0.011981957390521958 -0.032679603653302851 -0.026629036226270345 0 0.18661738389264426 -0.0269964789783286 0 -0.0025695191068863506 0.047139214440756388 -0.01295958405901433 0.022545850792262873 -0.049291175107472343 -0.031661348108940716 0.050059023703910466 0.0077872639104589443 0.040775746136332586 0.013996643649115662 -0.028325679330496928 -0.0068123094666061096 -0.010456345183660612 0.20631365659972245 -0.022433448797682772 -0.039376632929649991 0.18952293338745158 0.10101940308432106 -0.010210695878486683 0.11996066492756551 0.091847006708959289 -0.018468139825108192 -0.0048674281344340273 0.18039900771155407 0.14100244848929577 -0.035558444590964751 -0.017149084951184234 0.18394411760832674 0 0.073753944862290852 -0.0075451457381556274 0.068914441056212847 -0.011687157911401827 0.049475119099430614 0.020377686318108212 0.11051903001279675 -0.025673741649704585 0.062947923702743158 -0.015845454281459611 0.084188361060428651 0.033581655541216469 0.076926971629372926 -0.038837398873762523 -0.016728697961068073 0.0053592298788705736 -0.01397846965214292 -0.0046447831835260732 0.10051055582483555 -0.037209919418409364 -0.015597382606071825 0.00097444816212597274 -0.037635596786361115 -0.033959002219741734 0.092078451049603605 0.0069434587190444061 0.079434113679040699
leaf_weight=8.1899068020284194 247.89444985613227 3.2386197838932276 1.9213156942278176 2.1183060742914672 1.2835174817591903 0.99410538747906674 11.889014124870299 9.0194807425141317 72.592075824737549 19.117103993892673 9.3319908976554853 15.851848527789114 41.200852327048779 828.32310880720615 7.5101820304989824 7.7377116829156902 14.011927532032134 110.89208064507693 17.204905541613705 1.4957435913383959 2.6534592770040035 3.4340079203248006 1.8723995182663205 1.5676988903433073 1.5564473755657675 1.289427937939762 2.0926818717271081 357.53634482435882 1.2798622995615008 1.1375523880124081 1.2764605302363632 2.5565419625490895 0.64397593215107907 1.3181072045117614 0.86619510129094113 2.0767899565398684 3.9447607323527336 13.40340283513069 22.57739782333374 7.929901346564292 43.071277562528849 7.7716819532215577 5.2747278101742259 8.4516598694026452 86.346391707658768 12.692982468754051 10.668410036712883 7.1291993595659724 6.9655296020209798 49.796107094734907 1255.2226789332926 2.6404962651431561 872.81348345801234 4.6292464993894091 2.271076872944831 257.22476954013109 406.66139582544565 2.3676383942365655 3.956642434000968 11.669805865734816 79.214400958269835 8.450816620141266
leaf_count=78 22465 108 57 63 42 28 57 100 353 92 44 77 198 3932 63 63 467 3697 546 36 100 102 51 39 50 30 60 13753 47 38 24 105 24 46 21 26 40 93 155 72 313 62 38 70 924 84 80 46 59 397 14118 27 10278 44 31 3103 4532 32 49 130 945 95
internal_value=-8.8011e-05 0.00161469 -0.00941744 0.0457199 0.0950052 0.140863 0.00301243 0.00231842 0.00698943 0.0244575 -0.00172225 0.00540538 0.0383513 0.007004 0.0116814 0.0393299 -0.0103114 0.000888362 0.0355129 0.11651 -0.0141735 0.0193901 0.066157 -0.0097008 0.0151766 0.0170629 0.00436982 -0.0164813 0.0465428 0.108127 0.0756302 -0.0175036 0.0474293 0.132748 0.146217 0.00873811 0.0158616 0.0277573 0.0197747 -0.00244369 0.0328065 0.0729079 -0.0069632 0.0291223 -0.0128839 0.0597315 0.00246896 0.0293301 0.00210967 -0.00736861 0.000715791 -0.00344506 -0.00405667 0.0616597 0.00254409 -0.00202877 -0.00288267 0.00296906 0.0453589 0.0688197 -0.0102705 0.0532338
internal_weight=5008.12 4760.23 534.242 7.63455 4.39593 3.11241 4225.99 3914.45 998.306 81.539 28.4491 916.767 53.0899 844.175 311.538 28.6206 526.607 134.896 24.0041 3.41706 391.711 24.5851 9.00551 15.5796 6.26692 20.587 19.2976 367.126 5.07087 2.41741 2.83291 362.055 4.51863 1.96208 2.73859 282.917 172.838 90.7685 77.3651 110.079 54.7877 11.7164 102.15 13.7264 88.4232 20.4307 82.0694 21.6049 14.4757 60.4645 2916.14 889.103 881.833 7.26974 2027.04 771.817 761.095 424.655 17.9941 14.0374 336.439 10.7219
internal_count=82899 60434 19534 241 133 91 40900 38237 4753 391 136 4362 255 4009 2663 225 19293 4426 729 93 14867 754 248 506 176 636 606 14113 185 85 74 13928 175 70 72 2438 1308 663 570 1130 415 102 1058 108 950 147 645 168 122 477 33484 10449 10378 71 23035 8917 8791 4743 211 162 4048 126
is_linear=0
shrinkage=0.05


Tree=49
num_leaves=63
num_cat=0
split_feature=5 5 189 3 151 191 190 239 204 2 235 235 231 102 156 228 30 70 113 190 211 71 238 212 188 24 142 110 115 61 230 230 3 196 177 30 115 169 189 127 131 32 26 75 75 240 66 75 231 235 221 95 149 249 30 156 205 188 234 232 23 75
split_gain=103.817 26.3128 9.63169 12.0916 14.0973 9.30396 23.0595 12.7742 11.4671 11.455 11.9882 11.3553 13.2733 11.3663 13.9297 11.3865 10.9432 9.11215 9.98349 9.06926 13.9159 10.7115 9.7791 11.1285 13.7453 13.7246 17.44 14.6501 15.8137 10.9005 18.644 22.6832 16.7653 10.6853 9.47061 13.7478 13.8477 14.1765 8.95399 8.79878 8.7939 8.68646 8.63597 8.54215 13.3208 14.2619 13.0657 8.23893 8.07444 8.0232 10.8791 11.9324 19.7252 18.0413 24.596 17.9125 13.5722 9.19325 8.11144 9.93674 7.96129 11.5627
threshold=65.250000000000014 22.050000000000004 -1.4573115868480706 479.00000000000006 -0.32104014304991024 1.6100034006643658 0.56807401318714446 0.25090634738361056 -1.1654763384213485 54.500000000000007 -0.56566541661195868 -0.69170614807865394 -0.8692684817560673 64.500000000000014 -0.23050082817365156 -0.28336582851843689 40.710000000000015 6.2308861351414553 0.18333333333333338 1.5444665991324169 1.2038874857782174 12.500000000000002 0.60041859738859527 0.68490347953741815 -0.032262273310170037 0.4467582118317413 0.74035880448811853 0.38750000000000007 1.0050000000000001 7.9638778597088313 0.45898848998209435 1.2376106645243161 455.00000000000006 -0.023341481163562518 -0.3387113052572292 35.634166666666673 0.069999999999999965 0.13773420080906909 0.63852747362194229 0.94261516761918751 -0.64084782338386137 108.25000000000001 1.0000000180025095e-35 15.524027459954237 21.41277890466532 -0.39932902950817556 0.18225524475524477 1.6702898550724641 0.23962567392586165 -1.1038811266390789 -0.67510492065702998 0.064583333333335005 -1.0000000180025095e-35 0.32478054967508568 35.951470588235303 1.1194762350734326 0.89659764705419287 -1.20778960175255 -1.2243559399863997 -0.6108564179571655 11.900000000000002 14.525062656641607
decision_type=2 2 2 2 2 2 2 2 2 2 2 2 2 2 2 2 2 2 2 2 2 2 2 2 2 2 2 2 2 2 2 2 2 2 2 2 2 2 2 2 2 2 2 2 2 2 2 2 2 2 2 2 2 2 2 2 2 2 2 2 2 2
left_child=1 5 3 4 -3 16 39 8 -8 11 47 -9 -13 14 -14 -15 -1 -17 -19 22 43 -22 49 29 -25 26 27 28 41 34 38 32 -32 -34 35 36 -24 -38 -31 40 -7 -26 -40 -21 45 46 -45 -11 -6 50 -4 52 58 54 -54 56 -56 -53 59 -52 -51 -62
right_child=-2 2 19 -5 48 6 7 9 -10 10 -12 12 13 15 -16 17 -18 18 -20 20 21 -23 23 24 25 -27 -28 -29 -30 30 31 -33 33 -35 -36 -37 37 -39 42 -41 -42 -43 -44 44 -46 -47 -48 -49 -50 60 51 57 53 -55 55 -57 -58 -59 -60 -61 61 -63
leaf_value=0.0024175717694967097 -0.032082401405532382 -0.014816551202032152 -0.035733187012933591 -0.026705243254100799 0.18227222607294166 0.085565547981994977 0.066964340831938099 -0.015141073188835331 -0.0071641686282917574 0.081111289659288668 -0.0036570551679341993 -0.0077337629523399707 0.019691476059305841 -0.018501854959861321 0.12620836859489129 0.095751559549328721 -0.030767521913571419 0.05526627577068003 -0.017449072445741232 -0.016993771122720863 0.19551150400744072 0.014690406003486032 -0.016011183790111291 -0.011675413906251613 0.31543151366880423 0.011917837427662325 -0.024809277221207324 -0.016897272545695497 0.0016127766338179701 -0.027779136579893123 -0.01787938781174268 -0.029821068863738243 0.30371795119805906 0.043837737034602836 -0.020752833346734213 -0.016552234163759325 0.19859299174398293 -0.0025329404365930053 0.12693605762094379 -0.019324171295136 0 0.035397683719063183 -0.00084281091469550406 0.19252998989391926 -0.029362035344456555 0.0035022984122482039 -0.018266528085173945 0.0051421584311168757 0.00045477111114541668 -0.019981622880138161 -0.02617390090002733 0.069110916511026479 -0.007422545465852891 -0.0038633216836748878 0.3191575499858284 -0.013834542534082783 0.011182068924534848 -0.021694278794166827 -0.02632777423214118 0.13296970330617883 0.05585979370979164 -0.026567800223858851
leaf_weight=3901.0400559902191 240.10156516730785 1.8859368804842231 12.012633619830011 3.2119741830974817 1.9552882071584456 15.943568501621488 4.4346401356160632 10.017867006361483 126.5837226100266 6.80154851824045 71.448830876499414 10.913757152855394 5.3405013568699351 7.2803909555077473 8.5219696089625341 6.879366800189028 23.98595068603754 11.32061229273677 6.8925401829183093 17.595393002033241 0.8004612829536194 1.9565526358783243 1.9718278311192969 7.8265726314857629 1.3032719362527121 5.1853025238960981 1.10482363961637 0.63291920535266388 0.76772158034145821 9.738368193618955 0.66866778582334463 1.5967195667326448 0.95836699940264258 1.0566186662763355 68.591814395971596 7.7548263221979141 1.7806755397468808 1.1721798963844774 1.2164475470781315 2.6252247244119635 3.6912349611520776 0.68319161795079697 3.0567694585770369 2.0534990597516303 3.8439462948590517 3.44714856892824 0.70150940492749203 7.1221190877258778 0.84591316245496262 310.16753539536148 1.2264294959604742 2.2756207678467026 1.4195168334990729 2.2824020832777023 1.6855213362723596 0.5053273532539605 0.53858857043087471 17.617202956229452 7.1689014974981538 1.145431451499461 7.7332932967692596 7.348807686008513
leaf_count=37990 22465 63 454 105 49 109 39 98 1151 34 559 85 38 62 65 44 310 87 56 508 18 65 68 274 40 170 37 24 22 354 21 59 30 38 2494 295 56 42 39 24 64 23 106 70 175 119 29 85 24 11709 46 81 59 87 58 25 20 682 273 38 239 346
internal_value=-7.2184e-05 0.00154803 -0.00895829 0.0426183 0.0873457 0.00286341 0.0112536 0.00728009 -0.004129 0.0170752 0.00474236 0.0323779 0.0409107 0.0524196 0.0895952 0.0341431 0.00220572 0.049733 0.0280119 -0.00983068 0.0162299 0.106586 -0.0114867 0.00107658 0.0367388 0.0737889 0.129125 0.174686 0.212818 -0.00544631 0.0283695 0.108454 0.177844 0.22884 -0.0133704 0.0247981 0.0825594 0.137045 -0.00135726 0.0591658 0.0703303 0.264897 0.0517574 0.00363636 0.0384893 0.0794741 0.146953 0.0455356 0.143246 -0.0154341 0.00352491 0.0174223 0.0483014 0.10938 0.1613 0.22885 0.272729 -0.00825669 0.000183482 0.0658399 -0.0182425 0.0162311
internal_weight=4999.44 4759.34 528.492 7.89911 4.68714 4230.84 305.818 283.558 131.018 152.54 85.3725 67.167 57.1491 46.2354 13.8625 32.3729 3925.03 25.0925 18.2132 520.593 30.3985 2.75701 490.194 117.067 17.5038 9.67723 4.49193 3.3871 2.75419 99.5633 18.292 4.28037 2.68365 2.01499 81.2713 12.6795 4.92468 2.95286 14.0116 22.26 19.6348 1.98646 4.27322 27.6415 10.0461 6.20216 2.75501 13.9237 2.8012 373.127 47.8776 35.8649 15.9721 6.43136 4.14895 2.72944 2.22411 19.8928 9.54076 2.37186 325.25 15.0821
internal_count=82899 60434 19534 241 136 40900 2600 2403 1190 1213 678 535 437 352 103 249 38300 187 143 19293 984 83 18309 4192 590 316 146 109 85 3602 647 148 89 68 2955 461 166 98 499 197 173 63 145 901 393 218 99 119 73 14117 1823 1369 606 249 162 103 78 763 357 84 12294 585
is_linear=0
shrinkage=0.05


Tree=50
num_leaves=63
num_cat=0
split_feature=5 5 2 227 144 212 62 59 152 164 131 144 247 13 5 88 182 155 168 97 23 171 169 169 59 182 48 168 39 241 96 93 197 30 157 1 170 4 212 237 213 104 34 166 34 32 3 192 76 214 166 239 213 68 103 14 217 237 111 70 88 127
split_gain=99.4742 21.0342 10.4858 10.297 10.257 11.6127 18.1235 13.2458 12.6781 13.3314 11.7154 14.0352 10.3026 12.1073 10.028 9.96029 9.50484 9.2983 8.61373 16.4002 14.0385 15.0177 15.726 8.49486 12.898 12.0398 9.96547 9.46101 12.4358 14.392 14.5 12.3772 12.523 16.9027 22.7421 11.6718 10.9095 9.50286 12.3687 9.61392 11.578 10.1345 9.95597 9.29574 9.27897 12.5323 15.5532 13.2056 11.2893 16.845 13.5264 11.2501 13.196 11.5435 11.0074 10.9256 12.4869 14.9253 19.9103 15.9833 13.841 13.2508
threshold=44.95000000000001 8.9500000000000011 52.500000000000007 1.8395573240833649 1.6479791994878161 0.93757784811447797 0.068672493835187406 3.928571428571431 -0.30654939314270074 0.55833392980131391 -0.77706136876711407 -0.29577024986269579 -0.4697359518673942 13.500000000000002 191.35000000000005 8.1457353118590721 -0.31618490305031383 0.2220915873699959 -1.4832689471457952 31.000000000000004 7.7750000000000012 -0.40212976187037414 1.3517123965728675 1.3846117832756504 -17.977500000000003 -0.80649478579567402 7.1742424242424248 -0.74161984870956588 4.5000000000000009 -0.99497990357081023 0.11635292047853625 0.051742367907781445 -0.13469202901834096 36.380625000000016 -0.71675093878648355 12.500000000000002 -0.23212896122627028 1.5000000000000002 0.41338573111527649 -0.97995788701222264 1.5153770257798305 0.078169103674196369 6.5000000000000009 0.47461653872288562 6.5000000000000009 60.550000000000004 467.00000000000006 0.073936132527586629 -0.83571436155285872 -1.0000000180025095e-35 -0.40673076367023825 1.0980237795114569 0.81411068107850826 5.8049030900986631 0.085010163225075583 9.5000000000000018 0.83550843190364643 -0.75009067250496775 -0.14142857142857143 5.6007812500000007 12.100468464609152 -0.28875574759596112
decision_type=2 2 2 2 2 2 2 2 2 2 2 2 2 2 2 2 2 2 2 2 2 2 2 2 2 2 2 2 2 2 2 2 2 2 2 2 2 2 2 2 2 2 2 2 2 2 2 2 2 2 2 2 2 2 2 2 2 2 2 2 2 2
left_child=1 -1 4 23 5 7 -7 10 9 -8 11 -3 -9 -14 18 -15 -6 -10 19 20 -2 -22 -23 27 -25 26 -26 28 29 30 36 32 33 -31 -35 44 -4 39 -39 41 -41 -30 -42 -36 48 46 -46 -48 49 50 -29 53 55 -47 -54 -53 57 -57 59 -59 61 -61
right_child=14 2 3 -5 16 6 8 12 17 -11 -12 -13 13 15 -16 -17 -18 -19 -20 -21 21 22 -24 24 25 -27 -28 35 37 31 -32 -33 -34 34 43 -37 -38 38 -40 40 42 -43 -44 -45 45 51 47 -49 -50 -51 -52 52 54 -55 -56 56 -58 58 -60 60 -62 -63
leaf_value=0.0043661820895329276 -0.012374483327015795 -0.020222369228786799 0.01149219348666973 -0.023962405784142507 0.15226234995066026 -0.032738029226413223 0.17812972059813842 -0.01784123444643556 -0.020679232876378198 -0.0039034412718825084 -0.0058269956980675436 0.13171859559781801 -0.024464122377007722 0 -0.043421923467876863 0.18232328711648316 0 0.09148168587437705 -0.022920465620938951 -0.02830607136263566 -0.018064931870011871 0.27838684555925397 -0.012600979316109659 0.089041520992763509 -0.012461745313732266 -0.024191944055643871 0.14392175713055555 -0.0083454126816448655 -0.019549427659064186 -8.1627141943262994e-05 0.0070645871618414601 -0.00231976729348181 0.0010179817266867935 -0.033255937287221045 0.17192545742104537 -0.016247510996127989 0.15738539183519559 -0.014872795901472733 0.10151875943312012 -0.034380461127015698 -0.031736650016118272 0.11715344989470929 0.10219088277183835 0.020858320079459963 -0.021564475752200357 0.027293101046477603 0.18018305994966871 -0.0046688350570431173 -0.010836862321135513 -0.0017299586923595748 0.12785639874239862 -0.0023118729904805747 0.027980810370497988 -0.0036989821043675593 0.17575848767840346 -0.018457355672068604 -0.033026597698245376 -0.015635190591134298 -0.0085112757152010898 0.027614927692062825 0.00058937622907815723 0.19138598270850782
leaf_weight=3220.559207983315 1.7470896597951635 2.2134163677692413 2.0346391294151545 62.780138827860355 1.4089330770075323 4.2572925239801398 3.3060008995234957 2.0937035344541073 3.8763284627348176 1.1881623379886148 106.01908919028938 2.4535127505660048 1.0503093991428603 0.95423310995101962 63.813231972977519 2.3664628304541111 1.8418714348226775 2.0421797670423985 277.81479458883405 5.9125096509233117 0.70374251343309913 0.95941979624330975 0.45784724503755569 1.766640244051813 1.6641392745077603 89.391873000189662 1.0142644401639698 2.4577200524508953 2.2163049019873138 5.4985051788389709 5.3657704871147871 47.054557476192713 12.068299055099486 1.8346405420452345 5.5257303193211547 157.64639576338232 4.1273402720689756 4.4198785703629246 3.1764047890901566 36.822181025519967 1.7273510713130229 1.6123751122504471 2.192089581862092 1.6594851575791834 2.4560516756027928 31.557604543864727 2.1988231651484971 1.2395896185189483 297.17921720072627 20.021929048001766 4.4828775674104717 43.177368497475982 3.919989211484789 386.40611004456878 1.3928378056734798 4.9998724423348966 4.3133776299655429 1.8866696450859368 4.7838633600622371 2.0559480674564883 1.7501650266349313 5.9270917791873154
leaf_count=22948 108 32 39 1392 27 85 63 51 80 22 2379 27 26 20 7234 43 43 32 21127 411 48 47 28 33 36 2030 20 36 47 95 94 970 192 33 77 3613 62 91 59 807 36 29 40 32 60 578 41 30 6578 301 66 892 88 8981 28 106 87 39 106 41 38 119
internal_value=0.000186901 0.0021368 -0.00295529 -0.00436445 0.0102316 0.00766388 0.0481071 0.00219283 0.0815716 0.137143 -0.00209239 0.067922 0.0666839 0.103886 -0.02542 0.141905 0.0868807 0.0249281 -0.0212716 0.0228808 0.091891 0.155824 0.21599 -0.00332543 -0.017701 -0.0207376 0.0684255 -0.00209874 0.0101355 0.0218322 0.0715863 0.013122 0.0397263 0.0694411 0.1081 -0.00382717 0.118241 -0.00891823 0.0393629 -0.0179399 -0.0254111 0.0493244 0.0476976 0.144457 -0.00142283 0.00285383 0.0698226 0.126378 -0.00799814 0.0223799 0.0840195 0.00190169 0.0197091 -0.00128749 0.0892194 0.0130775 0.0382218 0.0536367 0.0756962 0.108688 0.132464 0.157534
internal_weight=4980.85 4629.44 1408.88 1273.81 135.071 131.821 14.67 117.151 10.4127 4.49416 110.686 4.66693 6.46471 4.37101 351.409 3.3207 3.2508 5.91851 287.595 9.78061 3.8681 2.12101 1.41727 1211.03 93.8369 92.0703 2.6784 1117.19 137.336 85.169 11.5277 73.6412 26.5867 14.5184 9.01986 979.854 6.16198 52.1666 7.59628 44.5703 40.7416 3.82868 3.91944 7.18522 822.207 498.065 5.89446 3.43841 324.142 26.9625 6.9406 492.171 74.2072 417.964 5.31283 68.8944 25.717 21.4036 16.4037 11.6199 9.7332 7.98304
internal_count=82923 53920 30972 28042 2930 2860 282 2578 197 85 2438 59 140 89 29003 63 70 112 21769 642 231 123 75 26650 2119 2086 56 24531 2703 1594 195 1399 429 237 142 21828 101 1109 150 959 883 76 76 109 18215 11234 131 71 6981 403 102 11103 1544 9559 116 1428 536 449 343 237 198 160
is_linear=0
shrinkage=0.05


Tree=51
num_leaves=63
num_cat=0
split_feature=5 5 5 204 162 68 67 189 63 126 217 192 208 168 48 114 140 93 227 228 208 83 177 150 231 83 95 86 144 142 140 94 68 58 66 53 140 159 241 183 192 79 190 111 68 234 151 249 115 118 63 222 134 222 241 24 243 244 215 248 231 54
split_gain=91.9997 19.1506 9.9476 9.39316 12.4014 12.4107 13.9002 14.6291 8.58249 11.7259 13.803 11.2408 9.65911 8.47216 14.2107 14.3521 12.1307 11.1104 10.0059 10.1894 9.20326 9.23342 8.95725 8.94609 13.3784 11.4405 10.2368 9.42689 8.9178 11.6247 11.3989 10.6481 11.2684 10.9688 9.06615 8.9928 8.84561 8.68022 8.59724 9.78577 8.48172 10.8545 8.27601 11.6855 8.47908 10.0495 8.24269 8.23775 8.01069 9.65703 7.94172 7.91753 7.88891 7.81444 8.47625 10.0815 11.3353 11.1891 11.4126 14.9503 14.9441 13.6416
threshold=44.95000000000001 14.250000000000002 191.35000000000005 -1.2100043260987505 -0.46755534509886842 6.3579210855674866 0.045515476480623943 1.2577627329881114 8.8308080808080831 -0.10521513082052329 -0.35354665733805618 -0.44655879044368829 -0.026128324141354967 -1.0609917835346117 2.4083333333333337 0.47222222222222227 0.46742635244280267 0.028211911545244883 -0.82653179742565686 -0.1613955777468277 -0.69787696288298562 35.005000000000017 1.5316121091945565 -0.99132022724974433 0.031365133265041818 75.481666666666683 0.44097222222222149 1.2268179545216482 -0.35775473882945352 -0.73332713150405027 -0.91803380637738008 -0.040734649122807005 7.8604273633343409 0.078144078144078158 0.047656900598077076 8.5000000000000018 1.5240665718178159 -0.29408208566281185 1.6824544301831745 -0.19728375748462099 -0.92327919493597677 1.0011574074074077 1.9835030930853355 1.0000000180025095e-35 4.6696969696969708 -0.74946543094704865 -0.48807110086925048 -0.4697359518673942 -0.61833333333333329 0.13809523809523813 7.5529590770768049 -1.7608421200526219 -0.47869377028245236 1.1452776692501925 -0.94960674477510421 0.42798122199437999 -0.79100153528682549 -0.37654688967884248 -0.41113649606228986 0.965934974105643 1.2429952972387479 1.5000000000000002
decision_type=2 2 2 2 2 2 2 2 2 2 2 2 2 2 2 2 2 2 2 2 2 2 2 2 2 2 2 2 2 2 2 2 2 2 2 2 2 2 2 2 2 2 2 2 2 2 2 2 2 2 2 2 2 2 2 2 2 2 2 2 2 2
left_child=1 13 8 4 -3 -6 -7 47 42 10 11 -10 -13 14 15 16 -1 18 -16 -20 -19 -22 23 24 38 27 -27 -26 35 -30 -31 32 -32 34 -33 50 46 -21 39 -15 41 -24 44 -44 45 -2 -37 -8 49 -45 -23 52 -25 54 55 -5 -57 -58 -59 60 61 -60
right_child=2 3 -4 53 5 6 7 -9 9 -11 -12 12 -14 22 17 -17 -18 20 19 37 21 28 40 51 25 26 -28 -29 29 30 31 33 -34 -35 -36 36 -38 -39 -40 -41 -42 -43 43 48 -46 -47 -48 -49 -50 -51 -52 -53 -54 -55 -56 56 57 58 59 -61 -62 -63
leaf_value=-0.00034116232814802362 0.13660887668686345 -0.015952968730344838 -0.043101779071010302 -0.012016936882525597 -0.032770335612478045 -0.015567663179145139 0.01592781382466351 -0.023608419554083868 -0.012077087730549014 -0.034398382503190141 -0.009280792612745498 0.28622713462670496 -0.0063523396407902891 0.063881110119787421 -0.01991316138171538 0.12227341102592376 0.069415884695812766 -0.017989477598844762 0.084302921998130373 0.045688773677964194 0.055888564754422568 -0.016286318495244617 -0.039481681503979904 0.065501035009132388 0.06491787439046641 0.12289144618984271 0.019921639926393276 -0.0076747658700318938 -0.023175984643284776 -0.045910913816170539 0.071101670244635901 0.062032220714071599 -0.0064996806596028522 0.067598402492368453 -0.016260058635112453 0.041725054587250517 0.038785065930500337 -0.028446534858548634 0.066067346566952692 -0.020529067127243228 -0.022617403268157046 0.073144119882759193 -0.011249555511626059 -0.012128950166605545 -0.0242186665271652 -0.026666897810714602 -0.021330168909387933 0.19026133987920191 -0.016177361011045912 0.21740372509457326 0.0492459302029567 0.0027099240132678597 -0.013128090857578932 -0.02322670426979773 -0.0066094116521519296 -0.01898715139469034 -0.027400933170682651 0.00018604939302110544 0.083266353370534174 -0.017665658499737676 -0.036993775742825523 -0.023987128688588884
leaf_weight=15.439327903091913 0.84409390389919314 7.4517866596579578 61.147879326716065 41.130959494039416 1.9225239939987639 1.9279308542609213 1.1034333072602747 1.0019773934036491 0.44317251723259687 2.4147595977410665 1.5514935813844202 0.47096557356417179 0.25603869836777471 2.9417232647538247 5.985520355403426 4.0803088545799246 9.2827108725905401 38.490955375134945 10.534412860870367 9.9606531485915202 8.8146076984703523 6.4099306836724308 2.5963921919465056 8.7182194255292398 6.0668146274983945 6.1895452216267568 4.5123086832463741 11.424957826733587 12.752221036702393 3.9793040826916686 21.960675727576017 3.4357983991503813 5.531778745353221 5.997399825602769 21.094089891761541 4.6365989819169036 6.9592005908489218 5.2502997741103092 3.2744295671582213 25.610622420907021 54.83594836294651 4.590634860098362 5.4599621957167974 0.44053640775382497 267.11379050463438 1.3038622196763743 67.950675144791603 3.5145612191408873 0.60714583937078703 0.65823037270456553 12.001003473997114 3394.1925336793065 4.1750166304409495 57.910674013197422 626.71671575307846 15.573572114109991 7.3518510628491631 16.870522547513247 27.603366643190387 6.4047832805663338 2.7693214975297442 2.7941405382007352
leaf_count=107 52 202 7234 1062 48 52 28 27 39 188 120 34 21 24 35 24 59 315 57 55 59 50 29 57 55 46 33 111 124 40 167 25 46 39 159 39 45 31 27 247 517 39 378 27 20765 82 485 86 36 27 83 28386 31 1658 17042 417 201 436 679 180 78 78
internal_value=0.000190793 0.0020435 -0.024767 -0.00487116 0.0309115 0.066266 0.0929591 0.127672 -0.0206291 0.0382112 0.0959092 0.177692 0.236277 0.00353774 0.0118919 0.0446059 0.0273375 0.0079676 0.0351735 0.0484332 0.00387989 0.00861771 0.00286903 0.00320895 0.0222002 0.0466455 0.0853154 0.0193818 0.0058685 0.0187678 0.0277053 0.0335314 0.0556318 0.0123361 -0.00309789 -0.00401464 -0.0113828 0.0196151 -6.36485e-05 -0.00979582 -0.0158027 0.0319934 -0.0218742 0.0280879 -0.0233214 0.0589216 -0.0167222 0.159746 0.113468 0.161063 0.0265091 0.00286652 0.0405676 -0.00566685 -0.00427002 0.00781032 0.0181694 0.0274703 0.0350572 0.0494295 0.0626703 0.0727984
internal_weight=4974.44 4631.72 342.712 822.048 16.9222 9.47043 7.5479 5.61997 281.564 5.13643 2.72167 1.17018 0.727004 3809.68 280.547 28.8023 24.722 251.745 31.7309 25.7454 220.014 181.523 3529.13 3467.11 60.0204 28.1936 10.7019 17.4918 172.709 74.7513 61.999 58.0197 27.4925 30.5273 24.5299 97.9574 79.5465 15.211 31.8268 28.5523 62.023 7.18703 276.428 7.16587 269.262 2.14796 72.5873 4.61799 1.70591 1.09877 18.4109 3407.09 12.8932 805.126 747.215 120.499 79.3676 63.794 56.4421 39.5716 33.1668 30.3975
internal_count=82923 53920 29003 22274 443 241 193 141 21769 402 214 94 55 31646 2044 190 166 1854 178 143 1676 1361 29602 29017 543 245 79 166 1302 600 476 436 213 223 184 702 569 86 298 271 585 68 21367 468 20899 134 524 114 90 54 133 28474 88 21831 20173 3131 2069 1652 1451 1015 835 757
is_linear=0
shrinkage=0.05


Tree=52
num_leaves=63
num_cat=0
split_feature=5 5 242 67 80 200 62 228 70 244 214 199 167 248 68 198 235 229 110 76 248 64 241 63 63 48 193 169 111 241 3 75 201 148 166 76 231 220 165 242 175 174 143 208 241 236 93 214 148 68 165 248 64 199 72 72 191 19 104 233 239 239
split_gain=84.7712 17.6914 13.2218 13.4914 12.426 11.4977 13.1806 12.3453 9.9763 13.8467 11.3763 16.0031 11.1503 17.072 11.3084 10.1264 9.96077 12.0347 10.4369 15.9316 9.93472 10.3382 9.8594 12.2989 16.6475 14.7206 12.4325 11.5593 12.4767 12.2483 11.5299 11.374 10.0609 16.5873 12.2348 11.7228 10.0111 9.80363 9.60076 11.9699 10.6624 9.79156 15.9812 13.2996 15.4743 13.139 11.5501 12.6672 11.4304 13.0448 9.67938 15.0673 12.1879 10.8466 9.56056 9.64795 10.9085 9.5595 9.50079 9.49153 10.4052 10.4353
threshold=44.95000000000001 19.850000000000005 2.3603717111467879 0.08326913199794557 1.0000000180025095e-35 -0.51975838220222037 0.08141702554421569 0.55576604915473393 7.5962696941612613 -0.23577762055770485 -0.12807221356456544 0.82575042430018952 0.85681361058139427 1.0909894246053871 4.6696969696969708 -0.38064193367465632 0.85660741920897931 -0.76489268548799527 0.31666666666666671 0.40005087726408195 1.0411074895298646 2.5000000000000004 -0.91126782949452834 6.7577966251435653 6.147066774804002 10.207142857142857 1.6929907361528567 -1.0000000180025095e-35 -0.73541666666666661 -1.287853593047058 567.00000000000011 2.447822141560799 -1.3313703985642822 -0.32386574259933903 1.070639355511378 0.24063197831892136 0.47284358224080564 0.31513827630736552 -0.57139368529026158 -0.50120173459442585 0.60936658743328864 -1.0000000180025095e-35 1.3865645618276701 1.2177499495348485 1.3176727289081251 2.1668435970106681 0.20951116557734209 0.2893176033578993 -0.065729677939712003 7.6696663068897299 -0.7505514190500534 1.438647022940146 139.50000000000003 -0.83666002653407534 0.16059500110595004 0.18203058623619375 -0.1441455045360033 6.166666666666667 0.099970605526161091 -0.81403426603060047 -0.19187891948434985 0.55901699437494767
decision_type=2 2 2 2 2 2 2 2 2 2 2 2 2 2 2 2 2 2 2 2 2 2 2 2 2 2 2 2 2 2 2 2 2 2 2 2 2 2 2 2 2 2 2 2 2 2 2 2 2 2 2 2 2 2 2 2 2 2 2 2 2 2
left_child=1 22 20 -4 5 -5 7 -7 9 12 11 15 14 -14 -2 -11 -16 -18 19 -19 21 -3 23 24 -1 26 27 31 29 -29 32 -26 34 35 -24 -34 -37 -38 39 40 -35 42 45 46 48 -40 -43 -48 -45 -50 52 53 -41 -52 57 -56 -57 -36 -47 60 -55 -62
right_child=8 2 3 4 -6 6 -8 -9 -10 10 -12 -13 13 -15 16 -17 17 18 -20 -21 -22 -23 30 -25 25 -27 -28 28 -30 -31 -32 -33 33 38 54 36 37 -39 41 50 -42 43 -44 44 -46 58 47 -49 49 -51 51 -53 -54 59 55 56 -58 -59 -60 -61 61 -63
leaf_value=-0.011979310228639073 0.074185039789216201 0.052387696850608415 -0.0052573419034662389 -0.010774749285046096 -0.030826234015250899 0.19372078481757846 -0.021823764654022863 0 -0.031758578159907465 0.27413774745255387 -0.010614849649586217 -0.006243988074663899 -0.0095765974797583694 0.18873738923222538 -0.026487710346337425 0.0086578494327793232 0.10194016912490821 0.1789621810397487 -0.031222710670677362 -0.016941252877374548 -0.024532135810203172 -0.0064885099480817736 0.0038008132978330509 0.0057289853891381746 0.053014472386531689 0.10797739718499173 0.11257354350853638 0.080074865225625749 -0.042675006204386461 -0.022364066224384548 0.086039696058143711 -0.003692403486768925 -0.0051994379456422532 -0.022811897157197544 0.034097930858342021 0.0060183550217089961 0.17622190528534284 -0.00090921343014204294 -0.011448293328301192 -0.031718414897985256 0.053004121910072061 0.0027768430367325712 0.07368346738988496 -0.0035824652029494241 -0.038553930465603625 0.012304514458590782 0.088908024575004241 -0.027795201699167951 0.092441371940145567 -0.0013992805975641676 0.053831537491601689 0.1213414581824486 0.020730669784611518 -0.018462483482088631 -0.05014625964058407 0.061130535397059739 -0.011207246819991275 -0.018875007771804238 0.10796846949267314 -0.0036727110481421508 0.17035910847444291 0.0025084161358979676
leaf_weight=22.582717675715685 2.1623930241912594 6.595206042751669 10.914752123877408 1.5720456708222617 1.7059428263455627 3.6523410696536294 0.89075521938502777 0.98260608129203308 187.41167505737394 0.52492406312376261 2.8858065381646147 1.3798720408231018 2.7820045780390497 0.65183607395738352 121.11094262171537 0.61093969829380534 2.246372594498097 0.72211740352213327 9.5408011544495803 2.1333367498591542 81.186373105272651 385.45718146674335 1022.3223074227571 654.85998933762312 30.758480452001095 5.7467116974294177 3.2500497773289672 4.9828598909080029 10.906856924295424 4.9219648241996783 3.0659806095063677 11.86092786490917 1051.4746943078935 28.050394710153341 80.903738304972649 4.9053353741765013 1.3796821311116221 1.0649350322782991 227.41555067524314 13.534551404416559 4.5203833915293208 751.86146735772491 5.0523653216660014 6.7098090536892476 4.9209369905292979 10.655193634331225 6.7550116553902608 2.6809579059481621 14.618892211467029 4.6790423914790145 23.634353794157505 4.011837448924779 45.459660213440657 2.0226169265806675 7.2956560626626041 6.7630995213985505 14.917170524597163 8.7416254654526693 2.6523907035589209 26.569493778049946 1.6565473228693037 1.5626327805221079
leaf_count=209 136 179 334 39 54 94 29 28 16997 31 242 126 206 45 10050 41 172 44 733 180 2573 12006 5253 5955 186 51 24 45 99 55 28 164 11548 376 429 101 21 20 2895 176 61 8659 53 83 59 149 65 34 162 63 203 45 587 32 38 33 75 50 33 421 22 22
internal_value=0.000188984 0.00194564 -0.00699641 0.0320929 0.0747225 0.101382 0.130819 0.159708 -0.0240932 -0.0141216 0.0579359 0.118646 -0.0172979 0.0610181 -0.0197091 0.204595 -0.0217728 0.0161056 -0.00552402 0.0648721 -0.00869993 -0.00535459 0.00301258 0.00819919 0.0249359 0.0365205 0.0287839 0.0227326 -0.00740373 0.031329 0.00186238 0.0373955 0.00175939 -0.000179896 0.00558128 -0.00473122 0.0542536 0.119745 0.00386942 0.015611 -0.0108753 0.00214291 -0.00654949 0.00485075 0.0364872 -0.00855199 0.00351273 0.0557849 0.0517727 0.0704941 0.0229659 0.0370704 0.00828625 0.0288426 0.0207242 -0.00399725 0.0128382 0.028726 0.0379347 0.00904979 0.0645952 0.109973
internal_weight=4968.85 4634.69 492.957 19.7184 8.80369 7.09775 5.5257 4.63495 334.163 146.751 5.40154 2.51574 141.35 3.43384 137.916 1.13586 135.754 14.6426 12.3963 2.85545 473.239 392.052 4141.73 749.871 95.0106 72.4279 66.6811 63.4311 20.8117 9.90482 3391.86 42.6194 3388.79 2247.85 1140.94 1058.82 7.34995 2.44462 1189.02 151.022 32.5708 1038 245.776 792.226 30.9287 240.723 761.297 9.43597 26.0077 19.2979 118.452 59.4575 58.9942 55.4456 118.621 28.9759 21.6803 89.6454 13.3076 31.8113 5.2418 3.21918
internal_count=82923 53920 15336 578 244 190 151 122 29003 12006 440 198 11566 251 11315 72 11179 1129 957 224 14758 12185 38584 6788 833 624 573 549 199 100 31796 350 31768 25890 5878 11690 142 41 14200 1945 437 12255 3130 9125 367 3077 8758 99 308 225 1508 745 763 700 625 146 108 479 182 497 76 44
is_linear=0
shrinkage=0.05


Tree=53
num_leaves=63
num_cat=0
split_feature=5 75 2 27 148 23 89 241 65 96 191 72 209 238 160 204 196 198 149 204 83 191 141 155 186 145 242 65 233 5 241 176 176 54 128 199 243 192 229 235 201 76 199 211 106 236 198 234 66 89 195 155 204 62 134 238 249 168 97 43 169 232
split_gain=77.8944 16.216 10.9059 14.7209 12.3752 11.6726 17.7036 13.2645 12.4245 11.5821 13.8625 13.0364 10.8508 10.8134 15.4311 12.2121 12.4883 12.3182 14.1185 11.486 13.4955 13.5733 13.035 13.2679 10.8373 14.7774 10.6741 10.686 11.0619 10.1024 9.90572 9.17413 13.6113 10.7913 8.91262 8.8575 8.70938 14.3505 13.3228 12.7005 13.6432 10.5196 11.7769 13.2141 13.3884 12.4005 13.4691 10.0106 13.005 11.2315 9.87529 10.8194 12.5697 9.28007 10.1326 9.08158 8.54159 8.42389 14.8966 15.2186 11.76 11.2078
threshold=44.95000000000001 4.370899470899472 52.500000000000007 5.8166666666666673 0.65792774344978999 3.9000000000000004 3.275308063018513 -0.67545854812119344 0.090877326726383337 0.11751644412934738 0.48014839943475585 0.07278747742323903 -1.7885602772442788 0.96893694742230296 1.2563736194995285 -0.068146269349461594 -0.51458814409319409 0.36798191891397508 0.54210822245202095 -0.95228521342982908 60.905555555555559 -0.24827285413173975 -0.083492262860017541 0.65911147664111125 1.3540311267133525 0.32316086934503524 1.9150980750594344 0.072037532342936902 -0.60922802274605681 191.35000000000005 -1.3866568793546434 0.15731706862366418 0.5747139113684907 1.5000000000000002 0.2078667644210824 -0.12011934844480275 -0.26000247784014391 1.3719071102060403 -0.068991818143706293 -0.29274818772414252 -0.23546571734461794 0.16736156451539649 0.13889835889217902 -0.2732518908209805 7.7803749366661039 -0.34093130393832521 -0.33992362676398585 1.6635084898831767 0.073280957039210906 0.71173448624735014 0.08850596457398624 1.0744135958185059 -0.11729452980624851 0.085151725638096767 -0.68006662572515142 0.12383462175697314 -0.6152542018140813 -1.4832689471457952 31.000000000000004 5.5000000000000009 1.3517123965728675 -0.39338326252952566
decision_type=2 2 2 2 2 2 2 2 2 2 2 2 2 2 2 2 2 2 2 2 2 2 2 2 2 2 2 2 2 2 2 2 2 2 2 2 2 2 2 2 2 2 2 2 2 2 2 2 2 2 2 2 2 2 2 2 2 2 2 2 2 2
left_child=1 -1 5 4 30 6 -3 -8 -9 -6 11 -11 -7 19 24 16 -16 -18 -19 20 35 -22 -23 56 -15 26 27 -26 -29 57 34 -14 -33 -34 -4 -5 -21 41 39 -39 -41 42 47 -44 45 46 -45 50 49 -49 53 -52 -53 -38 -55 -56 -24 58 59 -2 61 -61
right_child=29 2 3 13 9 12 7 8 -10 10 -12 -13 31 14 15 -17 17 18 -20 36 21 22 23 -25 25 -27 -28 28 -30 -31 -32 32 33 -35 -36 -37 37 38 -40 40 -42 -43 43 44 -46 -47 -48 48 -50 -51 51 52 -54 54 55 -57 -58 -59 -60 60 -62 -63
leaf_value=0.0034813101580543774 -0.028067074193884212 -0.006244209768040139 -0.0095550861997534559 0.029145965269126467 -0.016511901785151131 0.095251146685505467 -0.0055255902517997273 0.22850862911271755 0.015214322865711803 0.21534577603362415 -0.025803678206785027 0 -0.00522809428270294 0.0018576411673362162 -0.0098555799973196936 -0.00086427684854677167 0.035735344489729315 0.27937991187404582 0.021227557614113865 -0.010851158953709542 -0.0074434596854321177 -0.0026917900466429823 0 -0.00019321559261339363 0.0049087342915045597 -0.035864615972421098 -0.011767029579688563 0.014826641466008705 0.21318858380323036 -0.042542329004948115 -0.017308015893919709 0.11952680511348282 -0.0042789462367275235 0.108735454642874 0.065490667169250533 -0.041022442532051728 -0.021084654781234859 -0.0003852263909877448 0.0036980222568406295 0.024413586979773704 0.18173693144922765 -0.025796158721399738 -0.036096386651399248 0.010452787475716823 -0.018478915566020972 0.0087753694541283581 0.20815788222148526 -0.0063525930358216409 -0.0072005360668753529 0.15903654399396983 0.0060843094344685067 0.16259099708702754 -0.001027379231402294 -0.020288574821390293 0.12200147457441848 -0.02418742980426412 0.16453235265046418 -0.020905092035546101 -0.026816209589134877 0.23184595849204803 -0.016920220911454807 -0.011654304657363534
leaf_weight=3562.6913169175386 1.4500769525766357 4.5231541413813812 8.3164062481373531 7.4357434250414398 3.3698774240910998 2.3169768806546918 1.2884882390499113 1.8323351275175812 1.1692232489585874 1.4110759552568204 1.1570151653140781 0.97044261917471875 70.717472344636917 98.097835414111614 1.5149389971047638 3.8337728194892389 2.3598942346870899 1.2461314909160139 0.98367913626134384 312.18393221311271 5.7738408632576492 3.1087731085717687 0.90632076561450947 1.9430858958512542 1.560490844771264 2.4950325861573219 1.6217773482203481 1.1791038978844879 2.1824218165129428 56.955760358832777 302.41871402226388 2.742796033620837 14.169102298095821 1.456014210358261 6.045062042772769 8.6205858457833511 66.358136978000402 2.9411757998168468 11.143051374703644 2.7600650526583195 3.0366581156849879 35.683158295229077 2.5724552385509005 1.3473478835076087 2.1910122632980347 2.220398196950554 2.6231580581516027 1.3027275092899784 4.5602472554892302 2.2876149509102106 35.177024476230145 1.5382863562554123 2.0489899087697259 3.8407297655940056 2.6901249829679723 1.0155701525509355 5.3973576184362138 259.37242915760726 5.494088719598949 1.4557362366467717 0.6438433751463889 0.42432441283017386
leaf_count=28034 98 103 189 146 85 46 31 39 25 31 30 23 1750 2243 38 81 54 20 20 7908 146 69 20 45 35 69 37 28 46 7234 7116 58 325 31 121 263 1439 67 217 41 72 1197 75 37 64 58 57 28 90 45 782 32 49 85 49 21 110 21127 411 65 41 27
internal_value=0.000193831 0.00185744 -0.00352441 -0.00514765 -0.0138423 0.012089 0.0640039 0.126194 0.171237 0.0480198 0.100675 0.15306 0.00639067 -0.000794102 0.0128898 0.0695472 0.108368 0.143067 0.208877 -0.00382934 0.0241974 0.053835 0.0834781 0.11328 0.00699322 0.0564942 0.0924579 0.123832 0.164109 -0.0233989 -0.015354 0.00299235 0.0335355 0.0118584 0.0239148 -0.00843042 -0.0057459 0.0027475 0.0418464 0.0846064 0.122177 -0.00208561 0.00444326 0.0517858 0.0802628 0.113614 0.157675 -0.000197975 0.0500717 0.109626 -0.00428704 0.0158354 0.088194 -0.0149789 0.0343112 0.0842488 0.14418 -0.019182 0.0250309 0.088696 0.146127 0.190188
internal_weight=4962.17 4636.38 1073.69 973.471 323.689 100.216 8.8132 4.29005 3.00156 6.90841 3.53853 2.38152 91.4024 649.783 117.075 9.93842 6.10464 4.5897 2.22981 532.708 33.1857 17.1294 11.3555 8.24676 107.137 9.03883 6.54379 4.92202 3.36153 325.796 316.78 89.0854 18.3679 15.6251 14.3615 16.0563 499.522 187.338 19.881 8.7379 5.79672 167.457 131.774 10.9544 8.38192 6.1909 3.97051 120.819 8.15059 3.59034 112.669 38.7643 3.58728 73.9046 7.54642 3.7057 6.30368 268.84 9.46807 3.97398 2.5239 1.88006
internal_count=82923 53920 25886 23478 7595 2408 198 95 64 169 84 54 2210 15883 2671 213 132 94 40 13212 799 390 244 175 2458 215 146 109 74 29003 7426 2164 414 356 310 409 12413 4505 397 180 113 4108 2911 291 216 152 94 2620 163 73 2457 863 81 1594 155 70 130 21769 642 231 133 92
is_linear=0
shrinkage=0.05


Tree=54
num_leaves=63
num_cat=0
split_feature=5 222 241 5 93 168 193 214 84 154 186 5 192 26 249 168 111 197 190 221 234 175 234 140 189 10 130 67 191 175 230 79 241 70 244 214 199 228 13 75 23 71 244 248 1 186 68 77 14 154 230 62 211 2 134 211 242 168 241 233 69 125
split_gain=71.9695 15.0605 11.8523 13.3611 12.0118 14.7643 17.4529 13.6533 13.2274 12.8984 11.8163 11.8103 14.0999 11.3046 12.4924 13.3167 11.4752 12.479 11.1332 11.2894 12.6395 15.3445 11.1325 11.936 14.537 13.4411 10.6256 10.4634 10.3805 10.0067 10.8838 14.2081 14.7972 9.97815 13.2045 10.2103 13.5687 9.97604 9.88992 10.3354 9.87341 13.3933 11.9416 13.299 10.3798 9.86637 9.83385 17.4044 10.9255 11.7907 15.0514 13.7648 12.2868 16.3102 13.5927 14.1091 11.5439 9.84884 10.4796 11.6672 17.3976 11.6163
threshold=44.95000000000001 1.0606716491712265 -0.91126782949452834 14.750000000000002 0.068728575991421861 -1.3721667744098911 -1.5820706526343835 0.58664914003985313 34.550000000000004 -0.49102614364952396 2.0008306778802827 2.3500000000000001 0.35408588483167408 0.23611111111111113 -0.53218652339063366 -1.0000000180025095e-35 1.7633333333333339 1.0000000180025095e-35 -1.907008203711748 -0.83525037684067927 -0.93990926792533425 0.58314665579241065 1.2953457567252158 0.8699493546644026 0.7438920667462886 1750.0000000000002 -0.70236446813625741 0.21244358478401035 1.5690027098189947 0.63284666114546939 0.33331166466402856 0.35092592592592603 -0.45220622011640471 7.5962696941612613 -0.23577762055770485 -0.12807221356456544 0.82575042430018952 0.13774082960909148 15.500000000000002 1.4127789046653147 8.9000000000000021 64.500000000000014 -0.2712761582774828 -0.32478054967508557 5.5000000000000009 -0.49791171629627295 9.2171293871136744 0.37916666666666671 8.5000000000000018 1.3447675816598703 0.99542986009815815 0.08062139256332819 -0.31348305860124653 56.750000000000007 -0.64300491979412544 -1.0642752807754161 2.0414377066670881 -1.0609917835346117 -1.1898689712755275 0.18002057495577392 0.086230132911980686 1.0000000180025095e-35
decision_type=2 2 2 2 2 2 2 2 2 2 2 2 2 2 2 2 2 2 2 2 2 2 2 2 2 2 2 2 2 2 2 2 2 2 2 2 2 2 2 2 2 2 2 2 2 2 2 2 2 2 2 2 2 2 2 2 2 2 2 2 2 2
left_child=1 2 46 4 5 8 7 28 -4 -9 26 -11 -13 14 15 -6 17 22 -15 20 -20 -22 23 24 25 -17 -3 -14 -7 -5 31 32 -31 34 -2 36 -36 -19 -30 -40 41 -33 -43 -44 -42 -21 48 -48 57 51 -51 -50 54 56 55 -53 -54 -1 -59 -60 -61 -62
right_child=33 10 3 29 13 6 -8 9 -10 11 -12 12 27 18 -16 16 -18 37 19 45 21 -23 -24 -25 -26 -27 -28 -29 38 30 -32 40 -34 -35 35 -37 -38 -39 39 -41 44 42 43 -45 -46 -47 47 -49 49 50 -52 52 53 -55 -56 -57 -58 58 59 60 61 -63
leaf_value=0.029133175288221205 -0.015878880970194065 0.004926047635206863 0.061376320709626397 -0.0073230707636809172 -0.010870023263823088 -0.015313785574100715 -0.0026831309417580571 -0.0040670678070279555 0.0096834288096608774 -0.0046417121948825642 0.072506469276905794 0.0036876449053981374 0.11291500691780193 0.046944343992393091 0.0081837717477452557 0.11121830899069703 -0.044182296650918634 0.00065150764239994179 -0.017190532383726614 -0.010027302967765914 0.02240753767698607 -0.023536864381619893 -0.019566315036914368 0.0072477787538547684 0.14626298640904753 0.012751856408041462 -0.020031932639639819 0.012692447932896958 0.054942455704230266 -0.024406783269090175 -0.025223040980914269 -0.031071316728599654 0.16565836455947741 -0.030661906019289722 0.18727871985915004 -0.0095744215621802447 -0.0055457011483193361 0.049294117046131791 0.040368637418776207 -0.03400413896124279 -0.024891303436286295 -0.012902161389754098 -0.0059462646237339201 0.1819369927122795 0.13242471669854111 0.0029479159973696684 0.096896604639255535 0.014615074685694477 0.0043263148331692284 0.026194576512031217 0.16578865075507188 -0.016776518586880489 0.0028923532376721917 0.070972946583239535 0.014646615762204976 0.097423286221632016 0.072668510388445837 -0.019202472268696095 -0.011258215498202662 0.056379709209999199 -0.033180385577480237 0.027045151047999007
leaf_weight=20.573215572163463 135.6246895827353 58.891576062887907 15.57780037820339 553.18030040711164 16.747918196022511 33.288943026214838 1499.4521526172757 11.335441596806048 52.244456388056278 5.8317584544420269 3.1316201277077189 5.8397374674677875 13.964682046324016 12.961631514132021 388.86072279512882 5.2559118047356703 3.2402168437838546 23.070386257022619 30.473158650100231 215.79134928807616 157.57595816254616 19.599468197673559 2.9126494936645022 5.439604587852954 7.5448815375566474 8.751734394580124 147.82506176643074 3.6260452046990386 13.405561845749618 1.0452001187950375 8.5096712317317706 10.927700679749256 2.6392262149602201 177.34198100678623 1.2887995075434449 2.7889152364805332 1.3434431599453089 18.785782866179943 7.3400585204362896 9.6094417013227922 1.077610041946172 2.9924510084092617 1.3179755154997113 1.5476986560970534 2.2188462801277637 450.30872648954391 7.2832651399075976 31.985530488193035 393.79382507689297 9.6074641700834018 1.6555956583470095 2.8704740330576923 94.583677729591727 10.294672504067419 16.975352086126804 14.403969166800378 5.3489670734852544 87.48987821303308 57.45452718064189 19.994773451238871 14.859999667853119 15.146661890670655
leaf_count=188 11566 466 82 15515 181 260 12743 71 305 25 38 45 95 104 3386 42 33 163 252 1863 1217 160 25 45 53 86 2798 24 91 27 232 287 59 16997 72 242 126 130 37 86 28 85 35 39 52 3825 65 380 4281 143 19 39 973 107 195 140 50 1010 738 213 147 142
internal_value=0.000199387 0.00178079 0.00240282 0.00118168 0.00251559 -0.000325106 -0.00130045 0.0183776 0.0223485 0.0406704 -0.0112719 0.0577276 0.0730103 0.00598963 0.0121599 0.028688 0.0376139 0.0419325 0.00262971 0.00191369 0.0120653 0.0171934 0.0663341 0.0761499 0.0922258 0.0549803 -0.0129081 0.0943187 0.0036708 -0.00572601 0.0208931 0.0379586 0.116973 -0.0227572 -0.0126373 0.057524 0.113056 0.0232406 0.0244742 -0.00106344 0.0183641 0.00070937 0.0566082 0.115048 0.0860105 -0.0012568 0.00789081 0.0320274 0.0066052 0.0103438 0.0589678 0.00920966 0.0223643 0.0139305 0.0482003 0.0782936 0.00735968 -0.00290826 -0.00644663 0.00397427 0.0214529 -0.0027269
internal_weight=4956.85 4638.46 4428.61 3624.29 3038.84 1671.52 1603.69 104.242 67.8223 40.5977 209.848 29.2622 23.4305 1367.32 480.61 91.7491 75.0012 71.761 886.71 873.749 207.649 177.175 29.9048 26.9921 21.5525 14.0076 206.717 17.5907 63.644 585.457 32.2764 23.7667 3.68443 318.388 141.046 5.42116 2.63224 41.8562 30.3551 16.9495 20.0823 16.7858 5.85813 2.86567 3.29646 666.1 804.322 39.2688 765.053 549.534 11.2631 538.271 144.477 110.227 34.2498 17.2744 99.9326 215.519 194.946 107.456 50.0014 30.0067
internal_count=82923 53920 50618 41788 25429 13864 13477 734 387 260 3302 189 164 11565 4144 758 577 544 7421 7317 1629 1377 251 226 181 128 3264 119 474 16359 844 612 86 29003 12006 440 198 293 214 123 526 446 159 74 80 5688 8830 445 8385 5947 162 5785 1504 1130 374 179 1023 2438 2250 1240 502 289
is_linear=0
shrinkage=0.05


Tree=55
num_leaves=63
num_cat=0
split_feature=75 75 193 238 62 96 75 33 70 133 71 195 72 160 222 62 33 48 232 104 97 102 126 227 105 29 5 162 194 70 70 2 214 144 217 34 245 190 191 233 208 102 5 241 170 94 208 24 143 219 159 236 153 64 30 154 30 33 211 157 190 132
split_gain=63.9579 14.8798 12.4983 12.4007 14.1773 13.3688 17.6067 28.7903 22.7881 21.6757 14.0498 14.2908 13.1952 12.8709 11.1091 11.0394 10.8316 17.5886 11.505 10.4895 10.5273 10.4455 11.4187 9.66853 9.34995 9.12373 9.10279 10.501 11.8009 9.38032 15.8368 10.0114 9.03994 15.2158 9.00186 8.79663 8.77063 14.3807 13.3903 15.0452 13.683 10.412 8.64705 8.61933 15.239 13.3052 15.5812 14.298 13.5498 12.9626 12.5564 10.2138 11.7676 13.9876 13.3258 12.067 10.699 9.65499 11.3687 12.4537 9.55223 9.46026
threshold=28.202564102564107 8.2022727272727298 -0.13849774967046596 0.88970464917234404 0.068202225557463955 0.12285403772472739 19.532291666666669 35.750000000000007 7.4002288329519468 1.1227701558630681 15.500000000000002 -0.38698102288893937 0.081130946444599603 -0.50244354818378578 0.31829753506038355 0.076439299444816575 32.95000000000001 9.0238095238095255 -0.6020629738059261 0.1334605597964377 19.000000000000004 1248.5000000000002 -0.72974387786644901 -0.68777146930064725 0.043517714826797137 104.85000000000001 3.1500000000000008 -0.94339558350625863 -0.96811004612842655 8.1441677863621127 9.5559878945092969 53.500000000000007 -0.01254685612488261 0.2507564539282307 1.7973529939007873 6.5000000000000009 -0.70335086174171957 0.11070353295865303 0.91036160942292033 0.26371370405620725 -0.37294062238846143 348.50000000000006 68.65000000000002 -0.91126782949452834 1.0334911592433595 -0.071424569020722847 -1.2358465346600864 0.78128156565656581 -0.62976860089046405 -0.42490831779908139 -0.63961837397613031 -0.3865764937704414 -1.1755164741267798 59.500000000000007 37.603125000000013 0.77269908597220993 40.307142857142871 13.250000000000002 0.34462512139961349 0.64792584550432641 0.63640917902686767 -0.99014754297667418
decision_type=2 2 2 2 2 2 2 2 2 2 2 2 2 2 2 2 2 2 2 2 2 2 2 2 2 2 2 2 2 2 2 2 2 2 2 2 2 2 2 2 2 2 2 2 2 2 2 2 2 2 2 2 2 2 2 2 2 2 2 2 2 2
left_child=1 26 -2 16 21 6 10 8 9 -8 -6 12 13 -12 19 23 17 32 -19 20 -15 -5 -23 -9 -22 -26 27 34 29 31 -31 -29 -3 -34 -1 -25 37 -28 39 40 -39 -41 -37 44 45 -38 49 51 -49 -47 -51 -48 53 54 -53 56 -54 58 -45 -60 -52 -46
right_child=2 3 -4 4 5 -7 7 15 -10 -11 11 -13 -14 14 -16 -17 -18 18 -20 -21 24 22 -24 35 25 -27 36 28 -30 30 -32 -33 33 -35 -36 42 43 38 -40 41 -42 -43 -44 57 61 46 47 48 -50 50 60 52 55 -55 -56 -57 -58 -59 59 -61 -62 -63
leaf_value=0.018065711793382077 -0.010283955786561183 -0.04252542391938461 -0.037169188471037257 -0.034813280808259052 -0.036303053734657649 -0.019299689886107391 0.35182825376173354 -0.024745137890105157 -0.016907582482439763 -0.011103712356005992 0 -0.0014814566540396763 0.0039502387635210598 0.0065736036466883434 -0.010016005480518349 -0.02791989010533405 -0.010772511218925557 -0.019907853611352472 0.16689245591942403 -0.02087856531032399 0.013762716842621104 0.13279002904911061 -0.0129782246936352 -0.016987645448733137 0.20325500951665557 0.018823851618889276 -0.0019054170736296343 0.063994401164570336 0.0039248136917958802 0.07001751500784073 -0.013843014088184164 -0.0076293938935457495 -0.013868611629147504 0.16207030858801144 0.073811629971034284 0.1921414109299433 -0.0092193019798383815 0.0086802854166853991 0.00092193769158218492 -0.043088352200985759 0.12575301420038673 0.068471885301768717 -0.012175650011774749 -0.0096783581140347189 0.0021499186043064437 -0.037920550395151194 0.018536275016141586 0.16468929383485723 0.015163798595036651 0.021999631721355939 0.1459425211428583 0.15469655200469515 -0.0071347308890263132 0.012085319759587805 0.0074349632447378829 0.04766896865309142 0.086258258851303032 -0.00054925823191661032 0.10903854540402501 -0.020818419174463823 0.010650722469774681 -0.035835694953773777
leaf_weight=70.441356182098389 68.706862365826964 5.1985507179051629 123.31513514602557 22.688638679683212 8.7978269420564157 16.116022506728768 1.0993909901007994 1.1349761821329596 0.63996348623186339 0.40510124340653408 3.791290737688537 19.793497528880838 8.6258749291300756 1.4832827514037488 1.5644240221008647 3.597276103682816 447.87936595827341 0.78975094109773669 2.171721306629478 0.82835935801267702 1.2217261679470537 1.1463468326255677 3.0418159151449791 0.64780708122998509 5.4149402314797044 1.0610212385654447 38.385891629382968 5.0941286236047771 929.69855438172817 19.9785540252924 7.1698609888553611 23.358778461813927 3.114437197335064 0.85325435176491726 7.3876464664936057 1.6532778367400172 78.45198773033917 3.6065870448946979 12.174695312976835 3.9657575376331797 9.4681447297334689 2.6077106818556786 0.44722234271466721 6.3344242163002473 33.372625906020403 2.2863349393010166 178.64706575497985 1.9368150383234022 3.7802660800516596 7.050856590270997 5.6088424064218971 2.9378496184945133 173.63684993050992 22.674166919663548 2.8155624829232693 10.350495947524903 2.1184447146952143 2496.237856855616 5.8262873403728008 2.0616171844303608 1.9357376769185064 30.582985237240791
leaf_count=329 7217 205 13738 815 283 594 54 70 38 27 121 653 241 39 60 213 17747 36 68 25 34 36 112 39 136 26 541 23 4361 95 36 113 108 29 33 78 916 47 159 56 128 34 40 67 245 29 1932 23 43 70 64 19 1839 202 25 120 22 28001 55 23 21 449
internal_value=0.000536243 0.00167934 -0.0276785 -0.00592771 0.0094712 0.020208 0.0306657 0.0897223 0.217938 0.286694 0.0182896 0.0299365 0.0550797 0.0814827 0.105832 0.0310128 -0.00947307 0.0352998 0.123365 0.123658 0.13796 -0.0212406 0.043861 0.0811669 0.159036 0.180266 0.00270492 0.00670265 0.00528514 0.0274714 0.0479875 0.00676155 -0.00199681 0.0479692 0.0242899 0.121172 0.0013476 0.0186992 0.0430064 0.0675336 0.0967256 0.0037051 0.157131 0.000943013 0.00655727 0.00954027 0.0131056 0.0110125 0.0835406 0.0589022 0.0758488 0.00973592 0.00233245 0.031727 0.0951431 -0.00227641 -0.0054991 -0.000305409 0.0393898 0.0760123 0.117124 -0.0162095
internal_weight=4959.21 4767.19 192.022 565.207 105.2 78.3233 62.2073 9.62502 2.14446 1.50449 52.5822 43.7844 23.9909 15.365 11.5738 7.48056 460.007 12.1277 2.96147 10.0093 9.18097 26.8768 4.18816 3.88328 7.69769 6.47596 4201.98 1063.13 985.3 55.6013 27.1484 28.4529 9.16624 3.96769 77.829 2.74831 3138.86 70.2088 31.8229 19.6482 13.0747 6.57347 2.1005 3068.65 558.187 494.231 415.779 398.898 5.71708 16.8818 14.5954 393.18 214.533 28.4276 5.75341 186.106 175.755 2510.46 14.2223 7.8879 7.54458 63.9556
internal_count=83002 62047 20955 21927 3734 2771 2177 559 119 81 1618 1335 682 441 320 440 18193 446 104 260 235 963 148 227 196 162 40120 4990 4628 267 131 136 342 137 362 157 35130 965 424 265 175 90 118 34165 6019 5325 4409 4225 66 184 155 4159 2227 246 44 1981 1861 28146 145 78 85 694
is_linear=0
shrinkage=0.05


Tree=56
num_leaves=63
num_cat=0
split_feature=75 75 163 238 62 96 75 33 245 195 71 71 68 141 33 239 165 230 69 236 238 230 102 126 129 194 189 5 65 130 128 243 239 5 162 194 183 235 195 192 40 189 23 245 190 204 240 241 92 241 149 94 242 89 208 231 176 243 102 48 190 171
split_gain=59.3847 13.3284 12.6713 11.4883 12.8254 11.9934 15.2003 20.5468 19.9716 11.3887 11.2821 11.6631 11.2246 10.7554 10.1227 15.216 17.2636 17.3175 10.0831 12.9958 13.5209 11.5477 9.86516 9.93035 8.63165 8.50596 9.00936 8.67721 9.62123 13.8755 12.7565 10.0308 9.05995 8.18796 9.44455 10.6112 9.42052 8.5458 12.6189 14.018 9.299 14.9271 8.29615 8.28848 13.7029 16.4679 13.3398 8.73025 10.8483 8.66719 11.9758 13.4433 12.0596 11.941 11.5843 15.6747 10.4166 9.46313 12.0815 14.5143 14.0297 13.1913
threshold=28.202564102564107 8.2022727272727298 -1.021576904332097 0.88970464917234404 0.068202225557463955 0.12285403772472739 20.218070652173918 35.750000000000007 -0.50027166324246231 -0.38698102288893937 15.500000000000002 148.50000000000003 6.7599056956414945 0.31622776601683805 33.45000000000001 -0.072384535351716031 -0.33653678157352801 -0.065747460862264961 0.13290087892678418 -0.55546119268797767 2.2058772840576464 -0.64053991198870641 1248.5000000000002 -0.72974387786644901 -0.41671636023143277 1.2581305972042902 -0.039231538353787974 48.750000000000007 0.054561459667093477 0.81743979422088009 -0.033333484506969852 -0.55405213043615864 0.2634335587149646 3.1500000000000008 -0.94339558350625863 -0.96811004612842655 -1.0054805256971779 -1.0674799083804387 -0.028576432783668008 0.43072587402312207 0.40833333333333338 -0.87095213888716183 9.9000000000000021 -0.70335086174171957 0.11070353295865303 -0.42677889478300074 0.10984767800548378 -0.96362770297025568 0.089087301587301604 -0.91126782949452834 1.1198488802717719 -0.061796009311281867 -0.41554798880200011 1.0000000180025095e-35 -1.2358465346600864 0.37528661621070242 -0.30094352458540946 0.44086345683685907 668.50000000000011 6.1143790849673207 1.0054344746011945 -0.4216940920553876
decision_type=2 2 2 2 2 2 2 2 2 2 2 2 2 2 2 2 2 2 2 2 2 2 2 2 2 2 2 2 2 2 2 2 2 2 2 2 2 2 2 2 2 2 2 2 2 2 2 2 2 2 2 2 2 2 2 2 2 2 2 2 2 2
left_child=1 33 -2 14 22 6 9 8 -8 10 -6 13 25 18 15 -3 -17 -18 19 -12 21 -21 -5 -24 -7 27 -27 -4 29 30 31 -29 -33 34 -1 -36 37 38 39 -35 -39 -42 -37 44 -38 -46 47 -47 -49 50 51 -45 -52 -54 55 -53 -57 -51 61 -60 -61 -59
right_child=2 3 12 4 5 24 7 -9 -10 -11 11 -13 -14 -15 -16 16 17 -19 -20 20 -22 -23 23 -25 -26 26 -28 28 -30 -31 -32 32 -34 36 35 42 43 40 -40 -41 41 -43 -44 49 45 46 -48 48 -50 57 52 54 53 -55 -56 56 -58 58 59 60 -62 -63
leaf_value=0.022990202920107186 0.1005955548017385 -0.0082081168367962882 0.085338706733112682 -0.034212070709409043 -0.026364383894227274 0.046648991117569018 0.027789848873854762 0.030323424625913305 0.301135875835293 -0.0077539817652182222 0.003528831782160383 -0.036572865134007773 -0.035059216093669576 -0.0097982151133049842 -0.010525643698127269 -0.01836722525906578 -0.0052208832814145123 0.20353699916825674 0.02918996107894109 0 -0.0057421860599119962 0.18245664612037249 0.12076802798434215 -0.01260695773829593 -0.03681392397078697 0.1342207821248923 -0.011538976839459243 -0.0099875944648376725 -0.025934356056741426 -0.032927004352600549 -0.019752529930121401 0.28837309150550888 -0.0055543262939914137 0.12293778439582466 0.02596987183079337 0.0032309445640539671 -0.0018060215282224596 -0.024698042947020851 -0.041500138204270176 -0.022293614464665074 0.11878637644411338 -0.016354833722101138 0.049774472755245339 -0.011270501986163689 -0.014275204942052314 0.0107923106966122 0.0026819113321296349 0.010868838518585115 0.12686749577238984 -0.002024472385456329 -0.022848721336690872 0.015407522573007162 0.104773275853633 0.0013142293126299056 0.0077050435072452258 0.17323632678892367 0.02082592674583849 0.016994522794688351 0.00046886206806790197 0.03320255582993363 -0.0082382595971211073 -0.0032822132217979216
leaf_weight=78.315026462078094 0.95565902208909292 10.425485170446338 1.16917274147272 21.968951671384279 5.0007123211398712 3.0310205360874525 1.4816671684384348 6.931366141885519 0.83266317192464878 23.899434339255098 2.5152175491675779 2.6654698457568875 142.07921877037734 3.9164946246892205 439.52953331638128 2.208583808504045 1.2862827591598036 2.2975905500352374 8.0789590487256628 0.97324749268591748 1.3101269472390411 5.9600265501067042 1.2930249897763131 3.0052187032997599 12.798150012269614 1.1404970274306836 1.7043274343013752 0.36949487216770638 35.838355399668217 2.1629908913746476 0.80157028464600344 0.4619883345440029 0.23443896044045687 3.4221488144248724 56.049585372209549 922.11307080090046 37.416472684592009 75.945058722048998 3.1025648247450572 2.1535491533577442 2.0949668511748314 5.2955449260771266 8.6984942853450757 94.466661004349589 8.8346417713910359 3.4709826037287774 6.7227492835372678 2.8228057026863089 10.137831037864087 1667.8678811546415 3.8994843661785152 12.448196133598687 7.8654265701770765 4.2507576402276754 416.21529131382704 2.4508832767605782 2.2423746846616259 97.398735424503684 108.71533377096057 104.69858033210039 24.658009132370353 432.6273853816092
leaf_count=362 105 385 55 815 155 115 77 402 32 812 68 84 16263 135 17610 87 48 63 216 25 39 132 36 112 479 116 165 36 3832 252 70 39 22 35 267 4320 529 917 43 25 16 57 41 1072 112 44 93 44 119 19101 55 135 85 70 4356 24 29 1067 1140 1138 244 4580
internal_value=0.000522622 0.0016099 -0.0270456 -0.00561711 0.0091524 0.0191629 0.028816 0.0850457 0.18883 0.0177905 0.0376265 0.0509259 -0.0282629 0.0624944 -0.0090648 0.0285476 0.0869071 0.142728 0.0775129 0.107806 0.135259 0.159898 -0.0205149 0.0417932 -0.0187128 -0.00585614 0.065307 -0.0123444 -0.0173494 0.0479736 0.122225 0.189293 0.241532 0.00257676 0.00636415 0.00501774 0.00128926 -0.0143809 0.0302831 0.0712236 -0.0193953 0.0309489 0.00372421 0.00176833 0.0187311 0.0422307 0.0636962 0.0867866 0.10455 0.0013654 0.00706643 0.00571316 0.048415 0.0717252 0.00944433 0.0486481 0.117743 8.81966e-05 0.00467887 0.0140105 0.0252621 0.000459454
internal_weight=4954.73 4767.81 186.918 561.409 105.662 79.3946 63.5654 9.2457 2.31433 54.3197 30.4203 25.4195 185.962 22.7541 455.747 16.2179 5.79246 3.58387 18.8376 10.7586 8.2434 6.93327 26.2672 4.29824 15.8292 43.8828 2.84482 41.038 39.8688 4.03048 1.86749 1.06592 0.696427 4206.4 1065.18 986.861 3141.22 92.0138 8.67826 5.5757 83.3356 7.39051 930.812 3049.21 69.4055 31.989 23.1544 16.4316 12.9606 2979.81 543.839 527.823 16.0157 12.1162 433.357 17.1415 4.69326 2435.97 768.098 238.072 129.357 530.026
internal_count=83002 62047 20955 21927 3734 2771 2177 511 109 1666 854 699 20850 615 18193 583 198 111 480 264 196 157 963 148 594 4587 281 4306 4251 419 167 97 61 40120 4990 4628 35130 1093 103 60 990 73 4361 34037 941 412 300 207 163 33096 5826 5616 210 155 4544 188 53 27270 8169 2522 1382 5647
is_linear=0
shrinkage=0.05


Tree=57
num_leaves=63
num_cat=0
split_feature=75 160 5 235 195 129 189 102 97 68 164 48 89 83 110 62 174 155 141 148 244 234 166 193 64 23 243 67 234 231 190 33 163 147 167 183 155 156 228 228 207 209 63 171 203 178 146 231 95 161 219 152 234 211 203 116 29 207 195 119 185 83
split_gain=54.7538 11.9186 11.7729 14.8614 11.7226 12.4236 14.6064 17.4895 11.7366 11.0518 10.7375 12.4512 17.8265 12.7008 11.8296 12.1587 11.8514 17.907 11.1681 16.738 11.0631 10.6961 11.8228 10.616 15.0415 13.5882 10.8846 12.8435 12.8936 11.5386 10.3568 10.2485 10.2118 10.1216 10.6683 9.95331 9.85808 9.77853 9.74248 10.0066 11.6136 10.787 9.61576 9.05167 10.8715 11.5259 9.65961 11.288 11.5943 9.61857 9.39382 10.1487 9.00806 9.23386 9.39396 10.6112 9.68676 8.89576 8.8693 9.22389 8.79439 8.73306
threshold=27.12701612903226 -1.6903365129497325 3.9500000000000006 -1.4044749848835463 0.25294680264178465 -1.3105857412977091 0.8749586008987692 348.50000000000006 33.500000000000007 6.7599056956414945 -0.40210747968680333 3.4686274509803927 21.445953924112185 34.269047619047633 1.0000000180025095e-35 0.078344281875186633 1.3493533640877198 -0.76178837812490074 -0.48407882291912846 0.52937049799408298 -0.29722506264354159 -0.78868734248197891 0.25045317369180536 -1.8264019981390551 8.5000000000000018 4.7750000000000012 -0.59369229023287218 0.1622329135418141 -0.46735824427401812 0.04191144290757183 0.067725433238368174 35.750000000000007 -0.035261213598337247 -0.94472515656862355 -0.73029380204230065 -2.1079228664582721 -0.47141608915588817 0.21846596192508519 0.95441347462084569 -0.64958955660495266 1.6111335766808439 0.64104467680681643 6.6290606248706814 1.9098040383058652 1.6327732918126572 0.56749653642013564 0.86477165203277684 0.94914106261966102 0.64495798319327957 2.060023026935033 2.8584433857780911 -1.9410429499229849 -0.87014138321607815 -0.67214499435754582 -0.44422616385451125 2.5000000000000004 112.45000000000002 -0.47869377028245236 -0.57726719748110689 0.99675000000000014 -1.0000000180025095e-35 68.20416666666668
decision_type=2 2 2 2 2 2 2 2 2 2 2 2 2 2 2 2 2 2 2 2 2 2 2 2 2 2 2 2 2 2 2 2 2 2 2 2 2 2 2 2 2 2 2 2 2 2 2 2 2 2 2 2 2 2 2 2 2 2 2 2 2 2
left_child=2 -2 3 -1 8 6 21 31 23 -3 14 12 13 32 15 -10 33 -18 -19 -20 -17 22 36 24 -4 -26 -27 28 -28 -29 61 -8 -12 38 -35 -25 -6 -14 39 -16 41 -41 -37 46 45 50 49 48 -48 60 51 -45 -53 -54 55 56 -55 -23 59 -50 -5 -15
right_child=1 9 4 43 5 -7 7 -9 10 -11 11 -13 37 30 16 20 17 18 19 -21 -22 57 -24 35 25 26 27 29 -30 -31 -32 -33 -34 34 -36 42 -38 -39 -40 40 -42 -43 -44 44 -46 -47 47 -49 58 -51 -52 52 53 54 -56 -57 -58 -59 -60 -61 -62 -63
leaf_value=0.046326558020062858 0.096100350903702544 -0.005210896317422109 -0.015095441281533232 0.063550563217368447 -0.02722557053670456 -0.0063597091640969139 0.005123750744703847 -0.015021059884255228 0.010703736245776377 -0.033760759189892429 0.12932182885222315 -0.012025487164286454 0.1333295605142108 -0.020907218444951359 -0.035885478470771955 -0.00087365794549245073 -0.027187981409045055 0.010821996927592559 0.15068191221465863 -0.014830453101141642 0.13575007716832208 0.041506542618492431 -0.03540153097889677 0.094351321356916817 -0.0077337033862707244 0.0010544769758427713 0.01418564932969938 -0.029346575022534488 0.12438732183189337 0.069231646996146062 -0.039679741258149756 0.16559495674970637 0.0084355118273035934 0.075246297234121171 -0.00990605078993252 -0.0091481313115672324 0.11030438438566673 0.0037634653029887015 -0.040051545977242739 0.037211409409207211 -0.034385949248969989 0.14429726170721136 0.004115293560519556 0.080231740953340569 -0.043143504293392615 0.072359170324228256 -0.023426082342370563 0.022569177369026361 -0.045054621988442373 0.055369971271127118 -0.018528096247590355 -0.028189354517150645 -0.018570467902223154 0.039715771275028261 0.0075144332622462135 0.077433908520364372 -0.043135743809765398 -0.028159503458813673 0.041740088616677211 0.039562616373083559 0.0041279851618831066 0.036680498630879056
leaf_weight=20.606623083353043 1.0153078376315523 45.439148160628974 16.718809758313 5.2750897407531729 1.159313137643039 846.217484860681 1.4456251934170712 2.9293595403432846 11.676247376017274 142.97844384005293 2.2501865513622761 365.07885585539043 3.4360044188797465 10.825967237353327 2.2772409357130536 1.989685404114425 6.080309594981375 4.9228080231696376 5.0137001788243625 1.7528559789061544 3.9727183720096937 5.021197801455858 2.2253718432039022 1.985242131166159 10.907625534571705 7.372797029092907 3.8939608316868535 4.8217613324522954 11.134596161544325 5.1725908890366554 15.139089876785873 3.5001224968582392 4.3196776844561091 2.7764908084645858 136.82735401391983 149.34021142497659 4.9973563561216015 2.3778756679967046 3.0703064026311031 7.0645796004682762 1.8815014613792307 3.7333701550960541 1485.7433282034472 6.2236036360263816 5.8579264283180228 9.4008659571409208 92.194202266633511 22.661895163357258 8.0583076477050799 8.3598005473613721 15.311640202999113 8.6415602415800077 10.152796104550353 12.421387150883669 24.553789503872412 15.603531226515768 3.8258169293403617 18.246060217730701 12.976054415106772 4.0242389142513266 1281.4724607095122 13.872682745568452
leaf_count=104 111 4747 208 24 26 16766 25 56 222 16702 46 6374 42 179 56 51 84 67 72 34 71 84 58 26 111 85 52 58 110 47 243 58 58 39 2138 2220 105 36 62 140 35 67 22732 30 32 47 486 116 43 42 80 44 51 61 125 74 21 386 66 19 6458 190
internal_value=0.000509814 -0.0257788 0.00156209 0.00510934 -0.000178853 -0.00506667 0.0219677 0.0787264 0.00169663 -0.0269659 -0.00424108 -0.00874975 0.0138525 0.00259639 0.00547458 0.0433571 0.0014125 0.0389952 0.0732445 0.110774 0.0958627 0.00571291 0.0510084 0.00383624 0.0243284 0.0396594 0.0555201 0.0707186 0.098812 0.0228745 -0.00837719 0.128281 0.062114 -0.00301178 -0.00765383 0.00306746 0.083523 0.0894003 0.0311871 0.0477178 0.0646242 0.0837524 0.00289597 0.00452752 0.0181669 0.0219686 0.00344767 -0.00897799 -0.0152568 0.00479981 0.0163301 0.0230912 0.0173057 0.0236164 0.0314884 0.0490264 0.0185465 -0.0118283 0.0143528 -0.0156198 0.00442463 0.0114126
internal_weight=4950.23 189.433 4760.79 1567.62 3193.17 885.742 39.5244 7.87511 2307.43 188.418 610.34 417.3 52.2215 46.4076 193.039 17.6387 175.401 17.7697 11.6894 6.76656 5.9624 31.6493 8.38204 1697.09 60.0221 43.3033 32.3957 25.0229 15.0286 9.99435 39.8377 4.94575 6.56986 157.631 139.604 1637.07 6.15667 5.81388 18.027 14.9567 12.6795 10.7979 1635.08 1547.01 111.993 106.135 1435.02 139.915 117.253 1295.11 96.7341 81.4225 75.1989 66.5573 56.4045 31.8507 16.2472 23.2673 25.0586 12.0825 1286.75 24.6986
internal_count=83002 21560 61442 7923 53519 17564 798 139 35955 21449 10306 7168 794 716 3138 344 2794 257 173 106 122 659 189 25649 671 463 352 267 162 105 612 83 104 2537 2177 24978 131 78 360 298 242 207 24952 7819 565 533 7254 730 614 6524 486 406 376 332 281 156 82 470 128 62 6482 369
is_linear=0
shrinkage=0.05


Tree=58
num_leaves=63
num_cat=0
split_feature=75 193 75 32 198 197 5 238 62 170 146 72 158 89 221 79 128 151 188 229 221 193 26 96 63 116 76 235 222 231 32 235 231 229 197 167 68 189 5 234 244 193 198 237 229 62 231 183 168 177 48 213 193 16 59 164 20 102 28 105 234 5
split_gain=50.7541 12.1266 11.4926 11.3506 11.066 14.2831 12.9098 9.29434 10.691 10.4104 15.2515 13.4692 13.8138 13.9887 9.71032 15.624 13.6592 17.389 14.0921 13.0207 9.59157 9.48271 13.0451 9.74708 9.89649 10.6769 12.4922 19.3108 19.3266 21.9029 12.1369 9.74511 10.1061 20.1044 22.4974 10.7393 13.8433 11.5474 9.18087 14.7248 9.68939 8.50053 8.45829 8.21706 9.74479 9.75565 12.4404 8.35314 8.95252 13.176 12.1792 10.2032 9.76242 15.7701 16.7686 15.2947 13.5454 12.6091 15.4289 11.7448 10.9876 10.3896
threshold=28.202564102564107 -0.13849774967046596 8.3417843388960247 59.250000000000007 -0.38064193367465632 0.38972848799225718 43.45000000000001 0.88970464917234404 0.068202225557463955 0.42272033999308706 1.1386996763252522 0.058947629684785313 -0.31162370517923133 7.3589798969126443 -0.28506691488368024 6.1878306878306892 0.85183187481700717 -0.37056459225962962 0.080793351391010973 0.33526408161030596 -0.77225216285125942 -0.92367994026614819 0.21111111111111114 0.11105748605748607 7.1286952335098706 1.0000000180025095e-35 0.15433705782114029 -0.76338628536911435 0.1044490638970593 0.45779816615499985 83.550000000000011 -0.70040370574415689 1.1695642185909729 -0.29869431374504696 -0.44224180666626967 0.85681361058139427 7.5797270165848394 2.166961244494634 20.750000000000004 -1.0404910656185229 -0.30166121831986858 -0.61708414720738103 1.2112137493569859 -1.1978290296045275 0.32500332245473568 0.083143368638336532 -0.10213429103515216 -1.0255419887743598 -0.96362411165943151 1.6592540833830498 2.4083333333333337 -0.51143529103581986 -1.150049067213829 3.5000000000000004 -0.86666666666665637 -0.42817441928883765 0.34259558524264411 440.50000000000006 0.30299998687672841 0.091553482607894712 2.1194391507335184 7.3500000000000005
decision_type=2 2 2 2 2 2 2 2 2 2 2 2 2 2 2 2 2 2 2 2 2 2 2 2 2 2 2 2 2 2 2 2 2 2 2 2 2 2 2 2 2 2 2 2 2 2 2 2 2 2 2 2 2 2 2 2 2 2 2 2 2 2
left_child=2 42 43 4 -4 6 -6 21 -9 14 11 12 -11 -14 16 -16 17 -10 19 -19 -20 22 23 -5 -25 -26 38 -28 29 30 -29 32 35 34 -34 37 -37 -23 40 -40 -27 -18 -2 44 45 -1 -47 -45 50 52 51 -49 53 54 56 57 -50 58 -55 61 -57 -59
right_child=1 -3 3 7 5 -7 -8 8 9 10 -12 -13 13 -15 15 -17 41 18 20 -21 -22 31 -24 24 25 26 27 28 -30 -31 -32 -33 33 -35 -36 36 -38 -39 39 -41 -42 -43 -44 47 -46 46 -48 48 49 -51 -52 -53 -54 55 -56 60 -58 59 -60 -61 -62 -63
leaf_value=-0.010000434093773269 -0.012329892812987166 -0.035712444176397261 -0.021965159390975687 -0.028355390860258036 0.18500987935705621 -0.027175188201484065 -0.018675438392863012 -0.020656272074047036 -0.002194980436635012 0.0037461540751073824 -0.021572179001842971 0.017036624856678489 0.0385259012537316 0.25305922574572493 -0.016411529356708369 0.13053469040142687 0.044608634794317592 -0.036003639330046418 0.0022312108316707236 0.10584959298704787 0.20483780335279178 -0.01152313205372749 -0.026714108022556589 -0.0097934039786658975 -0.023459400194088133 -0.027513876181687619 -0.010923125480379169 0.0074734735386706719 -0.011041431045520425 0.025215841257226097 0.26353515735741273 -0.017644003113582558 0.0067178111734898724 -0.0079097951736508392 0.22693878193870148 -0.026272094264590342 0.16489764013503772 0.092670427169544961 0.097979859520163429 -0.027985802490511955 0.10758031309749841 -0.035323908259575425 0.069929825015422151 -0.01138050254545447 0.058709962635965687 -0.016150038062232877 0.11613745740706266 -0.029752101494819824 0.020721729835288645 -0.0222792132496458 0.0069595354702984618 0.047666004031185955 0.0011122985975890467 0.029656575481594283 0.011769735961877357 -0.022713620395713906 0.1259918719933705 0.09508853759496036 -0.033253464775822625 -0.032903808004785033 0.061711813464179512 0.0047396851032365335
leaf_weight=20.526410898193721 63.313693677075207 111.41319072293118 2.6115758726373315 7.6090418482199302 2.3508489727973934 1.3146512610837815 0.73613856174051751 24.817518685013056 6.1455344706773749 1.6035075867548574 4.1827094620093694 4.703708334825933 1.7195424465462559 1.7617646194994447 35.648783091455698 0.90244945697486301 4.0886849882081142 2.5482429228723067 0.78120691888034377 2.095701358281076 2.6646950067952275 86.442579068243504 19.123367396183312 10.968505565077065 4.3796236971393254 1.2691482119262216 2.8628782257437724 0.63460489735006964 1.6445637596771119 2.2062045047059655 3.1050309156998992 265.15983988437802 2.3724706219509248 7.1767775146290642 1.4997281096875665 1.2487115785479539 1.0600186036899684 1.7412176746875037 1.9682144187390811 9.6193214338272774 3.9479320310056272 8.5796905225142819 2.2823472348973146 110.12305137887597 12.953340969979761 2.7263294346630573 2.9659568555653086 4.1414357833564273 7.6166752316057664 54.981159178540111 312.91511188447475 30.816938128322363 3156.6093468256295 18.399158846586943 362.98526645079255 82.070547262206674 4.9211901016533375 9.437296889722349 18.570780156180263 2.9349520877003661 3.0671099275350562 4.9073234573006621
leaf_count=208 6989 13738 119 254 62 55 48 935 228 54 150 154 65 52 1300 33 115 86 26 43 64 3801 704 356 147 24 134 30 86 98 119 10905 103 309 62 58 39 63 48 297 73 326 228 1167 123 30 30 41 55 636 2775 224 30868 157 2834 831 48 58 207 26 27 77
internal_value=0.000494538 -0.0257177 0.00147369 -0.00534837 0.0536972 0.0952703 0.14253 -0.00622508 0.007263 0.016425 0.0540226 0.0857938 0.135323 0.180452 0.00735967 -0.00927072 0.0296553 0.0616254 0.105565 0.0345377 0.170863 -0.00940863 0.00741963 0.0207842 0.0301237 0.0439919 0.0554532 0.0963469 0.13395 0.170589 0.231882 -0.0126158 0.000509994 0.0435941 0.122109 -0.00511483 0.083299 -0.00839371 0.0257519 -0.000108441 0.0747726 -0.00778387 -0.00838559 0.0023567 0.0248766 0.00643463 0.0590853 0.0021388 0.00250813 0.00178893 0.0101708 0.0377831 0.00215668 0.00853491 0.0138599 -0.00577216 0.0686648 0.0147604 -0.0018563 0.0487425 -0.018933 0.066829
internal_weight=4945.98 177.009 4768.97 545.297 7.01321 4.40164 3.08699 538.284 102.244 77.4262 13.9712 9.78852 5.08481 3.48131 63.455 36.5512 26.9038 14.2354 8.08985 4.64394 3.4459 436.04 69.3384 50.2151 42.606 31.6375 27.2579 10.4533 7.5904 5.94584 3.73964 366.701 101.542 11.049 3.8722 90.4925 2.30873 88.1838 16.8046 11.5875 5.21708 12.6684 65.596 4223.67 39.172 26.2187 5.69229 4184.5 4074.37 3726.5 347.873 34.9584 3671.52 514.91 375.523 139.387 12.5379 54.2495 36.9699 17.2796 85.1377 14.3446
internal_count=83002 20955 62047 21625 284 165 110 21341 3631 2696 475 325 171 117 2221 1333 888 447 219 129 90 17710 2370 1666 1412 1056 909 467 333 247 149 15340 4435 474 165 3961 97 3864 442 345 97 441 7217 40422 391 268 60 40031 38864 35824 3040 265 35188 4320 2937 1383 103 525 364 161 858 135
is_linear=0
shrinkage=0.05


Tree=59
num_leaves=63
num_cat=0
split_feature=75 163 193 6 70 174 222 174 228 151 247 220 144 157 173 88 76 172 141 233 93 186 156 95 221 239 175 62 70 1 232 48 1 244 30 228 215 197 230 75 93 76 128 64 196 150 244 32 110 130 13 144 144 89 95 20 65 6 228 72 207 105
split_gain=47.002 11.8014 11.7352 10.2394 10.1616 12.1849 9.77433 21.47 16.4396 18.9024 13.6593 13.3279 12.7219 9.67059 8.91422 15.3853 16.4259 12.6041 13.2562 12.3701 15.0799 15.1987 8.79381 12.1704 12.5078 8.73371 8.32761 8.25694 10.7573 11.0386 10.7864 8.1902 7.80483 7.76484 10.9973 10.9153 10.638 11.323 11.0984 10.2144 9.4996 9.78787 12.2463 7.64645 8.80134 8.43113 12.438 10.7673 8.8329 9.05243 14.0558 8.82899 9.21705 16.0295 9.37613 8.79367 10.8785 9.75586 10.5603 8.7262 8.06648 8.07194
threshold=28.202564102564107 -1.021576904332097 -0.13849774967046596 1.3736354571277458 9.7607164727495412 -2.0011157588166628 0.30643185464460293 1.317921671183135 -0.4121843712954249 0.048945484461661214 0.965934974105643 -0.27717936375500751 -0.56780428368546987 0.20876586494264002 -1.0575625197588956 19.027214135667148 -0.82145521930633181 1.1465225396804375 1.1228753412018875 0.79685107208182204 0.15054835589125862 -0.89491898200901898 -2.1519572183142794 0.64495798319327957 -0.26396801119884916 0.69538053867371541 0.4718930234091539 0.061999432191739888 8.5108304660619343 7.5000000000000009 -0.51886926023490354 7.4891304347826102 11.500000000000002 -0.31412177022508497 37.234313725490203 -0.074699933742926009 -0.25238583691389677 0.14563547981444822 -0.94962449908279589 3.5208695652173918 0.07014567075436641 -0.95790478714579963 1.3389190567472256 1379.5000000000002 -0.45957247579777477 1.9157430624160774 0.27272678722771743 149.85000000000005 0.38750000000000007 -0.83231928500148389 13.500000000000002 -1.442150536296291 -1.390672114846228 12.779439915119891 0.36931818181818349 0.21254514963880292 0.053346508563899879 0.43773436867695009 0.32677667110191638 0.10208929177371663 1.2167673728914399 0.090880805566555437
decision_type=2 2 2 2 2 2 2 2 2 2 2 2 2 2 2 2 2 2 2 2 2 2 2 2 2 2 2 2 2 2 2 2 2 2 2 2 2 2 2 2 2 2 2 2 2 2 2 2 2 2 2 2 2 2 2 2 2 2 2 2 2 2
left_child=3 -2 27 43 6 13 -5 14 9 10 11 -9 25 -6 15 32 -17 18 19 20 21 -18 23 24 -16 31 -23 28 29 30 -3 -10 -8 34 35 36 37 38 -7 -40 -35 -42 -43 45 -45 51 -47 48 -48 50 -50 55 53 54 -53 57 59 -1 60 -57 61 -59
right_child=1 2 -4 4 5 33 7 8 12 -11 -12 -13 -14 -15 22 16 17 -19 -20 -21 -22 26 -24 -25 -26 -27 -28 -29 -30 -31 -32 -33 -34 40 -36 -37 -38 -39 39 -41 41 42 -44 44 -46 46 47 -49 49 -51 -52 52 -54 -55 -56 56 -58 58 -60 -61 -62 -63
leaf_value=0.036039933584372331 0.096098160994396928 -0.010460613377046561 -0.036484200471705752 0.0014300934521370417 -0.022726863202289636 -0.020874542532813425 -0.034737431710097785 -0.017504192454508048 0.11099252764740741 0 -0.0070779899401981171 0.19230887195863822 -0.015766490661290836 0.15004809996593663 -0.024084785428304827 -0.018674706743388097 0.0025702109162027654 -0.036662699306823109 0.0037247068954306562 0.00037002707328460862 -0.025203971805555187 0.20315688232153095 -0.013705801650682395 -0.025229348096459905 0.16107588111990831 -0.021899627091840478 0.030697957522591648 -0.014031857144453534 -0.029757896050207386 -0.0018992289164965052 0.25078421492987701 -0.011489060697971863 0.03236950565898207 -0.038144399074292734 -0.045757277005361585 -0.014825974664075503 -0.032235185487009509 -0.0055216892103791149 0.011039995732332516 0.19095348939601531 0.066692075553332716 -0.03839406903007514 0.097314510390834663 0.019143035984193525 -0.031113032974676266 0.089496906564968004 0.0049352031365024283 -0.044129895584126951 0.055157664550055323 0.052949877828399154 -0.032256481831698908 0.01552442072206958 0.0049571420254983824 -0.018243243929982403 0.072836606302780632 -0.023035339281873287 -0.03296981014930174 0.016011798524248742 -0.024345229021139558 0.069465749119705794 -0.054059494973717863 -0.039466080841527043
leaf_weight=16.302863374352455 1.0153335230424989 0.38632759358733892 107.00198940373957 2659.0020250212401 0.91968925949185976 0.82092959713191049 18.549558717757467 0.65535859204828728 4.5922665968537348 4.5261036865413189 1.2923016203567383 4.0441782614216191 18.444885913282633 0.95530306175351143 0.95602335501462254 9.4875453673303145 1.5946456575766239 2.3173594856634727 5.0471698809415093 2.5363077828660598 1.1028926679864515 5.1659428337588924 353.36466697230935 2.738048505038023 1.7515731574967492 2.1724053844809532 1.3220163621008394 60.835989673621953 1.6793184983544049 1.1696411012671886 0.47838866990059603 1.4811895927414296 4.6401746962219468 51.795345666818321 6.6189609076827756 8.1967646824195981 1.8041192553937442 2.2079263888299465 1.2285745516419408 2.8790564481168985 3.819609895348548 9.6022383682429755 0.98159703891724426 11.418573126196859 28.661041483283043 4.930745765566825 54.018423371016979 6.3428281098604193 7.0982841700315502 26.546906024217606 9.6243141293525678 13.873810671269895 1192.6378983408213 12.296152509748934 16.084237590432167 4.0560576692223531 43.934602230787277 67.603575006127357 41.068438664078712 4.3337807655334473 4.1184483170509329 6.2526216506957999
leaf_count=67 105 43 13676 42622 24 27 345 27 59 75 25 83 427 19 28 86 31 41 126 47 29 91 7546 68 42 25 24 6762 202 124 43 21 80 1195 185 212 50 46 13 79 33 267 26 58 156 25 274 34 32 131 47 68 6024 60 76 21 223 340 210 21 23 33
internal_value=0.000483355 -0.0250737 -0.0263726 0.00141409 -0.000208344 -0.0165102 0.000277055 -0.00654665 0.0293024 0.0793081 0.130844 0.164235 0.00726384 0.0851345 -0.00987096 0.00933272 0.0334403 0.0592349 0.0740861 0.101315 0.125924 0.147601 -0.0126735 0.0452698 0.105487 0.0554539 0.177476 -0.00923377 0.0546077 0.112753 0.188369 0.0830136 -0.0203199 -0.0195966 0.00461431 0.0257952 0.0612847 0.0865974 0.122679 0.150818 -0.0282988 0.0069598 -0.0180618 0.00471822 -0.016556 0.00528881 0.0186731 0.0144324 0.0187115 0.0352971 0.00558493 0.00425149 0.00578912 0.028499 0.0478152 -0.0058169 -0.0230183 0.000916504 -0.00411213 0.026523 0.00665446 0.0107838
internal_weight=4942.39 172.567 171.552 4769.82 3198.61 91.8301 3106.78 447.783 37.2087 10.5179 5.99184 4.69954 26.6907 1.87499 410.574 51.7636 28.5739 19.0863 16.769 11.7218 9.1855 8.0826 358.81 5.44565 2.7076 8.24586 6.48796 64.5497 3.71368 2.03436 0.864716 6.07346 23.1897 89.9551 23.7563 17.1374 8.94061 7.13649 4.92856 4.10763 66.1988 14.4034 10.5838 1571.2 40.0796 1531.12 108.562 103.631 97.2879 43.2695 16.7226 1422.56 1234.89 42.2542 29.958 187.67 52.3244 135.346 119.043 8.38984 77.9746 73.8562
internal_count=83002 20955 20850 62047 54124 2176 51948 9326 742 210 135 110 532 43 8584 900 475 389 348 222 175 146 7684 138 70 105 115 7174 412 210 86 80 425 2133 612 427 215 165 119 92 1521 326 293 7923 214 7709 543 518 484 210 79 7166 6228 204 144 938 265 673 606 42 396 373
is_linear=0
shrinkage=0.05


Tree=60
num_leaves=63
num_cat=0
split_feature=130 241 14 70 215 64 232 154 65 189 248 39 111 90 6 176 34 67 6 31 249 96 130 219 203 232 178 160 233 75 183 102 116 207 11 66 245 125 245 245 156 231 198 65 208 106 105 63 1 67 231 140 228 6 176 168 96 248 133 188 249 127
split_gain=44.8893 13.0354 13.5617 16.5147 16.1213 14.6303 16.9314 13.6147 11.853 11.5437 11.1404 10.8643 11.8857 10.7419 10.6274 10.5106 10.4333 10.3518 10.1024 10.8323 10.0563 11.4562 9.98649 13.0833 11.0566 9.90099 9.86839 11.3582 10.2702 10.1122 9.85012 9.72356 9.50152 9.32968 10.9459 9.27794 9.80672 9.61913 9.20093 9.10962 9.10158 20.9075 11.6866 15.5499 12.2489 11.4372 9.20545 10.5875 12.7009 9.72273 9.03054 14.3157 11.7839 9.33156 8.93837 9.3237 9.19995 8.93556 9.41201 8.57114 10.7684 8.94003
threshold=-0.014533585383969634 -0.85478700967152388 8.5000000000000018 7.8506978096530338 0.44824093805957171 37.500000000000007 -0.6203732281150327 1.2379267741718969 0.063641927228218556 -0.97509419317583867 -0.95305520290342571 4.5000000000000009 0.95500000000000018 2.5000000000000004 4.9561790463521591 0.94999314317975114 4.5000000000000009 0.19900990099009905 3.0750027876182671 39.750000000000007 -0.47869377028245236 0.11022015105254702 -0.79900811841718367 2.602085213965211e-18 -0.23510990086011366 -0.80889056688766325 -0.40522406186689158 1.490496399014881 -1.0967931802082413 2.5049019607843142 -2.0404708816347843 13.500000000000002 1.5000000000000002 -0.28301261635371361 1.0000000180025095e-35 0.11055632521217 1.9938438074463571 -0.42390130374163187 -0.49602957820967725 -0.73132716391236607 0.5692042146117372 -0.0098074490209342103 0.46535746481025836 0.096787770174866963 1.3568743478343281 6.9436507936507947 0.072271894539806467 7.2044232649071365 8.5000000000000018 0.092293205852527913 -1.6922690210603164 0.36769754006334149 -0.32986661612823959 4.4653330754629659 1.4335100628114656 0.75000000000000011 0.1216515187754126 -0.79529718174194419 -0.65972893825026657 -1.0289053305474134 -0.38616513480362907 0.15585730003983989
decision_type=2 2 2 2 2 2 2 2 2 2 2 2 2 2 2 2 2 2 2 2 2 2 2 2 2 2 2 2 2 2 2 2 2 2 2 2 2 2 2 2 2 2 2 2 2 2 2 2 2 2 2 2 2 2 2 2 2 2 2 2 2 2
left_child=1 2 4 11 -1 6 38 10 9 -6 13 12 15 -7 32 25 -8 18 19 26 21 -19 -17 24 -24 -4 27 28 -3 -29 -20 -13 -2 -15 -35 36 -23 -37 -5 -16 45 -42 44 -44 -43 59 47 48 -47 57 51 -34 -53 -54 55 -12 -56 -48 -59 61 -61 -27
right_child=14 17 3 5 8 7 16 -9 -10 -11 54 31 -14 33 39 22 -18 20 30 -21 -22 35 23 -25 -26 40 -28 29 -30 -31 -32 -33 50 34 -36 37 -38 -39 -40 -41 41 42 43 -45 -46 46 49 -49 -50 -51 -52 52 53 -55 56 -57 -58 58 -60 60 -62 -63
leaf_value=-0.0067914618102409832 -0.027876965101610397 0.058332146250504882 -0.018875533751881578 0.0020990233355228276 0.16804395383176834 -0.029809739413981726 0.052498321359664923 0.068232012897790614 0.010754279852350992 0.032979845521570468 -0.027557868553190753 0.065192027919816375 -0.0080879440107998381 -0.0050309030192442266 0.073060755752489187 -0.0096984194533452639 -0.01491112744465338 -0.039093942485047661 0.10629386095307861 -0.023629004904404349 -0.023197807079100342 -0.03740324209134991 0.10932205510326938 -0.0067734353302651706 0.0058286687607321279 -0.043254514390218671 0.0023327841029860278 0.077863415234778688 -0.017152217348846616 -0.020548993473178009 -0.0086799541625734115 -0.0068137235274935261 -0.0070260402969780341 -0.0034203410771073265 0.13095572932670424 0.076742078472246525 0.062764687604598524 0.011999944012531884 0.14596731079379108 -0.037426066053325366 -0.00078073917109835642 0.11334910000213072 -0.024423597469512202 0.09322302334824506 -0.017340254940579915 0.073183937752516789 -0.042713539325507165 0.013832666472771657 0.0077262912912925089 -0.01375016436208501 -0.0083412391159934773 -0.016148873082999084 0.25508897363418281 -0.0079870677131165784 -0.013685650547621575 0.0086562539188568266 0.11257727933101834 0.029603375876707378 -0.02451485587307075 0.016521705213431163 0.076137780637856922 0.032381992178425544
leaf_weight=246.25041099218652 72.347504285164177 3.6758650280535212 16.230896567925811 1.6605027508921919 1.8470445564016698 4.7502356208860865 7.9162673037499216 4.3574342322535804 18.107547547668219 5.3947973437607315 94.37334118084982 3.9973336793482295 39.197994717396796 3.7748237201012662 0.98801065236329932 4.903825361281636 15.101322955917565 10.490160388872026 0.87279833201318879 41.681952787563205 89.659948107786477 10.364967140369115 11.810667488723995 4.4223306812345973 3.5085876304656258 4.8241351665928951 3046.3536540530622 5.5389586836099607 132.86872928030789 3.6659175138920546 312.14152028877288 73.974534535780549 3.6408001370728007 2.0239389557391396 3.8733829632401466 8.0086563164368254 2.1288562044501296 17.781794900074605 3.1174952043220427 72.938984136097133 16.90255278442055 12.996070686727764 6.0960680125281197 3.7104631084948778 1.7023078771308053 17.707740676589314 5.0821431735530487 117.96702688140795 13.008799735456703 52.025281083770096 150.12541803531349 0.60734091140329838 0.61976533289998748 0.30599840683862567 2.640119479969143 21.104052811395377 1.6369755966588853 48.876214800402522 8.6879497165791673 13.449167507700617 19.611918142065409 10.836854716762899
leaf_count=2922 5069 39 168 36 16 73 69 62 203 61 1371 38 449 54 142 29 255 82 25 490 1004 120 107 53 47 53 29022 36 1373 56 12201 861 258 31 48 76 12 159 35 10812 198 158 66 28 24 165 58 1232 135 489 10896 43 32 37 39 280 21 453 160 126 177 101
internal_value=0.000156644 0.00137552 0.00659638 0.0103762 -0.00282236 -0.00327096 0.0291574 -0.00997556 0.0343392 0.0842443 -0.0130383 0.0148212 0.0179064 0.0270658 -0.0185016 0.0205167 0.00928487 2.76389e-05 0.000554195 0.00138654 -0.0133345 0.0047981 0.0517746 0.067017 0.0877349 0.0182855 0.00172205 -0.0109379 -0.0146745 0.0400069 -0.00800596 -0.00228017 -0.0130161 0.0556432 0.0903038 0.0176411 -0.0165783 0.0344049 0.105851 -0.0349273 0.0200543 0.0420072 0.0705902 0.0241347 0.0977543 0.0170007 0.0127597 0.0209306 0.0467372 0.00203256 -0.00592698 0.0533196 0.144801 0.206543 -0.0180938 -0.0208791 0.0458673 0.0152282 0.021071 0.0391064 0.05323 0.00758543
internal_weight=4936.27 4634.69 949.461 677.861 271.6 166.33 27.7956 138.534 25.3494 7.24184 134.177 511.531 433.559 14.4224 301.574 394.361 23.0176 3685.23 3546.8 3233.79 138.434 48.7744 24.6454 19.7416 15.3193 369.716 3192.1 145.749 136.545 9.20488 313.014 77.9719 227.647 9.67215 5.89732 38.2843 12.4938 25.7905 4.778 73.927 353.485 41.4075 24.5049 9.80653 14.6984 312.077 263.355 148.684 30.7165 114.672 155.299 5.1739 1.5331 0.925764 119.754 115.477 4.2771 62.6463 57.5642 48.7221 33.0611 15.661
internal_count=82935 55646 10951 7749 3202 2374 395 1979 280 77 1917 5375 4476 206 27289 4027 324 44695 43242 31016 1453 449 236 207 154 3791 30526 1504 1412 92 12226 899 16335 133 79 367 132 235 71 10954 3623 474 276 94 182 3149 2692 1532 300 1160 11266 370 112 69 1711 1651 60 671 613 457 303 154
is_linear=0
shrinkage=0.05


Tree=61
num_leaves=63
num_cat=0
split_feature=200 241 5 48 7 67 191 198 242 5 141 197 246 156 1 104 228 249 96 232 228 104 71 99 1 233 70 64 232 16 87 204 174 75 103 197 75 228 245 189 233 95 79 115 89 176 235 30 114 69 243 155 188 134 248 90 245 115 248 176 68 191
split_gain=41.1573 11.8681 10.4181 9.67118 10.9696 9.42534 9.57057 12.2 16.179 10.0432 11.9177 16.2088 9.9519 9.9436 13.2173 9.40177 9.34895 9.30765 10.5611 9.2625 11.983 13.9575 9.05422 8.95111 8.83747 11.8292 8.75825 16.0336 16.2948 11.5868 14.498 12.6686 16.3005 15.4667 12.4132 11.6477 11.5237 11.2036 11.1843 10.7429 10.6764 12.7119 10.1995 11.2612 10.1395 10.9044 9.97705 12.456 9.93359 9.87939 9.87789 10.2797 9.60266 10.0465 9.55858 13.1731 9.42041 10.7915 15.0633 10.5293 10.0543 10.4259
threshold=-0.014450225632989465 -0.85478700967152388 191.35000000000005 15.41666666666667 10.500000000000002 0.19900990099009905 1.655625621407756 1.2607117055691328 2.9840458438900757 25.250000000000004 -0.96787854007802576 -1.0656891391019896 -0.32478054967508557 -0.38889523856009078 7.5000000000000009 0.25245098039215691 0.49309058352451723 -0.47869377028245236 0.11022015105254702 -0.7577417356656021 1.3930184284122165 0.13054402447017702 10.500000000000002 9.5000000000000018 11.500000000000002 -0.62317377906688398 7.8506978096530338 37.500000000000007 -0.6203732281150327 2.5000000000000004 1.3860020516288365 -0.24501795030588122 0.1800644145820666 12.127016129032262 0.081305663830124761 -0.78894204186067773 3.4023809523809532 -0.35115951498136178 -0.47190052808511179 -0.46369565808243579 -0.26761649651624853 0.2071428571428591 0.31273148148148155 0.33166666666666672 -1.4102670402450743 -0.47553647182402642 -0.80397274872831048 38.178174603174618 0.38750000000000007 0.071078018620540348 0.13803959804138896 -0.45632011950571955 -0.15741818050562473 -0.73728441865473582 -0.92503673372676609 2.5000000000000004 -0.46512816043563632 0.4200000000000001 -0.24626781251816646 2.0441533575979762 9.3222681359045012 -1.0396926045641905
decision_type=2 2 2 2 2 2 2 2 2 2 2 2 2 2 2 2 2 2 2 2 2 2 2 2 2 2 2 2 2 2 2 2 2 2 2 2 2 2 2 2 2 2 2 2 2 2 2 2 2 2 2 2 2 2 2 2 2 2 2 2 2 2
left_child=1 26 3 -2 -5 6 9 8 13 -3 11 -11 -9 14 -8 -15 -12 18 -7 20 -18 -22 -14 -20 -13 -26 29 28 38 34 31 32 36 42 -1 37 46 -33 -28 -36 41 -41 43 -34 -44 -46 -31 -48 52 -35 -37 -52 53 -30 55 -29 59 58 60 -32 61 -58
right_child=2 5 -4 4 -6 17 7 12 -10 10 16 24 22 15 -16 -17 19 -19 23 -21 21 -23 -24 -25 25 -27 27 54 48 30 56 35 33 49 39 50 -38 -39 -40 40 -42 -43 44 -45 45 -47 47 -49 -50 -51 51 -53 -54 -55 -56 -57 57 -59 -60 -61 -62 -63
leaf_value=0.035700300027025587 -0.01478627735118805 0.00062184134217736634 -0.040190152641449317 0.16611400260322248 -0.02284506403620179 -0.03806409577546184 0.043676698385388131 -0.024258147694514048 0.10467319722083508 0.16806250032966341 -0.018739606999521922 -0.019529614428407456 -0.024826179345327992 -0.0094685689187167226 -0.0088093897634891564 0.08358618615006097 -0.0021471641221144804 -0.0223909677000215 0.026055342089507962 -0.0002374371934802483 0.24356003233035298 -0.015584550533082071 0.051069254746433618 -0.041554885837707362 0.16389868109916403 -0.011554725068105653 0.0020758566064607905 -0.034355283394578398 0.081822679958966263 0.08659904475929675 -0.012422984859672304 0.10324659255513156 0.10873071183493782 0.00098690341975151015 -0.02605514907274082 -0.01384446929749689 -0.016451114864454251 0.0035446303743407966 0.13268490526598828 -0.020596946721119253 -0.0022392943011153312 0.088538082322660444 0 -0.004073334033246767 -0.022466419257625405 0.094937288307567702 0.034755457112051295 -0.026353105992207772 0.073669454063348211 0.21329344652194734 -0.02810475061869764 0.061902846575560583 -0.029593098916047098 -0.0099134239173242922 -0.014123789757587341 0.05172775217888629 -0.023065831595811256 -0.012674672007812743 -0.0051034776000831563 0.070939311827791507 0.076029678108245929 0.021004430842753191
leaf_weight=73.149304219987243 250.42588283028454 3132.7575445044786 43.981743230484426 0.59332026587799092 1.0063799708150325 10.268040861934422 26.046144849620759 5.5987857449799767 2.9212478026747695 1.0213385000824917 162.37091306131333 6.9525594338774663 3.7234942838549605 100.40768680907786 20.804022868163884 1.7864807490259398 2.1562742483802135 88.337212683167309 33.788559378124774 42.059592702891678 0.51228196080774047 0.568341507576406 34.71478215046227 4.7299000956118098 0.83643942512571845 1.6612257240340111 2.5418052962049842 5.7752509815618422 4.2775890985503793 5.3559051118791094 128.95351296523586 4.2539676874876022 8.2534753754734975 0.78107330482453052 18.494018863886595 56.963397486135364 20.632945218123496 6.4723485149443132 4.2629074044525614 3.2354089915752438 18.471465101465583 8.0088572995737177 15.992759959772227 2.7048158794641486 2.1772217284888029 6.2848889641463774 28.674718175083399 10.668469302356241 3.953070410527288 1.4307149257510898 3.923491987399756 8.6700275288894755 14.317463602870703 6.2501233136281407 143.91568400152028 12.26768557820469 13.923779348842798 62.289838457480073 96.871463419869542 2.9016572022810569 6.7046801056712857 138.21422567218542
leaf_count=692 19977 31617 7156 42 112 82 258 50 29 27 7279 259 28 1116 211 15 87 1005 314 1896 18 25 236 53 25 67 51 87 61 40 2373 61 71 26 169 706 436 99 39 40 154 80 163 27 28 63 210 78 36 42 39 92 209 83 2079 166 108 501 736 46 48 1012
internal_value=0.000158846 0.00131554 -0.0178839 -0.0138279 0.0822545 2.76142e-05 0.000527831 0.0112383 0.00439564 -0.000100324 -0.0104499 0.0391961 0.0341183 0.00171237 0.0205685 -0.00699918 -0.0131531 -0.0127851 0.00460797 0.00673676 0.0772057 0.162879 0.0431474 0.0167851 0.0100409 0.0758335 0.00628893 -0.00305197 0.0268342 0.00874235 0.00599821 0.0178141 0.0293428 0.0551974 0.022851 0.00278898 0.0137699 0.0489447 0.0910553 0.00292358 0.0213828 0.0576099 0.0439891 0.0824571 0.023993 0.06502 0.027884 0.0178186 0.00894521 0.163527 -0.00485061 0.0334887 -0.00361144 0.0307913 -0.00977682 0.0235542 0.00114532 0.00581186 0.0103663 -0.0100307 0.0198049 0.0168142
internal_weight=4932.05 4636.04 296.007 252.026 1.5997 3684.02 3546.9 196.003 151.966 3350.9 218.139 10.4716 44.0371 149.044 46.8502 102.194 207.667 137.124 48.7865 45.2965 3.2369 1.08062 38.4383 38.5185 9.45022 2.49767 952.02 197.562 35.603 754.458 633.099 183.24 102.957 37.625 121.359 80.2832 65.332 10.7263 6.80471 48.2098 29.7157 11.2443 35.4132 10.9583 24.4549 8.46211 44.6991 39.3432 28.7982 2.21179 69.5569 12.5935 24.8452 10.5277 161.959 18.0429 449.859 318.004 255.714 131.855 158.843 152.138
internal_count=82935 55648 27287 20131 154 44697 43243 1943 1629 41300 9683 378 314 1600 469 1131 9305 1454 449 2026 130 43 264 367 351 92 10951 2811 479 8140 7005 2181 1184 420 1135 997 764 160 90 443 274 120 352 98 254 91 328 288 389 68 837 131 353 144 2332 253 4824 2405 1904 2419 1168 1120
is_linear=0
shrinkage=0.05


Tree=62
num_leaves=63
num_cat=0
split_feature=130 241 14 215 190 5 62 217 83 249 48 7 3 67 211 249 96 191 125 5 1 222 198 228 186 212 99 177 69 130 131 3 231 118 209 204 51 249 105 104 235 127 56 217 215 87 143 54 234 188 96 169 168 238 102 192 65 152 246 227 175 239
split_gain=37.8128 10.8004 11.7392 14.5805 12.3577 10.1503 9.96796 9.35579 15.5778 9.1005 9.05484 9.7116 9.00786 8.9882 9.92323 8.9526 9.60463 9.6617 9.27882 8.94099 9.0963 14.5826 18.5025 16.3804 16.1442 12.874 11.4 11.1287 13.0937 10.7853 12.875 16.6858 12.5915 14.8716 13.1821 11.0087 10.4093 10.3132 21.8167 14.9346 11.1319 10.3 10.5921 10.0651 12.8543 10.0107 9.83308 9.53401 9.34866 10.3813 9.32248 9.09299 9.39296 11.5454 12.1614 10.3554 8.98021 10.393 11.179 11.0216 9.93383 10.0606
threshold=-0.014533585383969634 -0.85478700967152388 8.5000000000000018 0.44824093805957171 -0.81843438628761089 191.35000000000005 0.06798106288593149 -0.98001869487599724 73.104166666666686 -0.27230567001251943 15.41666666666667 10.500000000000002 567.00000000000011 0.19900990099009905 -2.499426635658315 -0.52284864661676844 0.11105748605748607 0.96177577788975088 -0.21462055945160174 3.1500000000000008 8.5000000000000018 -0.083588850879425539 -1.2876107983774672 -0.4601561415441518 0.38414734883682361 0.36637107325320195 11.500000000000002 -0.26273006582979269 0.066755793226381477 -0.53819552078252497 -0.14253546923824265 501.00000000000006 -0.55598400853599217 0.26969696969696971 0.013089334848474394 -0.63346835994774453 2.5000000000000004 1.6676816891512714 0.078791390147125953 0.10418570993296772 1.1269384226257042 0.94261516761918751 3.3950000000000005 0.93256581227902513 0.29356848121089824 51.265204353246396 1.7494746321952064 2.5000000000000004 2.3239821041139361 -0.57634788952751759 0.12323928138432715 -0.36904383343412717 0.42189517178036001 -0.088371388461994729 50.500000000000007 -0.38337546965944436 0.062967627577199384 1.2090959811584747 2.4117239021649097 -0.74828975216179638 0.26769186755781443 0.20616879913624644
decision_type=2 2 2 2 2 2 2 2 2 2 2 2 2 2 2 2 2 2 2 2 2 2 2 2 2 2 2 2 2 2 2 2 2 2 2 2 2 2 2 2 2 2 2 2 2 2 2 2 2 2 2 2 2 2 2 2 2 2 2 2 2 2
left_child=1 2 3 -1 9 10 -6 8 -4 -5 -2 -12 13 14 -3 16 -15 -18 -19 -16 26 22 23 -22 25 -25 37 -23 45 32 31 -31 33 34 -28 -36 47 -21 46 40 41 42 43 44 50 -29 51 56 -30 -50 -40 52 53 -39 -55 -56 -24 58 -58 -59 -60 -62
right_child=5 12 7 4 6 -7 -8 -9 -10 -11 11 -13 -14 15 19 -17 17 18 -20 20 21 27 36 24 -26 -27 29 28 48 30 -32 -33 -34 -35 35 -37 -38 38 39 -41 -42 -43 -44 -45 -46 -47 -48 -49 49 -51 -52 -53 -54 54 55 -57 57 59 60 -61 61 -63
leaf_value=-0.006601918023022138 -0.014259523456565684 0.060995385254686063 0.0090991218509420529 0.1403472739815457 0.069595791868464735 -0.039777664591382267 -0.0066344564755278397 0.0084495428821231532 0.10192482385469336 0.0060743837686901359 0.15298705228026266 -0.022528645436081015 0.064493323363678343 -0.033725499357842074 0.0049163391704150679 -0.021098884878645325 -0.0080729032982109102 0.094514265603467984 0.015797829881659019 -0.00044737996258280386 -0.030956544232017616 -0.022347985967780291 0.011156532014818608 0.14675154827297002 -0.014597297119692083 0.011248632350820258 0.006073687630626691 -0.015591183334495147 -0.0010152539246666144 0.12750047363928216 0.010603799352997371 -0.031620728990910195 -0.010255878745976513 -0.011411134392638082 0.0087945695282104705 0.15407508325638516 0.081543671190599992 -0.0025396964935524096 0.19259349668344727 -0.0071392238147265745 -0.0045040081925302004 -0.012523145637658049 -0.0092463575014075979 0.0025574117331121503 0.014098616197711087 0.076968850071181746 0.077334626863390321 0.030819864248452202 -0.029203886281688848 0.07532555823003774 0.026620381917487224 -0.028641031648507138 -0.019923885517880737 -0.01300758550232959 0.0085038566654464329 0.18932590166536523 -0.011470242339429811 -0.037686603199137803 -0.0036688249374038731 0.073973954888288812 0.12340017831516588 -0.0057521198745343494
leaf_weight=245.24074029922485 246.91624901304021 5.7497072494588783 12.953045185189696 2.9454398956149817 4.7412127163261202 42.269830635748804 16.040802166797221 663.72745749168098 6.2542862296104422 2.1125965481624034 0.69512836448848137 0.98410104820504785 4.4119093902409068 10.078484442085026 810.19090193510056 94.317029756493866 15.253308173269035 5.3274540808051851 10.928503943607209 1481.9666638048366 3.6219476703554383 124.13749879319221 93.225271828472614 6.3258336400613171 2.9685631366446605 2.6453820252791047 4.5521764177829045 249.2367458990775 333.2757152565755 6.6323479320853966 9.3113038330338878 1.6031231544911859 31.593382683582604 7.8106564395129672 1.9857151210308082 4.4001567801460615 2.9612007047981015 5.790375750977546 6.4101592521183246 6.3805597359314552 3.0380279142409554 1.6096449522301544 1.4035325972363342 1.5549103189259756 1.8860139702446757 1.9635382294654835 2.6635355586186042 22.590609746053815 2.6509380033239722 7.0958603373728675 1.438472833484411 23.184203409589827 8.897665427066384 1.5755389770492927 1.2812504954636099 2.0605792552232742 232.77416473207995 2.335683511570096 7.3693467229604703 6.5649057654663903 3.368107988499105 2.0631261672824621
leaf_count=2922 19979 76 182 28 50 7156 177 7495 72 25 42 112 37 80 3787 1083 153 47 89 20673 66 2150 1258 81 53 34 54 4304 4872 95 336 26 340 86 18 46 35 109 96 102 41 30 25 22 36 25 30 285 27 69 29 407 150 25 18 40 2965 40 89 98 35 23
internal_value=0.000163646 0.00126323 0.00600145 -0.00278048 0.0321962 -0.0172912 0.0129239 0.00949359 0.0431206 0.0953508 -0.0133037 0.078244 3.30476e-05 -6.04238e-05 0.000423957 -0.0126324 0.00649577 0.0201563 0.045867 0.000306847 -0.0010625 -0.00455398 0.00323108 0.0549504 0.0817752 0.112432 0.00132341 -0.00877325 -0.00589621 0.0212277 0.0539261 0.0959145 0.00890491 0.0403303 0.0755576 0.116884 0.000920359 0.000435919 0.0191673 0.0569751 0.0799417 0.0973277 0.111521 0.126472 0.143717 -0.0145455 -0.00125811 4.42669e-05 0.000447148 0.0463583 0.169186 -0.0079188 0.0165442 0.046388 0.0955399 0.139076 -0.00202358 -0.00689636 -0.00890499 0.0433202 0.0348319 0.0802965
internal_weight=4927.34 4636.48 954.016 271.081 25.8401 290.865 20.782 682.935 19.2073 5.05804 248.595 1.67923 3682.46 3678.05 3542.15 135.905 41.5878 31.5093 16.256 3536.4 2726.2 1107.17 388.814 15.5617 11.9398 8.97122 1619.03 718.36 594.223 67.8889 17.5468 8.23547 50.3421 18.7487 10.938 6.38587 373.252 1551.14 69.1745 23.7213 17.3408 14.3027 12.6931 11.2896 9.73465 251.2 45.4531 370.291 343.023 9.7468 7.84863 42.7896 19.6054 10.7077 4.91737 3.34183 347.701 254.475 245.575 8.90059 12.8006 5.43123
internal_count=82935 55646 10951 3202 280 27289 227 7749 254 53 20133 154 44695 44658 43206 1452 369 289 136 43130 39343 16509 5062 234 168 115 22834 11447 9297 1001 457 121 544 204 118 64 4828 21833 1160 381 279 238 208 183 161 4329 779 4793 4968 96 125 749 342 192 83 58 4508 3250 3112 138 147 58
is_linear=0
shrinkage=0.05


Tree=63
num_leaves=63
num_cat=0
split_feature=5 75 195 64 148 64 5 229 71 182 73 148 93 244 27 239 209 96 238 242 12 232 172 172 62 227 206 198 158 62 0 67 195 233 211 30 60 190 87 236 61 104 4 231 212 67 5 162 65 158 56 155 170 144 215 194 150 35 216 235 229 102
split_gain=34.7722 12.1688 15.1333 12.8098 13.3656 11.1407 12.2323 15.7679 21.5614 17.1949 12.889 11.4064 9.71811 10.122 9.4768 9.63984 19.3298 16.5867 12.4858 13.1168 17.2386 10.1884 10.1452 14.7728 12.6267 15.3615 10.9055 13.9426 13.8617 9.43903 16.1183 12.5249 15.6865 11.9667 9.4212 8.93075 10.1056 13.1167 8.93055 10.0329 8.48223 8.43709 8.29606 8.22785 7.91105 7.87867 8.52323 9.27886 9.90111 9.22579 10.7443 9.11379 8.88896 8.70467 15.058 8.74169 15.2941 11.1536 10.3541 10.79 11.8836 10.2028
threshold=65.250000000000014 8.459729729729732 -0.24215762362289089 7.5000000000000009 -0.15043880201494772 676.50000000000011 41.250000000000007 -0.036358053895411226 75.500000000000014 -0.47475890447225327 0.27255040679165193 -1.074607106842657 0.081187215562215573 -0.28330107470995597 5.2111111111111121 -1.1411338787184728 0.026075708425616816 0.11584188718335062 0.096301507519647139 -0.57302301764457708 1.0000000180025095e-35 -0.3564638680017162 -0.011684777920930414 0.39653084142500622 0.070685059505135761 1.280099430901166 1.438647022940146 -0.10003406732312463 -0.45499062053946843 0.061999432191739888 3.5000000000000004 0.065703858185610017 0.68773941576672071 -0.7305474459936282 -0.13838427593454031 34.551470588235311 1.3500000000000003 -0.60685402676246702 -9.2781425832664421 0.9543058563505934 6.7064490603363014 0.076800633412509908 13.500000000000002 0.11166368191870364 0.39827317876146839 0.19900990099009905 2.5500000000000003 -1.1521087502248413 0.15801713586291313 -0.71953169314968635 1.7500000000000002 -1.5575472648661368 -0.40896076783160712 -0.39172269913532271 -1.3608030263398712 1.205429390494134 -0.88494087404336919 566.50000000000011 -0.43819168775954581 -0.53090691778200705 -0.10123300172784237 842.50000000000011
decision_type=2 2 2 2 2 2 2 2 2 2 2 2 2 2 2 2 2 2 2 2 2 2 2 2 2 2 2 2 2 2 2 2 2 2 2 2 2 2 2 2 2 2 2 2 2 2 2 2 2 2 2 2 2 2 2 2 2 2 2 2 2 2
left_child=1 45 3 4 -3 -4 11 -8 9 -9 34 -7 13 -6 42 16 -16 -18 40 20 -20 -22 26 24 -24 38 35 28 -28 30 31 -2 33 -33 -11 43 -37 -38 -26 -40 41 -17 -5 -21 -19 46 47 -1 49 50 51 -49 -52 54 -48 57 61 -56 -59 60 -60 -57
right_child=29 2 5 14 12 6 7 8 -10 10 -12 -13 -14 -15 15 18 17 44 19 22 21 -23 23 -25 25 -27 27 -29 -30 -31 -32 32 -34 -35 -36 36 37 -39 39 -41 -42 -43 -44 -45 -46 -47 53 48 -50 -51 52 -53 -54 -55 55 56 -58 58 59 -61 -62 -63
leaf_value=0.041756452791916969 -0.0083497223933681492 -0.025949931870307964 -0.016938239520281517 -0.024488837198668966 0.17177115757173844 0.10160560831771259 -0.01048378999030912 -0.017313092917998835 -0.014147199985858528 0.035421682981411198 -0.0098658399655828285 -0.01618634178806894 -0.011640928483183863 0.032506624032176072 -0.0097934560264867528 0.10802679180199425 -0.020472013583863108 0.25507553116241216 -0.0062443902185451081 0.11414972435047853 0.21911452690576635 0.0021599228504621216 -0.0025224431972274055 -0.0106003882505743 0.003806659103666152 -0.022612156053260585 -0.020496498340167299 -0.018731977173501033 0.18868661831796263 -0.02482783011566865 -0.022632446446377633 -0.0087062316018159929 -0.017357398591331386 0.2818179559350158 0.32627233340069695 -0.016579418494664513 0.12233334239082719 0.0024760842721573318 0.25174307834550114 0.022787375919112385 -0.01769480762697186 -0.027463605410954668 0.073014034181589013 -0.024876398072795427 0.010542021588680041 -0.0090526145426172554 0.079778858155444388 -0.033618211142989657 0.038941299386957541 0.001469083492478495 -0.011351202515091219 0.011469378617380309 0.042259287984682786 0.0037385227154328976 -0.00050998844675619384 0.0046464898227743965 -0.01106179725658922 0.074695479185657596 -0.01950669314096418 -0.012761605631419735 0.12444918628859614 0.12148561179089751
leaf_weight=18.396214589476585 1.5062370346859082 3.0520711988210678 265.51793787255883 41.043520619161427 2.7540981350466605 1.2578057441860497 4.0958469472825527 0.6650393335148691 1.8840341698378322 0.68056084122508798 0.36317447572946537 21.686359344050288 1.6452474780380724 3.0529365083202706 3.9463114440441123 1.7873811200261109 0.81810697913169894 1.1061788657680152 2.3847394604235879 1.9773875232785934 1.3769049923866989 0.78766911942511786 2.1835367996245605 5.2097657276317477 0.74321375787258182 0.93422873411327589 0.81314071454107795 2.2243331065401426 1.6746802693232892 161.3761806753464 6.3947726897895336 0.32862877519801248 0.67684429511427868 0.79166923090815533 1.1085643842816337 51.303179122507572 2.1279572602361432 8.9432393452152592 1.9346595518290999 0.88989550154656161 59.078346139751375 1.3148720273748038 1.3228615168482054 1.1073182020336387 0.55085483007132996 158.57801412791014 4.7087395898997775 11.792507246136664 21.749252244830132 431.36439922451973 8.6728691905736905 88.71001048386097 45.28755110502243 1774.6031106226146 1353.9313449095935 4.2384736984968177 294.8107924181968 8.28681110404432 1.9254968538880346 14.193943794816729 2.5332918446511075 2.612602137029171
leaf_count=79 200 91 11015 1451 68 36 258 41 120 35 24 735 59 89 163 59 32 41 74 56 42 29 82 175 30 30 28 80 46 21176 850 43 94 83 58 1835 66 291 43 19 2262 43 33 37 19 1398 39 55 94 1913 40 392 200 20275 13403 36 2559 81 24 156 27 23
internal_value=0.000167157 0.000967554 -0.00635731 0.00395595 0.0552529 -0.0135827 0.0139942 0.060833 0.114782 0.183431 0.23286 -0.00554638 0.0882365 0.114821 0.000939126 0.00669892 0.0623762 0.148588 0.00386237 0.0160828 0.0907392 0.167377 0.0108415 0.0516381 0.0958573 0.136268 0.00322712 0.0695211 0.132608 -0.021912 0.0239259 0.0995323 0.162398 0.230325 0.269796 -0.00244417 -0.00709881 0.0341535 0.174808 0.205735 -0.0130663 0.0566852 -0.0197156 0.0691471 0.210228 0.00184173 0.00226768 0.00763369 0.00652539 0.0052491 0.0156959 0.00585066 0.0335019 0.00129403 -0.00127476 -0.00155182 -0.00924788 0.000131295 0.0314047 0.0090954 0.0691817 0.0596376
internal_weight=4922.82 4751.74 505.348 208.089 10.5044 297.259 31.7414 8.79722 4.70137 2.81734 2.1523 22.9442 7.45228 5.80703 197.584 155.218 6.42145 2.47514 148.796 86.6158 4.54931 2.16457 82.0665 11.8953 6.68553 4.502 70.1712 4.71215 2.48782 171.074 9.69815 3.30338 1.79714 1.1203 1.78913 65.4591 62.3744 11.0712 3.56777 2.82456 62.1806 3.10225 42.3664 3.08471 1.65703 4246.4 4087.82 625.973 607.577 585.827 154.463 100.503 53.9604 3461.84 1687.24 1682.53 301.662 1380.87 26.9395 18.6527 4.45879 6.85108
internal_count=82935 60489 19695 7373 307 12322 1307 536 278 158 117 771 216 157 7066 5582 255 92 5327 2963 145 71 2818 379 204 122 2439 154 74 22446 1270 420 220 126 93 2285 2192 357 92 62 2364 102 1484 93 60 40794 39396 2773 2694 2600 687 447 240 36623 16348 16309 2618 13691 288 207 51 59
is_linear=0
shrinkage=0.05


Tree=64
num_leaves=63
num_cat=0
split_feature=130 195 241 195 14 193 239 190 178 217 213 164 189 69 164 102 133 67 115 205 66 192 217 10 240 202 159 234 175 243 159 65 75 174 103 234 144 133 246 153 173 164 166 111 115 217 249 75 33 133 133 182 228 133 211 209 24 211 120 232 174 195
split_gain=32.1744 9.9478 9.71699 11.3679 15.884 10.6955 11.814 10.0949 9.70015 9.48206 18.468 12.0702 11.9902 10.7669 12.3788 10.7562 10.5181 10.2004 9.98972 9.81949 9.73646 10.9878 9.42635 11.2477 9.13411 11.4117 8.90285 11.2628 10.4224 10.8 9.37934 9.76428 10.2646 8.83473 8.84173 8.64798 10.245 9.39266 9.96598 9.04775 9.26691 8.3489 8.42948 8.30561 8.20034 8.04952 7.99119 7.97 9.75296 9.38208 8.8817 8.54578 7.73298 13.4981 8.4005 7.66691 13.2803 7.64484 8.37826 8.23199 7.5783 9.59851
threshold=-0.014533585383969634 0.75919554873803818 -0.85478700967152388 0.25294680264178465 8.5000000000000018 2.0962069169711568 0.38264379762661099 -1.4590740196538849 1.4342743312012722 -0.47137282133071773 -0.52043118757012707 -0.54001524395425948 0.70837472999624163 0.069635997229044663 -1.236054541207986 1305.5000000000002 -0.47869377028245236 0.16509307918410979 0.48285714285714282 -0.33846273440073577 0.05560709132137704 -0.38337546965944436 -1.0284970408262075 1750.0000000000002 -0.53182288299571978 0.22911342467030835 -1.2234822907267204 -0.74946543094704865 -0.12645670100274573 -0.60649355747182165 -0.65821462982908441 0.10003013863773359 8.459729729729732 -1.0000000180025095e-35 0.070171662475172022 -1.4907880397936644 0.43097506393119633 0.87994372988590541 -1.0000000180025095e-35 -1.2233376001889666 -1.0484175233569479 -0.24217973984824143 1.2982681729729317 0.95500000000000018 0.21125000000000008 -0.71816836117153204 -0.26273006582979269 12.337121212121213 36.350000000000001 -0.32478054967508557 1.1227701558630681 -0.93192694732603265 1.4464533317444872 -1.0352723011570928 0.35810496797554059 -0.1954574024752567 0.40910050733580156 -2.499426635658315 0.0017500000000000003 -0.51924836536759711 -0.27758230071089823 -0.35811926243232978
decision_type=2 2 2 2 2 2 2 2 2 2 2 2 2 2 2 2 2 2 2 2 2 2 2 2 2 2 2 2 2 2 2 2 2 2 2 2 2 2 2 2 2 2 2 2 2 2 2 2 2 2 2 2 2 2 2 2 2 2 2 2 2 2
left_child=2 35 3 4 7 9 -7 55 22 10 12 13 24 -11 33 43 -17 19 20 -12 -16 -22 23 -5 -6 -26 41 28 -28 30 -30 32 46 -15 -35 36 37 -2 -39 40 -37 44 -43 52 -24 -19 -32 51 49 -49 -51 -9 -13 -54 -55 -1 -57 58 59 -4 61 -53
right_child=1 -3 57 8 5 6 -8 47 -10 11 17 15 -14 14 18 16 -18 45 -20 -21 21 -23 26 -25 25 -27 27 -29 29 -31 31 -33 -34 34 -36 39 -38 38 -40 -41 -42 42 -44 -45 -46 -47 -48 48 -50 50 -52 60 53 54 -56 56 -58 -59 -60 -61 -62 -63
leaf_value=-0.019207713796403483 -0.018196353779351471 -0.030591770370656798 -0.003660158605539806 -0.014409165741204375 0.0035210557210638444 0.0048983059123111359 0.1099686140240424 0.066192155458996732 0.088267723196949283 -0.0062428159370739268 -0.02094614320810026 0.0009094667189547712 0.0024004548026919977 -0.048062049100966175 0.097593360918718716 0.017598571981007092 0.093460708830978456 0 -9.9624639992410786e-05 0.022827827626733167 -0.022875746123802193 0.051246137830431387 0.064585466301672709 0.092917294885427187 0.17875649691291928 0.0072181642652121283 0.058817555068511919 -0.019841639388498724 -0.028297968704914935 -0.021210585773422719 0.14640381843989583 -0.036560882716504241 -0.015801894226087139 0.091540569218498097 -0.014111396689536005 0.13457268133318895 -0.028858584067563448 -0.012359964110128494 0.21577757390605645 -0.013133873573032848 -0.0050472794041019646 -0.028033586658548215 0.059023946042136836 -0.023980050950583989 -0.023225612744035191 0.11926118508101935 0.026944398920273355 -0.021109064989869392 -0.0089379339494943342 0.1810698581503894 -0.014233335043689597 -0.0059963982021449353 -0.027766104062845343 0.06409673284223609 -0.015100845118362056 0.11715456307050456 -0.0044834920110275117 -9.2735479542811004e-05 -0.0023601334799706916 0.15113714112296001 -0.015096846186107805 0.037424888251963793
leaf_weight=3.1132584689185023 0.69694739906117309 83.731125230435282 1.1110746981576087 4.0528748482465726 1.5266372421756385 5.2108953651040775 4.9747338443994522 2.8953339867293826 1.77703939937055 20.140446896664798 16.187820572406054 234.64264097250998 3.159429095685482 6.2238589702174067 9.8619615193456394 49.54141554236412 4.2069553905166677 2.2604083865880966 10.039761758409439 49.482325382065028 5.2201981581747452 31.259701857343323 10.387814661487939 4.1727133393287659 4.2483033025637251 1.3716910257935522 7.4861237076111129 127.56999382097274 3.9248307440429917 25.758051107171923 3.5469350591301918 1.6892991177737702 1.9741644775494931 2.2837418522685748 4.2792445132508874 1.1276281196624043 1.5240055094473062 0.45285232970491085 0.85889315977692549 190.9300406309776 2.3905289676040402 11.276544858701525 2.5917989984154692 28.751370438374579 2.8043939210474482 3.195495542138814 2.9851148556917888 0.84368994086980853 3.8189998213201761 1.5582618946209543 0.51761252805590618 45.915817642584443 6.9673201255500343 16.1981221055612 3.6229111999273291 4.2324612922966462 3.6708890702575445 3672.6960783079267 3.5021577663719654 1.6508976472541679 137.05874966457486 16.441025584936142
leaf_count=44 43 9160 19 67 26 61 47 24 30 238 219 2347 45 64 90 444 88 22 112 602 59 267 81 52 61 23 111 1819 46 440 38 28 86 21 39 61 136 44 67 17620 158 109 26 310 24 30 42 24 154 63 24 480 50 151 33 37 42 44618 33 25 1422 189
internal_value=0.000177143 -0.0161975 0.00117655 0.00566216 0.00856932 0.0132914 0.0619059 -0.00267937 -0.0045219 0.0122014 0.0278029 0.00920013 0.0874901 0.0254878 0.0347557 0.00489456 0.0252264 0.0179919 0.0446981 0.0118101 0.054306 0.0401787 -0.00574412 0.0436641 0.119581 0.145059 -0.00798593 -0.0121413 0.00847648 -0.00205908 0.0316383 0.0556245 0.0763782 -0.0087834 0.0292342 -0.00996148 0.0583389 0.113761 0.163578 -0.0115201 0.0584769 0.0181741 -0.00855196 0.00103778 0.0452451 0.0782696 0.103301 -0.00523865 0.0445345 0.100191 0.141951 -0.00713198 0.0038891 0.0288363 0.0493507 0.0418636 0.0659375 7.2323e-06 0.0512514 0.103117 -0.00854649 0.00578316
internal_weight=4917.59 281.712 4635.88 956.921 744.923 524.857 10.1856 220.066 211.998 514.672 81.4321 433.24 10.3061 89.3089 69.1685 343.931 53.7484 71.126 56.3816 65.6701 46.3419 36.4799 210.221 8.22559 7.14663 5.61999 201.995 174.935 47.3645 39.8784 14.1203 10.1955 8.50621 12.7868 6.56299 197.981 3.5327 2.00869 1.31175 194.448 3.51816 27.0606 13.8683 290.182 13.1922 5.4559 6.53205 209.049 6.73856 2.91956 2.07587 202.311 261.431 26.7884 19.821 11.0166 7.90335 3678.96 6.26413 2.76197 199.416 62.3568
internal_count=82935 27289 55646 10951 7952 5449 108 2503 2999 5341 1028 4313 155 890 652 3423 532 873 528 821 416 326 2969 119 110 84 2850 2610 791 680 240 194 166 124 60 18129 290 154 111 17839 219 240 135 2891 105 52 80 2380 265 111 87 2115 2581 234 184 123 79 44695 77 44 2091 669
is_linear=0
shrinkage=0.05


Tree=65
num_leaves=63
num_cat=0
split_feature=75 5 76 106 234 63 140 115 244 157 247 236 133 198 157 102 141 204 231 140 195 59 206 20 154 93 183 188 165 49 115 111 116 165 198 64 31 93 237 204 140 96 193 72 234 233 134 204 243 235 133 235 150 157 174 106 61 71 195 97 178 236
split_gain=31.3995 9.98883 9.29018 14.5009 8.70076 12.8939 10.8099 13.1566 10.9581 8.97208 8.66624 8.21929 8.66929 8.49719 8.16735 9.17969 8.22507 10.0494 9.29851 9.92296 8.04928 8.46077 7.86224 10.9989 10.0152 10.1997 9.44322 9.29657 8.45133 8.41177 8.52784 11.4591 13.5789 12.0321 9.84604 8.79649 8.6453 8.57803 8.17026 8.69526 12.6563 8.99343 9.43165 8.09339 7.947 7.80184 8.8847 9.02782 12.0012 8.62331 9.22824 12.8847 8.59221 15.4163 10.4859 11.3102 10.9661 9.63891 9.90704 9.19545 9.16786 9.00156
threshold=26.612007168458785 5.6500000000000012 -0.20759621893625049 7.6253205128205144 -0.97758567852912426 7.5140857469847706 0.40527917258288593 -0.73874999999999991 -0.27734838585474691 0.28943317732885826 -0.58322473656233853 -0.68819609375988933 -0.96593497410564277 -0.59995059833678988 -2.1517949759356161 42.500000000000007 -0.53935988997059336 -0.051165736872587138 -0.036169344938656825 -0.5035944552095829 1.8542528411716737 0.74999999999999301 1.4564938920208721 0.44325037707390652 1.536490607696928 0.089477115146758004 0.83211907587872347 -0.032262273310170037 -0.71995750561859595 -16.999999999999996 2.5750000000000006 -0.18785714285714275 7.5000000000000009 -0.3700399456242951 0.31355284994946814 17.500000000000004 39.050000000000004 0.080001144688644707 1.1837137337196062 0.19455555181646925 0.43381309778619798 0.11018678657903841 -0.46348163474833864 0.1129733520336606 1.0608259776572164 2.2297374189405073 -1.0308935349218484 -0.27047761816992327 -0.87078081783799377 2.1388808274039612 -0.61525420181408119 2.2919536800266855 1.9157430624160774 0.993019744770682 -0.5339257275811452 8.1412327755115168 7.6551425327197764 48.500000000000007 0.20033682613649581 29.000000000000004 1.0572852246886448 -0.34552483787154287
decision_type=2 2 2 2 2 2 2 2 2 2 2 2 2 2 2 2 2 2 2 2 2 2 2 2 2 2 2 2 2 2 2 2 2 2 2 2 2 2 2 2 2 2 2 2 2 2 2 2 2 2 2 2 2 2 2 2 2 2 2 2 2 2
left_child=1 2 4 -4 5 6 9 -8 -9 10 -1 12 -7 -14 15 -3 -17 18 -18 -20 -16 -22 24 26 28 44 -24 -25 38 -30 36 32 33 -32 -33 -35 45 -36 39 40 41 -6 43 -43 -26 46 47 48 -31 52 51 -51 60 54 55 -54 57 59 -59 -56 -48 -55
right_child=-2 14 3 -5 22 11 7 8 -10 -11 -12 -13 13 -15 20 16 17 -19 19 -21 21 -23 23 27 25 -27 -28 -29 29 30 31 34 -34 35 37 -37 -38 -39 -40 -41 -42 42 -44 -45 -46 -47 49 -49 -50 50 -52 -53 53 61 56 -57 -58 58 -60 -61 -62 -63
leaf_value=-0.026465195584714791 -0.021989369173920366 -0.039463502787050762 0.096774637138662245 -0.023436164932328765 -0.0066686899887412237 0.060656292229170773 -0.0029153385933137141 -0.0022750569638089893 0.091730650830188262 -0.028751893985994193 0.016553124013804009 -0.024689847422282189 0.038571597636133222 -0.031980103756088937 -0.001918987581969665 -0.013776130415184398 0.018972525071408213 -0.0073284072749638792 -0.0028424022946469244 0.15565122617128693 -0.031981253712916838 0.034479347621818181 0.012220007031745707 0.086500204716658896 0.091748952160408237 0.0013359169779329589 -0.052005470846593842 0.013691431156411391 0.055754649915429888 0.065634513686927229 0.06366571312711676 0.081625713235209119 0.06235917591849599 0.049505423576647598 -0.0067442216003597705 -0.023434321351196274 -0.022159433926271312 0.056774001780672101 -0.0052454722605198446 -0.00071608858792469377 -0.010801468802430346 -0.0057940390491385534 0.085811630701123132 0.074213566476941994 0.0063882574891166392 -0.0096353634173971196 -0.0002116142671273324 0.041870697483802781 0.00035479782788787003 0.053569976129038827 -0.032537977499107348 0.0063439286555817646 0.051345101315036668 0.003673567188531414 -0.0014208890571536887 -0.040251868430444315 -0.026195993992981198 -0.031681211648538495 0.036317691875434044 0.071142653874915487 -0.033340042702460805 0.09997038837794317
leaf_weight=14.319430485367773 162.63352562347427 3.1591702187433865 5.3429932743310911 3.5215389803051949 5.1014580130577079 4.9771992117166546 13.673417963087561 4.173762433230876 9.5751062631607038 24.348393239080906 48.431714244186878 95.902318246662617 5.3897486478090331 11.829490110278126 2285.2819044715725 4.1163964690640613 3.7428979743272093 3.4237291812896666 1.1018152842298174 4.1570372786372864 36.924820255022496 4.5770444180816403 116.20545241981745 8.2424082756042498 7.8005218058824557 12.991729274392126 5.0149157419800749 9.5680939853191358 6.0986393243074408 6.8961705192923537 4.3071926832199088 9.2655904442071932 7.1586308851838103 3.6354505494236937 12.267727889120581 38.748624533414841 40.160539895296097 7.9913561120629302 28.297839164733887 19.733370989561081 9.5538821294903737 7.7703438252210599 17.459445804357532 4.0751152262091637 4.3713531792163849 156.04265581071377 1372.2351397946477 25.053978338837624 66.571987807750702 22.885640166699886 6.9923180863261214 38.059266865253448 18.622307896614078 3.8133459389209747 7.110969893634322 3.2300307080149642 27.860350675880909 14.087686121463777 7.295499511063098 9.6462449282407743 20.213379196822643 6.7294696494936925
leaf_count=93 21722 70 37 27 30 25 82 27 53 151 283 591 35 71 45555 81 81 77 24 74 999 114 662 47 44 76 33 58 34 34 24 52 37 20 68 222 262 40 170 122 62 48 101 21 24 859 8091 132 346 120 43 208 99 20 40 20 162 81 40 48 125 34
internal_value=-0.000451385 0.000283721 0.0025236 0.0509779 0.00232404 -0.00684554 0.00505979 0.0318593 0.0646348 -0.00358681 0.00639702 -0.0183778 0.00856723 -0.00871747 -0.002044 0.0292097 0.044112 0.0632596 0.0886555 0.126497 -0.00232321 -0.0238952 0.00329891 0.0147725 0.00251538 0.0332693 0.00911831 0.0504592 0.00211648 0.00140817 0.00120578 0.0167536 0.00272835 -0.00742517 0.0412431 -0.0160659 0.000495057 0.0195679 0.0168472 0.0266692 0.038816 0.0526508 0.0630215 0.0249759 0.0642849 0.00101148 0.00202215 0.0165102 0.00734859 0.00109324 0.0183832 0.0247372 0.000290192 0.0144953 0.00720708 0.0364183 -0.00278909 0.0144136 -0.00767195 0.0417226 -0.00071969 0.0689087
internal_weight=4949.77 4787.14 2440.65 8.86453 2431.79 232.621 114.522 27.4223 13.7489 87.0995 62.7511 118.099 22.1964 17.2192 2346.48 19.701 16.5419 12.4255 9.00175 5.25885 2326.78 41.5019 2199.17 139.031 2060.14 25.1636 121.22 17.8105 2034.97 1942.98 1936.88 83.3746 53.8499 46.6913 29.5247 42.3841 1853.51 20.2591 91.9915 63.6936 43.9602 34.4064 29.3049 11.8455 12.1719 1813.35 1657.3 98.5221 73.4682 1558.78 67.9372 60.9449 1490.84 98.3959 87.8531 21.8523 66.0008 38.1404 21.3832 16.7572 1392.45 10.5428
internal_count=83031 61309 14234 64 14170 1411 689 162 80 527 376 722 131 106 47075 407 337 256 179 98 46668 1113 12759 800 11959 144 695 105 11815 11261 11227 463 303 266 160 242 10764 108 554 384 262 200 170 69 68 10502 9643 512 380 9131 371 328 8760 544 490 119 371 209 121 88 8216 54
is_linear=0
shrinkage=0.05


Tree=66
num_leaves=63
num_cat=0
split_feature=75 96 222 31 140 209 51 3 19 150 196 97 75 84 33 235 156 87 239 70 126 69 84 86 127 221 230 232 198 206 73 240 2 64 240 73 238 92 84 103 166 231 204 69 66 96 196 247 247 214 155 32 31 188 193 66 69 231 237 61 103 208
split_gain=29.0314 9.24012 13.1825 12.3306 12.9681 18.4023 12.2702 11.6516 13.5801 12.1095 16.1915 13.0948 11.5866 12.9696 11.1725 11.6632 10.5937 16.9451 17.3344 16.7185 9.87374 9.81341 9.50539 9.4369 11.8184 9.29198 9.77791 14.3707 14.0533 10.145 9.26086 13.5804 10.5825 11.2722 11.2123 9.49801 9.43548 9.29019 12.1332 9.43503 9.21835 9.21052 9.20269 11.3191 8.94229 8.89401 14.2973 8.8087 8.56234 8.45992 15.1363 14.0935 21.2736 12.6329 10.6058 10.5118 10.072 13.1707 8.87896 9.2695 9.21503 8.79013
threshold=26.612007168458785 0.11940128387496811 1.1060847750723155 37.050000000000004 2.0540849773483782 -0.67211589985172815 2.5000000000000004 483.00000000000006 10.16666666666667 -0.62456522938394909 0.49378577565662857 29.000000000000004 3.3424812030075191 77.250000000000014 13.65 -1.0000000180025095e-35 1.1485382334593892 -4.3019574942099483 1.0207110522671266 8.194886874132159 -1.2910323359973297 0.12965272005172257 50.650000000000013 1.9881521832237239 0.37947951485469872 -0.87471960543438076 -0.1115400856814278 1.4508857322555129 -0.63632598631324921 -0.62364164724663396 0.40033112582781466 -0.47785793139831462 57.250000000000007 366.50000000000006 1.6180642016284692 0.49018097805159805 -0.80432658554742831 0.44281045751633991 72.850000000000009 0.033915220406644346 -0.99137514305975027 0.6388590514160114 0.42814938642227623 0.05988803642714572 0.045499549954995507 0.10978000956480154 -1.6895916687616597 -1.0000000180025095e-35 -0.86156977559515957 -0.2622458226260474 -0.70710678118654913 113.35000000000001 33.650000000000013 0.76660221078215707 -0.57918707645965173 0.038529014844804331 0.22243923611111113 -0.56768998109497171 -1.132337974016991 7.1757493412384727 0.082766666576 -0.07230411375986108
decision_type=2 2 2 2 2 2 2 2 2 2 2 2 2 2 2 2 2 2 2 2 2 2 2 2 2 2 2 2 2 2 2 2 2 2 2 2 2 2 2 2 2 2 2 2 2 2 2 2 2 2 2 2 2 2 2 2 2 2 2 2 2 2
left_child=1 2 6 4 30 22 7 8 25 10 11 -10 44 14 15 -14 17 18 19 20 -11 41 -6 -5 -25 26 27 29 -28 -1 49 35 34 -34 -33 36 -32 39 -39 -37 -30 -8 48 -44 -9 -16 47 -47 -26 50 51 54 -53 -54 -3 61 58 -58 59 60 -51 -52
right_child=-2 3 -4 23 5 -7 21 12 9 16 -12 -13 13 -15 45 -17 -18 -19 -20 -21 -22 -23 -24 24 42 -27 28 -29 40 -31 31 32 33 -35 -36 37 -38 38 -40 -41 -42 -43 43 -45 -46 46 -48 -49 -50 56 55 52 53 -55 -56 -57 57 -59 -60 -61 -62 -63
leaf_value=0.072261280670160036 -0.021362265019674333 -0.045181335425646708 -0.013923834107125999 -0.019585076958714958 0.12089710027510639 0.0088646236433640724 0.096571757531072902 -0.0080061372838524728 0.00029832600780412027 -0.0015932987723774918 -0.021214310631270467 0.16972934504801604 -0.027598634752689241 -0.031410192853779585 0.0032162920122081567 0.13340334670238257 -0.028283041164149671 -0.011129090196366201 -0.027428337918470769 -0.0020110674661203607 0.11842816985038968 -0.026287007291424077 0 -0.027735354836668304 0.083999022179412297 0.0029508652755044548 0.043131927609234955 0.084449818332787863 0.059740229272955803 0.01259212125975713 0.012785510435336035 -0.01257330573109703 0.060217501571619696 -0.010814252797273102 0.024965334716410603 0.055670712699293613 0.064898680620799981 0.062668496177179081 -0.029694629369575731 -0.026906097186746997 -0.0079554871941428709 -0.017522081725697483 -2.5798831203002727e-05 0.13805876878580114 0.003818710148323497 -0.020050655513487722 -0.01339679621178355 0.14938662533993138 -0.0074716839849275577 0.02095456398367122 -0.022487167346444469 -0.018506143885970855 0.12612398502524602 -0.00050225400871264263 0.013913781661346939 -0.02822863619144754 0.094148688006532144 0.0065141015748494228 -0.0036150688028627701 0.0043789309636965814 0.15583812717840576 0.052195611971251381
leaf_weight=7.2186753097921601 159.15650897333398 11.711719713173808 126.82141925208271 160.99335856549442 5.5472856368869534 33.954051329754293 7.359709012322126 189.16210727021098 1.59582592640072 1.8486578548327077 2.1701557645574212 3.6361037464812398 1.2858355352655055 49.518271493725479 170.58540247846395 1.926099239848553 8.5472737951204163 14.438858379609885 4.3847761861979953 4.9035260835662475 12.02276605460793 2.550649012438952 2.1518926741555333 11.878533246926965 2.167232044972482 1217.2659089267254 18.504553795792162 9.0683003244921547 4.3495633462443939 63.168843766674399 16.403630089014769 117.77382197417319 12.262827800586821 9.0150724276900274 22.869730465114117 3.1644722940400269 19.836385414935648 10.776455297134815 4.3047485128045073 19.642220532521605 81.47743802331388 1.8059237357228992 2.3148853229358783 2.8036340810358524 998.67254244163632 0.78099999483674754 218.11318901274353 1.2080742688849557 12.317930971272288 3.4485693769529453 6.6745118489488959 6.7651842506602398 6.49147513322532 2.5553267132490873 17.852133436128497 111.62521765567362 5.0686569130048182 15.683626886457203 882.13423056015745 10.76168940309435 1.5693334080278871 7.17665011808276
leaf_count=67 21722 172 2599 2478 77 459 108 1361 38 36 54 78 33 1184 4093 33 213 318 68 141 222 39 25 183 30 14714 267 92 47 756 173 961 122 93 194 27 190 76 29 203 849 29 39 40 6883 24 5340 34 183 53 161 116 81 35 319 2100 51 159 12447 155 21 137
internal_value=-0.000421618 0.000278307 0.00180743 -0.0028788 -0.00120205 0.0259277 0.0024574 0.00225298 0.00550531 0.0300051 0.0857412 0.127193 -0.000645689 -0.00753553 -0.00444957 0.0765125 0.0193296 0.0307352 0.0564226 0.0766551 0.103065 0.0514938 0.0909333 -0.0146957 0.00998657 0.00454464 0.0150004 0.028117 0.00479158 0.0197081 -0.00207721 0.00687444 -0.00124057 0.0307636 -0.00630077 0.0244476 0.0424213 0.00647831 0.0357865 -0.0133812 -0.00381867 0.0740875 0.033323 0.0849943 0.00192625 -0.00532159 -0.0119459 0.0967345 0.0104317 -0.00402574 -0.014214 0.0102928 0.0469525 0.0933699 -0.0100455 -0.0231272 -0.00211211 0.0314926 -0.0029285 0.0330831 0.0828558 0.0167803
internal_weight=4943.24 4784.09 3224.39 1559.7 1367.22 41.6532 3097.57 3085.85 1454.6 53.5479 7.40209 5.23193 1631.25 443.418 393.9 3.21193 46.1459 37.5986 23.1597 18.7749 13.8714 11.7163 7.69918 192.476 31.4822 1401.05 183.787 79.4558 104.332 70.3875 1325.57 236.049 161.921 21.2779 140.644 74.1279 36.24 37.8879 15.0812 22.8067 85.827 9.16563 19.6037 5.11852 1187.83 390.688 220.102 1.98907 14.4852 1089.52 170.852 45.3758 15.812 9.0468 29.5639 125.476 918.666 20.7523 897.914 15.7796 5.0179 13.8512
internal_count=83031 61309 39720 21589 18636 561 37121 36945 17960 1168 170 116 18985 10741 9557 66 998 785 467 399 258 176 102 2953 475 16792 2078 915 1163 823 18075 2068 1370 215 1155 698 363 335 105 230 896 137 292 79 8244 9491 5398 58 213 16007 3121 723 232 116 491 2398 12886 210 12676 229 74 298
is_linear=0
shrinkage=0.05


Tree=67
num_leaves=63
num_cat=0
split_feature=75 5 76 61 191 76 93 170 79 128 229 127 215 197 228 186 174 189 223 147 173 194 245 76 153 86 213 247 211 168 93 41 237 143 205 186 63 213 87 68 213 151 49 64 160 31 244 127 71 160 93 231 104 247 249 172 97 76 5 48 162 160
split_gain=26.8305 8.59407 8.25877 9.4853 8.08953 13.3559 17.0743 13.7344 10.7194 13.4857 9.8116 9.64017 11.5081 10.5761 10.0213 14.8219 13.8348 11.6684 9.6925 9.48752 12.256 14.1151 13.214 12.4631 11.1241 15.6263 11.799 10.2656 9.68551 9.43993 12.4855 22.8293 10.6347 10.5545 11.9034 10.4795 11.5587 11.0922 10.6826 10.1766 9.95066 9.27411 9.1895 10.2022 10.8501 10.3309 11.0631 9.18315 11.5875 12.3325 12.8952 11.882 11.4424 9.27497 9.74209 10.2664 9.47859 17.6355 24.7808 10.0198 9.79244 8.92782
threshold=26.612007168458785 5.6500000000000012 -0.20759621893625049 7.7252735817020683 1.4689600171061745 -1.045311341755732 0.040687855182098616 -0.25587258308285804 2.463624338624339 0.52080697551665434 -0.47113976290917381 -0.40527917258288432 0.35427906354602751 1.6271310645262427 0.73071745173835345 0.97447293079329145 -0.5339257275811452 1.6008945700243571 -0.26273006582979269 -0.52690380625509847 -1.153189916578288 -0.14321444678212975 -0.50233052586121729 -1.1489910296391928 0.89999464325312573 0.96910291626726597 -0.38914396846050336 2.9305816699645892 1.0061706720411623 -0.67700320038633011 0.052132992620124975 1.0000000180025095e-35 -1.161472956947142 -0.71037612951185347 -0.41892383224409441 0.46535158642706637 7.1485667485667497 -0.11007314345974716 -4.8879845177322032 6.9824715027498705 0.70742682754518371 -0.37885574177866288 11.000000000000002 31.500000000000004 -0.16810608504878236 35.350000000000001 -0.34123316621091748 1.5275252316519465 54.500000000000007 0.26492359091560247 0.027287157287157294 0.47284358224080564 0.086781705748938689 -0.9605256097078847 -0.94204882237199927 1.3100098961445024 29.000000000000004 -0.18415551965387009 17.150000000000002 11.605555555555556 -0.95742710775633788 1.1286041160973859
decision_type=2 2 2 2 2 2 2 2 2 2 2 2 2 2 2 2 2 2 2 2 2 2 2 2 2 2 2 2 2 2 2 2 2 2 2 2 2 2 2 2 2 2 2 2 2 2 2 2 2 2 2 2 2 2 2 2 2 2 2 2 2 2
left_child=1 2 -1 -4 10 -6 7 -7 -8 -10 19 -9 13 14 15 16 -13 18 -18 20 21 61 -23 -22 27 26 -26 -21 -27 30 31 35 39 34 -33 36 38 -37 -12 -32 -40 -30 43 44 -25 -46 -47 53 49 50 -49 52 -52 56 -55 -56 -31 60 -59 -60 -58 -3
right_child=-2 4 3 -5 5 6 8 11 9 -11 29 12 -14 -15 -16 -17 17 -19 -20 24 23 22 -24 42 25 28 -28 -29 41 47 32 33 -34 -35 -36 37 -38 -39 40 -41 -42 -43 -44 -45 45 46 -48 48 -50 -51 51 -53 -54 54 55 -57 57 58 59 -61 -62 -63
leaf_value=0.00215944450623228 -0.02074025729892728 -0.036897504470408626 0.079711252682131542 -0.019425798529615332 -0.024811702168922128 -0.031198400422282203 -0.0044879480717221563 0.0032163224622952119 -0.0022594529954191533 0.088274892947708433 -0.0070827954010534884 -0.0039548093725337236 -0.0040410533145883703 -0.022657859905399629 0.016296834476601896 0.003579616929121043 0.014943495795370368 -0.0074101981211650587 0.15422710887959815 -0.014428697188011798 0.076342447947917197 0.01151775335237392 0.14478596245063685 -0.011620634023544109 -0.0021768689823240652 -0.026369877554943518 0.19149231857193907 0.089238465001478195 -0.028360034909515199 -0.027415945785861918 -0.027237996464011399 0.12743475335453253 -0.0011759999797416537 -0.01501134800444392 -0.018623943059539693 -0.015655039537425863 0.0077806893327004578 0.10671975744131308 0.16502568355536879 0.12225988795374254 0.017443442210346435 0.10775566006486924 0.046673261164921036 -0.014726139187964213 -0.013947057296390059 -0.020777163865151899 0.15536301233243927 -0.027505739042734526 -0.010629583430776489 -0.014072163531434154 0.20853679176654599 -0.0049942026201956931 0.024092937999560238 -0.025409368776364568 0.00057580980761363693 -0.015936715816223881 0.048504236592810286 0.13688641266702414 -0.020976023279835779 0.092695257075387769 -0.040204208028152728 0.07949522356500005
leaf_weight=2433.4200355857611 155.84864671109244 5.3503435477614403 6.0781905949115735 3.052291639149189 25.553457543253899 5.8446215605363241 93.149194138124585 10.798774722032247 8.6749625559896213 6.5694873463362446 2.2592595582827926 2.1165396189317169 6.0281309708952895 2.3240535873919717 5.8956303671002379 3.9535814998671404 1.7159058898687458 1.2954209931194771 12.620369603857393 399.41233839094639 3.8403132557868949 3.5310695162042975 3.7066265130415541 6.2190964622423053 1.1027717432007196 8.5186201771721226 1.2307511772960413 1.4073473289608944 1.3747086599469187 70.834283532574773 1.1820352515205734 1.9969342732802031 166.0577870728448 29.856898936443031 2.1002779798582187 1.8407222041860229 17.941194232553244 10.630733809433874 2.7944696294143823 2.3652773424983025 2.1268981099128723 2.3547574551776043 6.8578324066475025 96.396236655302346 1.7789580328389982 0.82134941406548012 2.8150662193074827 1.2080124188214556 8.2871464630588871 2.9850456546992064 2.7917756224051118 1.2098433617502449 1.5378810642287133 40.764705408364534 1097.9518097518012 101.9154388140887 2.8301779739558723 3.9635286331176749 9.0348359793424589 1.4019754920154799 17.038352785632014 1.2218002127483485
leaf_count=14170 21722 121 41 23 257 105 1707 198 190 104 37 38 101 38 88 62 28 23 179 7931 35 79 49 151 26 224 23 20 42 1522 25 30 3309 482 52 41 276 124 35 41 22 38 160 2463 51 26 69 23 154 60 52 26 31 755 22812 1710 35 66 392 58 255 24
internal_value=-0.000391157 0.000275195 0.00235006 0.0474304 -0.00188911 0.0080657 0.0134362 0.0365286 0.0019544 0.0394803 -0.00275734 0.0455768 0.0577346 0.0700701 0.0785731 0.093808 0.112378 0.12772 0.139944 -0.00852859 0.00307164 0.0459797 0.089666 -0.00221976 -0.0122403 0.0292484 0.125271 -0.0138311 0.00250168 -0.000779751 0.00831415 0.0256763 0.000853106 -0.00397749 0.0626174 0.0519981 0.0310093 0.0884654 0.0803904 0.0763097 0.115806 0.0611374 -0.00552506 -0.00928217 0.0330231 0.0788917 0.1186 -0.0023964 0.032088 0.0665286 0.100045 0.128578 0.160774 -0.00288535 -0.001666 -0.000834686 -0.01708 0.00431436 0.0449081 0.000626117 -0.0256097 -0.00695831
internal_weight=4937.79 4781.94 2442.55 9.13048 2339.39 186.54 160.987 52.593 108.394 15.2444 2152.85 46.7484 35.9496 29.9215 27.5974 21.7018 17.7482 15.6317 14.3363 547.94 132.539 13.8098 7.2377 118.729 415.401 14.5816 2.33352 400.82 12.2481 1604.91 241.152 71.5474 169.605 33.9541 4.09721 37.5933 25.1218 12.4715 7.18063 3.54731 4.92137 3.72947 114.889 108.031 11.6345 5.41537 3.63642 1363.75 18.0197 9.73256 6.74751 5.5395 4.32966 1345.74 1240.63 1199.87 105.103 34.2689 14.4003 10.4368 19.8685 6.57214
internal_count=83031 61309 14234 64 47075 3118 2861 860 2001 294 43957 755 557 456 418 330 268 230 207 11532 3228 273 128 2955 8304 353 49 7951 304 32425 4474 1099 3375 564 82 535 370 165 94 66 57 80 2920 2760 297 146 95 27951 346 192 132 109 83 27605 25277 24522 2328 806 516 450 290 145
is_linear=0
shrinkage=0.05


Tree=68
num_leaves=63
num_cat=0
split_feature=75 30 63 231 96 141 140 209 49 67 103 93 235 19 230 242 240 230 154 4 90 70 102 203 176 63 77 196 193 182 2 215 209 103 193 105 238 193 206 153 169 70 61 209 56 93 240 105 83 67 130 214 170 241 241 18 10 131 128 132 131 152
split_gain=24.7849 8.23473 9.56576 9.25297 8.83228 12.4911 10.6226 13.6634 9.94812 11.0812 10.7925 12.1572 10.8628 9.79686 10.4343 17.7635 14.0042 12.9585 13.0465 11.996 13.1018 13.3914 9.68853 9.53027 11.4609 10.3649 9.48895 10.9174 9.72201 9.77395 9.43059 12.5569 11.3197 11.9135 12.3189 10.993 10.6276 11.0059 10.5566 10.3432 11.4509 10.0628 10.496 13.0301 12.5824 10.2741 9.85414 11.5104 11.9113 15.4471 13.9176 13.7916 11.8383 12.4787 9.75025 9.53786 9.52454 17.0698 12.8318 12.6477 9.42891 9.38086
threshold=26.612007168458785 40.506250000000016 7.402779083983825 0.38624267994684119 0.11940128387496811 1.0980237795114574 2.0540849773483782 -0.67211589985172815 11.000000000000002 0.13670469874100724 0.059212084569547983 0.03984479572714867 -0.51226704608808216 9.4166666666666696 -0.30782402729895619 -0.28976748814746062 -0.61695266614655064 -1.1403310491663741 -0.26707201271400077 -2.4999999999999996 5.5000000000000009 9.0481605566651648 106.50000000000001 -0.44125521923094813 1.6634312191275333 7.7275819418676575 1.9750000000000003 -0.18132784570544366 0.047883952669372988 -0.2380036384146263 56.750000000000007 0.18796453041951972 -1.0564589102093791 0.12287891860799541 -0.70587205976919465 0.070251022248576281 -1.0559607025835769 0.73801053720038479 -0.43139395648450701 -0.016977944814413424 -0.14586053053538195 8.6303215579710173 7.3454860276760856 -0.079968558001722395 1.175 0.07014567075436641 0.20281539966229348 0.0833622886263609 60.905555555555559 0.084045792229935468 -0.64690005112195792 1.1701279118853156 0.72650997321943234 -0.89289192748110369 -1.1594693517332373 0.41666666666666669 1550.0000000000002 -0.17700228414092462 -0.29605933546557522 -0.84023574444795968 0.19804540683029467 0.43666766216846792
decision_type=2 2 2 2 2 2 2 2 2 2 2 2 2 2 2 2 2 2 2 2 2 2 2 2 2 2 2 2 2 2 2 2 2 2 2 2 2 2 2 2 2 2 2 2 2 2 2 2 2 2 2 2 2 2 2 2 2 2 2 2 2 2
left_child=1 4 3 -3 5 13 8 22 9 30 11 -10 -13 -1 15 16 -15 -18 -19 -20 21 -21 -8 24 -16 -26 27 28 29 -9 32 35 39 54 -35 36 38 -38 -32 40 -6 42 43 -36 -45 -43 47 48 51 50 -50 -37 53 -51 55 -34 59 -58 60 -49 -59 -48
right_child=-2 2 -4 -5 6 -7 7 26 10 -11 -12 12 -14 14 23 -17 17 18 19 20 -22 -23 -24 -25 25 -27 -28 -29 -30 -31 31 -33 33 34 41 46 37 -39 -40 -41 -42 45 -44 44 -46 -47 61 56 49 52 -52 -53 -54 -55 -56 -57 57 58 -60 -61 -62 -63
leaf_value=0.0019622612985379733 -0.020124041001606273 -0.015719898628608165 -0.040205006659409383 0.058624430499630002 -0.016968691052546964 -0.013411595982244704 -0.013128976687561612 -0.028141311561245594 0.11285247477309446 0.0062484635142565186 0.0034961074250620576 0.083136531356526447 -0.015185987883495875 -0.005783131949778187 -0.023155976136648038 -0.0069346849748403248 0.014522555689043285 -0.002741069197780493 -0.0017322417969269626 0.16355550418599893 0.0067847011794472363 -0.0055073451705598929 0.099651105506667725 0.016711932344753471 -0.026234123374367698 0.13674586257811533 0.061481021124839608 -0.027768102314250028 -0.033394095502698777 0.076867908094462534 0.13151930513616192 -0.017345852504031853 0.014094513058690111 -0.019628874610171848 -0.026536406801080093 -0.034021484838684467 -0.02058072641096062 0.023977109157704773 0.0039482700134203476 -0.020680704585258156 0.037266050431321217 0 -0.0011047816397259345 0.022159897595559488 0.12912895846041955 0.15680868827036443 -0.020273487728052132 0.097457829939285451 0.055320611699567417 0.0043660202659858245 -0.0065142013221627729 0.075599056831639505 0.0026818012252085308 0.14561274968911142 -0.013800073139610878 -0.022978863081073903 -0.021136600059344403 0.15608449947849068 -0.032482377591805299 -0.018036466440614209 0.011768722598327803 0.04263888526745175
leaf_weight=2909.422533237841 152.70179870398715 13.06044019199908 25.596773961558938 4.950677227228879 12.408052923157809 125.49910135567188 2.1504597244784218 2.2825360484421244 4.4449283042922607 214.39518097508699 44.327378136105835 3.2081595426425329 7.5781964398920527 7.3785061733797184 33.81226428411901 17.793624590151012 8.0489050289616006 2.8675919082015779 1.9805861832574034 10.011867987923319 2.1541201490908852 1.175716877914964 6.672599826939404 66.188075631856918 1.1589077543467277 1.2768149832263587 5.6171348281204692 19.342490031383935 3.7780416971072546 7.9590372936800078 1.635069318115711 66.263240405358374 62.701249468140304 23.973396448418498 3.7040946111083022 9.8729036776348931 66.532975509762764 16.450113856233656 4.6105122128501526 17.504574210382998 35.892125779762864 1.7707305345684283 30.665935822762549 6.5835894830524904 4.6896530725061893 1.7041931338608263 27.758200590498745 4.612094271928072 20.949564814567562 2.0797542016953221 14.991806141100826 2.8940531089901915 2.9269266761839381 7.5804042760282746 702.15960525954142 22.808915502391756 32.865656873211265 2.3341951165348291 1.9131507035344828 3.5324333887547237 2.1017579222097993 6.4551603728905311
leaf_count=33172 21722 265 547 82 181 2602 31 33 50 2566 609 42 118 189 695 352 175 62 46 179 48 27 85 1398 33 18 79 257 68 101 20 870 883 241 54 175 978 273 67 485 494 44 370 80 47 24 368 31 147 28 327 34 37 89 10101 225 294 53 68 96 89 107
internal_value=-0.000360708 0.000273808 -0.0211061 0.00646077 0.000476161 0.00198078 -0.00262193 0.020325 -0.00337015 -0.00420555 0.0164721 0.0513858 0.0182061 0.00261719 0.0148777 0.033053 0.0539518 0.0705288 0.0930024 0.110297 0.126238 0.146384 0.0731158 0.00547622 -0.0148036 0.0726799 0.00672061 -0.00387471 0.0284115 0.0525983 -0.00604297 0.0016702 -0.00853117 -0.0100641 0.00911129 0.00717183 -0.00651412 -0.011508 0.0515782 0.0112959 0.0231704 0.0233502 0.0158209 0.048689 0.0739618 0.095495 0.0157401 0.0230691 0.0372091 0.0483254 0.0299147 -0.00512282 0.0944569 0.118935 -0.0118591 0.00399648 0.00427389 -0.0061796 0.0629048 0.0503245 0.103371 -0.0073878
internal_weight=4931.76 4779.06 43.6079 18.0111 4735.45 3188.77 1546.68 47.8023 1498.88 1439.32 59.5587 15.2313 10.7864 3063.27 153.847 51.4109 33.6173 26.2388 18.1899 15.3223 13.3417 11.1876 8.82306 102.436 36.248 2.43572 38.9792 33.3621 14.0196 10.2416 1224.93 298.36 926.566 860.761 73.0916 232.097 89.2287 82.9831 6.24558 65.8048 48.3002 49.1182 45.6433 14.9773 11.2732 3.47492 142.868 108.655 61.2954 48.5285 35.9414 12.767 12.5871 9.66016 787.67 85.5102 47.3593 39.2148 6.3491 8.14453 4.43595 34.2134
internal_count=83031 61309 894 347 60415 38996 21419 654 20765 19946 819 210 160 36394 3222 1078 726 537 362 300 254 206 116 2144 746 51 538 459 202 134 17380 4151 13229 12069 860 3281 1338 1251 87 1160 675 619 551 181 127 68 1943 1468 837 628 474 209 154 117 11209 1108 631 504 210 127 142 475
is_linear=0
shrinkage=0.05


Tree=69
num_leaves=63
num_cat=0
split_feature=199 234 144 229 5 171 94 168 43 73 7 64 189 195 89 160 188 213 56 211 70 62 93 63 249 71 240 87 207 159 64 228 53 5 99 214 34 212 105 245 114 168 206 86 87 141 243 158 79 242 245 211 38 72 195 68 163 206 5 162 205 190
split_gain=22.9064 10.8638 11.353 12.646 8.57271 8.12177 14.1074 13.4242 14.9319 15.1275 14.5062 11.8782 11.2365 10.0979 15.9831 11.6035 10.8796 11.5813 11.7952 10.6891 10.486 17.1035 13.265 11.6833 11.5855 14.4512 20.1578 11.3239 10.4784 13.3454 10.3472 10.2942 10.075 10.0425 11.221 9.95812 9.92135 9.90941 9.79559 12.0932 9.5352 12.2098 14.6108 11.0723 9.36174 9.3303 9.28098 11.9652 11.3564 10.4792 11.1983 13.7143 8.82515 10.0451 9.28658 11.2417 20.4001 11.1796 11.5004 10.7333 10.6428 10.5279
threshold=0.59929815102547346 -1.4907880397936644 0.43097506393119633 -0.29136184159343914 191.35000000000005 -0.57007753365349945 -0.086367629802503745 -1.2719356603248022 5.5000000000000009 0.10029585798816569 8.5000000000000018 222.50000000000003 0.2652304151777542 0.27414122602377056 -12.490408487594213 -1.1936635125608652 -0.010718720748906922 0.74181094153297711 3.9500000000000006 1.5967863759348326 8.1441677863621127 0.076731726971603673 0.025454779595404601 6.6290606248706814 0.65972893825026691 41.500000000000007 -0.44268358653379342 28.452393343279095 1.9147750811298101 -0.92846860882782212 15.500000000000002 0.13774082960909148 9.5000000000000018 2.5500000000000003 5.5000000000000009 0.7171209418774166 11.500000000000002 0.81411056754276012 0.1071819318537043 -0.55423953335803289 0.47222222222222227 -1.681146096069039 -0.49152294576982392 0.97746393788921193 49.490406455604194 -0.8079259613660309 -0.51681367916538012 -1.1903727526937009 1.2734788359788363 -0.34611384278969171 0.13851565827694998 -0.086477244474172113 0.24038461538461542 0.10263340263340265 -0.037292328131568651 6.0364109848484855 -0.4002987444032155 -0.63336845315274881 9.9500000000000011 -1.2946124417829492 -0.83889850155392376 0.45387027125548429
decision_type=2 2 2 2 2 2 2 2 2 2 2 2 2 2 2 2 2 2 2 2 2 2 2 2 2 2 2 2 2 2 2 2 2 2 2 2 2 2 2 2 2 2 2 2 2 2 2 2 2 2 2 2 2 2 2 2 2 2 2 2 2 2
left_child=5 2 3 -2 -3 36 33 8 9 -8 40 12 -11 -9 37 -16 19 18 32 20 28 27 -23 -24 25 -25 30 -22 46 -30 -27 -20 44 34 -7 -26 52 -15 -38 -40 41 42 -10 -43 -18 -29 47 48 -17 -49 51 -51 54 -54 59 56 -56 58 -57 -1 61 -61
right_child=1 4 -4 -5 -6 6 7 13 10 11 -12 -13 -14 14 15 16 17 -19 31 -21 21 22 23 24 35 26 -28 45 29 -31 -32 -33 -34 -35 -36 -37 38 -39 39 -41 -42 43 -44 -45 -46 -47 -48 49 -50 50 -52 -53 53 -55 55 57 -58 -59 -60 60 -62 -63
leaf_value=0.044730545094958336 0.18924308022888087 -0.012284182414605035 -0.031311145297980014 0.0021090863279358135 -0.038883493476249475 -0.024323115012308202 0.056834206177543506 0.00091270573153734511 -0.011450212101989373 -0.0017156398610422487 0.10294481018544921 -0.024465204756284158 0.055226782943117163 -0.02970263980915613 -0.03788320456137121 0.00018520323943861363 -0.0084376335912998545 -0.027728206257441615 0.0022156802268035207 0.05197364674860732 -0.0049934912217353671 -0.018456812702495235 0.0023875015045607406 0.0072034176835701572 0.15638830189577299 0.11255106706552026 0.11202482460563737 0.10445976725777016 -0.028717483066749139 0.11945140029036255 -0.0041387734755780788 0.10490091092294185 0.070804287015859835 -0.02302915829514552 0.057663284727284742 0.0093191361230173294 0.018351792328551705 0.024808596069489375 -0.015157739095891083 0.12789612078220167 0.061582475531602343 0.056259740771953261 0.046710270414563236 -0.022593173530302074 0.07714135190488991 0.0081291023980419232 -0.017948832354132842 -0.012448959426413476 0.14438102658294738 0.13932522208714579 0.0012808811247989754 -0.027722684004557838 0 0.10608198765385426 -0.0077073337657491683 0.060133783760786999 0.098279823477455994 0.0028575199048179794 -0.0091946657211320702 0.043644228086553098 -0.0081774328609483596 -0.014985042137044253
leaf_weight=10.462220654822884 1.0607265685684979 229.70382095454261 1.8503584130667148 1.7455260604619971 34.641822902485728 6.9558224231004697 9.46914259996265 2956.3742401832715 14.660795252770184 40.861453668680042 4.9692368581891051 46.366192150861025 9.9250811226665956 85.92390480870381 21.873332048766315 2.7041561189107588 237.99632919533178 62.448994101025164 5.580018070060758 10.206071472261099 128.27405869169161 12.008214821107684 18.024493922013789 19.877615172415972 3.4279632335528722 1.2996752834878886 10.814961964730172 3.3991948459297419 2.0036855824291706 2.5997766414657226 10.172744369134305 3.551906481385231 3.1963145742192856 101.31113681429997 7.8989564329385757 1.8372004535049198 39.741064499597996 8.3680861727334541 1.7797571048140524 3.7424344015307716 11.977367606014012 4.3228413145989206 35.610136094968766 26.192236136645079 2.2362161432392886 6.6031906972639245 105.73082647146657 43.539157133549452 1.9161817356944082 3.112198772840201 8.7388307526707631 1.2768199881538747 4.381473026238381 3.4972930727526546 8.1354171913117188 17.219927210360769 8.6911622057668847 171.81375355087221 8.3791038095951063 19.840652824379507 244.03721672389656 11.300578015856443
leaf_count=111 71 18975 186 143 6928 31 85 33489 94 363 118 468 59 2004 316 32 3642 819 92 141 2063 203 254 296 57 15 125 29 17 36 138 47 39 1367 35 30 688 109 36 56 72 36 211 276 22 106 1371 637 16 64 63 27 63 37 111 129 98 2430 223 229 2875 128
internal_value=-0.000334267 -0.0144938 0.0541881 0.105292 -0.0159222 0.000485202 -0.000280383 0.000220544 0.012672 -0.000253483 0.0266835 -0.00639091 0.0101675 -0.000453546 -0.00532863 -0.00281723 -0.00168225 -0.00861381 -0.00377709 0.00380522 0.00239266 0.0097196 0.0283676 0.0371816 0.0499786 0.039188 0.0659653 -0.000819829 -0.00679176 0.0604519 0.0166439 0.0490606 -0.00597229 -0.0173814 0.0198447 0.115547 0.00616818 -0.0246029 0.0283611 0.0857694 0.0214906 0.0148051 0.0297586 -0.0098333 -0.00730381 0.0478393 -0.0090237 0.00633433 0.0759256 -0.000471299 0.0369687 0.0936745 0.00412815 0.0535881 0.00323318 0.0110818 0.0491982 0.0075762 0.0377606 -0.00265424 -0.00462935 0.0224089
internal_weight=4927.66 269.002 4.65661 2.80625 264.346 4658.66 4105.64 3989.47 204.354 106.622 97.7326 97.1527 50.7865 3785.12 828.742 734.45 712.577 315.01 252.561 397.567 387.361 215.739 77.4629 65.4547 47.4302 42.165 22.2874 138.276 171.622 4.60346 11.4724 9.13192 243.429 116.166 14.8548 5.26516 553.022 94.292 45.2633 5.52219 92.7634 80.786 50.2709 30.5151 240.233 10.0024 167.018 61.2873 4.62034 56.667 13.1278 4.38902 507.759 7.87877 499.88 214.239 16.8266 197.413 25.599 285.641 275.178 31.1412
internal_count=83031 26303 400 214 25903 56728 49514 48081 1782 975 807 890 422 46299 12810 10697 10381 4661 3842 5720 5579 3316 1118 915 661 574 278 2198 2263 53 153 139 3703 1433 66 87 7214 2113 780 92 689 617 305 312 3664 135 2210 839 48 791 154 91 6434 100 6334 2991 209 2782 352 3343 3232 357
is_linear=0
shrinkage=0.05


Tree=70
num_leaves=63
num_cat=0
split_feature=5 190 163 120 212 233 75 156 105 157 203 96 75 70 166 239 71 188 63 237 3 133 96 248 76 77 234 233 76 233 223 212 88 245 70 233 128 159 229 174 236 173 152 189 211 177 159 196 196 166 236 249 64 120 238 5 247 160 205 173 202 214
split_gain=25.8035 12.9856 13.8396 10.6846 10.6839 10.573 10.9552 14.3034 12.3167 12.2271 11.2343 11.6762 10.6511 11.6697 10.6379 10.2825 10.1918 9.67368 13.3723 14.1447 12.7614 11.6263 13.1152 9.66855 16.9046 13.1885 12.2489 13.6302 11.919 10.2053 9.20145 10.0923 13.0543 10.0668 10.8672 9.07446 9.03919 8.81253 10.4719 9.56113 10.8816 10.6992 11.6994 8.75434 8.61278 11.9913 9.8569 8.33124 13.2141 15.6758 11.3863 9.23753 9.10203 9.35253 13.8118 8.7438 8.63063 10.5096 10.841 18.6272 14.3599 9.55374
threshold=45.650000000000013 1.5803794879520303 -1.021576904332097 0.0017500000000000003 1.0350374861590148 -0.87581131218171326 5.9649014778325133 -0.42122128226859273 0.097366913848194389 -0.71675093878648355 -0.61004273536056053 0.11121248986212491 5.0098039215686283 6.3078865578865591 1.0000000180025095e-35 0.96993366411098492 170.50000000000003 -0.032166932353877652 6.9739051508963028 -0.68389162397271519 451.00000000000006 1.1052924312977368 0.11381355418031792 -0.91376502496766188 0.42926103141943217 0.74166666666666681 -0.97399046485532714 0.27028539642558441 0.75576901902382654 -0.10923930246647411 0.99321617068802781 1.6321341230794622 33.435499948761368 0.4581535196243583 7.4598120647705359 -0.069636308380180909 0.2729620081541434 -0.72535434588775305 0.62449853489997043 1.4182810065278311 -0.47353836689636802 0.030025460893425927 -0.039036913177867699 -1.4573115868480706 2.0639441338791955 -0.25409944487358049 0.60848366464673698 -0.52466343286718853 -0.58586804448795227 -0.86270343984441056 -0.32039215055134046 -0.79529718174194419 167.50000000000003 0.99175000000000013 -0.55264368706923939 8.9500000000000011 -0.91376502496766177 -0.35704564783501974 -0.37196350018246349 0.46474232324684056 -0.42082668023330405 1.1268987817745979
decision_type=2 2 2 2 2 2 2 2 2 2 2 2 2 2 2 2 2 2 2 2 2 2 2 2 2 2 2 2 2 2 2 2 2 2 2 2 2 2 2 2 2 2 2 2 2 2 2 2 2 2 2 2 2 2 2 2 2 2 2 2 2 2
left_child=3 2 -2 16 47 14 12 8 -8 -9 -11 -12 13 -7 -6 -13 23 18 -3 -20 -21 22 -22 24 29 -26 -27 28 -28 -1 31 33 -33 -4 36 -10 -35 39 44 43 41 -41 -43 -25 -39 -46 -47 48 51 -50 -51 52 53 54 -5 -52 57 58 59 60 -49 -59
right_child=1 17 30 4 5 6 7 9 35 10 11 15 -14 -15 -16 -17 -18 -19 19 20 21 -23 -24 37 25 26 27 -29 -30 -31 -32 32 -34 34 -36 -37 -38 38 -40 40 -42 42 -44 -45 45 46 -48 56 49 50 55 -53 -54 -55 -56 -57 -58 61 -60 -61 -62 -63
leaf_value=-0.011108446781647453 0.093788802711370675 -0.030748744686290241 -0.024257252677816293 -0.0081245250866464457 0.0061655385495905952 -0.0025053209126603571 -0.024274833048019376 -0.019285152163389937 0.13178298835253477 -0.003336702239892235 -0.0083306718652818804 0.17518503845923589 -0.042688686366886351 0.014204616742508322 -0.037926702592679065 0.01945671996519455 -0.020463178875273637 -0.012774522481849796 -0.009045504169730146 0 -0.007747607631772277 0.0064512952524999924 0.30800747382874283 0.059580649810962609 -0.018647315571383626 -0.023653527669978545 0.22405691346715947 0.0058436972499374355 0.0020564286860979878 0.022838001972734848 0.042914513495205052 0.13456123710311643 -0.020484055108302195 0.0040393500365318588 -0.032836882350352863 -0.023452118854184006 0.16696295166351294 -0.0049041911459868602 0.0099142554611358034 -0.01628503270403335 -0.015198802692659694 0.17920836096261081 0.0029779274590405443 -0.021508232275093405 -0.030813639582879082 0.015276706019571276 0.12669546113885891 0.00014626970731877398 0.082752717241428686 -0.0093600503757206525 0.044143414380080723 0.0017817280282040734 0.0058047869431572859 0.013480514325787252 0.10721304938203569 -0.030438119561524674 0.00061119864784392713 -0.027630533404153036 -0.0075462535509338013 -0.038841896674924159 0.12126515666121736 0.049939152817758931
leaf_weight=41.863818858750165 1.739906612318008 1.7885836288332937 214.32808735407889 3.3077495349571118 31.72521124407649 140.14270217344165 9.6461030645295995 2.2451445944607249 1.6610305514186623 2.0246993135660878 1.2691685352474431 5.2955007534474134 8.8090952727943641 401.20862914808095 22.549106627702713 1.6930621583014724 76.962049188092351 5.7238594959489983 1.5386633016169069 0.95451214909553561 0.29762112442404065 0.65548696229234327 1.07622091518715 2.4522164352238169 2.2323126206174475 1.027926320210099 2.6059384988620882 1.5597712676972149 0.80385274812579144 44.707327156327665 4.8139324984513214 1.4052413385361426 2.509860472753644 1.6586847938597196 2.1343075544573367 0.977977205067872 1.0435390281490979 648.80630741175264 165.49236925691366 1.8511159680783746 6.8141662012785655 1.7797374352812767 1.5652961302548647 119.07742350827903 3.704994129948318 4.6917781550437194 3.1062318105250597 3.9881536979228249 9.7157518286257964 24.463204391300678 29.259497094899416 583.0598241854459 36.727133344858885 12.901540065184236 8.2992949588224274 3.718398939818143 2032.5482364268973 77.760206141509116 56.051651265472174 4.3834571707993737 5.7052195593714705 3.2405611574649802
leaf_count=846 173 162 26053 45 263 892 235 58 26 39 27 104 152 2717 189 34 1629 512 164 92 32 50 76 36 91 41 80 68 34 828 535 141 273 148 228 24 72 14386 3479 32 121 31 25 2382 81 97 60 39 85 227 188 5271 330 79 85 74 17496 792 541 47 49 26
internal_value=0.00038338 -0.0155106 -0.0182151 0.00121267 0.00257032 0.00847137 0.01047 0.0424038 0.00269914 0.0778925 0.0993828 0.122748 0.00894635 0.00987296 -0.0124175 0.145242 -0.0030117 0.0331481 0.0715321 0.111131 0.161072 0.211307 0.26305 -0.00171466 0.0134245 0.0778307 0.111988 0.140145 0.185189 0.00642579 -0.0194981 -0.0210528 0.0502037 -0.0225706 0.0426647 0.0822452 0.0964109 -0.00322831 -0.00128678 -0.0150987 0.0257945 0.0741365 0.117558 -0.0193583 -0.00411239 0.0369683 0.0695831 0.00128354 0.00597879 0.0269314 0.0161496 0.00374873 0.0220678 0.0450596 0.0759105 0.0349385 -0.000245943 -0.0117348 0.00237892 0.0401102 0.0765744 -0.0238951
internal_weight=4897.15 241.669 229.634 4655.48 3524.38 629.247 574.973 24.8127 12.2851 12.5276 10.2824 8.25773 550.16 541.351 54.2743 6.98856 1131.1 12.0349 6.31109 4.5225 2.98384 2.02933 1.37384 1054.14 94.8009 8.2298 5.99749 4.96956 3.40979 86.5711 227.894 223.08 3.9151 219.165 4.83653 2.63901 2.70222 959.342 825.802 133.54 12.0103 5.19615 3.34503 121.53 660.309 11.503 7.79801 2895.13 711.452 67.1569 57.4411 644.296 61.2357 24.5086 11.607 32.9779 2183.68 151.129 70.1285 14.0768 9.69337 81.0008
internal_count=83192 28711 27623 54481 30134 4760 4308 547 285 262 204 165 3761 3609 452 138 24347 1088 576 414 250 158 108 22718 1988 314 223 182 114 1674 27450 26915 414 26501 448 50 220 20730 18103 2627 209 88 56 2418 14624 238 157 25374 6384 574 489 5810 539 209 130 262 18990 1494 676 135 88 818
is_linear=0
shrinkage=0.05


Tree=71
num_leaves=63
num_cat=0
split_feature=5 120 212 151 129 69 249 35 158 212 133 173 128 70 163 35 99 230 71 221 236 244 205 197 93 155 221 188 221 159 159 232 70 155 178 65 216 67 103 141 141 159 209 89 169 216 160 184 131 208 183 70 73 197 107 191 134 173 162 244 64 230
split_gain=23.9561 15.6603 9.69337 9.38448 17.1422 13.588 13.527 10.9923 12.7438 12.7602 11.4782 11.4013 10.8493 10.6232 10.1159 9.99082 9.29747 9.17923 9.03858 8.75539 9.39294 8.57581 10.8648 9.73892 10.576 12.1285 10.7441 9.12525 8.46206 8.44619 11.0611 8.42206 8.56634 8.32663 8.29266 8.43084 8.25746 8.03912 8.05058 11.1283 11.9 13.914 14.3362 13.4597 10.8938 10.7022 10.407 10.1688 15.3327 14.297 13.4618 10.3228 8.42834 13.9768 8.37741 8.59611 11.513 13.6434 11.424 11.283 11.1193 15.7403
threshold=123.15000000000002 0.0017500000000000003 1.0350374861590148 -0.57733192918795639 0.11833229186277873 0.1517549261083744 -0.25409944487358049 343.50000000000006 0.31608741262702711 1.3240051144259712 -1.1052924312977364 -1.0779492478153958 -0.94006839700017142 6.8573385518591001 -0.64599020301358956 77.500000000000014 3.5000000000000004 0.084387933286214439 170.50000000000003 -0.34635139672583076 -0.066361514735664054 -0.2908794591660539 0.87994372988590541 -0.15274641995115867 0.10282137949876922 0.037214656706340193 0.0096342212689715795 0.12539162109450228 -1.0145096836160838 -0.89136738791523051 -1.3600541694687796 -0.88949917999332129 10.297584818861415 -0.6384276602871094 -0.40824829046386157 0.097570495611279312 -0.37868500830560858 0.21244358478401035 0.090159072788440986 0.80733178574811104 0.076170744971546731 0.9700151681441691 0.55924745101006301 8.7161458593300445 1.0000000180025095e-35 -0.56168969640433764 -0.84526248572613816 -0.040788707906009532 -0.18875193631848849 -0.68947372334191181 0.48953878231501352 6.3078865578865591 0.27788502788502795 -0.474393153456585 0.29166666666666669 -0.3289632075678271 -0.75477726265637479 -0.11907958618621899 -0.98230223394068772 -0.25444962202436422 91.500000000000014 1.2376106645243161
decision_type=2 2 2 2 2 2 2 2 2 2 2 2 2 2 2 2 2 2 2 2 2 2 2 2 2 2 2 2 2 2 2 2 2 2 2 2 2 2 2 2 2 2 2 2 2 2 2 2 2 2 2 2 2 2 2 2 2 2 2 2 2 2
left_child=1 18 -3 4 5 12 7 8 9 14 11 -11 -4 34 -5 -15 -10 -9 31 20 -8 22 -16 24 25 27 -27 29 -17 30 -23 -1 37 -30 35 -12 -19 38 -33 40 46 44 43 -43 45 -42 -40 48 -48 -50 51 -51 53 -47 55 -49 -57 59 -59 -58 61 -60
right_child=-2 2 3 6 -6 -7 19 17 16 10 13 -13 -14 15 21 28 -18 36 -20 -21 -22 23 -24 -25 -26 26 -28 -29 33 -31 -32 32 -34 -35 -36 -37 -38 -39 39 -41 41 42 -44 -45 -46 52 47 54 49 50 -52 -53 -54 -55 -56 56 57 58 60 -61 -62 -63
leaf_value=-0.029299403765035488 -0.028708124328947388 0.0012867617194554136 0.11084693128008666 0.08184528648973427 -0.021744751142042412 -0.028123351291508628 -0.006153691246065348 0.080437477913509706 0.034073151885427602 0.0734432115462922 -0.016720660501107616 0.0078260409092158461 0.038915438057871461 0.0014188918279803286 -0.03409440976852935 -0.032680610391477967 -0.030525733816456121 0.062941013376617047 -0.019747081635047702 -0.013285596162286559 0.031508062607393354 0.0050573446282502132 0.05097765844506727 0.012650632983859414 -0.013908699989525833 0.12341345747247563 0.016148094338342599 -0.0014264233454490639 0.010169240335190765 -0.010363628150753654 0.086713997615381053 -0.0029748635152448927 -0.031394243641438523 0.086875192234314752 -0.021133777282287915 0.091640732274775344 -0.032922919654512509 -0.028191975027431867 -0.033367157319436548 -0.02500158380618217 -0.035661472929306 0.20648460912531288 -0.026096289943066227 0.0089027770024517599 -0.012728375453846108 -0.0062957829992991701 -0.0046675980130431458 -0.0089099189813276938 -0.025405914863325697 0.0030087869347545479 -0.018352689106422366 0.22803969081750564 0.0010505963833244414 0.12894919391303314 -0.038378203682940412 -0.013059755598703808 -0.026607045658127482 -0.04090609514372074 0.11234703148237116 0.065675349419734824 0.028371889522999336 0.0071850160678113093
leaf_weight=28.318468054290861 68.788771060761064 2910.4482906986959 6.427673689089711 6.1228803768753997 12.25167679786682 4.9638809598982325 39.416194853372872 9.3578083161264676 5.8994198152795425 9.7885909639298934 3.0291311908513299 18.380697891116142 28.118814300745729 73.556333458051085 13.371361935976894 2.4163488447666195 28.974662559572607 2.7526495475322008 83.576283239759505 115.6602765689604 27.029035793617368 6.1222889907658091 4.0858513051643959 79.198447203729302 7.2721352484077206 7.633193548768757 3.8188974782824516 12.630387411452828 6.4017365472391257 4.3207160960882929 13.834184719249608 895.52604374149814 23.526752214413136 8.4152767620980704 65.112218931782991 2.5020262841135263 4.579737303312867 26.569371191319078 14.228977357503025 22.450351277831942 2.2886540819890824 2.2452351371757682 1.1164581682533024 1.375742496922612 11.487965676002203 2.4009704939089724 5.0435828771442175 42.719241447746754 1.0926177422516046 0.69249749323353071 0.70953305158764113 2.1980580245144665 3.518413837067782 6.0651012277230629 8.7627787403762323 22.281331806443632 15.831093593500556 3.2680401136167267 10.686502400785701 3.1215723226778129 34.7323829815723 5.4743027389049521
leaf_count=901 12935 26534 55 47 109 38 326 89 44 56 24 116 248 548 142 16 250 22 2375 974 193 36 43 517 64 52 27 94 58 52 87 27383 1199 65 433 17 48 687 395 764 59 73 41 51 322 89 68 1302 53 21 38 76 78 138 185 485 424 87 329 88 976 146
internal_value=0.000374965 0.000796477 0.00251003 0.00811172 0.0283467 0.0441562 0.00625694 0.0113993 0.00957477 0.0124796 0.00366073 0.032535 0.0551814 -0.00151619 0.0229144 0.00972182 -0.0188134 0.0500645 -0.00393729 -0.00499968 0.00933249 0.019994 -0.0122293 0.0242622 0.0401891 0.0485424 0.0922149 0.0327841 0.0428651 0.0501325 0.0633385 -0.00281438 -0.00214426 0.0567885 -0.015963 0.0380573 0.00569997 -0.0015125 -0.000850149 0.0076053 0.0113714 0.0396575 0.110853 0.15067 0.0227249 0.0505525 0.00609132 0.00989696 0.0569683 0.113274 0.152824 0.190044 0.0688802 0.0934524 0.00637872 0.00950976 0.0178171 0.0273434 0.0399496 -0.00862742 0.0459262 0.0795104
internal_weight=4893.99 4825.2 3543.89 633.445 51.762 39.5104 581.682 399.577 382.887 348.013 189.602 28.1693 34.5465 161.433 158.41 90.7897 34.8741 16.6902 1281.31 182.106 66.4452 152.287 17.4572 134.83 55.6318 48.3597 11.4521 36.9076 17.2334 24.2772 19.9565 1197.73 1169.41 14.817 70.6434 5.53116 7.33239 1145.89 1119.32 223.791 201.341 30.4985 4.73744 3.62098 25.7611 14.2731 170.843 156.614 9.73629 4.69271 3.60009 2.89056 11.9845 8.46607 146.877 138.114 95.3952 73.1139 54.1612 18.9527 50.8932 16.1608
internal_count=83192 70257 31424 4890 450 341 4440 2947 2788 2494 1333 172 303 1161 1161 687 294 159 38833 1493 519 1114 185 929 412 348 79 269 139 175 123 36458 35557 123 474 41 70 34358 33671 6288 5524 851 165 124 686 364 4673 4278 256 188 135 97 305 227 4022 3837 2535 2050 1538 512 1451 475
is_linear=0
shrinkage=0.05


Tree=72
num_leaves=63
num_cat=0
split_feature=5 120 212 163 75 93 228 127 229 62 75 70 237 58 68 215 105 241 190 76 159 189 67 103 34 142 161 204 182 127 149 115 172 231 71 192 63 231 79 64 208 99 99 151 28 129 24 231 215 134 176 76 235 159 173 235 83 164 176 93 174 206
split_gain=22.2837 14.1829 8.84815 9.33783 9.25077 11.7465 12.9415 10.4501 10.0326 9.24128 9.20726 9.00823 12.7038 10.6783 8.50241 8.388 9.60611 14.0252 15.6209 11.2396 9.42865 9.74691 9.16008 8.64539 10.5619 13.9334 23.8304 16.8419 19.6527 11.5222 10.1384 10.2671 14.1112 10.5691 10.1984 10.4966 11.1519 9.96015 11.1039 9.47276 9.30267 10.362 8.49419 8.36095 13.1726 12.7287 12.0055 12.903 11.0193 10.8807 10.401 18.1021 9.61248 10.2606 10.1751 9.44465 8.90137 12.4389 15.3203 11.5187 10.6024 10.3843
threshold=123.15000000000002 0.0017500000000000003 1.048878156797544 -0.78046181095276046 5.9649014778325133 0.028608104858104864 0.22124343159986501 0.26726124191242789 -0.094923382050974794 0.073373638188453022 4.9055059523809534 6.2703552609213 -0.8693687084553342 0.19523809523809524 7.1677525466893046 -1.0606448697503612 0.0656955525377695 -0.04097421925819339 -0.1351833432186883 -0.32101770063529694 -0.67420686230840754 -1.4573115868480706 0.21244358478401035 0.096799795186891982 11.500000000000002 -0.43119553425008661 -0.36769754006334138 -0.60443523409150179 -0.60302986258876323 -0.72435582280029642 0.42516075231436573 -1.0000000180025095e-35 -0.62778816630152934 -1.6922690210603164 110.50000000000001 -1.597182405191665 7.5720046082949315 0.71318648024836251 0.76408730158730165 59.500000000000007 -2.5106471309397969 6.5000000000000009 6.5000000000000009 -0.58103644569539581 0.38505568894224357 0.11833229186277873 0.35715363068304251 -0.00050710708779306494 -0.45456425792158467 -0.96593497410564277 -0.36805040070532319 -1.1800748355770361 -0.50330925272391502 -1.6331003065946201 -1.466053988798979 0.83873035976217769 60.336666666666673 -0.54770407022808321 0.54083214258819312 0.03241249491249492 -0.47816403601987256 -0.29509323958628814
decision_type=2 2 2 2 2 2 2 2 2 2 2 2 2 2 2 2 2 2 2 2 2 2 2 2 2 2 2 2 2 2 2 2 2 2 2 2 2 2 2 2 2 2 2 2 2 2 2 2 2 2 2 2 2 2 2 2 2 2 2 2 2 2
left_child=1 15 -3 -4 10 6 -6 8 9 14 11 -5 13 -13 -7 16 -1 -18 19 -19 21 -17 23 40 30 26 -26 -28 -29 -27 31 33 -33 -25 35 36 -35 -37 42 -30 41 -22 -39 45 46 50 52 48 -48 -46 -14 -52 54 -54 -45 -49 59 61 -59 60 -55 -58
right_child=-2 2 3 4 5 7 -8 -9 -10 -11 -12 12 43 -15 -16 20 17 18 -20 -21 22 -23 -24 24 25 29 27 28 39 -31 -32 32 -34 34 -36 37 -38 38 -40 -41 -42 -43 -44 44 49 -47 47 55 -50 -51 51 -53 53 56 -56 -57 57 58 -60 -61 -62 -63
leaf_value=-0.015466364509895717 -0.028088297814363936 0.0012389882450293253 0.04886190884148061 -0.0047866851215867456 0.018337194441114767 0.011624771925300502 0.16019611469970171 -0.018912143894930834 0.00040025484852892237 0.0044053454091718749 -0.039469210852866997 -0.023478170311997712 0.011697322029156736 0.061146410313970702 0.18004581593143365 0.059456024761086537 0.0019205013957944361 0.023967002201510768 0.00752703124998112 0.21634332493402375 -0.02692708078073875 -0.016512021631955056 -0.032023284920907585 0.082131445112887932 0.00028089979095178723 0.077606638295291533 -0.020853360247254822 -0.018148755849138717 0.010296719865613185 -0.025543868170732315 -0.021974799984920856 0.11921508000435713 0.019774574334849238 0.16697871214877352 -0.035779907312658829 -0.0073938783124566886 -0.021841195606563637 0.14847714955924429 0.011620154450485427 0.27876183153528122 -0.0040625742175264832 0.12954061587016522 -0.003325536667498455 0.059347019741722053 0.050817625945584255 -0.016271221297048419 0.056862048762686704 0.11631067591110754 -0.033158392348426893 -0.013469442316599637 -0.00038269515815183013 0.12078404987300834 -0.021629484204391137 -0.021507660189543226 -0.015704548934959883 0.014259325956188113 0.082404282614680302 0.0067218804206644212 0.067446036807313703 -0.0025677112589569794 0.051460467829022631 0.024062780722530003
leaf_weight=8.3650793260894734 66.86290780082345 2928.9481465844437 12.620958669111131 136.91238225623965 3.7187586706131723 1.2862544618546992 2.4744503665715456 10.874081205576656 6.3241135650314382 2.297644779086113 10.175906328484414 39.119400054216385 8.7877103313803708 3.1248476020991793 1.9793147458694873 3.3361899568699291 7.921993903350085 1.4833037480711939 3.0845755580812675 1.9471420086920259 1.1912671597674482 179.41932205064222 24.680830345023423 3.0053676352836183 4.4143222663551569 2.780876087024807 0.81046536099165667 0.66724938992410932 0.49902198975905987 8.5069530736654979 28.97651037061587 3.5816032490693059 19.86832177778706 1.0206115660257626 15.961383407004176 51.986036829650402 0.87375044217333186 2.1689037657342882 12.756651795003561 2.1475113211199641 882.4080822551623 1.6976264454424379 1.1497419867664573 4.0346397608518592 6.2388129420578471 7.4703504368662825 5.5810959823429585 7.2872859798371774 6.034781217575075 70.998109929263592 4.360708191990855 8.8368598073720896 15.118923924863337 5.6961053833365467 42.571584153920412 3.7127433530986309 16.487268999218941 58.865319058299065 11.759696226567028 66.865825094282627 21.179866414517164 16.140487994998693
leaf_count=263 12935 26666 92 874 85 33 47 280 167 61 179 284 65 19 46 65 227 16 91 61 36 4241 676 71 128 94 31 24 14 318 950 75 490 26 387 1476 29 44 380 62 28484 44 30 24 41 55 33 52 48 525 26 68 88 37 304 26 95 363 78 438 128 97
internal_value=0.000361995 0.000763056 0.00239008 0.00781845 0.00687681 0.0340184 0.090102 0.0153983 0.0462042 0.0895168 0.00545056 0.00633331 0.00988617 -0.0158336 0.133157 -0.00375274 0.0256342 0.0492318 0.0981842 0.158474 -0.00431112 -0.014782 -0.00250784 -0.00177704 0.00883034 0.0421065 0.0866324 0.15999 0.19996 0.0037091 0.00386471 0.0107069 0.0394217 0.00272465 -0.000908449 0.00736963 0.100704 0.00327887 0.0364981 0.246218 -0.00372162 0.0734008 0.106135 0.0127326 0.0105419 0.0380144 0.0155578 0.0498415 0.0107763 -0.00762958 0.0565829 0.0831892 0.0123612 0.0168733 -0.00799226 0.0863415 0.0199479 0.0300373 0.0177033 0.00858237 0.0355994 0.0552661
internal_weight=4891.46 4824.6 3547.88 618.936 606.315 28.9546 6.19321 22.7614 11.8873 5.56321 577.361 567.185 430.272 42.2442 3.26557 1276.71 22.8021 14.437 6.51502 3.43045 1253.91 182.756 1071.15 1046.47 161.175 19.8264 8.53857 4.12425 3.31378 11.2878 141.349 112.372 23.4499 88.9224 85.9171 69.9557 1.89436 68.0613 16.0753 2.64653 885.297 2.88889 3.31865 388.028 358.573 29.4556 281.336 22.6159 11.6159 77.2369 21.9853 13.1976 258.72 212.113 46.6062 11 196.995 103.253 70.625 93.7418 26.876 32.6278
internal_count=83192 70257 31424 4758 4666 719 132 587 307 140 3947 3768 2894 303 79 38833 658 395 168 77 38175 4306 33869 33193 4629 671 259 131 100 412 3958 3008 565 2443 2372 1985 55 1930 454 76 28564 80 74 2591 2377 214 1811 159 81 566 159 94 1652 1324 328 78 1236 633 441 603 165 192
is_linear=0
shrinkage=0.05


Tree=73
num_leaves=63
num_cat=0
split_feature=6 190 163 193 188 197 106 97 207 3 76 209 205 95 204 235 220 208 172 171 140 3 41 209 48 236 33 199 77 79 143 236 67 153 69 202 42 214 88 233 234 174 212 162 96 215 64 89 233 193 153 140 95 213 176 65 168 228 240 146 116 232
split_gain=20.7387 12.3306 12.5859 9.39842 10.8101 11.5636 13.1434 12.22 10.1741 9.17085 8.8702 9.6121 9.51532 13.8969 12.2055 11.1507 10.975 9.99625 9.72669 9.99193 8.91742 8.88448 8.81239 9.1353 10.5977 13.0512 13.3909 14.6436 12.5174 13.3695 13.0408 13.1849 10.8475 10.3757 9.94973 9.91523 14.1565 12.6283 9.80761 9.63843 9.82476 9.82438 10.1181 10.208 10.4691 12.4355 12.3446 10.0047 10.6329 9.57987 9.3197 10.4519 9.09678 10.3162 11.1729 11.2663 11.2472 10.4305 9.93822 9.81573 9.73875 9.21589
threshold=3.8210030072102503 1.5803794879520303 -1.021576904332097 -0.64516753272397398 -0.032166932353877652 -0.65957110186146872 7.1285764699495093 26.000000000000004 -0.28301261635371361 455.00000000000006 -1.1489910296391928 -1.0151109130053053 0.6491442171008851 -0.66145833333333204 -0.5439991894633881 -0.66533127752668031 0.94497678691631981 -1.1292921552403168 0.024626625491762408 -0.15880334429176432 -0.27230567001251943 485.00000000000006 5.5000000000000009 -0.35092233164313413 3.2583333333333337 -0.5742096737293062 34.95000000000001 -1.3646556434606145 0.74166666666666681 3.1273148148148153 1.2278630087555646 -0.440372441551803 0.075962363215761719 -1.2813090152439572 0.22243923611111113 -0.033887082663644368 0.63333333333333341 1.609803054866956 -11.235955056179742 -0.79032531555124741 1.1441726050279226 -1.5152344639033375 0.84572722384317511 -0.08661399435749112 0.12219708396178985 -0.44717993751862023 546.50000000000011 4.1625715581113321 0.93918546778638323 -0.70587205976919465 -1.1755164741267798 0.65436362959324867 1.6449579831932797 0.1351010785202281 -0.53971080741895749 0.051859535884432158 -0.40729900055133561 -0.031992169387595429 0.10984767800548378 0.41535258649691525 1.0000000180025095e-35 -0.62285461725099789
decision_type=2 2 2 2 2 2 2 2 2 2 2 2 2 2 2 2 2 2 2 2 2 2 2 2 2 2 2 2 2 2 2 2 2 2 2 2 2 2 2 2 2 2 2 2 2 2 2 2 2 2 2 2 2 2 2 2 2 2 2 2 2 2
left_child=10 2 -2 4 5 -3 -7 -8 -9 -10 11 12 15 -14 -15 -1 21 20 -19 -20 -17 -16 23 34 25 49 -27 35 33 30 32 -32 -30 -29 52 36 37 38 -28 -26 -41 -42 43 44 50 46 -46 48 -47 -25 -43 -52 53 59 -55 -56 57 60 -58 61 -57 -13
right_child=1 3 -4 -5 -6 6 7 8 9 -11 -12 22 13 14 16 17 -18 18 19 -21 -22 -23 -24 24 39 26 27 28 29 -31 31 -33 -34 -35 -36 -37 -38 -39 -40 40 41 42 -44 -45 45 47 -48 -49 -50 -51 51 -53 -54 54 55 56 58 -59 -60 -61 -62 -63
leaf_value=-0.040471000899416867 0.087458090809796482 -0.0090002082537336391 -0.018216781630212123 -0.036188597056461817 -0.0022155664362668876 -0.019025575734691727 -0.013528695628137931 -0.0084959972177473166 0.013447610194283647 0.29424296239330672 -0.00083667787572444573 0.039259558991154797 -0.017946388479686555 0.092121144182641432 0.062127490128277146 0.022446621703251787 -0.049004307512336059 0.08226142040517688 -0.031522408414672409 0.035665524797237697 -0.030663966610291887 -0.014215676368841676 0.072014512620082849 0.018217612578656367 0.013693067563014397 0.041036567390332158 -0.023560307138736275 0.052938536131011515 0.034932743608510709 -0.019466229878407484 0.089456289312283332 -0.010040354115038768 0.12028016452595403 -0.017520832762592264 -0.047516724172419617 -0.01781573020563159 -0.04183164834734452 -0.031622847616068692 0.033211756410923103 -0.0025059102508414774 -0.036772516656749098 0.035464830059915929 0.025801493036112757 -0.013155477866197546 0.11131858462742975 -0.017874454769976778 0.0055589949335768385 -0.05119398673345267 0.048579576429106909 -0.027087347704398263 0.0069774609131935082 -0.023992580832586374 -0.029649590144325319 0.030494731817509797 -0.025582039677318848 -0.023880068416322068 -0.017433870014561492 0.0029276140783537565 0.019364759195909353 -0.040810506892283556 0.057964680785317427 -0.013269716704809234
leaf_weight=9.7725141718983632 1.8648721501231182 1.5304195601493109 218.87142926733941 2.8620678894221774 4.2582706934772423 0.75692406948655877 0.498128644190729 0.31929176161065687 0.49103347025811706 1.298414150252938 2613.9478671131656 9.3214347064495069 8.4825561456382257 11.163535922765734 12.954920962452894 13.650791469961407 3.107967682182788 6.9093604534864417 6.7208707183599499 18.871303524821997 16.121775783598423 4.6647833026945582 3.5843642465770236 17.384018935263157 159.15452083200216 47.861074160784483 7.8481454551219931 6.3218400999903706 7.4518884457647863 5.4364477992057791 3.8667656145989886 9.7938930913805944 10.470689326524733 17.195953562855721 12.267433159053324 41.779422540217638 9.991853363811968 9.8996630758047086 60.782833091914654 793.99978766962886 11.140416853129862 20.235312595963478 70.243146754801273 61.645100768655539 7.0492890924215299 8.4433863982558304 4.5223190933465958 4.0423219949007025 16.300280973315239 30.964937228709459 122.85009453445673 33.92252255231142 28.549684692174196 35.384510193020105 33.506500389426947 3.6381344720721271 55.434807799756527 30.394687362015247 26.146551888436079 25.397268805652857 22.430231817066669 42.495578669011593
leaf_count=67 173 148 27450 317 366 65 44 29 45 74 42389 57 54 62 78 84 20 44 42 112 102 27 20 93 946 261 45 42 62 43 25 72 75 127 68 217 52 47 309 4797 63 109 376 369 40 50 26 26 93 188 674 196 181 199 212 22 335 178 152 156 124 273
internal_value=0.000360095 -0.0141712 -0.016911 0.0332131 0.0568349 0.10072 0.142408 0.182947 0.22039 0.251427 0.00109055 0.00355974 0.0177158 0.0368709 0.0517058 0.00655527 0.0264707 0.014537 0.0333112 0.0173111 -0.00621205 0.0419693 0.00272346 0.00255457 0.00410807 0.0127979 0.0175942 0.0115058 0.0316139 0.0493597 0.061594 0.0219627 0.0887799 0.00260216 -0.00507085 0.00195594 0.0114381 0.0187195 0.0264028 0.00219699 0.000597241 0.00743578 0.00896116 0.00462661 0.00972968 0.0324062 0.0741141 0.0135469 0.0258955 -0.0106574 0.00437837 0.000134863 -0.00324356 -0.000478233 0.00532799 0 0.00633674 0.0233068 -0.00548781 -0.0159721 0.0458974 -0.00316108
internal_weight=4888.27 232.751 220.736 12.0146 9.15248 4.89421 3.36379 2.60687 2.10874 1.78945 4655.52 2041.57 112.42 40.3738 31.8912 72.0466 20.7277 62.2741 32.5015 25.5922 29.7726 17.6197 1929.15 1925.56 1600.6 287.049 238.7 190.839 60.5375 37.0197 31.5832 13.6607 17.9226 23.5178 324.967 130.302 88.5225 78.5306 68.631 1313.55 1154.39 360.394 349.254 279.011 217.366 40.3576 11.5716 28.786 24.7437 48.349 177.008 156.773 312.699 284.15 206.935 171.551 138.044 56.4631 81.5814 77.2143 26.0684 51.817
internal_count=83192 28711 27623 1088 771 405 257 192 148 119 54481 12092 692 241 187 451 125 384 198 154 186 105 11400 11380 9423 1658 1377 1116 446 277 234 97 137 169 1957 670 453 401 354 7765 6819 2022 1959 1583 1214 235 66 169 143 281 979 870 1889 1708 1222 1023 811 324 487 486 146 330
is_linear=0
shrinkage=0.05


Tree=74
num_leaves=63
num_cat=0
split_feature=5 120 248 169 56 215 244 83 104 61 63 161 128 207 2 239 91 128 195 39 84 229 115 134 1 217 170 207 194 140 84 173 232 104 244 159 49 236 146 247 202 105 203 61 239 143 96 236 71 111 71 126 248 104 203 134 189 106 160 141 230 240
split_gain=19.8583 11.9377 8.81941 9.35943 11.4877 9.6607 11.8444 13.8648 13.7049 11.46 10.4477 10.5278 12.4291 9.15371 8.97976 10.3745 12.2884 12.9298 13.5298 14.3967 11.37 10.8552 10.4616 12.7357 14.6849 12.3079 12.7777 9.78627 21.0356 9.09148 8.70804 7.95486 7.85644 12.5637 19.8127 7.82575 8.89589 15.3674 8.32207 8.23352 12.1156 11.8456 11.6036 12.5538 11.4269 10.0601 11.0707 9.72939 9.34589 9.49621 8.4914 10.2004 9.43952 9.75694 12.2027 8.27065 8.23129 8.02269 7.971 8.24768 10.2273 14.2098
threshold=123.15000000000002 0.0017500000000000003 -0.91376502496766188 1.0002552974381316 3.8500000000000005 -0.98055824139418013 -0.35357404172943385 63.306250000000006 0.058257063639988511 7.7508404889716838 6.8278588926996582 -0.35389967240465586 0.85183187481700717 -0.26273006582979269 54.500000000000007 0.80323940553771245 0.058632543926661583 -0.78500249324972693 -1.1288283808108688 1.5000000000000002 72.050000000000011 -0.15231032784860227 -0.19499999999999998 -0.38616513480362907 11.500000000000002 -0.78406228421825064 1.0000000180025095e-35 -0.5035944552095829 -1.1035622003484582 -0.69722078055085157 47.250000000000007 0.67035701394916958 0.68652414866201761 0.093228085396461449 -0.28883112072054345 -0.72535434588775305 11.000000000000002 -0.49275800636674516 -0.56373594880097466 -0.89659764705419265 -1.4635798469265575 0.014185110663983905 0.7669966423024609 7.5809129865492215 0.43291541374664594 -0.87897644231492389 0.1092195498889211 -0.54743847895918962 11.500000000000002 0.57000000000000006 13.500000000000002 -1.0000000180025095e-35 1.1725554802410743 0.096646465277560864 -0.38346622885389986 -0.68515716100012469 -1.4573115868480706 7.4685902609631434 -1.0105468801255437 -1.0253918798505688 -0.19218102744259327 -0.70281006558977477
decision_type=2 2 2 2 2 2 2 2 2 2 2 2 2 2 2 2 2 2 2 2 2 2 2 2 2 2 2 2 2 2 2 2 2 2 2 2 2 2 2 2 2 2 2 2 2 2 2 2 2 2 2 2 2 2 2 2 2 2 2 2 2 2
left_child=1 2 14 5 -5 6 -4 -8 -9 10 -10 -12 -13 31 -1 21 17 -17 -19 -20 30 22 23 24 25 -16 27 -27 -29 -30 -21 -6 -23 -34 -35 36 56 38 -38 41 44 42 43 -37 -41 46 -43 -45 -49 -50 51 -47 -52 -54 -55 -53 -7 -48 -42 60 61 -60
right_child=-2 -3 3 4 13 35 7 8 9 -11 11 12 -14 -15 15 16 -18 18 19 20 -22 32 -24 -25 -26 26 -28 28 29 -31 -32 -33 33 34 -36 39 37 -39 -40 40 58 45 -44 47 -46 50 57 48 49 -51 52 55 53 54 -56 -57 -58 -59 59 -61 -62 -63
leaf_value=-0.0093964586891850822 -0.02710336884651068 0.0022040596128235506 -0.022711357095814257 -0.019656777225239268 0.11414804048092678 0.062824574549937215 -0.010682600365557337 -0.009058702536862388 0.02293795677740041 0.014516552418233198 0 0.22783988613171968 0.0019135274003637206 -0.032756578270269281 -0.01467334782981768 -0.023520657163129954 -0.021455792874361404 -0.0068467022400642633 -0.025356897090752575 0.058046140313655847 -0.0016333325982298538 -0.024856242932886019 -0.026989426834556098 -0.01808716164904841 -0.0067974327162373949 0.026305824145117947 -0.01058742891940721 -0.023833551092444106 0.023336018330385927 0.22752860728814062 0.21046215176209007 -0.023280672598016462 -0.013353234173785384 0.18376614405920622 -0.029211130871835234 0 -0.0062030274024382709 -0.026631328566646736 0.13740990025688415 0.12887491638150356 -0.030329237938667 0.12226596287287934 -0.033193472983755357 -0.0014214730252852341 -0.028446020836068238 -0.022073201477768666 -0.032669063864842668 -0.014199048747442718 0.21296756197695677 0.0035605231639767847 -0.033651094070900694 -0.01336320447030637 -0.0066193257763563487 0.13123134664992486 -0.016983177010991595 0.10357901874373648 -0.02288423214907729 0.046105895313888763 0.089977031537565436 -0.0045819565839669511 0.038754157366517737 -0.034944140413396697
leaf_weight=39.785000111907721 64.007491830736399 3552.3395407362841 8.6993506532162446 138.88034650497139 3.1150556281208992 1.9127947073429812 7.3430068106390562 3.6896074949763706 2.189771465957163 3.375136561691761 0.8612985862419017 3.2421735362149766 0.78308619186282147 1.8448895043693472 1.802298991009599 2.3015785827301452 3.7659046803601077 2.3545732595957825 1.0856539672240595 2.5477845990099013 1.0704546226188538 23.683395261876285 5.0955560770817092 5.0132711683399966 4.4435338722541919 2.1093116141855761 1.4645684584975232 0.9638258665800129 0.94549626111984597 4.301835108548393 3.8780370885506272 0.94357071071863163 6.5113273160532099 1.5183359114453199 1.4491024496965108 2.8435817779973132 1.2288110638037326 4.8004800942726416 2.371842916123569 2.2538799787871535 27.54980844212696 2.3612758819945148 1.965681728441268 1.1037032310850916 1.246056269854307 4.0884487018920481 4.2850319687277061 0.50001186225563321 2.7304702871479098 0.73099817195907224 25.228627410251647 1.7232375759631393 18.194717494305227 2.2266112728975713 1.9884071932174254 4.3121532732620818 99.535673524718732 7.4277415024116635 1.7561557139269997 717.67111944919452 23.513009019196033 12.184204125776885
leaf_count=1223 12935 31424 203 4538 71 29 216 129 51 106 23 87 24 63 47 58 84 56 28 62 27 736 166 275 96 52 34 22 26 84 82 29 170 33 44 92 23 92 45 51 908 53 80 42 24 148 133 18 83 26 882 45 610 58 77 135 2360 214 38 22832 524 266
internal_value=0.000345323 0.000716326 -0.00344352 -0.00477105 -0.0166226 -0.00304887 0.0243341 0.043769 0.0712123 0.0983029 0.130901 0.166317 0.19401 0.0465399 0.00962344 0.0195982 0.0529566 0.0744965 0.0957853 0.122242 0.144675 0.00923058 0.0327643 0.0480277 0.0688451 0.0964854 0.116885 0.138588 0.16709 0.201161 0.166659 0.0829233 -0.00958936 0.0268107 0.0973535 -0.00392331 -0.0164427 0.0303181 0.0966165 -0.00231587 -0.00389507 0.0126813 0.0613804 0.0865349 0.0778794 0.00516777 0.0415868 0.127176 0.157077 0.180576 -0.00417752 0.0351963 -0.0131994 0.0100652 0.070504 0.0723253 -0.0206219 0.0165905 -0.00436604 -0.00337333 0.0191729 -0.0139033
internal_weight=4885.14 4821.13 1268.79 1152.7 144.784 1007.92 30.1834 21.4841 14.1411 10.4515 7.07633 4.88656 4.02526 5.90352 116.091 76.3058 17.004 13.2381 10.9365 8.58193 7.49628 59.3019 26.1397 21.0441 16.0309 11.5873 9.78504 8.32047 6.21116 5.24733 6.42582 4.05863 33.1622 9.47877 2.96744 977.735 109.85 8.40113 3.60065 867.885 786.174 81.7107 9.87445 7.90877 3.49994 71.8363 14.074 5.06518 3.96148 3.46147 57.7622 10.1238 47.6384 22.4097 4.21502 6.03539 101.448 11.7128 782.674 755.124 37.4534 13.9404
internal_count=83192 70257 38833 35428 4701 30727 839 636 420 291 185 134 111 163 3405 2182 397 313 255 199 171 1785 802 636 361 265 218 184 132 110 144 100 983 247 77 29888 2549 160 68 27339 24643 2696 341 261 75 2355 400 169 127 109 1955 328 1627 745 135 180 2389 347 24568 23660 828 304
is_linear=0
shrinkage=0.05


Tree=75
num_leaves=63
num_cat=0
split_feature=5 104 115 78 241 95 106 29 238 70 33 221 94 182 239 67 54 248 92 64 152 195 115 152 148 78 157 125 164 168 175 78 229 96 72 70 65 197 20 229 54 243 86 211 235 240 77 193 242 237 176 189 5 204 176 207 220 102 30 76 205 128
split_gain=18.4615 9.17625 8.75759 9.55809 12.0243 14.0666 16.0017 9.12004 9.95208 8.97413 9.07669 10.0981 9.69262 11.7679 11.4109 13.3137 11.7553 9.98656 11.4633 12.4364 9.41075 9.29092 13.9436 9.56356 12.041 10.7809 9.27043 10.0246 13.9317 10.2068 13.2207 12.2609 10.8391 10.1794 10.135 12.8444 10.3675 12.0513 9.52483 9.09391 12.7963 12.6545 14.6858 11.5469 10.3116 9.76642 9.53983 11.8981 9.44239 9.2536 10.6025 9.03041 14.162 12.4617 11.2256 12.3913 11.0024 11.1308 10.6355 10.273 9.38745 8.86536
threshold=120.45000000000002 0.072534862150578916 -0.16833333333333325 3.2500000000000004 0.70397597178514515 -0.53229166666666561 7.5617430322486507 186.05000000000004 1.0000000180025095e-35 10.385290148448044 38.250000000000007 -1.9364365035074658 -0.087329337329337314 -0.68494911071966857 0.10197862155870105 0.19900990099009905 1.5000000000000002 0.55589389638375708 0.3246621621621622 255.50000000000003 1.4951164089055986 -0.037292328131568651 -0.77888888888888885 0.73930601136535368 -0.61921304241941899 0.17500000000000002 -0.57286327943607451 -1.1457898918771356 -1.2069598640359429 -0.44194559888271939 0.58554780368594506 0.37500000000000006 -0.61007379234403514 0.11121248986212491 0.060292895720814303 7.2381611924548226 0.08391036757047611 -0.7809988921141624 0.19260868488809665 -1.2335565041397276 1.0000000180025095e-35 1.1515151515151516 1.810339933923796 0.10632649742297347 -0.89873073469380971 -0.48910234006954417 0.84166666666666679 -0.24470657211754626 1.8453346747868247 -0.71730581509917501 -0.48731647048510113 -0.64399241374672178 12.350000000000003 -0.75139305792153721 -0.31726265053861058 1.0411074895298646 0.83352179054370379 1248.5000000000002 35.851666666666681 -1.9504088791194054 -0.47869377028245236 -0.27619195065617391
decision_type=2 2 2 2 2 2 2 2 2 2 2 2 2 2 2 2 2 2 2 2 2 2 2 2 2 2 2 2 2 2 2 2 2 2 2 2 2 2 2 2 2 2 2 2 2 2 2 2 2 2 2 2 2 2 2 2 2 2 2 2 2 2
left_child=1 2 9 7 5 -5 -7 8 -4 10 12 -12 13 17 15 20 39 -1 -19 -20 -14 -15 -23 24 -24 -26 -13 -28 33 34 -31 32 -32 -29 35 -30 -37 -38 -36 40 41 42 -16 51 49 -42 47 -44 -43 -45 -51 52 53 -41 59 -56 57 60 -57 -53 -55 -34
right_child=-2 -3 3 4 -6 6 -8 -9 -10 -11 11 26 14 21 16 -17 -18 18 19 -21 -22 22 23 -25 25 -27 27 28 29 30 31 -33 61 -35 38 36 37 -39 -40 43 45 48 46 44 -46 -47 -48 -49 -50 50 -52 54 -54 56 55 58 -58 -59 -60 -61 -62 -63
leaf_value=-0.0082148844518293747 -0.026472845290489346 0.0025460393698610723 -0.030375802902037438 -0.037958640142758626 -0.041835843353103579 0.0088308716272162482 0.15223654163494132 0.057563564107212098 -0.0064323679614810732 -0.028210635036810636 0.048586810589303364 -0.030688485093488527 -0.00016425240756513413 -0.032299186942265037 0.0025318897361914783 -0.033128672456120709 -0.012406567413961825 0.0078248036222094471 0.0022329763786207431 0.16735616728481781 0.051681290882420586 -0.018991907590494805 -0.0076897256553498834 -0.037642828007830149 0.0075955765766180551 0.1400432292354172 -0.028316565371059373 0.12309796145362034 -0.0018760438468531525 -0.014476968750543433 -0.015029089400605117 -0.029194926441352589 0.0043782793256528472 0.017835573971909532 0.064137013305678461 0.025989351519358623 0 0.15407404148682363 -0.017503298044095238 0.081077242362149263 0.038839131356254497 0.11147989725849627 0.0064568723398848327 -0.0062422806667535675 -0.0079744924155641418 -0.022513663783239997 0.027159788813820192 0.16370233617748639 0.0028901527555576668 -0.020070599471087507 0.10175542572410418 0.054394748367896484 -0.010084701095830232 -0.034825135345201166 0.010873414984534903 0.13487093504138004 -0.022474129704681337 0.089525869551669968 0.0082166315374540746 -0.0198590757341995 0.032688888521304679 0.16442034566522024
leaf_weight=14.815398197155448 64.399847224820405 2308.6157977213152 46.160776732955128 2.1184431887231758 3.0170228499919167 3.6577512808144084 3.73303726548329 4.3069476853124788 587.23501192638651 26.904548256192356 6.8133039893582454 41.323693771380931 738.3455997267738 55.970546139404178 24.532321727368981 29.738990989979357 61.153766558971256 6.8047721842303854 1.8813375052995978 2.2939769085496664 7.8559240130707613 33.672090285923332 3.9168939893133929 2.3789358166977754 2.5097440290264776 4.0085089351050556 39.081094800960273 2.5769049916416398 12.122879064641895 142.9982374869287 1.6219288478605447 2.8902155165560544 1.3025847887620332 8.07429281901568 3.1338474284857538 8.6015910259447974 1.7081124945543704 3.930901836603879 25.128516153432429 12.232467539608477 8.9123151558451372 8.1888921302743238 1.9175692303106187 6.9012283529154956 134.88545157760382 17.743803402874619 8.3164995322003943 3.1099726469255975 2.7513162009418002 1.9784371540881691 5.4893973721191269 4.1697815060615531 20.329958186950535 4.9954776167869559 181.52412094734609 2.8573445109650484 9.0407249778509122 7.1725649759173384 3.3077106741257012 46.685434577986598 39.610381405800581 2.5694945016875845
leaf_count=261 13289 32122 781 45 47 54 61 51 8002 844 97 806 12037 842 320 430 728 172 25 23 298 727 39 80 48 69 714 52 208 2436 36 48 24 178 20 198 37 61 398 83 115 97 30 125 1447 242 86 30 31 30 86 18 695 45 2305 35 67 51 41 631 292 36
internal_value=-8.54545e-05 0.000272108 -0.0018234 -0.00681106 0.0347654 0.061213 0.0913708 -0.00768872 -0.00823034 -6.75692e-05 0.000359601 -0.0075122 0.00193844 -0.011154 0.00315392 -0.000877925 0.00821907 0.0184304 0.0524848 0.108728 0.000443316 -0.0187569 -0.00200953 0.0403982 0.0603627 0.0975049 -0.00897432 -0.00534031 -0.00106182 -0.00407361 -0.0107667 0.0467805 0.0858597 0.0521109 0.014245 0.0359819 0.0665466 0.114425 -0.00639738 0.0105122 0.0265787 0.0415434 0.0263484 0.00793187 -0.00357651 -0.00115728 0.0665562 0.115578 0.087119 0.0352156 0.0703311 0.013117 0.0262494 0.0364282 0.0078671 0.0135159 0.0262009 0.0350592 0.0782462 -0.0127428 0.0244204 0.123557
internal_weight=4876.03 4811.63 2503.01 650.229 12.5263 9.50923 7.39079 637.703 633.396 1852.78 1825.88 303.878 1522 128.252 1393.75 775.941 617.807 25.7955 10.9801 4.17531 746.202 102.457 46.4862 12.8141 10.4351 6.51825 297.064 255.741 216.66 206.008 151.382 8.38422 5.49401 10.6512 54.6258 26.3635 14.2406 5.63901 28.2624 556.653 75.4727 48.8166 37.8764 481.18 149.255 26.6561 13.344 5.02754 10.9402 14.3691 7.46783 331.926 93.3816 73.0516 238.544 187.689 60.8191 51.7784 6.16506 50.8552 44.6059 3.87208
internal_count=83326 70037 37915 9041 207 160 115 8834 8783 28874 28030 5349 22681 2286 20395 12765 7630 481 220 48 12335 1805 963 236 156 117 5252 4446 3732 3502 2580 144 96 230 922 504 296 98 418 6902 951 594 466 5951 1688 357 146 60 128 241 116 4263 1233 538 3030 2381 455 388 76 649 337 60
is_linear=0
shrinkage=0.05


Tree=76
num_leaves=63
num_cat=0
split_feature=6 104 225 239 64 65 128 103 125 221 238 148 238 195 3 245 62 69 193 67 31 16 177 214 193 175 69 174 166 217 17 146 215 96 235 105 91 238 109 235 183 204 87 159 44 63 197 134 248 104 178 33 242 126 190 228 23 155 63 229 236 193
split_gain=17.1585 8.1941 11.235 8.75613 9.85323 9.41063 11.2233 15.9379 11.102 10.2571 12.1102 10.272 9.52123 10.0656 9.5136 11.0496 11.1405 10.315 12.047 10.0924 10.0292 9.88829 11.9873 10.9452 11.7228 10.6662 10.1789 9.7694 9.70031 10.1127 9.69373 10.0791 9.48028 9.35133 11.1806 11.8936 9.29529 8.73649 8.83942 8.59895 10.4327 10.2178 10.3944 9.96017 10.8727 9.35784 10.1594 8.55687 10.3536 15.0477 9.1523 8.71973 8.85456 13.0274 8.52882 8.45102 9.14113 9.6331 8.44863 11.2617 9.34982 9.13599
threshold=4.7912346429027162 0.072534862150578916 1.4650898139204316 2.4495878754600233 799.50000000000011 0.013483214155859898 -0.40725186521688495 0.031304442508710804 0.4083646715783173 0.35753747801521268 -0.78724939533977623 0.82726907120396997 0.94901190331959373 -0.53428800143144162 487.00000000000006 -0.46522323171618163 0.069548681079034932 0.20706669691470056 0.13696413560139933 0.15295242379934768 38.150000000000013 2.5000000000000004 -0.29509323958628814 0.73644908933865483 -0.38251083737480912 -0.10760612813471639 0.081661396953147461 2.4303149565139504 -0.15013948747161951 -0.30568298194463889 0.41666666666666669 0.46286635814550503 -0.182448159899018 0.11770383829207361 0.2795591670463104 0.019464835425053281 0.33771929824561409 0.22501056486915569 0.36666666666666675 -1.4288563159042798 -0.12651980829715936 1.6603924112783599 24.913987775032187 -1.040777484832853 5.5000000000000009 7.402779083983825 0.225403380082002 -0.67183493352649815 -0.45729841484251316 0.059214201705380776 0.5125708167309545 34.45000000000001 -0.56134314494245385 -0.90563253500878738 -0.22866714820461773 -0.26306806864953042 5.366666666666668 -0.0068045348910984521 8.3199264705882374 0.45840803420370796 0.089640959632540818 1.0510575841265448
decision_type=2 2 2 2 2 2 2 2 2 2 2 2 2 2 2 2 2 2 2 2 2 2 2 2 2 2 2 2 2 2 2 2 2 2 2 2 2 2 2 2 2 2 2 2 2 2 2 2 2 2 2 2 2 2 2 2 2 2 2 2 2 2
left_child=1 2 3 5 -5 6 7 12 -9 14 11 33 13 -1 17 30 19 27 28 20 21 26 23 24 -23 -26 -17 -7 29 -19 -16 -32 -22 34 35 -11 -20 -10 -39 -18 -41 42 43 -42 -45 46 -46 48 -35 51 -49 -50 -53 -54 -43 56 57 -44 -3 60 61 -60
right_child=-2 58 -4 4 -6 9 -8 8 37 10 -12 -13 -14 -15 15 16 39 18 36 -21 32 22 -24 -25 25 -27 -28 -29 -30 -31 31 -33 -34 47 -36 -37 -38 38 -40 40 41 54 55 44 45 -47 -48 50 49 -51 -52 52 53 -55 -56 -57 -58 -59 59 -61 -62 -63
leaf_value=0.14135909320385207 -0.025844723229247742 0.0033179823787826274 0.072205995554379496 -0.036725958276848693 0.049338141067920734 0.0018145480415449841 0.0014230681650650675 -0.01538613758359708 0.0074457856074922214 -0.034352204811737973 -0.01075631749009716 0.053189673353576938 -0.01543326768035827 0.046595922760205806 -0.014843378945260785 -0.0021315186294579478 0.053404096703342931 -0.014621870841167509 -0.050846737602625591 -0.02339560960978013 0.074951728649235813 -0.034861149516556202 -0.0044313188680260504 0.071701066047303738 0.077891963349442525 -0.0097142942010938708 0.070615084534942169 0.061399476170859058 -0.0019436803390284118 0.086590697186740409 0.11562731576402062 -0.029138286206058284 -0.009780175831694337 -0.014145118989255249 -0.0098254768898748887 0.10145921412251074 0.05789799453009551 0.11451432443248513 -0.007238007839562759 -0.039864931934625092 -0.025669014128675251 -0.017484829358216724 0.028542465382288929 -0.007341927700525254 0.0091357560166863278 -0.00078339716063535291 0.12188389808456826 -0.018123388861070278 -0.034276656379948187 -0.0096761736174933305 0.053572945345448243 0.0019667039353744643 -0.017210270788116027 0.12409011534629842 0.066504990272254927 -0.0059305161017769942 -0.020372252802167909 0.12885740628147088 0.022599608519049973 -0.018850587049841397 -0.019105217774579644 -0.040150139205431506
leaf_weight=4.1930197146721193 62.733899992424995 2123.744861616753 4.126936651300638 28.801980474963788 2.8241270650178185 813.43116600671783 138.13985133031383 20.40301129873842 10.11450600763783 1.4576134881935994 557.82773649832234 9.5478159072808904 2.5979242869652799 10.503847669810057 225.36930040502921 7.5885414793156114 5.0146571919322005 2.5710026007145688 5.7005027160048476 19.346955924294889 10.730460396967826 8.1621731994673627 94.255297346971929 9.9278652868233603 6.5671825530007499 5.8916826043277979 11.297124043107031 5.9459571363404384 6.2639947542920718 13.206525173038242 1.9266872243024402 1.4093148079700766 4.1629200754687181 17.65251178201288 6.3968169623985887 6.4579261634498835 1.811979269608855 4.2412092904560259 1.8209338337182996 21.369197812862694 68.652971999719739 3.9157168529927731 7.3959496747702351 167.92779687047005 4.0145132532343295 9.1951756970956904 3.6185480840504169 67.798448246438056 1.2972033098340059 10.573173091746865 3.7697359360754481 3.0723072942346326 1.6398051371797908 8.1419559298083168 7.9485049080103618 13.236498154699801 3.182039252948015 3.4074368961155441 55.040101434569806 102.28021168569103 25.807668546680361 5.5018268763087681
leaf_count=47 13289 29364 52 291 25 11949 2242 384 201 27 9288 341 40 225 5954 62 46 24 77 152 94 72 788 78 49 58 66 97 57 107 37 36 41 254 81 127 15 54 23 204 499 40 53 1377 42 89 26 1389 16 153 57 46 28 102 63 104 37 29 800 1488 357 113
internal_value=-7.08318e-05 0.000269569 -0.00171451 -0.00186774 -0.0276107 -0.00152396 0.0090709 0.0282063 0.00873404 -0.00242592 -0.0074777 0.00573979 0.0663897 0.0812336 -0.000187408 -0.00439149 -0.00018802 0.00340055 0.0319411 0.00979295 0.0139945 0.00970738 0.00440767 0.0311139 0.00892977 0.0384486 0.0424957 0.00232735 0.0500757 0.0699113 -0.0134602 0.0607015 0.0518281 0.00178464 0.0385031 0.0748413 -0.0203103 0.0385717 0.0813883 -0.0057861 -0.00691428 -0.0043623 -0.006354 -0.00954144 -0.00341579 0.0336966 0.0710916 -0.00307882 0.0144648 0.0348415 -0.0135918 0.0668764 0.0791828 0.10054 0.0391916 0.0224274 0.0482051 0.0688423 0.00241476 -0.00769195 0.00553258 0.0162562
internal_weight=4872.95 4810.22 2497.85 2493.72 31.6261 2462.09 192.014 53.8745 36.5797 2270.08 695.633 137.805 17.2948 14.6969 1574.45 725.515 496.809 848.931 29.554 177.93 158.583 143.69 124.804 30.5489 20.621 12.4589 18.8857 819.377 22.0415 15.7775 228.705 3.336 14.8934 128.257 14.3124 7.91554 7.51248 16.1766 6.06214 318.879 313.864 292.495 280.631 253.409 184.756 16.8282 7.63306 113.945 42.377 24.7244 71.5682 14.1513 12.8541 9.78176 11.8642 27.2219 13.9854 10.8034 2312.37 188.63 86.3496 60.5419
internal_count=83326 70037 37915 37863 316 37547 3216 974 662 34331 11909 2621 312 272 22422 10096 4069 12326 280 1460 1308 1173 1045 257 179 107 128 12046 188 131 6027 73 135 2280 235 154 92 278 77 2609 2563 2359 2256 2033 1534 157 68 2045 599 345 1446 192 176 130 103 223 119 82 32122 2758 1270 913
is_linear=0
shrinkage=0.05


Tree=77
num_leaves=63
num_cat=0
split_feature=5 70 197 125 157 75 243 96 175 196 104 243 178 115 89 61 173 65 155 20 242 5 126 49 35 162 242 71 133 189 163 183 145 164 189 230 119 96 70 33 196 196 7 196 125 232 128 186 193 168 157 207 241 246 126 72 198 240 89 234 241 64
split_gain=15.9342 7.86604 11.0842 12.3382 11.2267 8.3993 7.73033 9.70542 9.2088 9.06051 13.6066 8.26701 9.98888 9.57185 9.14292 8.0813 7.89921 7.82397 12.1473 15.5974 13.1107 8.9798 11.9955 8.9617 8.73287 8.71864 8.14067 9.00205 11.4803 10.5291 10.0636 9.41421 12.2335 9.98838 11.4852 9.30898 9.22231 8.26027 8.11978 8.08731 8.87006 13.8709 18.7623 19.3106 12.5308 9.87593 9.71834 11.9894 11.8901 10.5858 10.8917 9.64562 10.967 9.75485 9.63798 11.4006 12.7952 10.5338 9.06401 8.61479 8.05253 8.03152
threshold=120.45000000000002 6.6744734532689787 -0.44851211974913535 0.28201419806436406 1.0000000180025095e-35 64.881854436689949 2.5194367130088193 0.10861039479339352 0.69570987593798561 0.97835100317247481 0.045503845395385538 0.53783400913132373 1.186611131336418 7.6050000000000004 13.484583528780368 7.5617594430885573 -0.04728293801132942 0.013483214155859898 0.48376524660268905 0.68754084967320261 -0.4636290955266037 5.3500000000000005 0.69287539187010017 31.000000000000004 21.500000000000004 -0.54616496599046116 -0.3144665040072398 116.50000000000001 -0.92503673372676609 2.166961244494634 0.97320573390429643 0.70278192849872745 -1.1129981415940973 0.29862934788959955 -1.2452408705150078 0.56820430694221313 0.020250000000000004 0.11601687763713082 9.7607164727495412 38.650000000000013 1.5706574767910473 0.91051263130190641 2.5000000000000004 1.031177656209872 -1.0000000180025095e-35 1.1688607934951547 -0.15382996732613027 -1.0291725889128023 1.1569652955687795 -0.33333333333333215 -0.051919599791798145 -1.0000000180025095e-35 0.75167497649270076 -0.25409944487358049 -0.31547318632987004 0.062630753138075326 -1.0101881927858918 -0.17877329660036742 4.6634122123772093 1.2253327847455147 -0.92120851846564367 101.50000000000001
decision_type=2 2 2 2 2 2 2 2 2 2 2 2 2 2 2 2 2 2 2 2 2 2 2 2 2 2 2 2 2 2 2 2 2 2 2 2 2 2 2 2 2 2 2 2 2 2 2 2 2 2 2 2 2 2 2 2 2 2 2 2 2 2
left_child=6 2 -2 4 5 -4 11 16 9 -9 -11 17 13 -13 15 -15 -8 18 19 39 -21 26 23 38 -24 -22 -19 29 61 31 -30 33 -33 34 -28 37 -31 -35 -23 40 41 46 -43 -44 -45 -46 48 51 54 50 -49 52 53 -48 55 56 -1 -56 -52 -50 -58 -29
right_child=1 -3 3 -5 -6 -7 7 8 -10 10 -12 12 -14 14 -16 -17 -18 21 -20 20 25 22 24 -25 -26 -27 27 28 30 36 -32 32 -34 35 -36 -37 -38 -39 -40 -41 -42 42 43 44 45 -47 47 49 59 -51 58 -53 -54 -55 57 -57 60 -59 -60 -61 -62 -63
leaf_value=-0.027039799111649849 -0.036781920080277593 -0.031341312120097255 0.0089981283801903594 -0.026509212967820852 -0.016472395698602073 0.25229129714595261 -0.0037171188246221051 -0.037962134403264805 0.056416359593955127 0.087568244205548415 -0.019557595637685093 0.0039711703282233422 -0.039897550464926268 0.0013131973720079092 -0.037830717229769675 0.083707364826385133 0.082312279666985233 0.0037070097417856817 -0.021264513975615768 -0.028244020916000374 0.0077145271290557415 -0.00057241423722152599 -0.022854519133668195 0.081615688945898823 -0.0068063056857945907 0.16472194771839394 0.055492448560327381 0.048382101512013415 -0.039681334680280567 -0.019262778654504462 0.023222739838479473 -0.025313091933420025 0.072408739415283183 -0.030862695984378536 -0.0012229731584047878 -0.051672787185743009 0.068693978792706376 0.0056283861806273316 -0.021888542025987751 -0.030087889227394832 -0.024893944022368285 -0.0018245624224976567 0.17109401224871845 -0.013162090034310795 0.11066714230751179 -0.026882119243241659 -0.0019588950234005766 -0.013720307658198436 -0.0237443360348597 -0.018805334997535384 -0.0076908357004656994 -0.027233598294612849 -0.027681480690911794 0.10552237189926304 -0.0014164703458932138 0.0090355301977579783 0.0046840047721110525 0.069527290137157846 0.1129345802789975 0.053753333135989817 0.14469723949486482 -0.0083112354997325472
leaf_weight=1.2121650497429062 3.102274326607585 54.839749428676441 0.60744619788601928 1.3268375182524321 0.63538941787555803 0.63696233276277781 6.9991561379283667 46.18403481412679 2.5021373992785803 2.9474329398944965 10.871829113923011 1205.4505854295567 11.791338765993713 4.5175671014003447 2.2271839547902337 8.7101739207282645 3.1386268124915642 1103.9606984332204 29.471194724086672 1.3827006001956759 1.371525870170444 1198.0392569755204 108.04940752917901 2.2601503347977987 396.62537138583139 2.8360271477140477 8.3017154708504659 7.0749666914343825 49.71966926753521 3.6583006158471099 6.4995901435613623 4.2403997406363487 7.9952840209007245 26.099041931331158 218.3878058642149 16.670253790915012 8.7194037586450559 35.258331835269928 45.441264424473047 10.862696085590867 13.663474398665128 10.827571347355844 3.6290531642734996 5.2105297036468974 5.2813142160885027 1.1511069191619752 2.6610390096902847 6.3495378703810275 15.242942300159486 59.291293556801975 2.0248129046522063 3.8110334984958163 2.4696632395498446 7.3061162531375903 17.143419892992824 5.1702467827126375 1.3532994086854149 6.42534659104422 3.7615928710438311 3.5958867692388585 6.5821142457425594 26.446451246738434
leaf_count=43 645 11998 116 270 126 134 74 586 20 25 112 15294 164 58 34 105 36 6296 660 66 42 27137 2647 38 9432 78 42 40 292 22 36 24 47 156 1227 103 43 208 1665 179 160 64 64 102 93 24 37 91 321 951 25 56 41 110 318 77 21 99 42 39 121 150
internal_value=-5.98948e-05 -0.0252161 0.0243462 0.0793589 0.139078 0.192681 0.000264123 -0.0158089 -0.0232286 -0.0275021 0.00732056 0.000514987 0.00403555 0.00449625 0.0424172 0.0579894 0.0274674 -0.000723073 0.00816593 0.0125982 0.0884452 -0.0013517 -0.00379432 -0.00115244 -0.0102905 0.125812 0.00145296 -0.00446769 -0.0184139 -0.000608046 -0.0320428 -0.00244938 0.0388107 -0.00424404 0.00106667 -0.0195545 0.0428274 -0.0100593 -0.00137236 0.00995849 0.0124973 0.0156506 0.0485612 0.0825079 0.0431517 0.0850744 0.00937474 -0.00104774 0.0253095 -0.0100121 0.0307285 0.0363664 0.0568039 0.0788089 0.0411359 0.0724038 0.103307 0.0197635 0.0750744 -0.00673596 0.124576 0.00456441
internal_weight=4870.02 61.1487 6.30891 3.20664 1.8798 1.24441 4808.88 72.6432 62.5054 60.0033 13.8193 4736.23 1232.7 1220.91 15.4549 13.2277 10.1378 3503.54 230.088 200.617 5.59025 3273.45 1750.42 1245.74 504.675 4.20755 1523.03 419.071 89.7407 329.331 56.2193 316.953 12.2357 304.717 226.69 78.0276 12.3777 61.3574 1243.48 195.026 184.164 170.5 26.0996 15.272 11.643 6.43242 144.401 87.6751 56.7254 71.4272 12.1359 16.2479 12.4368 9.96716 37.8866 14.3178 9.14758 23.5688 5.78641 18.8388 7.93541 33.5214
internal_count=83326 13289 1291 646 376 250 70037 853 743 723 137 69184 15655 15491 197 163 110 53529 3924 3264 186 49605 40919 28840 12079 120 8686 2390 518 1872 328 1807 71 1736 1269 467 65 364 28802 3078 2899 2739 347 283 219 117 2392 1353 1039 1109 158 244 188 147 679 262 185 417 67 360 142 190
is_linear=0
shrinkage=0.05


Tree=78
num_leaves=63
num_cat=0
split_feature=5 70 197 125 64 93 32 23 126 193 93 65 188 209 238 125 14 245 214 27 96 61 227 233 67 129 232 207 144 64 243 173 243 178 64 126 194 229 217 172 205 143 233 186 203 61 61 5 228 95 243 188 231 248 248 162 162 216 169 197 239 211
split_gain=14.6827 7.61951 10.2381 10.888 9.66809 9.48935 7.8567 11.2844 7.4777 7.5242 15.3097 12.327 10.7542 12.0422 11.6822 14.0238 14.3776 13.0533 10.8067 9.89249 9.83773 9.19522 8.70852 9.94189 8.22586 12.1434 9.6904 9.8876 8.19183 7.84845 7.80609 8.77276 7.59797 11.0389 9.10924 12.8713 15.0918 13.6182 9.88979 12.0269 10.8353 13.3594 13.0706 10.7578 10.7194 10.7025 10.8285 9.88642 9.67084 9.58578 11.9137 9.22221 11.7285 11.4598 12.1686 9.68896 9.55158 11.9975 9.09881 9.69364 10.0482 10.293
threshold=120.45000000000002 6.6744734532689787 -0.44851211974913535 0.28201419806436406 190.50000000000003 0.078414450484288564 148.45000000000002 7.1000000000000005 -1.5773659316493502 -1.1869027899515789 0.052936136575842459 0.19063283208020051 -0.35956920467637732 -0.25886021147867871 -0.59070462017058234 0.62971611814725414 8.5000000000000018 1.5889057952789116 0.80133078496780075 4.3166666666666673 0.1255760858022725 7.1347107657921356 -0.56461178967085501 -0.80543026335550116 0.10589256535947714 0.24228352241326626 0.8641588218550762 -0.41892383224409441 -1.1344115200952298 340.50000000000006 2.6583298876528678 0.72583833022574906 0.51813226321794292 1.186611131336418 11.500000000000002 1.5401952519009094 0.3073748554788735 -0.28472821692096389 1.0000194581911577 0.53320267237842667 0.34344336196330366 -0.33297281665187922 1.3131566406313415 -1.236012729361792 -0.058235604647446267 7.9824163600581857 7.2528436329420742 5.3500000000000005 0.90392789689272102 0.32291666666666791 -0.73564764152574702 1.0155387883419584 -0.23100140368996411 0.8615697755951599 1.1052924312977368 -0.24137413305416386 -0.70707180879508802 -0.49996806136985372 -0.83682641948635328 -0.94281877428216043 0.55901699437494767 -0.055931641415467061
decision_type=2 2 2 2 2 2 2 2 2 2 2 2 2 2 2 2 2 2 2 2 2 2 2 2 2 2 2 2 2 2 2 2 2 2 2 2 2 2 2 2 2 2 2 2 2 2 2 2 2 2 2 2 2 2 2 2 2 2 2 2 2 2
left_child=8 2 -2 4 5 -4 -3 -8 -1 10 11 12 13 18 -15 16 -16 21 -10 -20 28 -18 -14 -24 25 26 27 -25 -13 -17 32 -32 34 -34 35 38 37 -37 40 48 41 42 43 49 45 46 -42 51 -40 -11 -51 -36 55 56 -55 -53 57 -54 59 60 -49 -62
right_child=1 6 3 -5 -6 -7 7 -9 9 30 -12 20 22 14 15 29 17 -19 19 -21 -22 -23 23 24 -26 -27 -28 -29 -30 -31 31 -33 33 -35 47 36 -38 -39 39 -41 44 -43 -44 -45 -46 -47 -48 58 -50 50 -52 52 53 54 -56 -57 -58 -59 -60 -61 61 -63
leaf_value=-0.028817758388885603 -0.036400735331656206 -0.034817124026386405 0.23937261675332092 -0.026149432882808982 0 -0.0093940249095934118 0.15235746247441756 -0.027839648760711669 -0.021006874129514991 -0.0073362145828812127 -0.0020529838340769546 0.021034846432728547 -0.0026126445122769551 0.0079626155020708893 -0.012935753037230935 -0.01292742790829862 0.039878165745498149 0.046450645425570133 -0.018710865159258655 0.078916072568931031 0.052353466485788452 0.15351000667045692 -0.022294304761652946 -0.021338831281423012 0.009936925436907499 -0.0060632374578168842 0.015808733035648517 0.086706488591437494 -0.034014583834581287 0.059390039049960625 -0.029699069808896486 0.041578717206921217 0.0039074337230741276 -0.04594938288047766 0.0028247132960543919 -0.027125153073142179 -0.028643808436258252 0.13755422810757481 0.08821503402114933 0.00038385899665835166 0.0064552677970495416 -0.034576312801561947 0.04744541738339178 -0.011024433837669325 -0.023689102745391238 -0.035735557967423941 0.10562360836282791 -0.0036622696764365618 -0.023366070873439473 -0.035903019660831439 0.11761083752005319 -0.015875696175421838 0.076403395057003776 0.044278945266712513 -0.012751412688680264 0.05156610057961071 -0.025779838027304131 -0.0098457554606083079 -0.0032010058064490185 -0.017685486654313416 -0.0091222773003608783 0.11224829481418022
leaf_weight=21.009630454704165 2.9913147236220539 51.239431756548584 0.70985379582270958 1.2924716761335728 0.99347417778335501 0.35206484934315085 0.45724145323038001 1.4665784197859464 15.686390390619637 4.9999823719263059 305.06951167527586 8.0621057134121639 69.510849487036467 15.51731773978099 3.2689675278961685 8.4488189588300866 3.3922737822867957 10.80595702305436 3.5186432152986509 5.9372429670765996 4.2620132211595765 9.0567061561159772 10.933060008566825 1.8971216334030057 39.611541838850826 9.6445502308197302 10.828921741340308 18.938210534397516 26.741895935963839 5.2767489086836568 36.812751508317888 3.9366819774731985 1101.0527157620527 10.206132574472575 1125.4082446470857 1.1712392186745999 2.4373458065092564 4.7721370323561114 9.7852386916056293 12.737194015644489 4.3737308178097027 27.425034043844789 13.947743654716758 67.194459494203329 5.0291713941842309 2.0070763975381842 7.7734813299030066 18.816285140812401 1.8449515476822842 1.1047307029366491 4.0829653572291136 7.9721837416291264 4.2824199125170734 15.018096365034578 21.500567153096199 12.62688212841749 113.4873259589076 16.050939731299877 1334.2233744091354 201.39214681927115 2.5296311881393194 3.4460960240103296
leaf_count=363 645 11575 126 270 184 66 95 328 191 103 3683 46 719 185 34 96 48 60 25 49 41 110 137 24 412 108 100 182 313 50 419 60 14324 144 6428 28 28 73 119 103 64 385 186 1292 94 35 107 502 18 20 64 46 23 87 130 71 678 92 32607 4611 55 65
internal_value=-5.05653e-05 -0.0245291 0.0240355 0.0751376 0.128178 0.189916 -0.0307491 0.0507394 0.000256445 0.000391117 0.00569193 0.0140853 0.0182896 0.0331058 0.0458768 0.0598253 0.080553 0.0938924 0.00391639 0.0437947 -0.0116689 0.128185 0.0106717 0.0206985 0.0267695 0.0421759 0.0567578 0.0761129 -0.0208918 0.0166803 -0.000349074 -0.0218624 -0.000131867 0.00340414 -0.00142362 0.0097604 0.0667995 0.105149 0.00639353 0.035093 0.00107157 -0.00461115 0.00460983 -0.00355409 0.0349836 0.0563481 0.0735042 -0.0020921 0.06967 0.0418522 0.0835926 0.00109586 -0.00902974 -0.0133851 0.0111238 0.0257069 -0.0201434 0.0108148 -0.00478361 -0.0140419 0.0148998 0.0662108
internal_weight=4866.37 59.5024 6.33918 3.34786 2.05539 1.06192 53.1633 1.92382 4806.87 4785.86 586.409 281.339 242.273 80.9091 55.7668 40.2495 26.5239 23.2549 25.1423 9.45589 39.066 12.449 161.364 91.8534 80.9203 41.3088 31.6643 20.8353 34.804 13.7256 4199.45 40.7494 4158.7 1111.26 3047.44 170.686 8.38072 5.94338 162.306 24.3674 137.938 118.755 91.3299 77.3821 19.1835 14.1543 12.1472 2876.75 11.6302 10.1877 5.1877 1316.35 190.938 170.339 36.5187 20.5991 133.821 20.3334 1560.41 226.184 24.792 5.97573
internal_count=83326 13289 1291 646 376 192 11998 423 70037 69674 6613 2930 2530 848 583 398 252 218 265 74 400 158 1682 963 826 414 306 206 359 146 63061 479 62582 14468 48114 2719 129 101 2590 240 2350 2050 1665 1479 300 206 171 45395 137 187 84 7555 1127 1010 217 117 793 115 37840 5233 622 120
is_linear=0
shrinkage=0.05


Tree=79
num_leaves=63
num_cat=0
split_feature=5 70 130 96 126 243 225 105 84 23 65 211 3 105 230 204 56 156 231 1 69 172 96 149 248 69 206 106 209 191 133 69 150 191 70 90 106 33 96 166 64 1 173 84 116 191 43 216 30 247 235 158 134 217 206 129 127 241 94 230 161 239
split_gain=13.6716 8.57641 9.21897 8.57557 6.76173 6.86194 6.77359 7.94402 7.35406 6.81493 16.2581 10.9559 10.4437 9.25407 9.70476 9.27667 10.8545 8.42335 8.13439 8.12659 7.90643 7.83806 8.79939 9.50183 7.16368 17.2584 14.4404 8.71521 14.5824 15.6161 24.1907 17.9746 19.4768 16.6689 15.7471 9.58717 9.6777 8.20205 7.69454 7.37727 7.20898 16.2524 9.12837 7.07 8.51588 6.96545 6.77806 6.62956 6.5853 6.42908 10.7919 6.37632 6.33607 6.32143 15.8674 13.591 10.3841 14.8427 11.2276 12.202 10.7148 10.4949
threshold=191.35000000000005 9.7040113202903928 -0.8661137598883154 0.11523035622427985 -1.5773659316493502 -0.98074522883097037 1.4650898139204316 0.091997610513739558 36.350000000000001 9.3666666666666689 0.12656554459863151 -0.94481540794528596 429.00000000000006 0.12829175329175332 0.34397869130323744 -0.81244025711798551 1.175 1.3593183090197267 -1.0323291743311704 13.500000000000002 0.061746550472040675 -0.37796447300922703 0.11427176339285715 1.1198488802717719 -0.89659764705419265 0.075490951097420114 -0.37196350018246349 7.2968065385911709 -0.37297007211220101 -0.35524558830635922 0.73728441865473615 0.10408080876045016 -0.50398437972657739 0.70214493333182848 8.7353663887670052 14.500000000000002 8.658714320270926 36.750000000000007 0.1127250080360013 0.56698393761233457 49.500000000000007 9.5000000000000018 -0.81058626233746345 36.050000000000004 4.5000000000000009 0.91036160942292033 7.5000000000000009 -0.30565822530609993 35.580625000000005 -1.1725554802410738 -0.49360982683445959 -0.51958395254154832 -0.76707559727711649 -1.0096468478320078 -0.53218652339063366 -0.31249423471786758 0.51767893726274261 0.21513025649133188 -0.055549675753410889 0.96826282309386136 0.43326571152422116 -0.043519413988924588
decision_type=2 2 2 2 2 2 2 2 2 2 2 2 2 2 2 2 2 2 2 2 2 2 2 2 2 2 2 2 2 2 2 2 2 2 2 2 2 2 2 2 2 2 2 2 2 2 2 2 2 2 2 2 2 2 2 2 2 2 2 2 2 2
left_child=1 4 3 -3 5 -1 9 8 -8 53 12 -12 -11 14 15 -13 18 19 -17 24 -20 -19 23 -23 25 26 38 28 -26 -30 45 32 -32 34 47 36 40 -38 -14 -37 41 -29 -43 -44 -45 -31 -27 -34 -22 50 -42 -10 -16 54 55 -6 57 -56 -59 60 61 -60
right_child=-2 2 -4 -5 6 -7 7 -9 51 10 11 13 17 -15 52 16 -18 21 20 -21 48 22 -24 -25 27 46 -28 35 29 30 31 -33 33 -35 -36 39 37 -39 -40 -41 49 42 43 44 -46 -47 -48 -49 -50 -51 -52 -53 -54 -55 56 -57 -58 58 59 -61 -62 -63
leaf_value=0.060218413635071237 -0.034390364088966036 0.073012742138238954 -0.017281747007315388 -0.0090584897977185001 0.13510182455149017 -0.035634384734713281 9.6280711844235799e-05 -0.035662266066813254 0.013923618480881817 -0.038686007043969718 -0.023167256068750655 -0.032393252687377576 0 -0.028350417666104445 0.0051894386548429084 -0.014789354514666892 0.00074938502345076052 -0.029406710565571526 0.0054437744414612601 -0.023356347796873997 -0.00045485624775131058 0.14049413350109982 -0.020069200304331753 -0.023881665218283346 -0.014508614079275403 0.050751265209512002 0.018403542319887507 -0.013094043919193886 -0.002152186729778511 0.054528349638864188 -0.015400530919694339 -0.019044900452775529 0.37814205021602976 -0.01012302645433656 -0.0072014163555376215 0.087668588421918534 -0.0054267206403870935 0.12134573682284842 0.16750571235800266 -0.029036380003656437 0.099046676987365925 -0.02575500576503946 0.01392578275795014 0.20821221244253241 0.016313574939213264 -0.026078950570398676 -0.038383937238436458 0.022224702753868234 0.12834352830217016 -0.018770801717043022 -0.035175236675683993 0.14669874163245744 0.13236289422254829 -0.00023616019906798878 -0.0032374139883279995 0.029202059428867579 -0.020667396035217001 -0.016721620427808098 0.12231912267535604 -0.03260640934582857 -0.022295363613046466 0.033804265153930438
leaf_weight=1.118008879013362 27.799816801678389 4.7654632925987226 111.20765788247809 6.4736354444175959 2.8455558898858753 19.238012432586402 2.8074791268445534 1.7629588968120513 1.7205885564908387 12.936863563023506 5.3929941216483703 3.0995761104859474 0.84040904557332474 2.768905703444033 1.3709420952945945 1.6604373953305263 7.0125415944494298 25.266855439171199 2.3035496375523481 14.989487539511172 1.0302161769941429 1.5083044613711529 3.3245415571145713 0.89405399560928334 12.960763131733982 2.1307305288501075 4.9026818191632637 10.88508290145546 10.109053864609452 12.70740452501923 0.57883246755227613 0.75453683082014311 1.3190364763140694 0.3719137986190616 0.28084887657314528 4.182037249673157 2.0640330915339287 1.7980878511443732 3.6436736867763102 1.2045781165361402 2.1825666157528758 0.98984833201393474 1.5661264462396491 1.4496797085739674 1.0760207353159783 2.6004767809063187 5.6941565074957907 0.31025604763999259 7.3827224061824381 61.951622768305249 2.0236294590867976 2.1392677845433354 4.9883988886140278 4305.3454932230525 50.024677621666342 20.499386089853942 32.414973452687263 5.6424775533378151 8.6469979663379544 2.4915805393829933 2.0761176752857855 7.0024631256237617
leaf_count=18 7252 34 4109 51 58 371 35 29 15 685 155 52 33 57 20 38 192 997 71 577 27 32 98 29 532 60 199 372 317 164 58 56 86 35 28 117 53 63 95 33 60 28 45 39 31 35 175 24 109 2061 74 32 90 60712 948 392 681 140 157 37 38 115
internal_value=-4.20507e-05 0.00016149 -0.0128468 0.0284541 0.000503219 -0.0275625 0.000631895 0.0429722 0.066356 0.000545458 0.00862024 0.0387205 0.00312024 0.0498166 0.0581852 0.0392433 0.0519674 0.00607896 0.0783874 0.0105844 0.0932812 -0.017411 0.0312743 0.0888116 0.0141278 0.0437074 0.0860752 0.00997632 0.0285462 0.0477765 0.0734692 0.175543 0.219799 0.267495 0.308171 0.00117127 -0.003128 0.0653847 0.142305 0.0603276 -0.00715797 0.0219714 0.0877073 0.115804 0.155691 0.0397688 -0.0105451 0.346498 0.113667 -0.0144851 0.0391583 0.103585 0.110057 9.38753e-05 0.0108456 0.047335 0.00257309 0.0127053 0.0427044 0.0595319 0.0737999 0.087422
internal_weight=4862.53 4834.73 122.447 11.2391 4712.28 20.356 4691.93 8.43029 6.66734 4683.5 246.508 37.0103 209.498 31.6173 28.8484 22.489 19.3895 196.561 12.3769 165.568 10.7165 30.9938 5.7269 2.40236 150.578 17.2117 9.38676 133.366 41.9931 29.0324 18.9233 3.61542 2.86089 2.28206 1.91014 91.3733 85.9867 3.86212 4.48408 5.38662 82.1246 15.9668 5.08168 4.09183 2.5257 15.3079 7.82489 1.62929 8.41294 66.1578 4.2062 3.85986 6.35934 4436.99 131.644 23.3449 108.299 75.8843 25.8596 20.2172 17.7256 15.6495
internal_count=83326 76074 4194 85 71880 389 71491 111 82 71380 8102 811 7291 656 599 489 437 6606 245 5450 207 1156 159 61 4873 562 327 4311 1335 803 486 287 231 173 138 2976 2826 116 128 150 2710 515 143 115 70 199 235 110 136 2195 134 47 110 63278 2566 450 2116 1435 487 347 310 272
is_linear=0
shrinkage=0.05


Tree=80
num_leaves=63
num_cat=0
split_feature=5 222 243 228 154 70 69 72 79 111 182 248 242 213 87 83 86 166 235 129 243 128 228 221 72 160 71 95 104 27 31 32 221 157 20 146 142 35 213 190 69 70 66 56 61 83 3 232 192 228 105 214 155 192 60 160 126 203 126 176 222 140
split_gain=15.9902 9.03816 8.16892 10.3364 11.1222 7.77619 11.7629 10.8278 9.94006 11.0488 10.1437 9.68053 9.33274 9.01349 10.2436 9.97556 9.96161 10.1374 9.01495 9.84909 9.48538 8.44722 8.25739 9.93568 9.00647 8.24497 8.61627 10.7931 9.78699 7.93464 8.69879 7.9134 7.75066 7.72783 7.72004 7.14911 7.78623 8.48924 8.84256 8.19987 8.22937 9.76197 9.70515 9.02046 7.13387 6.98686 6.8833 10.0786 12.2892 12.5277 10.5753 11.0002 10.0378 11.8263 9.32024 13.361 10.4171 8.38853 8.6787 8.13797 12.6907 11.0514
threshold=191.35000000000005 1.0895109185964371 -0.9392509728083126 -0.48483506170689822 0.35860405842610027 5.3864333519241505 0.10785742868576004 0.19174468085106386 0.25148809523809529 -0.48285714285714282 1.0356956685889511 -0.97003557617970204 -0.44941254605597653 0.66237476282359053 -25.674987530911263 78.105555555555569 2.2500910129329088 0.87319382251076305 1.2145685174853245 0.16836088179299832 0.17263953986076366 -1.0000000180025095e-35 -0.62561802842846914 -1.5099558027339357 0.16617357001972391 0.057265206363421535 37.500000000000007 0.79285714285714104 0.058257063639988511 2.9500000000000006 34.95000000000001 85.350000000000009 -0.4085504380150366 0.61417894051715971 0.18119172494172495 -0.90348521056629483 -0.30227855397171338 33.500000000000007 0.42678478575620332 0.14236511614658215 0.14709889405353424 4.2529069767441863 0.088250044250398271 1.8500000000000003 7.7440278332572481 77.905000000000015 441.00000000000006 -0.30094352458540946 0.35408588483167408 -0.94634383716151504 0.22361111111111112 0.10789921748923015 -1.1217085884181008 -0.67195057264436475 3.1000000000000005 -0.48525298497579344 0.28184748891756456 -0.31873776975961593 -0.20373582902643797 -0.53971080741895749 -0.6275738478471995 0.36769754006334149
decision_type=2 2 2 2 2 2 2 2 2 2 2 2 2 2 2 2 2 2 2 2 2 2 2 2 2 2 2 2 2 2 2 2 2 2 2 2 2 2 2 2 2 2 2 2 2 2 2 2 2 2 2 2 2 2 2 2 2 2 2 2 2 2
left_child=1 5 3 4 -3 6 7 22 9 29 11 31 -11 14 -13 18 17 35 19 -15 -21 45 -1 -24 25 26 -25 28 -28 -8 -31 -10 -20 -5 -17 -16 -37 38 -38 40 -39 -42 43 -43 -44 -14 47 48 49 52 54 -52 -7 57 -49 -56 -57 58 -54 60 -50 -62
right_child=-2 2 -4 33 -6 46 8 -9 10 12 -12 13 21 15 16 34 -18 -19 32 20 -22 -23 23 24 -26 -27 27 -29 -30 30 -32 -33 -34 -35 -36 36 37 39 -40 -41 41 42 44 -45 -46 -47 -48 50 59 -51 51 -53 53 -55 55 56 -58 -59 -60 -61 61 -63
leaf_value=-0.003851671376221152 -0.037403837412668034 0.022148581715484474 -0.012399508238063132 -0.026910283057206819 0.17531689301815512 0.096400342418862028 -0.042937042433353036 -0.024177444485345919 0.096696543129168255 -0.016697300588567353 -0.028299051173832263 0.059337387246591815 -0.014823664508510657 -0.02593565208868669 0.074703731944226234 -0.014427576447281702 -0.036311627683072965 -0.049396758884292354 0.081519564476706788 -0.014037140250314693 0.085487813368181287 0.10631363275038713 0.12935544175272465 -0.027566908627037447 0.099960927459647644 0.064908608633755041 0.12373554822166484 -0.034990366697832599 0.021213767665531336 0.064383408417477445 -0.017358891249650236 0.011110723007940434 0.0045771353039524322 0.053255350534332051 0.082154563779270995 -0.027314560593887025 0.05848072113140268 -0.028077522534145721 -0.033664033156115325 -0.013899115554148425 -0.016199006505879746 0.038633058741018939 0.13123304012497991 -0.033405014770885776 0.013169074824367938 0.075624872884788752 0.0013043425058460753 -0.0004839190211269192 -0.015767358458813691 -0.021369908792044506 0.12683841619371941 -0.011538118310260446 0.0013491000915795157 -0.021528012484635858 -0.04033542049300582 0.1138333064329294 -0.0029014320527433642 -0.029076529473474277 0.14679506871057041 -0.0030303273443283789 0.096622081402941706 -0.0075757521705016699
leaf_weight=9.2317153541371209 26.781430054223165 4.1829692325554815 195.07978560542688 9.2255391143262369 0.95798675110563625 2.5054660849273231 5.890908530913296 7.406521985307335 3.952490169554947 3.1618497772142318 25.901821666862816 5.1664753742516032 4.1665572505444297 20.434853604063395 2.3437786218710235 2.223006071522831 22.633624640293419 9.1231623906642181 5.4314159862697124 4.2145242812111965 3.7348782699555159 7.4561128783971045 2.6480852747336021 8.6086143068969303 4.3129873760044566 9.0673754485324007 2.8129358044825477 3.5450615780428043 7.8275852408260107 5.4773892671801132 5.7345615159720182 6.953620184212923 7.2253330927342159 3.2511452869512132 8.1106901061721128 19.929169170092791 11.645614892709999 8.019319062586872 2.5005229860544196 48.205732966773212 9.8945689951069635 17.829936910886325 3.3888018392026416 4.737376349978148 2.2950685983523726 2.7658460084348917 3712.9745406918228 213.27329952875152 7.581058932933959 192.05197476688772 2.4598989565856746 2.0894561619497836 1.7030265280045569 13.081268644891676 2.5624722754582763 4.9896904169581813 2.6147199613042176 1.2985554323531729 1.9689757055602968 113.39314792864025 7.2258197399787587 3.3626218629069626
leaf_count=98 7234 132 5171 266 33 41 53 50 36 29 244 73 32 191 29 15 249 114 35 40 35 52 26 102 29 92 24 41 86 57 70 63 49 81 73 221 114 96 21 437 108 203 28 54 26 18 55483 3516 105 4723 32 26 61 369 46 60 41 47 69 2116 121 85
internal_value=0.000418233 0.000636059 -0.00941521 0.0222524 0.0754058 0.0011007 0.00830073 0.029205 0.00420682 0.0289446 0.000737753 0.00413786 0.0556707 0.00172005 -0.0038883 0.0198487 -0.006279 -0.00116195 0.0080299 -0.00763502 0.0364915 0.07195 0.0378598 0.0477517 0.0383246 0.027041 0.00967248 0.0329279 0.0570475 0 0.0241675 0.0480643 0.0415132 -0.00324827 0.0614967 0.00251398 0.000591166 0.00596433 0.0407155 0.000330418 0.0152746 0.0250006 0.0396616 0.0225228 0.0934113 0.025617 0.000516356 -0.00458182 -0.00997554 -0.0173825 0.00354669 0.0717564 0.0188999 0.0033856 0.00182211 0.0463553 0.0774415 0.0624135 0.0951364 0.00199752 0.0321576 0.0653018
internal_weight=4870.62 4843.84 212.697 17.6176 5.14096 4631.15 346.01 55.4609 290.549 34.6532 255.896 229.994 17.5504 219.088 167.713 51.3747 162.547 139.913 41.041 28.3843 7.9494 14.3885 48.0544 38.8226 36.1746 31.8616 22.7942 14.1856 10.6405 17.1029 11.212 10.9061 12.6567 12.4767 10.3337 130.79 128.446 108.517 14.1461 94.3708 46.1651 38.1458 28.2512 22.5673 5.68387 6.9324 4285.14 572.161 344.172 212.609 227.99 4.54936 20.5573 18.0518 223.44 10.1669 7.60441 4.97056 3.672 131.563 18.1695 10.5884
internal_count=83271 76037 5683 512 165 70354 3413 548 2865 311 2554 2310 131 2211 1773 438 1700 1451 350 266 75 102 498 400 374 345 253 151 110 180 127 99 84 347 88 1337 1308 1087 135 952 515 419 311 257 54 50 66941 11458 7737 5310 3721 58 587 546 3663 147 101 177 130 2427 311 206
is_linear=0
shrinkage=0.05


Tree=81
num_leaves=63
num_cat=0
split_feature=5 222 174 228 70 69 79 186 182 248 186 212 246 228 243 194 106 213 87 166 83 221 77 83 94 174 233 69 76 102 184 133 217 217 131 172 241 78 5 198 27 120 214 134 51 205 216 208 134 10 47 212 19 196 186 247 95 33 217 76 148 161
split_gain=15.0352 8.15584 7.97861 15.1319 7.19105 10.6066 8.93171 11.6113 9.35928 8.68207 9.17663 8.58496 8.54892 12.0744 9.43156 11.0027 8.85089 8.18634 9.13252 8.94105 8.62923 8.56929 11.2526 8.19654 8.05863 7.9396 7.69003 7.43578 7.23379 6.99509 6.94015 11.1066 7.93028 9.8056 7.3956 7.41951 7.28292 8.52785 7.81553 9.24583 8.10467 10.4278 6.92207 6.71245 6.65308 7.87191 11.4921 9.17243 8.36325 6.63595 9.71 7.67085 8.40542 6.70286 6.61555 10.8129 9.37392 6.67872 8.07996 6.58967 6.53905 8.85939
threshold=191.35000000000005 1.0895109185964371 2.2245041851369307 -0.8172530383539035 5.3864333519241505 0.10785742868576004 0.25148809523809529 -0.32162186887417388 1.0356956685889511 -0.97003557617970204 0.57311850285055033 0.36637107325320195 -0.35389967240465586 -0.62561802842846914 -0.19823399200948563 0.65466368060601277 7.8188805346700088 0.66237476282359053 -25.674987530911263 0.78106830156919027 78.304166666666688 -0.42983822755520673 0.87083333333333346 86.607142857142875 -0.050925837506719855 -0.29020068323874093 0.1912818651021462 0.084527573604894685 -1.9504088791194054 48.500000000000007 -0.52553503749334751 -0.97003557617970204 0.069913709947530683 0.22061838836261513 -0.67795471476455893 0.047297939358656019 0.21513025649133188 0.075000000000000025 37.250000000000007 0.56806680817434207 6.7321428571428585 0.20525000000000002 1.1701279118853156 -0.58322473656233853 2.5000000000000004 -1.0000000180025095e-35 0.36547917299464189 0.16244828756517243 -0.68515716100012469 1850.0000000000002 0.28869047619047622 0.69352725156793205 3.1666666666666674 -0.66097483808192481 1.3324037578327366 -0.28301261635371361 0.70294117647058851 38.95000000000001 -0.80949579527303273 -1.7687961212761381 -1.4710226510928102 3.3302903678670295
decision_type=2 2 2 2 2 2 2 2 2 2 2 2 2 2 2 2 2 2 2 2 2 2 2 2 2 2 2 2 2 2 2 2 2 2 2 2 2 2 2 2 2 2 2 2 2 2 2 2 2 2 2 2 2 2 2 2 2 2 2 2 2 2
left_child=1 4 30 -4 5 12 7 29 9 10 -8 -9 -1 -14 15 -15 27 18 24 23 21 22 -19 -20 -11 -22 -27 -16 -23 -7 36 34 54 43 35 -32 37 38 39 40 41 -3 -37 -34 60 -46 47 48 -47 53 -51 52 -52 -35 57 -56 -57 -33 -59 -55 -6 -62
right_child=-2 2 3 -5 44 6 8 11 -10 17 -12 -13 13 14 16 -17 -18 20 19 -21 25 28 -24 -25 -26 26 -28 -29 -30 -31 31 32 33 49 -36 42 -38 -39 -40 -41 -42 -43 -44 -45 45 46 -48 -49 -50 50 51 -53 -54 59 55 56 -58 58 -60 -61 61 -63
leaf_value=-0.014166736112390358 -0.036931601436878354 0.16426958580954684 0.17132311556756405 -0.020252737178852624 -0.0066661718199850541 0.038495508306808583 0.0053746342598879199 0.074598965949855781 -0.027378605556202935 -0.031256756490793076 0.094692772111810777 0.010935907293207911 -0.018234414013064672 0.047812795416699416 0.071324449457341801 0.14264924145138555 -0.0282121030089196 -0.008405774087640927 0.0013302099559227829 -0.044807172880104093 -0.0038299126265206613 0.046391351411060891 0.071255886276509958 -0.038544896074543623 0.086290233114313233 0.13512976935271567 0.025035040055911513 -0.0056288284635400846 -0.021618436901162167 -0.034045782245390115 0.094106901641093754 -0.033102315658267094 0.10038773643924657 0.021951829906263799 -0.029304058709200526 -0.02988601441108861 -0.021669362976797186 -0.0096564042607483747 -0.030580014446658955 0 0 0.018208890386317827 0.058682529741777748 0 -0.01224693473652284 0.0059683809316956431 -0.025609996388668784 0.0019266964761352565 0.15564144794982548 -0.031659652639609993 -0.0010799802256154292 -0.0059257964090614346 0.12666603402431331 0.046285200985271335 -0.024403086496413835 -0.015962437595073074 0.11481916851521301 0.10529174478621491 -0.0097798823520157223 -0.041306725704069548 0.00075448913345808714 0.035994660047849146
leaf_weight=9.4274877803400141 25.805337133118883 3.5354014243930596 0.76035862974822555 1.9597866451367725 305.31936565553769 4.0268601449206463 6.8575266720727068 12.457169896923007 25.478555547073483 1.3849591412581501 4.2965730465948582 9.7248092549853009 7.7648412790149441 17.695836892351508 7.1816544993780607 3.5299307978712013 5.8242015540599814 7.6528011881746378 135.97893623821437 12.61428685672581 3.3487675739452243 3.730054944753646 8.665674855001269 13.21184330107644 3.9811583179980508 3.0322143556550127 3.7754141325131059 4.6868740599602461 21.542517628520731 8.7997007141821069 3.8645101748406869 92.941030775662512 2.7114849202334881 5.9544756379909805 3.5690658576786509 3.8942547999322414 10.547432861756532 8.8407893590629083 1.7778197634033848 3.5555353295058012 1.67855635471642 2.1639505214989185 3.0179989784955978 2.8530318564735344 5.7446941873058668 1.3815567195415486 2.5000384859740734 2.3819019813090563 3.373142323922365 4.9535056105814865 1.7703561973758022 3.3849221533164382 2.9560452569276094 1.4885676652193094 8.2643681606277806 1.8235757420770813 2.4256568751297891 0.88817891944199789 7.0085778944194308 22.405791406519715 3948.2739104144275 16.923806609585881
leaf_count=97 7234 58 15 65 2323 32 65 116 244 23 34 79 80 177 64 27 63 62 1388 163 33 16 61 149 50 26 25 40 215 84 34 2948 41 131 90 34 293 250 187 49 31 20 16 87 96 18 31 44 57 103 23 34 35 7 245 66 47 50 275 449 64160 212
internal_value=0.000409036 0.000616592 -0.00897133 0.0636121 0.0010562 0.00797305 0.00406583 0.0273838 0.000757676 0.00400016 0.0451517 0.0485798 0.0276929 0.0363709 0.0475746 0.069518 0.0186712 0.00168494 -0.00368863 -0.00599245 0.01888 0.00805574 0.0352804 -0.00240083 0.0550224 0.0580626 0.0857398 0.0424712 -0.0100066 -0.009773 -0.0102426 -0.0141441 -0.0179292 -0.000856994 0.0266136 0.0464729 0.0107998 0.027168 0.0519807 0.0672619 0.0959332 0.120555 0.0106817 0.0560486 0.000493831 0.0323011 0.0579822 0.0874287 0.121615 -0.00945798 0.0190997 0.0507194 0.0861107 -0.0223337 -0.0251156 0.00830132 0.0653924 -0.0293524 0.0129808 -0.034009 0.000370563 0.000915195
internal_weight=4869.37 4843.56 210.995 2.72015 4632.57 346.671 290.56 35.0085 255.551 230.073 11.1541 22.182 56.1108 46.6833 38.9185 21.2258 17.6927 218.919 167.171 161.805 51.7474 41.591 16.3185 149.191 5.36612 10.1564 6.80763 11.8685 25.2726 12.8266 208.275 176.175 161.83 48.4782 14.3458 10.7768 32.0995 21.5521 12.7113 10.9334 7.37791 5.69935 6.91225 5.56452 4285.9 15.3813 9.63664 7.1366 4.7547 42.9137 13.0648 8.11132 4.7264 29.8488 113.351 12.5136 4.24923 100.838 7.89676 23.8944 4270.52 3965.2
internal_count=83271 76037 5683 80 70354 3413 2865 311 2554 2310 99 195 548 451 371 204 167 2211 1773 1700 438 354 123 1537 73 84 51 104 231 116 5603 4715 4541 910 174 84 888 595 345 158 109 78 50 128 66941 246 150 119 75 782 195 92 58 587 3631 358 113 3273 325 456 66695 64372
is_linear=0
shrinkage=0.05


Tree=82
num_leaves=63
num_cat=0
split_feature=5 222 29 134 67 87 88 58 61 208 61 61 34 204 93 127 5 240 236 65 65 168 241 231 129 134 228 228 61 193 155 191 243 242 241 186 28 88 130 64 193 249 111 89 88 39 153 189 88 162 89 167 66 233 221 158 241 59 194 4 89 69
split_gain=14.1316 7.24314 10.1389 11.3009 10.6132 9.96403 9.20884 9.15292 6.76924 8.22722 6.63209 9.60154 13.5011 12.7084 10.3024 16.1282 13.537 13.1934 11.3564 11.2326 11.1805 10.148 9.58807 10.1426 9.51638 11.506 13.4074 12.41 10.513 9.51274 17.5954 9.38868 9.26287 11.4165 9.25437 10.4143 8.8651 11.0647 11.039 11.2145 9.05396 8.88626 8.60984 8.42492 9.18292 14.3441 10.295 9.94451 9.8615 9.68899 9.17996 11.2334 9.54278 10.5354 8.33542 7.76229 8.99707 11.8946 8.08894 9.75303 9.08185 10.6682
threshold=191.35000000000005 1.0895109185964371 109.05000000000001 -0.41892383224409441 0.065240274599542347 10.11086056775334 4.3103448275862606 -1.0000000180025095e-35 7.5434125175315581 1.0000000180025095e-35 6.8633958257176184 6.9862872510632492 6.5000000000000009 -0.26475176734650219 0.063953157856011134 0.30151134457776546 22.850000000000005 -0.51192978307921944 -0.72004195656227765 0.10784607431948216 0.086669392204960491 0.03706576918222098 0.32274861218395157 -0.25976973644434714 1.996865245100945 -0.43139395648450701 1.2544970055770002 0.42715505220941236 7.7409527108955496 -0.55220150252290001 0.3941605148768928 -0.22272874119957595 0.71834296605547077 -0.43863467179481525 0.91674084626215813 0.87212460901464539 0.20002323044602463 46.287761791689732 -0.61315535461065174 201.50000000000003 1.2060666054834308 -0.45729841484251316 0.92428571428571438 -7.3318408822552943 5.9398590193094414 2.5000000000000004 -1.1269797746298051 0.45262623078689207 0.93067530042314683 1.2080310042273668 15.888004828286766 0.12012821803329486 0.13159727312710748 0.37118175290818972 0.8182258134306829 -0.89069246575956817 1.346033841771771 2.9000000000000097 1.311677449893083 3.5000000000000004 0.71173448624735014 0.14307491289198607
decision_type=2 2 2 2 2 2 2 2 2 2 2 2 2 2 2 2 2 2 2 2 2 2 2 2 2 2 2 2 2 2 2 2 2 2 2 2 2 2 2 2 2 2 2 2 2 2 2 2 2 2 2 2 2 2 2 2 2 2 2 2 2 2
left_child=1 10 -3 4 -4 6 -6 -8 -7 -10 36 12 43 14 16 18 20 -18 -16 21 -14 34 -20 -24 42 26 54 28 -27 30 -15 -22 33 -17 35 -19 38 55 39 -1 -39 -41 -13 -12 45 47 -47 48 -45 -48 -46 52 53 -52 -26 -38 58 -58 -57 60 -60 -62
right_child=-2 2 3 -5 5 8 7 -9 9 -11 11 24 13 29 15 32 17 19 22 -21 31 -23 23 -25 25 27 -28 -29 -30 -31 -32 -33 -34 -35 -36 -37 37 40 -40 41 -42 -43 -44 44 50 46 49 -49 -50 -51 51 -53 -54 -55 -56 56 57 -59 59 -61 61 -63
leaf_value=0.0039358554899537853 -0.036449490864018323 -0.014569584684451534 -0.014674338851112863 -0.020979632090810087 -0.029173023371104573 -0.038943578965064757 -0.012556042309807718 0.1071743972045639 0.10701080357288893 -0.00053364578953678558 -0.020118333913543257 0.0014559928479927608 -0.023779869830738341 -0.026664629287231675 -0.00946740585378366 0.043755254840738583 -0.021745226751134862 0.20349991938226247 0.055067579805719927 -0.010382107012803149 0.095308022624172983 -0.018166955148857588 0.018697791508059166 0.15710923090775963 -0.0080893937030780613 0.01544844558184378 0.078282130384570603 -0.0048098412935620172 0.18274431606178343 -0.026317829377174796 0.094637283825261834 0.010456704531910509 0.068025311075132253 -0.036376179365698501 -0.013883590871936647 -0.012697836283219688 -0.026183510699340939 0.010518861555466379 -0.026690032783747365 0.0073477260626096724 0.090025822033899847 0.076399601309432935 -0.0066609895914317421 0.067567484145558507 -0.0068836651038082994 -0.0060046019821975612 0.13672323856414303 -0.033891604390401661 -0.012263344101797845 0 0.078748016191916348 -0.029774262702454091 -0.026732557414041392 0.0083982224341133654 0.082811517337936125 -0.012418758087178711 0.0070093571319864148 0.10133279065837408 -0.039123203434502013 0.047585222262554655 0.05590323063991634 -0.010086160800851228
leaf_weight=31.306039785966277 24.876230789581314 159.93900092039257 9.3990301778540033 16.794983319938183 1.3273471221327806 3.7240445790812355 1.5704323155805457 9.3311454104259592 1.715747528709471 4.8606998315081 35.812586599029601 3386.8638365729712 21.100583910942078 5.6442891899496335 3.8058640514500466 6.102482867892836 2.6166048431768996 3.2655152971856301 19.497640347108248 1.5492870034649966 3.052758157253268 0.70129348430782545 2.1361193130724132 5.5963569092564276 30.790301540866494 1.7240528902038925 5.3927442636340848 2.5474160355515778 2.1495020724833012 19.89149667089805 4.5674774898216128 19.453358635306358 4.4474907279945901 10.853903749026358 0.50698602572083462 0.46203431719914068 56.243173036258668 25.499848366249356 13.069873603992162 7.7963299825787571 3.290194997098296 12.282776553183792 360.44699765974656 7.5289317276328855 102.22685716394335 2.4492727443575859 5.1044351076707226 8.2254561390727741 6.4357093591243029 1.6975252814590929 12.692619526758795 7.0196179095655671 4.0637396825477472 9.4189927703700942 1.7381459167227138 269.5381814208813 35.933466389775276 2.7310700672678641 11.092720602639018 11.618771697394548 8.4352521975524741 16.532949330750853
leaf_count=190 7234 4433 172 731 28 62 26 152 22 57 490 51744 237 133 68 102 188 152 260 77 21 51 38 78 387 92 57 77 95 647 101 179 67 189 36 36 716 351 194 48 58 77 5763 89 1099 18 73 89 71 24 137 64 38 85 27 4489 505 44 138 122 80 163
internal_value=0.000399377 0.000597145 -0.00849063 0.0112552 0.0284854 0.0465621 0.07537 0.0899007 0.00827536 0.0372849 0.00100909 0.00167185 0.00973658 0.0219109 0.030057 0.0456285 0.0139105 0.0660805 0.0681497 0.100355 0.00167208 0.13185 0.0791262 0.125965 0.00094939 0.0237218 0.0120763 0.0809292 0.127758 -0.00643326 0.0307466 0.0257437 0.011165 -0.00642829 0.156374 0.178627 -0.00438927 -0.00693267 0.012773 0.0232238 0.0224899 0.0514458 0.000672332 0.00152004 0.00628609 0.0301824 0.0791839 0.00700412 0.0320817 0.107338 0.000520764 0.023004 0.0379167 0.0506571 -0.000757991 -0.00904963 -0.00626203 0.0161847 -0.00905595 0.00971621 -0.00330496 0.0133094
internal_weight=4868.49 4843.61 208.662 48.7234 31.9284 22.5294 12.2289 10.9016 10.3005 6.57645 4634.95 4129.58 337.927 135.252 105.148 52.4399 52.7084 9.10172 31.036 6.48512 43.6067 4.93583 27.2301 7.73248 3791.65 44.3422 37.9212 6.42097 3.87355 30.1033 10.2118 22.5061 21.4039 16.9564 4.23454 3.72755 505.371 440.916 64.455 51.3851 28.79 20.0791 3747.31 202.676 166.863 31.4413 9.25123 22.1901 13.9646 6.80196 135.422 33.195 26.1754 22.1116 32.5284 412.126 355.882 38.6645 317.218 47.6797 36.0609 24.9682
internal_count=83271 76037 5683 1250 519 347 206 178 141 79 70354 63179 4937 2660 1779 802 977 540 444 352 437 275 376 116 58242 735 471 264 187 881 234 200 358 291 224 188 7175 6666 509 315 409 125 57507 2277 1787 364 115 249 160 97 1423 324 260 222 414 6257 5541 549 4992 503 381 243
is_linear=0
shrinkage=0.05


Tree=83
num_leaves=63
num_cat=0
split_feature=5 70 69 127 120 189 197 47 189 164 14 70 3 128 79 248 128 164 156 75 111 233 158 146 64 246 192 126 70 200 191 33 176 133 195 28 155 3 196 118 195 128 143 93 99 221 133 127 64 102 93 79 154 48 235 126 73 194 202 231 242 246
split_gain=13.2765 6.60185 8.40204 10.6605 8.21292 8.1971 7.94606 7.49981 15.2306 12.2175 8.81506 11.4143 8.61536 8.09116 10.4311 7.84943 12.0676 10.4336 7.00717 7.88398 7.45054 6.94717 6.61097 6.57752 16.6868 7.8028 6.43638 6.41865 6.26208 8.21647 9.46934 8.00445 8.76151 7.16896 6.69191 11.7404 11.3158 12.419 11.621 10.4507 8.51341 9.82861 8.50049 8.59016 9.82351 7.92525 6.90333 12.749 10.1876 9.08357 6.68668 6.3323 11.514 14.9113 13.6121 11.9568 11.8799 11.2649 10.4845 12.8359 12.9483 16.3565
threshold=191.35000000000005 5.3864333519241505 0.078456192603623742 0.70200861245003499 1.0000000180025095e-35 -0.25448255357622135 0.13293924501028051 0.18465909090909094 0.8952070268292498 -0.040672591739104175 9.5000000000000018 4.2529069767441863 451.00000000000006 0.28292983446355724 0.22559523809523813 -1.0000000180025095e-35 0.82271782120914538 -0.36733464514315067 -0.17240260253606082 1.4127789046653147 -0.11000000000000003 1.7411112920972434 -0.55565409464160898 -0.75219318112459532 452.50000000000006 -0.52284864661676844 -0.33231135635965009 -1.5773659316493502 9.7040113202903928 -0.8661137598883154 0.53321821951320125 37.250000000000007 1.1707668451273265 -1.1052924312977364 1.6408107473440563 0.4687566819145767 -0.32876860120638757 479.00000000000006 0.53876102180517182 0.19375000000000003 2.1175999925893207 -0.10528707640974615 0.55833570900774421 0.068270502645502662 8.5000000000000018 -1.1407371300275118 1.8712831442408742 0.32274861218395173 340.50000000000006 230.50000000000003 0.011211664152840627 0.82199074074074086 -0.68789326878922663 6.6754385964912286 -0.64921118651397569 0.8431006365675463 0.080229885057471279 0.56442609851314618 -0.18847225594404829 0.70047857933052382 -0.69601065450691357 -0.26273006582979269
decision_type=2 2 2 2 2 2 2 2 2 2 2 2 2 2 2 2 2 2 2 2 2 2 2 2 2 2 2 2 2 2 2 2 2 2 2 2 2 2 2 2 2 2 2 2 2 2 2 2 2 2 2 2 2 2 2 2 2 2 2 2 2 2
left_child=1 2 3 4 -1 -5 -6 8 9 12 11 -11 -4 23 26 16 17 -16 19 -18 -20 -22 -19 24 -9 -25 -15 -3 34 30 33 32 -31 -30 46 36 45 38 39 -38 41 -40 43 -39 -45 -36 51 48 -48 -50 -37 -29 53 -53 55 56 -55 -58 59 -54 61 -61
right_child=-2 27 7 5 6 -7 -8 13 -10 10 -12 -13 -14 14 15 -17 18 22 20 -21 21 -23 -24 25 -26 -27 -28 28 29 31 -32 -33 -34 -35 35 50 37 42 40 -41 -42 -43 -44 44 -46 -47 47 -49 49 -51 -52 52 58 54 -56 -57 57 -59 -60 60 -62 -63
leaf_value=-0.017722157349921629 -0.035957738339068096 -0.02790807779218446 0.074216431852267631 0.034024700979673576 0.09285075282286831 -0.052154656273643657 0.026037941786869974 -0.01392060167189885 -0.016487611482395324 -0.011499084422116647 -0.0051782658709098213 0.13123102451061636 0.0023842706422232767 -0.01371112964045295 -0.010361622647305202 -0.0095634772835334093 0.052983399138595233 0 -0.035468142602621523 -0.025307255092046621 0.054316131147168392 -0.033537907083439011 0.068110475011664312 0.053614653302273024 0.12324067063837729 -0.011286306510197193 0.075383924828351045 -0.0027591510150308733 -0.0038463814617736118 -0.00989152930168994 -0.039351676435856436 -0.035407291412390178 0.06695901330752288 0.08376040856284242 0.060739577141535495 0.085864652744482572 -0.00015043065778593893 -0.030819637337961694 0.17693455299238681 0.094986099380433411 -0.0029683569755925691 0.019256087983586079 -0.045362200931485935 0.090670904859570425 -0.022259724384382319 -0.017340495758640717 0.0142514737566429 -0.032761539340188266 -0.0097073507471369461 0.2301743613360217 -0.029169490750297511 0.016227400217089568 0.00031975297582613715 -0.038729915887754061 -0.010941345220562552 -0.031895662434064796 0.087531781256150576 0 -0.0038377139985664001 0.13510383608009419 0.008931994890312352 0.02151266427361171
leaf_weight=3.3858771994709995 23.991834800224751 19.422175731509924 4.5141365835443166 4.1335422564297915 9.2590792248956877 4.9878741954453272 10.280573563650249 5.8008424267172796 16.039868020452559 1.4549204814247749 1.985726268496365 6.5722107002511621 18.133072655647993 2.1382915927097192 7.3918746635317829 46.232227661181241 8.3338063433766347 4.3163563720881966 17.027298007160425 4.0683926204219452 4.7818370703607824 2.7597009050659835 18.674694293178618 3.7905928986147037 2.3800169369205832 136.43468023650348 8.1097722961567325 1283.2800335595384 3.3873588610440484 75.430649050045758 3.0474298391491166 33.144084985833615 2.8934536948800078 5.3693471848964682 2.9901775666512576 0.38955225748941202 7.6803704444319028 3.0380464061163348 4.0048120962455869 3.5237547196447849 1.0799739793874321 1.6583251114934672 4.0195068852044633 5.4340335079468787 2.1797270020470023 16.423522146884352 2.0035858126357193 2.0946264588274062 0.35838546510785796 0.76278452528640628 15.166471230797468 265.24984121695161 1243.6003512302414 2.7002781457267764 117.62624789308757 5.4237314588390282 11.729466281831266 5.0608427315019062 989.13702715188265 3.5977880624122909 335.556217527017 12.363295985851435
leaf_count=91 7234 399 71 39 70 50 68 60 187 20 29 89 229 18 64 417 42 36 164 48 42 23 173 39 21 1370 64 18812 30 2732 24 1283 57 34 38 14 208 62 62 77 28 28 63 94 42 246 153 176 29 46 662 2809 18686 76 1538 114 205 79 18104 56 5244 203
internal_value=0.000388582 0.000577025 0.0071512 0.0311959 0.0488415 -0.0131037 0.0609205 0.00464528 0.0225137 0.0417372 0.0853565 0.106399 0.0194466 0.00135988 0.0107661 0.00611132 0.0169263 0.0397397 -0.00224304 0.026956 -0.0176559 0.0214194 0.0558167 -0.00647497 0.0345157 -0.00912927 0.0567832 5.76924e-05 0.000186496 -0.0108786 0.027128 -0.0151533 -0.00618115 0.0524382 0.000503779 0.0159992 0.0273345 0.0448972 0.0717216 0.0346922 0.120176 0.141332 0.00928147 0.0324541 0.0589289 -0.00268304 0.000254265 0.0528963 0.10555 0.182711 -0.0209745 0.000176475 0.00143773 0.00923531 -0.00376364 0.0290455 0.0469769 0.0624439 0.000202254 0.00271142 0.0111336 0.053868
internal_weight=4867.81 4843.81 352.987 32.0469 22.9255 9.12142 19.5397 320.94 48.6999 32.6601 10.0129 8.02713 22.6472 272.24 123.834 113.586 67.354 30.3829 36.971 12.4022 24.5688 7.54154 22.9911 148.406 8.18086 140.225 10.2481 4490.83 4471.41 123.272 11.8041 111.468 78.3241 8.75671 4348.13 67.5883 52.0322 32.6186 17.9472 11.2041 6.74311 5.66314 14.6713 10.6518 7.61376 19.4137 4280.54 5.21938 3.12476 1.12117 15.556 4275.33 2992.05 407.79 142.541 24.9143 19.4906 16.7903 2584.25 1595.12 351.517 15.9611
internal_count=83271 76037 3524 318 229 89 138 3206 625 438 138 109 300 2581 1091 1009 592 273 319 90 229 65 209 1490 81 1409 82 72513 72114 4160 88 4072 2789 64 67954 1624 948 664 403 285 118 90 261 198 136 284 66330 404 228 75 676 65926 47114 4821 2012 474 360 284 42293 24189 5503 259
is_linear=0
shrinkage=0.05


Tree=84
num_leaves=63
num_cat=0
split_feature=5 141 29 134 116 195 233 202 233 205 193 148 149 87 223 204 35 160 69 77 140 230 126 89 236 68 233 115 73 215 140 243 183 5 22 29 132 102 94 102 134 166 166 130 35 141 119 166 44 85 89 148 89 244 216 193 216 159 232 28 165 204
split_gain=12.4686 6.47624 8.74941 9.84926 7.89651 11.9266 9.74969 8.9927 8.78451 7.5072 6.82269 6.40415 8.52916 11.965 13.197 9.87562 9.60655 10.1835 9.28392 10.3517 8.5769 8.4993 7.88491 10.0406 9.56603 8.67863 9.91888 12.0325 8.24948 7.66318 8.71345 9.04861 7.53656 7.30564 7.02425 6.96955 8.00367 11.6603 9.27591 7.23807 7.53731 9.05167 10.0397 13.4536 8.80235 7.38298 6.83603 6.71005 6.69491 6.61795 6.51248 6.40789 6.32077 7.29168 6.24368 8.53273 9.75165 6.8216 6.75852 6.18668 6.06761 8.83812
threshold=191.35000000000005 1.0811652650637955 109.05000000000001 -0.41892383224409441 3.5000000000000004 -0.5239348666898217 -0.68273975173316581 -0.89107656493476994 1.1558876252702566 -0.96593497410564277 0.78311440047643488 -1.4710226510928102 -1.4064515367689114 13.649013493528367 -0.32478054967508557 -1.2100043260987505 21.500000000000004 1.1902700184481547 0.10348884381338744 0.67916666666666681 -0.28301261635371361 -0.26257141832073239 0.19831667804372202 15.458948695122034 -0.6460959480479832 6.0657693545791096 1.1028964572507629 -0.37888888888888883 0.14938796835348564 -0.55269832776327321 -0.33359113188906386 -0.57133096280161577 -2.0404708816347843 1.5500000000000003 0.90000000000000013 115.45000000000002 -1.3416407864998734 329.50000000000006 -0.020808080808080807 4.5000000000000009 -0.82310120515485374 -0.59394685254345847 0.36077865093623379 -0.82575601516036878 20.500000000000004 -0.6403869998761903 0.010250000000000002 1.4324675992164944 1.5000000000000002 64.705000000000027 14.242425529426487 -1.3441845206502003 -8.7307676454276688 3.473396829750317 1.1323595614790312 -0.94980100008293344 1.3539788070423298 -1.5893293578887042 0.56698393761233457 0.18753899286987522 -0.52730238940168472 -0.40067908063462171
decision_type=2 2 2 2 2 2 2 2 2 2 2 2 2 2 2 2 2 2 2 2 2 2 2 2 2 2 2 2 2 2 2 2 2 2 2 2 2 2 2 2 2 2 2 2 2 2 2 2 2 2 2 2 2 2 2 2 2 2 2 2 2 2
left_child=1 11 60 4 5 -4 -7 -6 10 -5 -8 32 13 14 16 -16 -13 -18 19 34 21 -21 23 24 -17 -26 27 28 -27 46 31 -31 -1 59 -15 39 -37 -38 -39 -35 41 -41 44 -44 -43 -46 -24 54 -33 50 -49 -30 -47 -54 -42 -56 -57 58 -58 -34 61 -3
right_child=-2 2 3 9 7 6 8 -9 -10 -11 -12 12 -14 18 15 22 17 -19 -20 20 -22 -23 29 -25 25 26 -28 -29 51 30 -32 48 33 35 -36 36 37 38 -40 40 47 42 43 -45 45 52 -48 49 -50 -51 -52 -53 53 -55 55 56 57 -59 -60 -61 -62 -63
leaf_value=0.071447933725746787 -0.035456611602066632 -0.02505619060045321 -0.0085350964478148102 0.075104345598322741 0.067637741779102131 0 0.13594540299683677 -0.024447929563587233 -0.0026530949577991299 -0.03032861601829669 0.0068850746527049913 0.14164721542011502 0.0010199188828800968 -0.046659071814633385 0.085573069241678235 -0.036168484387290582 -0.0091097655293648598 0.094504907870302579 -0.030827007467631208 0.0571080116397365 0.0726887587244303 -0.027159013646849306 -0.020440311881848042 0.10038893784254177 0.07687392912139511 -0.013373344255368416 -0.01943580463113033 -0.025343216524395536 0.096428308285826797 0.061786811957336402 -0.038789108666611768 0.02894340143369771 0.039384690548384844 0.038842201131158188 0.021313071781780643 -0.041463805683982724 -0.034223746074692328 -0.023786723479318445 0.088892473421684381 -0.018657843444239389 -0.019833103437507965 -0.0061166782587962834 0.029083288414144721 -0.043775024073561764 -0.0036826258696226219 0.0073624140777855153 0.061530773443832544 0.082969522206992108 -0.036711988387071778 -0.017139093378308049 -0.0083235467853506363 0.025168849743162539 0.11138227422564234 0.026529900018628934 0.044343736709762771 0.064098465518853689 -0.024960581682127295 -0.033389422687536738 0.072270802581192672 -0.014110484946301047 -0.020252172214480738 0.017003171965383184
leaf_weight=2.1340794637799254 23.149981437716633 19.43826717697084 6.5569489430636159 0.90125780412927525 2.4149314891546956 3.5917517878115168 6.2868346394971031 10.799980068579314 1.7362456256523726 15.623498158529399 1.4168070387095211 2.6810972280800334 4130.9784012553282 8.7173143532127124 3.8738535470329216 6.0411091526038936 5.0661509530618769 3.105220515280962 22.140787189826369 3.7703127712011328 7.3689396069385138 7.0035382788628331 3.153812925796954 3.1831674864515653 6.3466642615385345 3.2978934948332599 12.131803351454435 5.6655582995154026 8.2755381963215715 4.8567411308176824 16.981228476855904 5.4022231195122012 14.300877392292024 7.9650133401155463 5.3644549734890452 29.061735928058624 8.1166016166098398 2.2202919973060489 4.0637358482927075 23.761544763110578 135.2121410286054 8.121079985052349 12.073956690728666 11.2776578143239 4.2387818433344391 3.8132947813719573 6.3869915585964918 4.3799997530877572 8.884889056440441 5.5232608634978533 2.6580440662801266 6.5438141245394972 7.9415275808423704 4.8804946541786194 8.5049486439675075 2.8942740522325066 2.6854250263422754 20.659805829171091 2.615792429074645 7.538926124572753 109.53711335686967 31.098201086744666
leaf_count=11 7234 670 95 40 26 73 96 173 31 696 29 23 66492 71 32 55 44 28 160 26 57 46 37 25 41 29 83 52 60 36 136 38 60 68 35 158 96 24 44 165 1166 47 64 87 31 31 38 37 63 45 19 54 55 25 53 18 24 166 18 31 2764 1040
internal_value=0.000378127 0.000557727 -0.00801955 0.0101856 0.0258553 0.0452438 0.0713391 -0.00369379 0.0957857 -0.0203355 0.116302 0.000948054 0.00146965 0.0125421 0.0218406 0.0157432 0.0720626 0.035731 -0.00655163 0.0104028 0.0346544 0.00425136 0.0120643 0.0252966 0.0183107 0.02687 0.016055 0.0344146 0.0537115 -0.00296954 -0.0136888 0.00914808 -0.00567986 -0.0063983 -0.0207373 -0.00838087 -0.0267631 0.00334555 0.050594 -0.00530656 -0.00681467 0.0063297 0.017903 -0.00625097 0.0370823 0.0536288 0.0345915 -0.0122501 -0.01129 0.0216886 0.0511229 0.0688583 0.0678964 0.0837024 -0.01486 0.00305575 -0.0100239 -0.0205438 0.0260784 0.0208904 -0.0136891 0.00055623
internal_weight=4866.42 4843.27 209.402 49.3283 32.8035 19.5886 13.0316 13.2149 9.43989 16.5248 7.70364 4633.86 4297.22 166.243 111.878 101.025 10.8525 8.17137 54.3653 32.2246 18.1428 10.7739 97.1514 51.4855 48.3024 42.2613 35.9146 23.7828 18.1172 45.6659 36.1251 19.1439 336.643 334.509 14.0818 312.669 43.4624 14.4006 6.28403 269.207 261.242 76.1083 52.3468 23.3516 28.9952 20.8741 9.5408 185.134 14.2871 12.5613 7.03804 14.8194 16.6353 12.822 172.572 37.3602 28.8553 25.961 5.30122 21.8398 160.074 50.5365
internal_count=83271 76037 5733 1259 523 324 229 199 156 736 125 70304 67761 1269 874 779 95 72 395 235 129 72 747 399 374 319 278 195 143 348 273 137 2543 2532 106 2441 322 164 68 2119 2051 505 340 151 189 142 75 1546 101 101 56 114 111 80 1445 279 226 208 42 91 4474 1710
is_linear=0
shrinkage=0.05


Tree=85
num_leaves=63
num_cat=0
split_feature=5 70 174 64 183 228 228 37 244 140 214 102 215 3 207 220 217 126 168 140 66 23 234 65 155 207 78 168 3 128 120 127 70 31 221 105 133 229 217 216 166 104 241 155 43 201 157 248 232 148 145 163 232 212 3 230 219 71 174 68 71 31
split_gain=12.8294 8.0126 7.96309 9.77845 7.66809 11.0974 12.3984 10.4181 7.10389 12.5626 7.94618 8.83633 7.30454 6.91849 6.71301 9.89419 10.279 9.14355 9.77175 9.80803 6.79165 7.64259 8.2982 7.32356 11.8838 14.2001 14.5926 12.7812 10.4799 17.5998 13.7394 15.9413 10.5947 10.5824 12.7523 10.2994 10.0548 11.6631 9.8464 11.6554 9.76332 10.8869 14.6579 11.4766 15.2608 15.9335 10.8482 10.0165 11.8159 9.59089 12.0729 13.406 11.6985 10.5418 10.8217 10.1205 13.8839 9.70036 10.0289 14.0651 9.84793 10.6442
threshold=191.35000000000005 9.7040113202903928 -1.7346160128636849 149.50000000000003 -2.0404708816347843 -0.28971207914107633 0.37543953153866944 2.5000000000000004 -0.33333232410893049 -0.5035944552095829 -0.22209814759497473 54.500000000000007 0.5516538628640385 463.00000000000006 -1.1052924312977364 -1.8100934284170915 0.22061838836261513 -1.3165287967369779 -0.72074997015644726 0.95243309275901444 0.28869047619047622 7.291666666666667 2.2365859455557215 0.078022698441078578 0.83702224198335251 -0.53909998003218562 0.17500000000000002 0.45201959179953921 441.00000000000006 -0.35594263364921092 0.99575000000000014 0.89405934101890427 9.1687275341480952 36.45000000000001 0.080422800525745242 0.27888888888888896 -0.45729841484251316 0.14241807097406206 -0.45658184925266471 0.22106519060691515 0.42272033999308706 0.062470435193945135 0.28628470984280213 -1.0000000180025095e-35 9.5000000000000018 -1.0790357810549362 -0.85819321565066864 -0.3784484231908819 -0.48350116580803987 -0.91923878192213582 -1.0603450051791283 1.8487646345735318 -0.44934506467329571 2.0513036456610303 415.00000000000006 1.4783668673449328 2.602085213965211e-18 297.50000000000006 1.3493533640877198 7.3209591248303942 57.500000000000007 34.350000000000001
decision_type=2 2 2 2 2 2 2 2 2 2 2 2 2 2 2 2 2 2 2 2 2 2 2 2 2 2 2 2 2 2 2 2 2 2 2 2 2 2 2 2 2 2 2 2 2 2 2 2 2 2 2 2 2 2 2 2 2 2 2 2 2 2
left_child=1 4 3 -3 5 -1 7 -7 9 10 -4 -12 -10 -13 15 16 -6 18 -17 -20 23 22 -22 24 28 26 27 38 30 40 -16 -32 -31 34 -34 -27 37 -36 -26 -40 41 -30 43 -43 -45 -46 47 -42 -49 50 53 52 -52 54 -25 -54 -57 58 -51 60 61 -60
right_child=-2 2 8 -5 14 6 -8 -9 12 -11 11 13 -14 -15 20 17 -18 -19 19 -21 21 -23 -24 49 25 35 -28 -29 29 32 31 -33 33 -35 36 -37 -38 -39 39 -41 46 42 -44 44 45 -47 -48 48 -50 57 51 -53 55 -55 -56 56 -58 -59 59 -61 -62 -63
leaf_value=-0.020116523046600998 -0.037009370724711665 0.10823848209230949 -0.028433281948442919 -0.030985428887674877 -0.015043650130571349 0.14589407636758966 -0.015241070753909666 0.0093925976949361702 -0.025552734303321407 -0.018555829692795799 -0.011179954517662306 0 0.014967156383112702 0.14343807278020773 -0.018950108163704561 0.091139388978496327 0.093836700203394893 -0.020565282715753089 -0.035113419758278967 0.079229899029309825 -0.037552993145099814 0.033192210569022343 0.04643066691420876 0.047496774923434959 -0.016817308253054161 -0.021902453406237379 -0.017289787563445246 -0.018846125904501305 0.0016574002170350898 -0.0025745944283477313 0.0013700789228998217 0.09317930214511029 0.019696390632766386 -0.015849248487573634 0.17681231377187226 0.081565868011886908 -0.023320279141878321 0.018454485382166853 0.12974643489096691 0.0065460568565212131 -0.0085630967925653251 0.02319631843516826 0.0015247112792176453 0.040915021697841412 0 0.18624501572053437 -0.010232240714104137 -0.0031942509674354452 0.12778185703927669 0.003981456849971656 -0.029565407571640626 0.045345554694135037 -0.0095613055718816748 0.044795179415014312 -0.0006029721655342583 -0.011602423884746546 0.099807834479176322 -0.024357934930509514 0.0025272786736489764 -0.026942478501531419 0.0067970649311491806 0.051525805404405559
leaf_weight=4.9676214288920155 22.209083064692095 1.9589121160097414 1.4268420732114462 1.5089110722765324 3.6725137373432508 3.7421811171807331 2.7760522784665227 2.3050105171278119 85.014672039775178 12.12434025434777 1.5567166251130427 1.0034752632491288 11.943156019551678 3.2213592333719134 146.21313297888264 2.9008141835220158 3.4053601333871484 94.492401729803532 6.1075300141237658 1.5441415235400198 28.727293539792303 4.7471753279678515 2.3640197515487662 10.968642933759837 1.960638463962822 144.28269956167787 15.415338395629076 4.4199116900563231 88.060044095851481 1126.5036603803746 55.811041458509862 4.1821483224630347 23.0285938247107 11.686826888937501 2.8439377974718809 1.4655951843596984 1.0191150414757419 2.1465806551277637 6.3112041382119077 2.8725790507160127 5.5175375863909721 85.996550468262285 53.51752452692017 26.581636718939993 1.5193304121494291 3.1505253207869819 76.128986401949078 2.5827614506706595 3.5326119796372932 1795.3205030823592 83.253961894195527 8.4637518655508739 95.592188702430576 12.802599490620194 504.06237279484048 5.4282836038619262 4.2621662952005863 27.726044866722077 15.27664924925193 13.515199535991995 41.330173865891993 42.782689512707293
leaf_count=62 7181 60 100 49 63 38 41 31 2830 532 57 46 345 67 4235 46 30 1517 110 19 342 91 14 102 69 3763 366 73 1700 16706 346 21 532 247 34 22 79 23 113 50 108 1456 970 480 9 75 1319 49 50 28346 896 76 855 82 3935 45 31 370 244 280 665 652
internal_value=7.48246e-05 0.000253669 -0.0124624 0.0531643 0.000579987 0.0365293 0.067732 0.103289 -0.0148986 0.0121342 0.0603352 0.0839422 -0.0204087 0.11538 0.000465826 -0.0115646 0.0418542 -0.0155718 0.0266194 -0.00496986 0.000763025 -0.0206141 -0.0297637 0.000936708 -0.00143507 -0.0137443 0.0165168 0.049324 -0.000160175 0.00127958 -0.0107091 0.00927488 -0.00165638 0.0230758 0.0389142 -0.0202792 0.0985269 0.123983 0.0760977 0.0961286 0.0111579 0.0160324 0.0233634 0.0331921 0.058971 0.135524 -0.0031801 0.039732 0.0790881 0.00262922 -0.00226989 -0.0128019 -0.0156641 0.00166824 0.000501779 -0.0044497 0.0416841 0.00446629 0.00490026 0.0193031 0.0258473 0.038979
internal_weight=4861.26 4839.05 119.758 3.46782 4719.29 13.7909 8.82324 6.04719 116.291 19.3327 7.20839 5.78155 96.9578 4.22483 4705.5 112.123 7.07787 105.045 10.5525 7.65167 4593.37 35.8385 31.0913 4557.54 1896.75 176.728 30.9797 15.5643 1720.02 1513.82 206.206 59.9932 1167.23 40.7251 29.0382 145.748 6.00963 4.99052 11.1444 9.18378 346.588 258.826 170.766 117.248 31.2515 4.66986 87.7619 11.6329 6.11537 2660.79 724.834 197 188.537 527.834 515.031 105.283 9.69045 1935.95 1908.23 112.905 99.3895 58.0593
internal_count=83145 75964 4086 109 71878 172 110 69 3977 802 270 170 3175 113 71706 1785 93 1692 175 129 69921 447 356 69474 32895 4456 671 305 28439 23837 4602 367 17621 915 668 3785 136 57 232 163 6216 4690 2990 2020 564 84 1526 207 99 36579 6022 1903 1827 4119 4037 931 76 30557 30187 1841 1561 896
is_linear=0
shrinkage=0.05


Tree=86
num_leaves=63
num_cat=0
split_feature=130 134 214 240 29 104 3 173 223 87 86 212 178 145 183 228 68 163 4 242 104 246 175 239 102 130 145 248 240 235 132 115 14 237 62 71 55 68 196 215 69 35 66 175 72 243 103 129 236 207 29 204 84 237 162 163 223 194 104 232 125 214
split_gain=12.3451 7.98295 16.6484 13.7017 9.45432 10.5853 9.31417 8.19045 7.9905 10.8682 12.7568 9.33745 7.5413 8.97255 8.91878 10.7281 7.03754 14.7147 15.1279 13.5711 11.5822 9.08595 9.15034 8.84696 8.70321 9.99434 14.0583 9.44038 9.29451 10.0083 11.3458 9.2714 11.3072 11.0628 8.99652 8.83187 8.33179 10.0363 8.24387 8.47674 8.80567 9.23813 7.73571 7.69964 7.62292 7.61511 7.17645 6.80873 6.80211 6.76599 12.0866 12.6717 9.09307 7.44891 8.13049 8.36773 8.76172 9.85578 7.94304 7.1196 6.84282 6.74681
threshold=-0.014533585383969634 2.0190820122321824 0.16723538461876838 -0.41502287666528287 136.45000000000002 0.03575690419365838 479.00000000000006 1.47631604430371 1.3121638910345699 -7.1156294303156473 1.559806495643264 -1.0758666350040371 -0.93541434669348533 -1.2669091786124407 -2.1079228664582721 -0.28971207914107633 8.7002304147465441 -0.73232377075282795 -4.4999999999999991 -0.25803115874931232 0.072200220963525477 -0.43139395648450696 0.52643744342464105 0.068761416417252932 26.500000000000004 -0.88454155263612255 -1.2025126820812113 -0.25409944487358049 -0.51995605383712251 0.57536682358000957 -0.67091401787049709 0.87638888888888888 7.5000000000000009 0.96906683634743029 0.071241563355669876 80.500000000000014 1.0000000180025095e-35 10.003144654088052 1.084928806370834 -0.2717551025840706 0.070078576105720589 34.500000000000007 0.28869047619047622 -0.2762246507132376 0.12376043200785471 0.4796336334198345 0.055539320735112675 -1.0583242021975312 -0.58195345691280331 -1.1052924312977364 121.65000000000002 -0.059492328883590365 22.950000000000003 -1.1978290296045275 -0.90695376600210698 -0.28867513459481264 -0.29509323958628814 -0.70723219527029402 0.068632627285338657 -0.54224963716985031 -0.72265940373295934 -0.36438434109120516
decision_type=2 2 2 2 2 2 2 2 2 2 2 2 2 2 2 2 2 2 2 2 2 2 2 2 2 2 2 2 2 2 2 2 2 2 2 2 2 2 2 2 2 2 2 2 2 2 2 2 2 2 2 2 2 2 2 2 2 2 2 2 2 2
left_child=12 4 7 -4 8 -6 -5 -3 -2 10 -10 -12 13 -1 15 -14 42 20 38 24 -18 23 -23 -21 28 -26 27 44 29 -20 -31 32 33 43 -33 46 -30 -38 39 40 -19 -42 49 -28 45 -27 -29 -34 -36 50 52 -52 59 54 -51 -56 -57 -58 -59 -16 -60 -49
right_child=1 2 3 6 5 -7 -8 -9 9 -11 11 -13 14 -15 16 -17 17 18 19 21 -22 22 -24 -25 25 26 31 35 36 30 -32 34 47 -35 48 -37 37 -39 -40 -41 41 -43 -44 -45 -46 -47 -48 61 -50 53 51 -53 -54 -55 55 56 57 58 60 -61 -62 -63
leaf_value=0.020571510419348734 -0.016417669016757407 -0.026971305194575013 -0.0037492609451997439 0.24063867400538835 0.14068586005584677 0 -0.008896822234445852 0.092384690997210639 -0.021877088976156783 -0.02214909385933439 -0.010634131229391316 0.22423013703287295 -0.017337946373320243 -0.028496990000300645 -0.021638814644631552 0.086293617410149279 -0.0054975343058843639 -0.02153561358975109 -0.047622281724435188 0.10991674831262906 0.11302451726281115 -0.034524866504466255 0.030263010593090313 -0.011710240973434994 -0.043300601362839392 -0.04413395361929217 0.058132177162674159 0.00025268144642241411 0.015098441620661511 -0.02420355163532624 0.10002927099260711 0.082615120010149104 0.061472040054830784 0.097623593700126132 0.061159053505993245 -0.016758599710174897 0.1090264779101366 -0.017308553817685809 -0.030239466237928898 0.084317809135713892 -0.026971903399359662 0.074320918213797979 -0.022249510682843837 -0.02162167338443825 0.050987938537901047 0.041023231026354488 0.1000800150948036 0.0064607185471725033 -0.037829771326109068 -0.043906665159777369 0.086612496807975545 -0.03937295841157934 -0.020608075820816973 0.0016423120629678958 -0.022562051714648673 0.10873370639693394 -0.032474723295529404 -0.00017485036722387934 -0.0037508450421434112 0.085851435951458069 0.081138388720557508 -0.027528526930075316
leaf_weight=11.009328991174696 212.31005347147584 7.7372780451551062 1.2559175416827204 0.87112868716940173 1.0606532131787378 3.877696864772588 0.33420619717799127 0.71844946802593757 0.93130165943875942 2.6550694049801669 0.38895056257024407 0.79712887643836416 3.4698463398963213 41.731086644344032 1.9440488144755361 5.5210055345669371 3.4386842763051382 7.2379147447645762 9.4760814877226931 1.3585075982846309 3.5958721600472927 82.039470676798373 5.0008954722434273 3.4714580373838544 18.186370480805635 8.5021058004349488 3.2163425711914888 2.43385963141918 29.503821444232017 3.5077878125011921 2.2064275695011011 3.959295842330901 1.501338718459009 2.8502011466771355 1.5363575452938674 2.685527689754962 4.5982312322594217 1.7566574802622197 4.3132598195224991 6.4311946206726125 2.4402523972094041 7.0589384790509939 33.440505925565958 9.7078421991318447 4.1466683372855178 2.6880650427192441 7.3045414723455906 16.528210321441293 4.4729262730106711 3.0602919985540202 4.9469830058515072 2.2286592135205856 84.787146531976759 4034.9375085493084 5.2510286225005975 3.4203380802646306 4.469146748539063 6.8173654815182116 2.7289570481516465 2.7756336936727157 10.74762410623952 95.775382089428604
leaf_count=96 25024 994 154 80 74 339 41 105 143 211 49 71 34 524 24 59 51 114 155 16 39 1107 64 51 121 83 35 25 378 25 42 68 18 37 21 25 66 22 57 79 30 92 360 145 26 22 56 359 69 43 54 27 1102 47986 91 38 62 80 29 34 96 1623
internal_value=8.07313e-05 -0.0111243 0.0287858 0.121325 -0.0132294 0.0491102 0.196522 -0.00760358 -0.0148891 0.0433079 0.107766 0.175291 0.000648285 -0.0179689 0.000867949 0.0480663 0.000763377 -0.00590453 -0.00740799 -0.0104232 0.0609921 -0.0266333 -0.0304442 0.0346276 -0.00402072 -0.00906747 -0.00508148 0.0267577 0.0140433 -0.0177429 0.0307753 -0.0115962 -0.0152599 0.0232172 0.0326199 0.0573768 0.0277601 0.0758192 0.0275498 0.0393214 0.0179707 0.047733 0.00134181 0.00061646 0 -0.0215804 0.0779433 -0.0207925 -0.00669374 0.00153757 -0.0114607 0.0468417 -0.0166559 0.0018502 0.0240447 0.031504 0.0421767 0.0289259 0.0435725 0.0446594 0.0645316 -0.0224692
internal_weight=4859.15 232.938 10.917 2.46125 222.021 4.93835 1.20533 8.45573 217.083 4.77245 2.11738 1.18608 4626.22 52.7404 4573.48 8.99085 4564.49 362.93 355.896 328.414 7.03456 91.8703 87.0404 4.82997 236.544 185.495 167.309 27.7608 51.049 15.1903 5.71422 139.548 129.579 15.7744 9.96858 12.4239 35.8587 6.35489 27.4816 23.1683 16.7371 9.49919 4201.56 12.9242 15.3368 11.1902 9.7384 113.805 6.00928 4168.11 96.6825 7.17564 89.5068 4071.43 36.4948 33.4345 28.1834 24.7631 20.2939 4.71968 13.4766 112.304
internal_count=83145 27285 1374 275 25911 413 121 1099 25498 474 263 120 55860 620 55240 93 55147 5121 5031 4659 90 1238 1171 67 3421 2733 2612 237 688 222 67 2375 2217 217 158 106 466 88 372 315 236 122 50026 180 131 105 81 2000 90 49666 1241 81 1160 48425 439 396 305 267 205 58 125 1982
is_linear=0
shrinkage=0.05


Tree=87
num_leaves=63
num_cat=0
split_feature=6 70 35 173 3 178 205 183 228 228 37 106 206 3 32 190 93 211 89 87 66 243 189 217 163 70 126 234 68 142 129 86 130 206 91 160 234 30 236 231 73 103 6 190 161 169 208 144 62 162 160 71 16 244 94 239 237 234 205 31 246 20
split_gain=11.7847 7.11755 7.35197 12.1788 10.4762 7.22263 9.56974 7.64793 9.51102 9.17123 7.44583 7.03337 6.73472 6.13619 14.9359 12.8047 15.3661 13.1245 12.9714 12.7113 10.8125 10.9851 10.3623 10.2428 13.6525 15.1848 10.9786 11.1383 9.75721 9.53084 9.48778 10.8321 13.5469 10.8494 13.5061 9.42199 9.89941 14.5683 11.4231 10.6251 8.62738 8.51946 9.04272 8.51848 10.7512 8.48413 8.35299 9.80685 8.22232 8.06362 7.99177 7.95768 10.8996 10.8687 11.7327 10.4472 13.0733 11.6735 12.9516 10.6654 11.861 13.0793
threshold=5.2541041777325317 9.7040113202903928 13.500000000000002 -0.47104445568676429 481.00000000000006 -0.87496479012549944 1.438647022940146 -2.0404708816347843 -0.28971207914107633 0.37543953153866944 2.5000000000000004 8.5811403508771953 -0.4697359518673942 441.00000000000006 84.250000000000014 0.9336930937697977 0.12233061493828302 0.71436680604366687 15.044212186951398 15.873015873015873 0.087508967001434734 1.2463117148805332 0.13571629576925023 -1.0000000180025095e-35 -0.57964379688538792 7.2504125412541258 -0.35739661885014212 0.35417119222267041 7.7512316466448254 0.89424326600941051 -1.5848826698987561 1.7380142767215203 -0.60666700678811802 -0.25409944487358049 0.094044811320754734 -1.0234074954988046 -0.21118712891861391 35.978174603174615 -0.5333383256253893 -1.4321910107539315 0.045804195804195813 0.035099126229096805 1.2382692000587421 -0.68128324990110589 -0.34543645953122043 0.8711325371110753 -0.6573876135444533 -0.53439010791696295 0.070948479942497075 -0.5037431217749142 -0.63435079041889664 55.500000000000007 5.5000000000000009 3.4760692323696625 -0.037022286642731994 0.5896057108135172 -1.1978290296045275 -0.83399839051158386 -0.83889850155392376 37.95000000000001 -1.0000000180025095e-35 0.78574929971988816
decision_type=2 2 2 2 2 2 2 2 2 2 2 2 2 2 2 2 2 2 2 2 2 2 2 2 2 2 2 2 2 2 2 2 2 2 2 2 2 2 2 2 2 2 2 2 2 2 2 2 2 2 2 2 2 2 2 2 2 2 2 2 2 2
left_child=1 5 3 -3 12 6 11 8 -7 10 -10 -1 -5 14 -9 17 18 19 20 23 -17 35 41 24 25 -16 27 -25 -29 43 31 -15 -33 34 40 -22 37 38 -37 -39 -34 -19 -43 -21 -45 -38 47 49 -35 -26 -46 52 53 55 -55 56 -32 -57 -59 60 61 -58
right_child=-2 2 -4 4 -6 7 -8 13 9 -11 -12 -13 -14 30 15 16 -18 22 -20 29 21 -23 -24 26 46 -27 -28 28 -30 -31 51 32 33 48 -36 36 45 39 -40 -41 -42 42 -44 44 50 -47 -48 -49 -50 -51 -52 -53 -54 54 -56 57 59 58 -60 -61 -62 -63
leaf_value=-0.027619018869960377 -0.036340464562465861 -0.042050808533398668 -0.01554549695987238 0.079277274469599021 0.13634741428940261 -0.017723565103568061 0.040557136245727037 -0.016748521193816736 0.12665621306450967 -0.011575721811624279 0.0098617160983863941 0.048630850977708862 -0.03043407966340347 -0.0085719267792466834 -0.031447382729144532 -0.026434079920801379 -0.046222883373130616 0.057447993812007526 -0.030608631155060462 -0.011057890584468434 -0.040758962525612973 -0.0098514063274372215 -0.048034738523306059 0.0051682507382588335 0.00021531390041995701 0.14585411146001062 -0.0036505160891020685 0.033600379291491671 0.12380707750766327 -0.017523942241261286 0.049586430831219108 0.0079706053716847702 -0.023412101340667048 0.059103032629965774 -0.022537826354961075 -0.00016143353958718006 0.067057351824733116 0.085956399024282093 0.13305171780636568 -0.027997036414479294 0.11033078157025811 0.038820804045660608 -0.030204521792401375 -0.016119788408904889 0.0052192703851902953 -0.015680597389295559 -0.016628587482766164 -0.013424584183616856 -0.034082098523310247 0.11199155189826918 0.10382239619262562 -0.0015912952565045758 -0.0079281316130778816 -0.031118920924706164 -0.00097992402185007304 -0.0037024493430198404 0.0086798376307916057 0.037242045348772249 0.01082461537982281 -0.011554373055059936 -0.00076645053582198477 0.07123533747411985
leaf_weight=50.946402965579182 21.097476769937202 3.1554360049776733 108.83510357514024 1.1852357734460381 2.0797090458218008 4.6698039914481333 5.5814236127771428 166.13909121532924 4.1526274695061129 2.5081026144325733 2.2346521425060928 2.2711926950141779 2.8835014854557794 24.265192041639239 1.5072564277797931 7.1416815803386262 7.9168562176637343 3.6625382234342423 9.3197859134525043 4.1141402591019931 2.4240260417573074 11.11677410174161 26.192231590393931 18.491894584614784 2.8342272574082017 1.8759071072563527 51.401482723187655 11.813166570384054 3.8488527880981556 6.3221774697303763 13.541589653119443 29.369972366839647 0.91294480068609374 3.2640429190360001 2.2122792978771022 2.6241944101639092 37.837311777286246 1.407362669240684 2.8677129112184003 12.653846764005717 12.432985822204499 5.0747885480523136 21.049924063729122 2.8384339381009385 2.7993569090031114 2.8942125071771434 139.32622719113715 7.7404513750225288 4.3108141622506082 3.0592780951410532 9.9388414788991106 1679.1824278852437 208.74333195597865 39.096727119758725 168.22801923751831 121.98283648910001 420.24634262779728 50.700591310393065 497.39916907669976 130.64468953944743 642.75036375760101 7.5777599166613063
leaf_count=777 7181 84 3777 45 66 60 71 3312 38 38 30 30 114 474 41 145 128 62 106 83 33 135 492 321 34 30 770 141 49 67 230 236 38 81 54 41 445 24 39 260 330 24 490 54 38 46 3363 302 145 40 131 23340 4535 193 934 1903 7168 580 5916 2842 10260 329
internal_value=8.87402e-05 0.000256194 -0.0118116 0.0286513 0.0664423 0.000561905 -0.016701 0.000784399 0.0369658 0.065071 0.0933377 -0.0234357 0.00987401 0.000669727 -0.00409634 0.000899636 0.01663 -0.00389094 0.0226421 0.000722786 0.0291312 0.0348547 -0.0256846 -0.00287948 -0.0104848 0.0765694 0.0109213 0.032474 0.0621683 0.0332724 0.00136287 0.0186631 0.0312687 0.059085 0.0818258 0.0428888 0.046944 0.0162351 0.0784085 -0.0113098 0.0998392 -0.00494769 -0.015675 0.0498822 0.0659755 0.0608237 -0.0129276 0.0231034 0.00769857 0.0667919 0.0844744 0.00102332 0.00293347 0.00402283 -0.00680955 0.00521998 0.00244619 0.0102299 0.0133408 0.0018698 0.00352191 0.00996303
internal_weight=4856.7 4835.6 118.139 9.30388 6.14845 4717.46 58.799 4658.66 13.5652 8.89538 6.38728 53.2176 4.06874 4645.1 588.234 422.095 98.2038 323.891 90.2869 267.912 80.9671 73.8254 55.9795 241.899 156.343 3.38316 85.5554 34.1539 15.662 26.013 4056.86 76.7682 52.503 23.1331 15.5582 62.7087 60.2846 19.5531 5.49191 14.0612 13.3459 29.7873 26.1247 19.6908 15.5766 40.7315 152.96 13.634 7.57486 5.89351 12.7382 3980.09 2300.91 2092.17 207.325 1884.84 1214.76 670.083 548.1 1201.22 1070.57 427.824
internal_count=83145 75964 4086 309 225 71878 878 71000 166 106 68 807 159 70834 11246 7934 1402 6532 1274 5464 1168 1023 1068 5091 3810 71 1281 511 190 373 59588 1358 884 648 422 888 855 364 80 284 368 576 514 306 223 491 3739 376 226 74 169 58230 34890 30355 1127 29228 20829 8399 6496 20599 17757 7497
is_linear=0
shrinkage=0.05


Tree=88
num_leaves=63
num_cat=0
split_feature=5 70 174 64 63 35 173 178 205 96 182 102 183 182 87 229 221 87 65 247 106 71 103 129 186 3 208 115 2 87 13 5 241 232 4 247 142 110 73 166 158 117 94 41 106 68 234 236 233 205 69 92 243 106 130 243 220 39 239 215 144 65
split_gain=11.0802 6.44447 7.1877 8.54968 7.13363 8.8904 8.58313 6.56077 8.74286 7.43746 10.3932 10.6163 6.91781 7.18738 6.78075 7.32432 6.42694 8.50678 9.35411 8.9253 9.92825 8.74619 6.38375 6.37024 6.10082 5.94817 5.86594 5.82831 5.77977 5.7188 5.89654 5.65107 8.02739 10.0699 9.25898 8.47316 8.18113 7.54888 7.51118 7.714 7.46973 10.9973 11.2774 10.4813 10.071 9.614 8.54209 10.489 8.96514 9.20405 8.77415 7.98822 7.83277 8.68958 7.29461 7.13449 7.42693 7.05949 6.75785 6.54689 6.53449 9.3093
threshold=191.35000000000005 9.7040113202903928 -1.7346160128636849 149.50000000000003 7.5358362442637556 13.500000000000002 -0.47104445568676429 -0.87496479012549944 1.438647022940146 0.12390342439399771 0.7066776086672969 575.50000000000011 -2.0404708816347843 -0.46148072999913975 29.51640913684906 0.10777880429473155 0.31466278358788574 1.4367845752092936 0.069777337951509158 0.83889850155392409 8.160524344569291 15.500000000000002 0.053265468234644016 -0.75446730621501701 -0.39777605929942222 563.00000000000011 0.3767036992479596 -0.079999999999999946 54.500000000000007 39.026505616313749 10.500000000000002 2.1500000000000008 -0.71751432427763173 1.6584863987886371 -1.0000000180025095e-35 0.27230567001251937 -0.40126010889131974 0.47222222222222227 0.54447080816796101 -0.77452104718967962 -0.72798264338941199 0.23303167420814483 -0.049448227312810643 1.5000000000000002 6.9291979949874696 6.8507298851516305 0.98863219501555633 -0.23616801596961126 2.5945978449011164 0.83889850155392409 0.17402119835604588 0.78174603174603186 0.61461617810525182 7.667565139263254 -0.72609827450489151 0.71834296605547077 0.67768807987394841 1.5000000000000002 1.2715755303111773 0.29356848121089824 -0.91871970873598185 0.078022698441078578
decision_type=2 2 2 2 2 2 2 2 2 2 2 2 2 2 2 2 2 2 2 2 2 2 2 2 2 2 2 2 2 2 2 2 2 2 2 2 2 2 2 2 2 2 2 2 2 2 2 2 2 2 2 2 2 2 2 2 2 2 2 2 2 2
left_child=1 7 3 -3 29 6 -6 8 9 14 11 -11 13 -9 -1 -16 17 -7 19 24 21 -21 -15 -20 28 31 -18 -27 -19 30 -4 32 33 34 35 -14 37 -34 39 -36 41 42 45 54 -42 -38 47 52 49 50 55 -49 -46 -54 -44 56 59 -43 -35 -48 -33 -62
right_child=-2 2 4 -5 5 16 -8 12 -10 10 -12 -13 25 22 15 -17 26 18 23 20 -22 -23 -24 -25 -26 27 -28 -29 -30 -31 -32 60 36 58 38 -37 40 -39 -40 -41 44 57 43 -45 46 -47 48 51 -50 -51 -52 -53 53 -55 -56 -57 -58 -59 -60 -61 61 -63
leaf_value=-0.041219044581169803 -0.03585115486550644 0.099174187583661449 0.010709898059122248 -0.03031902407490028 -0.031154636738049159 -0.03064774972393626 0.089756808665401727 -0.036286912867125688 0.038067728254898847 -0.0097467477829949155 -0.047329077863777463 0.10779058896540789 -0.049180829570750983 -0.015323603468354772 -0.029550095987764459 0.053897824566593505 -0.041795786227015005 0.10898887136098599 0.071300356233166481 -0.016224557337588666 -0.023333990454849948 0.16264214214627348 0.067909439293341381 -0.025783832691319571 -0.0068350627966160043 0.0038594630575480302 0.023423247439209031 0.087864148572588882 -0.0091089130871923035 0.051161398937622907 -0.038618211352761639 -0.0033727365184623979 0.040234983870981698 0.064133430402354599 -0.026370052068512652 0.016492682070015748 0.020638435404292391 -0.014994956784056518 -0.022744516032691498 0.031105975999461341 -0.030648406326461236 0.015725012936347069 0.056917515723301851 -0.018256604589152261 -0.0076343541728172912 -0.063508420611489383 0.048389513902958814 -0.037981462417965545 -0.029393792647349988 -0.031858254732933099 -0.027033772606227659 0.018720611527997526 0.060675363673618712 -0.0082786171122499717 0.0052296696431103386 0.064730281283753341 -0.021741482352514024 -0.056240342644091647 0.0036307399757990466 -0.0091546022807596685 -0.0020499722460099053 0.0034458280254085838
leaf_weight=34.166042676893994 20.348884134786204 2.1178708183579142 6.4906031454447648 1.45462947525084 1.4706700169481335 11.763943071709944 3.6311279311776152 2.1328210546635082 5.7110435636714092 3.3584220656193775 3.2495519751682878 2.8910251501947641 10.285116940736772 2.4427175647579125 5.037252667360006 3.64881472568959 17.525819727918137 1.7279624748043674 0.95986391743644972 0.57488961657509152 0.92812608927488316 2.5906542600132525 9.1925877989269775 11.464699115836991 8.2865351671353036 4.9371846197172999 3.4459043384995303 2.8595448220148674 1.3234733678400514 1.2679365756921459 39.909237908897921 1063.0051386645064 22.700335130095485 15.673155710101129 5.7073195725679389 7.8581459969282141 6.3582993000745756 7.6199068427085868 8.7111689597368223 51.581299871206284 32.71172308921814 5.0049688369035703 28.07558494806289 7.3484977930784217 43.717778608202934 5.3846157640218735 18.002861484885223 35.376523986458778 9.5450762957334501 6.4025154113769522 5.5683608949184409 6.7262602001428595 9.5662141442298907 7.4732160270214072 9.4908279329538399 13.672681182622908 7.0317027121782294 7.3669281899929047 6.8043664842844001 6.1144345998764029 1318.8130032925401 1848.5284239614848
leaf_count=555 7181 60 143 49 44 522 121 38 71 62 42 39 45 26 69 40 741 58 23 29 34 63 102 286 286 59 143 25 40 20 1424 10158 97 66 25 34 27 33 37 220 142 21 120 32 189 23 77 153 41 28 24 28 40 32 41 57 30 32 30 26 28148 30694
internal_value=8.9041e-05 0.000248724 -0.0112942 0.0502549 -0.0137 -0.00282138 0.0546892 0.000538212 -0.0160182 -0.0226151 0.0157928 0.0513054 0.000748974 0.0349223 -0.031409 0.00693363 -0.00855422 0.00328146 0.0183489 0.043278 0.0988382 0.132861 0.05021 -0.0131586 0.0164273 0.000639135 -0.0302736 0.0417235 0.0669277 -0.0282238 -0.0315321 0.000560017 0.00617315 0.0179015 0.00961826 -0.0210997 0.00196026 0.0261597 0.0183261 0.02494 -0.000815704 0.013246 0.0226118 0.0339184 -0.00568942 -0.0195099 -0.000682887 -0.00969981 0.0131605 0.0207839 0.0280597 -0.0285827 0.00355539 0.0313736 0.0444629 0.0354539 0.0208339 -0.0277545 0.0469659 0.0338177 1.62993e-05 0.00115599
internal_weight=4855.14 4834.79 116.934 3.5725 113.361 65.6937 5.1018 4717.85 58.0622 52.3511 9.499 6.24945 4659.79 13.7681 42.8521 8.68607 60.5919 39.6201 27.8562 15.4316 4.09367 3.16554 11.6353 12.4246 11.338 4646.02 20.9717 7.79673 3.05144 47.6678 46.3998 4638.23 407.88 106.621 84.1431 18.1433 301.259 30.3202 65.9998 57.2886 270.939 69.0297 56.6578 44.9149 201.909 11.7429 169.198 102.86 66.3376 56.7926 50.39 42.1028 60.7572 17.0394 37.5664 44.8217 31.149 12.3719 22.4775 24.1173 4230.35 3167.34
internal_count=83145 75964 4086 109 3977 2390 165 71878 878 807 143 101 71000 166 664 109 2225 1341 819 510 126 92 128 309 384 70834 884 84 98 1587 1567 70750 1750 457 361 79 1293 130 282 245 1163 296 243 193 867 50 725 442 283 242 214 181 261 72 161 190 133 53 96 103 69000 58842
is_linear=0
shrinkage=0.05


Tree=89
num_leaves=63
num_cat=0
split_feature=75 70 215 133 244 233 228 12 221 221 90 116 194 141 178 125 96 215 87 229 183 228 177 44 73 207 29 104 210 238 22 214 89 95 129 206 93 244 87 176 196 210 64 243 190 165 102 209 129 132 235 196 225 240 203 43 142 126 236 65 193 173
split_gain=10.7794 6.19572 6.90364 11.1464 8.13994 10.5923 8.63743 9.49282 6.84153 6.98396 8.573 6.68384 8.99881 6.34542 5.98154 8.43208 7.30187 9.86994 7.82855 8.16913 6.19706 7.90572 5.62612 5.49395 5.46016 5.31778 9.24803 10.5364 10.1967 7.42386 9.20698 9.14668 9.98624 8.38094 6.43951 6.42045 12.4071 10.0268 14.7102 8.61897 6.59748 9.61359 9.37014 8.23805 10.2332 11.4738 13.0092 12.6695 9.17239 9.88071 9.14001 8.91559 8.87605 8.59886 11.4364 8.73115 8.5876 14.1254 8.18256 7.95865 10.9867 10.6252
threshold=102.01515151515154 9.7040113202903928 -0.15853464141587062 -0.75477726265637479 -0.31412177022508497 -0.62981602721260088 -0.013239087454553298 1.0000000180025095e-35 0.31466278358788574 -1.0284645756981525 8.5000000000000018 1.5000000000000002 -0.93487578041544384 -1.0690638416979663 -0.87496479012549944 -1.5776733284211522 0.12390342439399771 -0.065078133186658269 28.853091353091404 0.10777880429473155 -2.1079228664582721 -0.28971207914107633 -1.0000000180025095e-35 1.5000000000000002 0.28178210678210686 -1.1052924312977364 121.65000000000002 0.072206115855248096 -0.42452766292244609 -0.60944817138653418 0.22500000000000003 0.84965549837269816 -8.2218227557306331 -2.422619047619047 0.13410671426918416 2.6092911740550933 0.065543848512598521 -0.25564782850466222 -7.1156294303156473 -0.42009689630470154 1.066907762080487 -2.1745994991876114 135.50000000000003 -0.77430354774953236 1.3031927419973417 -0.880076306997714 130.50000000000003 -0.11199355879582655 -0.31249423471786758 -0.52529590940976567 0.50895883140960863 1.2296512613361736 1.1396687648771986 -0.17877329660036742 1.1222470134282527 8.5000000000000018 1.1333682251127219 0.19831667804372202 -0.86034704397996231 0.20067114093959734 -1.8264019981390551 0.58285942796233081
decision_type=2 2 2 2 2 2 2 2 2 2 2 2 2 2 2 2 2 2 2 2 2 2 2 2 2 2 2 2 2 2 2 2 2 2 2 2 2 2 2 2 2 2 2 2 2 2 2 2 2 2 2 2 2 2 2 2 2 2 2 2 2 2
left_child=1 14 4 8 5 6 7 -3 9 -4 -11 12 -7 24 15 -1 18 -18 23 -20 21 -16 -23 -17 -6 26 28 -28 29 -22 31 32 -31 -32 -35 40 37 38 -37 -40 59 42 -42 48 45 46 -45 -48 49 -43 51 -49 -47 54 -46 -55 58 -58 -50 60 -27 -61
right_child=-2 2 3 -5 13 11 -8 -9 -10 10 -12 -13 -14 -15 20 16 17 -19 19 -21 25 22 -24 -25 -26 35 27 -29 -30 30 33 -33 -34 34 -36 36 -38 -39 39 -41 41 43 -44 44 53 52 47 50 56 -51 -52 -53 -54 55 -56 -57 57 -59 -60 61 -62 -63
leaf_value=0.055034280710817007 -0.042915466147644542 0.12432367696558676 -0.010806613805742842 -0.02344349053543238 -0.030022260634913225 -0.025635185649086636 -0.012940175161546467 -0.010661838939918579 -0.01337528484130663 0.10643985689012814 -0.0048196637220542446 -0.042687864469127861 0.094941971313598994 -0.029258881827539787 -0.017396276174521507 0.024063985229681589 -0.018282616172436844 0.077587395474520648 -0.029604092147615765 0.054999109467595154 -0.02288711929921141 0.10636121734086024 0.010643532842841107 -0.044905407389499483 0.076723596377874126 0.020327868380267459 -0.013884575260227053 0.091781497809579865 -0.02649317323734466 -0.024706594392248843 0.064426266748207658 -0.019765212562570023 0.12536319559238143 -0.046135844847295521 0.025531439726630134 -0.0013560784631148227 -0.011786171964454984 0.0078283327313768032 0.015396300358282797 0.13376260739015922 -0.028890245472199649 0.057243895133452329 0.11353327884216163 -0.027010857991161964 -0.010611553700084209 -0.0099265501588568228 -0.012970091289164119 0.0068538986280416592 0.072848236521250539 -0.018712853163461853 0.013208928428837205 0.16314718993906374 0.071892313810577549 -0.026571121448974017 0.072811524242511902 0.037257558503207951 -0.011017314183221086 0.096344726084196974 -0.0068038922700917664 -0.019843606649913675 0.0015068862653597177 0.042063862983545162
leaf_weight=2.9975302168168119 13.527997509809209 3.4073521429672837 2.3817048370838156 11.888035659678279 1.2606890627648675 2.8672261545434594 2.9458529516123262 1.5469297377858309 3.9113749451935282 5.9514187481254357 2.082096679136157 8.5152377786580455 1.6520919026806939 66.343842732952908 3.5252729058265686 2.4437879044562569 6.4760521266143769 3.2193649718537909 5.1184289902448636 4.3469814381096512 11.906406785361467 3.2472809539176524 2.9899517754092795 32.746774678584188 1.8540598149411378 78.342250010930002 4.2760384359862647 3.5651627269107848 63.444483919767663 0.9711357420310377 2.9067946420982471 1.8004903858527539 4.2297555180266526 7.2095259591005725 4.1580658263992518 4.6660919843707225 17.891889789374545 12.712765799835323 2.4537611310370258 6.1268559435848173 1.1742397798225277 15.337446723133327 2.3591080824844539 5.7301178732886937 47.722583081806079 580.11220065690577 3.7087548091076323 1.3429966857656808 2.3498343280516556 5.1298049180768421 2.8789749513380229 3.5143673862330616 2.3330144910141817 5.5349573635030529 3.482612879946827 32.642870638286695 5.8089988790452463 4.9318017484620214 82.486784467706457 71.905189702054486 3541.3821892344858 6.6769220987334839
leaf_count=47 4679 119 29 787 36 123 174 109 65 77 32 379 65 2527 46 24 108 38 74 47 246 33 34 553 16 865 61 52 1058 34 24 30 106 102 52 108 290 106 46 83 32 123 36 100 507 7575 66 21 35 189 37 52 23 73 39 296 57 51 1205 883 58164 97
internal_value=8.72095e-05 0.000217306 -0.0111169 0.0110484 -0.0176502 0.00917249 0.0516535 0.0866239 0.0396577 0.0594389 0.0797091 -0.0180645 0.0267529 -0.0258209 0.000500532 -0.0154057 -0.0203049 0.0173614 -0.0287934 0.0103148 0.000700407 0.0386053 0.0689785 -0.0394451 0.0355071 0.000611568 -0.0104845 0.0385402 -0.0148681 0.00733762 0.0247447 0.0676841 0.0970697 0.000303752 -0.0195722 0.000869639 0.019698 0.0412154 0.0701073 0.105576 0.000681003 -0.00340566 0.0691666 -0.0038158 -0.00589664 -0.0082546 0.0308631 0.0600822 0.00844112 0.0379887 0.0931514 0.129335 -0.00946759 0.00978252 -0.0035559 0.0274341 0.0017341 0.0418609 -0.00371643 0.00157652 0.00192111 -0.0140582
internal_weight=4852.45 4838.93 116.608 26.2146 90.3933 20.9347 7.90013 4.95428 14.3266 10.4152 8.03352 13.0346 4.51932 69.4586 4722.32 57.3489 54.3514 9.69542 44.656 9.46541 4664.97 9.76251 6.23723 35.1906 3.11475 4655.21 104.468 7.8412 96.6267 33.1822 21.2758 7.00138 5.20089 14.2744 11.3676 4550.74 43.8514 25.9595 13.2467 8.58062 4506.89 808.581 3.53335 805.048 689.003 599.62 17.1752 11.4451 116.045 20.4673 7.73634 4.85736 582.445 89.383 51.2052 38.1778 95.5774 10.7408 84.8366 3698.31 3619.72 78.5821
internal_count=83145 78466 4538 990 3548 969 402 228 203 138 109 567 188 2579 73928 891 844 146 698 121 73037 113 67 577 52 72924 1765 113 1652 594 348 170 140 178 154 71159 633 343 237 129 70526 10517 68 10449 8789 7874 276 176 1660 312 110 73 7598 915 546 369 1348 108 1240 60009 59029 980
is_linear=0
shrinkage=0.05


Tree=90
num_leaves=63
num_cat=0
split_feature=189 6 183 227 178 195 22 40 90 111 194 230 87 202 120 143 163 133 128 245 233 244 195 189 208 231 3 231 236 87 193 61 67 196 64 173 192 194 243 228 228 39 232 120 214 227 103 235 247 94 241 125 189 129 168 222 90 166 193 241 66 30
split_gain=13.5509 10.2934 9.94606 10.821 9.24613 7.7547 10.8062 10.8078 10.5511 15.867 8.43991 7.7428 8.44143 12.9934 13.2174 12.0918 9.40667 12.6763 12.6308 12.1264 10.1878 9.92746 10.2204 9.60627 9.01423 8.73982 10.519 10.2817 8.20917 9.67932 10.5484 8.12076 7.4519 7.08246 6.97324 12.4991 10.6147 10.0445 11.8197 10.6434 8.71137 8.62342 8.37996 8.64055 10.3939 7.97726 8.35862 7.53674 12.0881 6.93109 9.19404 9.94627 8.38571 7.54182 6.79932 12.1074 11.3746 8.20218 6.79761 18.2809 18.6021 11.3285
threshold=-1.1830388474515499 2.9882008347154687 1.8539546510448757 0.27912820335400929 -0.50197631533948373 -1.0949648023301015 0.29166666666666669 0.23303167420814483 14.500000000000002 -0.37249999999999994 1.9262725234751132 1.8544218698206081 18.389569141714652 -0.56579550980513371 0.0012500000000000002 1.3181139281559566 -0.28867513459481264 1.343669867052997 -0.41783869672008195 -0.62105187268693041 -0.70060950854979764 -0.37802762822972141 0.39603174507976707 -1.3395349275667257 -0.77319603651326607 -0.29331541099020969 453.00000000000006 -0.85713189157778513 -0.73083323945161183 4.8879845177320602 0.51595177967366224 7.7665532879818597 0.09483359784542876 -0.11127778777425283 1043.5000000000002 -1.0888410980186756 0.51998414593667608 1.2581305972042902 0.38634770027086435 0.88301341010293932 0.17125889114338538 3.5000000000000004 1.1688607934951547 0.79125000000000012 0.7171209418774166 -1.3628852467057266 0.057084040436976825 1.8732639831847173 0.46973595186739431 -0.029423231280816416 -0.86528089607933723 1.0000000180025095e-35 -1.5248751981438942 -0.53452068712873524 -1.7623381637145077 -0.11863799369413133 7.5000000000000009 1.0000000180025095e-35 -0.64516753272397398 -1.2353324061979405 0.06673027989821885 35.202631578947383
decision_type=2 2 2 2 2 2 2 2 2 2 2 2 2 2 2 2 2 2 2 2 2 2 2 2 2 2 2 2 2 2 2 2 2 2 2 2 2 2 2 2 2 2 2 2 2 2 2 2 2 2 2 2 2 2 2 2 2 2 2 2 2 2
left_child=4 34 54 -4 -1 6 10 -8 11 -10 -6 12 16 33 -15 -16 -7 18 21 -19 -21 23 25 -18 -20 27 -27 -23 -26 31 -31 49 -9 -14 45 37 47 38 39 40 41 -36 -38 -44 -45 46 -2 -37 -49 50 -30 52 -52 -53 55 -3 57 -57 59 60 -56 -61
right_child=1 2 3 -5 5 8 7 32 9 -11 -12 -13 13 14 15 -17 17 19 24 20 -22 22 -24 -25 28 26 -28 -29 29 30 -32 -33 -34 -35 35 36 42 -39 -40 -41 -42 -43 43 44 -46 -47 -48 48 -50 -51 51 53 -54 -55 58 56 -58 -59 -60 61 -62 -63
leaf_value=-0.031661520356628135 -0.0075805821382333716 -0.03139112648811565 -0.010208785309581928 0.1604649419150555 0.070670527458429236 -0.025370596669636859 -0.019789522014427009 -0.0038380724503446432 0.0089371907618094101 0.12955346144575081 0 -0.034619026298291437 -0.051968266045987178 -0.0098351485229226411 0.10199250904033919 0.010910127648799462 -0.018658861250594613 -0.021245432095465686 -0.042617254615594721 -0.011610853376212392 0.22642378791329509 0.0089592156270064758 -0.021018502724386146 0.16402702927188262 0.053712397951166141 -0.023840033760869541 0.062671734717634334 0.11323092095287951 -0.040765691670244568 0.056842430652089417 -0.017109931162527164 -0.038036182755648178 0.10205381698223502 0.019143909861022764 -0.00034751723950870788 -0.0052814429461096671 -0.030676643932702832 -0.025624103614838231 -0.017352680770400558 -0.02791500936521886 0.12103486276532321 0.084591279677535311 -0.033474658467865646 0.05277372721355799 -0.02314584244260557 0.0011521347107273717 0.064275522320959511 0.069043475659139944 -0.03141023186804711 -0.03377277014590007 -0.024907692477474045 0.059426620109445043 0.077105333137997736 -0.030321493153811187 0.15550962135634461 0.047983439744640748 0.13265924891423289 -0.038294654602701275 -0.01066900192190734 -0.038742354587882867 0.019276374968878508 0.0017775317795941379
leaf_weight=10.834865801036356 6.2293672375380984 6.2505955470260259 1.5274211259093129 0.86691719363443542 17.957858609966937 22.602929287822917 13.516765740932899 2.6383256795816115 7.6162361747119576 3.4908369206823391 5.3583656754344693 9.7798314308747631 4.8316081592347473 5.9988238955847946 11.211584887932988 5.7527663446962825 0.68378274119459126 0.88669906184077296 11.589621056802569 0.42513596010394405 0.78632255969568965 4.1837508280295879 8.7958897596690786 1.5087675810791541 6.2317167003639033 7.8950314265675861 4.8099656915292144 5.4926683485973644 5.0006646448746244 11.224358261795716 7.210305754095315 19.186241939663887 2.8652425669133663 7.7558245926629734 6.2947687171399647 105.43651862256229 80.695985451340675 7.9096208922564974 6.924794351682066 2.5997714921832076 5.1004845835268489 4.4828147627413273 9.9847365934401768 10.206275664269926 6.6781293079257003 3719.5573441125453 9.1342987120151502 7.7049096859991533 3.7648605816066265 9.1139565932098865 1.8996303207240988 2.1731464897748083 9.4955610129982251 7.8846450638957304 2.5711902282200745 7.5528324085753393 2.1845717558171591 3.1268618162721395 448.23602352035232 18.980603880481794 10.010674865683539 124.42849138658494
leaf_count=192 53 265 76 40 209 518 141 39 152 54 55 150 67 186 96 42 27 73 253 45 63 83 297 38 120 168 70 71 98 101 101 325 23 101 55 1014 778 63 53 24 36 37 116 58 36 34471 73 54 26 145 32 34 145 149 108 244 70 181 33010 958 444 6478
internal_value=0.000446296 -0.000177496 -0.00613568 0.0791827 0.01156 0.0135892 0.0329016 0.00415671 0.00944656 0.0548281 0.0550095 0.00656093 0.00894389 0.0305027 0.0521771 0.0737106 0.00360056 0.00897564 0.00639147 0.109044 0.173152 0.0322337 0.0226178 0.117489 -0.00327692 0.0401462 0.0107306 0.0736776 0.00286031 -0.00206779 0.0282683 -0.0126949 0.0577373 -0.00959989 0.000756321 -0.00717837 -0.011447 0.0209351 0.036043 0.0561739 0.0710765 0.03874 -0.022707 0.00129067 0.0228512 0.00130709 0.0361523 -0.000939615 0.0357947 0.00150452 0.014628 0.0290035 0.0590584 -0.00685728 -0.00659771 0.0219845 0.0486734 0.0211784 -0.00754501 0.00141064 0.0568847 -0.00378191
internal_weight=4877.13 4618.44 625.736 2.39434 258.69 247.855 42.3366 19.0203 205.518 11.1071 23.3162 194.411 184.631 35.5506 22.9632 16.9644 149.081 126.478 124.38 2.09816 1.21146 33.3699 31.1773 2.19255 91.0098 22.3814 12.705 9.67642 79.4202 73.1885 18.4347 54.7538 5.50357 12.5874 3992.7 257.784 224.471 33.3123 25.4026 18.4778 15.8781 10.7776 107.565 26.8691 16.8844 3734.92 15.3637 116.906 11.4698 35.5676 26.4536 21.453 11.3952 10.0578 623.342 19.1149 12.8643 10.6797 604.227 155.991 12.5819 143.409
internal_count=83284 78821 41874 116 4463 4271 467 203 3804 206 264 3598 3448 492 324 138 2956 2438 2257 181 108 754 689 65 1503 392 238 154 1250 1130 202 928 62 168 36947 2350 2082 268 205 152 128 92 988 210 94 34597 126 1094 80 603 458 360 177 183 41758 760 495 425 40998 7988 552 7436
is_linear=0
shrinkage=0.05


Tree=91
num_leaves=63
num_cat=0
split_feature=189 5 178 193 175 129 67 64 105 128 3 157 97 115 128 192 238 102 69 97 105 215 192 64 43 191 168 164 206 244 129 219 214 117 248 92 61 92 77 30 193 186 93 33 66 168 242 195 241 83 95 168 74 244 142 28 32 63 229 104 164 232
split_gain=12.397 9.52603 8.5006 7.72351 14.6594 13.3462 11.6879 9.59538 8.16815 8.03756 7.93184 9.00476 9.42534 9.38859 8.89884 11.1886 12.0463 8.64059 10.3442 9.56587 8.59181 7.71387 15.8632 7.73801 7.86223 7.66504 20.6314 12.6699 9.99676 12.5413 12.4357 11.6219 10.4032 12.9802 10.9948 11.1295 12.0994 9.97024 11.8231 9.96201 10.5747 12.6269 12.5257 11.5929 13.1035 9.7078 9.69732 12.7453 13.0488 9.78473 11.8148 9.23785 11.1425 9.27855 9.11833 9.84199 8.96903 10.8792 8.7091 8.6529 8.5112 10.2039
threshold=-1.1830388474515499 123.15000000000002 -0.50197631533948373 -1.5820706526343835 1.0000000180025095e-35 1.0000000180025095e-35 0.22318007662835251 8.5000000000000018 0.15804341361879279 0.45123872215026234 441.00000000000006 -0.43927064389817022 61.500000000000007 4.4650000000000007 -1.0453376210952572 0.8517932009498147 -0.77509463522442079 46.500000000000007 0.18171097770154376 31.000000000000004 0.071801691216584848 -0.95618288746751467 1.0000000180025095e-35 47.500000000000007 9.5000000000000018 0.77990105937063336 1.5573229424284607 -1.0078913554553435 -0.37196350018246349 -0.47049724261710885 -0.33190816121696093 -0.258197385289689 0.61264540888842467 0.41428571428571431 -0.80547865972498001 0.16302800189843383 7.7355976572899108 0.49489795918367352 1.3166666666666669 38.734166666666674 -0.81444549556581192 -0.36573798668002916 0.060529401154401162 38.250000000000007 0.090956637504754675 0.10304350424310091 -0.84822703357658902 -0.76520548118812193 0.15537782156943178 75.481666666666683 -0.66145833333333204 -1.0327955589886433 5.5000000000000009 -0.27748404006919974 1.5486709153647655 0.59189671697411639 108.25000000000001 7.7101213237029702 0.12464537649852193 0.021466973886328729 0.33338828442835339 -0.60554257720605853
decision_type=2 2 2 2 2 2 2 2 2 2 2 2 2 2 2 2 2 2 2 2 2 2 2 2 2 2 2 2 2 2 2 2 2 2 2 2 2 2 2 2 2 2 2 2 2 2 2 2 2 2 2 2 2 2 2 2 2 2 2 2 2 2
left_child=2 3 -1 4 5 6 7 9 -9 -2 11 13 14 -5 15 17 -17 18 19 -13 -15 22 -16 24 -23 27 28 -12 32 30 -30 -31 33 60 45 36 -36 59 56 46 41 -41 43 -43 -45 -34 47 -29 49 50 -49 52 -42 -54 55 -28 57 -39 -35 -37 61 -27
right_child=1 -3 -4 10 -6 -7 -8 8 -10 -11 25 12 -14 20 21 16 -18 -19 -20 -21 -22 23 -24 -25 -26 26 54 39 29 31 -32 -33 34 58 35 37 -38 38 -40 40 51 42 -44 44 -46 -47 -48 48 -50 -51 -52 -53 53 -55 -56 -57 -58 -59 -60 -61 -62 -63
leaf_value=-0.030814435175336077 -0.033299082827186514 -0.023167262155810449 0.012964534133724441 -0.01951175170050802 -0.013388031598022709 -0.014795580764808981 -0.018577278180538944 0.039130048373326669 -0.017086392036898355 0.031670731039406812 -0.0087401301502989387 -0.021531164518847665 0.084145566949963266 -0.028092988288437579 0.10734630383173004 0.057976485651665383 -0.0025504017796374608 -0.023041468888587376 0.073013438768561395 0.041687762482115906 0.11325663819876514 -0.027796900389800757 -0.019177166550564808 0.0065689987998723059 0.045420756096295624 0.024691009377564292 2.8271796520020013e-05 -0.027560357907817336 0.13769137528103625 -0.023396803623213749 0.0074213802827357601 -0.0060118448567471131 0.072431056385678302 0 0.0082424272612185226 0.046676082760131306 0.092209612993986334 0.085423809422516539 -0.034630149527983579 -0.022235212729881132 -0.001726593382457586 -0.026517337385590485 -0.0079790516781099805 0.1136123687845375 0.0055573676948790125 0.0074001844216133265 0.0033293966621470573 0.19619326621123936 -0.0041930229974973454 0.0020674382449525283 0.059809572951216042 -0.013655457558471369 0 0.13488263961236244 0.074613341552474746 0.076841010803451251 -0.0067166939898114231 -0.013306663368349139 0.088112714171060216 -0.031100914409423436 -0.030391018601098413 -0.011576936851314589
leaf_weight=10.609374214429407 9.7879505357705074 43.575390074634925 248.94449730427004 129.48446470173076 51.220340422354639 26.051776360720396 13.611368023790417 90.088474286720157 6.2794707943685344 7.5010841530747703 266.76393518550321 22.429560965392742 2.1228897785767904 1.1969523211009794 4.1970138014294189 9.5745080155320448 35.985736450646073 121.71018343931064 3.8721023197285822 7.0248365583829573 1.6198561391793189 30.103865327313542 4.1370602725073695 165.57668747287244 3.1995056052692226 25.281622754875571 19.747096677310768 5.614098257385197 1.8024724293500183 121.49917895905674 5.9186832904815665 459.5614880179055 12.797960849013181 5.4755401685833913 12.245852589141579 3.0998026309534898 5.9333741432055822 9.5785364145413094 7.0178679656237355 12.184567940887062 12.127700218930842 2.4065685067325857 8.9827841985970718 8.8360979775898141 4.2149137877859166 10.574848582036791 2406.8209775481373 1.947391793597492 6.3340259827673426 3.1527875056490293 7.3739146981388322 206.42010202957317 1.966977653559298 2.366903437767176 9.1049280092120153 4.3317895117215803 7.2734993109479538 3.3473913171328595 4.8822490191087127 30.018383696209639 35.513572481460869 72.81850987765938
leaf_count=192 131 12198 4271 2389 579 302 132 831 52 71 4217 501 44 24 55 162 572 2642 46 147 26 570 55 2723 53 348 220 60 25 1760 90 5102 99 64 128 29 56 63 50 174 89 30 139 126 49 83 34952 31 108 57 108 3989 68 57 80 75 55 27 54 300 576 978
internal_value=0.000433223 -0.000164659 0.0110445 5.84964e-05 0.0095315 0.0172579 0.0239224 0.0291733 0.0352777 -0.00464723 -0.000386075 -0.00604033 -0.00234913 -0.0173365 -0.00301635 -0.0105055 0.011034 -0.0168975 0.00541275 -0.00541558 0.060259 0.00422527 0.0486782 0.00210324 -0.019498 0.000415469 -0.00371195 0.00162911 -0.00527054 -0.00880443 0.0507069 -0.00968956 0.00317352 -0.00544514 0.0153352 0.00607112 0.0392874 -0.00433286 0.0176338 0.00266185 -0.00662628 0.017896 0.0381872 0.0641741 0.0819502 0.0447243 0.00365763 0.0344048 0.053611 0.0814663 0.105035 -0.0107402 0.0242183 0.0844707 0.034351 0.0165592 0.0368047 0.0603773 0.0458688 -0.0225199 -0.00977135 -0.00202495
internal_weight=4875.24 4615.69 259.554 4572.11 204.54 153.32 127.268 113.657 96.3679 17.289 4367.57 542.235 409.934 132.301 407.811 200.597 45.5602 155.037 33.3265 29.4544 2.81681 207.214 8.33407 198.88 33.3034 3825.34 867.825 2957.51 834.641 588.782 7.72116 581.061 245.859 143.971 101.888 78.5147 18.1792 60.3355 27.2173 2690.75 259.507 36.6249 24.4404 15.4576 13.051 23.3728 2431.24 24.4222 18.8081 12.4741 9.32131 222.882 16.4616 4.33388 33.1838 24.0789 20.1994 12.9259 10.3578 33.1182 133.614 98.1001
internal_count=83284 78821 4463 66623 2098 1519 1217 1085 883 202 64525 10009 7570 2439 7526 4070 734 3336 694 648 50 3456 110 3346 623 54516 10262 44254 9887 6977 115 6862 2910 2020 890 708 184 524 195 40037 4721 518 344 205 175 182 35316 364 304 196 139 4203 214 125 375 295 145 90 118 329 1902 1326
is_linear=0
shrinkage=0.05


Tree=92
num_leaves=63
num_cat=0
split_feature=5 193 175 129 93 67 240 245 39 69 3 197 160 16 232 69 5 96 101 214 116 232 191 155 155 93 190 221 132 93 63 241 186 196 111 221 228 96 174 63 191 63 227 188 232 158 125 69 196 134 212 55 186 76 249 205 65 168 93 177 130 129
split_gain=9.58462 6.76835 13.8295 14.7461 9.30574 8.33068 9.95876 8.58857 7.7664 11.3219 7.7065 10.3341 10.9283 10.9097 10.3879 9.2571 16.0242 26.641 14.4185 14.7177 8.93263 9.07485 8.96415 8.93236 8.68737 12.6122 8.40148 9.16176 8.34524 9.18296 8.0321 9.72128 14.618 8.02729 12.717 12.0852 10.4411 11.348 7.85501 7.59828 7.25732 10.4766 10.0981 8.94359 7.51582 7.09526 7.03801 6.92679 7.15727 6.88929 7.3588 6.85061 6.82984 8.52185 8.75174 6.62255 6.92224 6.55314 20.9253 11.3196 9.51689 10.8647
threshold=191.35000000000005 -1.5820706526343835 1.0000000180025095e-35 0.03236694374850748 0.010431505223171893 0.19304295220810649 2.3237217988706198 -0.55510427287754394 3.5000000000000004 0.052276195030857876 441.00000000000006 0.38972848799225718 -1.6903365129497325 6.5000000000000009 -0.60756452001773997 0.049032964684511411 39.850000000000001 0.12558690620522431 1.0000000180025095e-35 0.077481829418645412 4.5000000000000009 -0.58242381021350897 -0.81203251448322111 0.32712194055233285 -0.37314647999269807 0.019483294483294486 0.58078138199438756 0.76530617360575082 -1.3652261276246225 0.027849927849927857 8.3702570379436985 0.54473462787477234 0.80793071318503451 0.095381372323594907 -0.084999999999999951 0.62583936992397016 0.20389382634164929 0.12729377104377107 -0.23763053341679552 7.5720046082949315 0.39517205009997741 8.2563639729704743 -0.89511806754345824 0.24597002276457866 -0.3730065474584397 -0.095243012997819371 -1.1457898918771356 0.059484819444590713 0.43357479948195277 -1.0922106581337703 1.0220409424818537 1.0000000180025095e-35 0.30249287671704445 -0.56120830477683237 -0.4697359518673942 2.2604948433258985 0.1542881534016286 -1.681146096069039 0.084904529993815717 2.099582956987474 -0.64385933439921927 0.1855075280762217
decision_type=2 2 2 2 2 2 2 2 2 2 2 2 2 2 2 2 2 2 2 2 2 2 2 2 2 2 2 2 2 2 2 2 2 2 2 2 2 2 2 2 2 2 2 2 2 2 2 2 2 2 2 2 2 2 2 2 2 2 2 2 2 2
left_child=1 2 3 4 -1 8 7 -7 9 -6 11 12 -3 30 49 28 20 18 -18 -20 22 -22 38 24 26 -26 27 -24 29 -16 55 -32 -33 34 35 -27 51 -38 -17 -28 43 42 -42 46 -45 -15 -11 48 -23 -13 -51 -35 -4 54 -54 56 -14 58 60 -59 -12 -62
right_child=-2 10 52 -5 5 6 -8 -9 -10 40 57 14 13 45 15 16 17 -19 19 -21 21 47 23 -25 25 33 39 -29 -30 -31 31 32 -34 36 -36 -37 37 -39 -40 -41 41 -43 -44 44 -46 -47 -48 -49 -50 50 -52 -53 53 -55 -56 -57 -58 59 -60 -61 61 -63
leaf_value=0.071280456097938164 -0.034519821824527001 0.089086327011242028 -0.024301993664532638 -0.013833868243032619 -0.0024793617042761207 0.05733125156135347 0.071891392540512508 -0.026597662056362378 -0.0046626482695948188 0.048041782178416412 0.010479114746552961 0.057304723583010725 -0.016654454861146983 -0.011606659809234433 -0.029356694263682443 0.030419620989799702 -0.013580581551523139 -0.018966535257751146 0.29770762636208858 -0.0098179427541885654 0.072499437193590019 -0.020256506388369733 0.032818117946844867 -0.023641528035610627 -0.021412320083526361 0.029064061895504346 0.0023876742291383353 -0.030926940488053459 -0.028706627599562579 0.06154347482051517 -0.0054583535582744085 0.12242993191018017 -0.010353202516358719 -0.01723204205075474 0.015741837536730117 0.1378506502622879 0.10247567238592173 -0.00049326987679958482 -0.049716398220809713 0.068304028314218224 0.0039793602146358962 -0.013084887353769566 0.065391037115253486 0.086730537460360121 -0.00087796245821289041 0.11371209149883843 -0.027968689634308666 -0.025663336301241374 0.096847958101839549 -0.042653401877461042 0.022583551779607983 0.061196656440770353 0.066648965674162036 -0.038931242185145223 -0.00063096813860526321 0.059045003566297175 0.020982286078724533 0.00078691424897486871 -0.014920417075858334 -0.023841740623830123 0.023946373907646465 0.079385633853373605
leaf_weight=8.1697624986991269 18.544608920114115 1.7269985685124982 39.002608647104353 34.631809934275225 20.992418627720326 2.5118150077760282 2.6424298062920561 22.902290919795632 18.829482981003821 3.0155243277549735 59.550081718713045 1.4491072073578859 306.19966377620585 1.4750269344076516 3.9757207781076414 3.7591648939996958 0.50180040043778618 2.3341248887591064 1.1354317376390097 0.36216870229691256 2.0035721082240334 1.9700751472264522 7.3596490919590023 9.0222674300894123 6.5845024380832902 4.7248586248606461 9.3152073025703448 16.31171496398747 27.213261166820303 5.4766389057040215 17.661314377561215 3.3547788369469336 3.5613736249506474 11.698318399488928 7.0775311877951017 7.7008188161998987 6.1423559933900815 4.1099184341728687 7.9045091494917852 7.6583036612719289 8.3138113645836693 5.7387568671256295 41.502205414231867 4.9079922940582037 3.9559187646955234 1.8709597105626006 11.597862042952331 31.770750693976879 1.5715269800275562 22.295094521949071 4.5323657374829045 2.5662827398627988 6.7505889013409641 6.0379274445585898 12.410430878400804 2.0455510178580871 11.78292020736262 3832.7714278094936 51.179922533221543 46.220965634798631 31.041369704995304 12.534539293032138
leaf_count=65 7172 37 474 414 282 42 19 226 206 24 315 13 7691 43 23 45 53 232 78 32 21 31 57 119 75 43 82 169 660 29 471 74 91 123 69 74 54 41 84 66 71 50 320 57 47 47 136 331 16 381 40 22 43 173 83 51 224 59075 728 908 424 138
internal_value=0.000420231 0.00056179 0.00849269 0.015274 0.0218532 0.0186074 -0.00559423 -0.0162568 0.0243612 0.0298664 0.000121322 -0.00532378 -0.0106464 -0.0114096 0.00318018 0.00743247 0.0128334 0.0981956 0.197361 0.247181 0.00968456 -0.0112059 0.0167307 0.0215994 0.0263346 0.0400038 0.00864394 -0.0103784 -0.0147982 0.0236812 -0.0123816 0.014625 0.0607531 0.049573 0.0733035 0.102103 0.0283665 0.0643778 -0.0231314 0.0345523 0.0384442 0.0482391 0.0555204 0.0140383 0.0509993 0.0673578 -0.00989105 -0.0179587 0.0404887 -0.024536 -0.0310368 0 -0.0113959 0.00855423 0.0249545 -0.0145103 -0.0151827 0.000890789 0.0109634 0.000486088 0.0238772 0.0414287
internal_weight=4873.96 4855.42 253.914 189.712 155.08 146.911 28.0565 25.4141 118.854 100.024 4601.5 568.206 349.679 347.952 218.527 190.25 153.585 4.33353 1.9994 1.4976 149.251 37.3159 111.935 100.272 91.2495 50.6046 40.6449 23.6714 36.6656 9.45236 344.606 24.5775 6.91615 44.0201 19.5032 12.4257 24.5169 10.2523 11.6637 16.9735 79.0321 55.5548 49.816 23.4773 8.86391 3.34599 14.6134 35.3124 3.5416 28.2766 26.8275 14.2646 64.2016 25.1989 19.161 320.028 317.983 4033.3 154.306 3878.99 103.126 43.5759
internal_count=83284 76112 2732 1959 1545 1480 287 268 1193 987 73380 11792 8729 8692 3063 2629 1917 395 163 110 1522 399 1123 994 875 501 374 226 712 52 8602 636 165 426 186 117 240 95 129 148 705 441 391 264 104 90 160 378 47 434 421 145 773 299 126 7966 7915 61588 1605 59983 877 562
is_linear=0
shrinkage=0.05


Tree=93
num_leaves=63
num_cat=0
split_feature=189 6 183 227 155 231 84 231 231 96 148 95 97 29 236 132 211 206 217 235 162 155 249 192 213 72 192 40 68 16 186 197 22 66 105 114 148 163 214 143 69 227 14 196 155 157 63 211 160 241 246 129 210 237 66 239 213 70 190 235 186 0
split_gain=11.1787 10.1843 9.37918 9.56316 8.72819 8.57879 13.3331 13.2349 12.8771 12.0164 9.9862 11.0742 9.46456 15.2396 15.5429 14.0113 15.6494 9.24229 8.99733 8.89031 10.0023 8.60394 7.93086 7.87066 8.10015 7.86783 7.8997 7.73515 7.30051 9.01399 10.086 14.1489 16.2706 15.5297 12.6542 17.0354 9.55033 9.89642 10.6082 9.68001 9.52399 18.1593 13.0614 11.2973 10.4336 9.46723 8.76445 12.5906 17.821 9.45236 15.3079 14.2808 12.5352 13.7017 15.4307 14.5887 12.6398 12.4416 12.2806 11.4241 10.7236 10.3129
threshold=-1.1429250058132048 2.9882008347154687 1.8539546510448757 -0.28181181004288952 1.2216119217742532 -1.2746941655520916 49.050000000000004 -0.8848260141928731 -0.28162107190358071 0.11490648592999315 0.14891492459189928 0.46770833333333434 33.500000000000007 105.45000000000002 -0.46362380210545456 -0.73500906200425276 -0.65409590869104961 -0.27230567001251943 0.24328610730031128 -1.3285507955219473 -0.41963530911963381 -0.45632011950571955 -0.28301261635371361 -1.0963483062352237 0.52482126710656651 0.010471491228070177 0.31715142636068888 0.19375000000000003 7.5396133009527375 3.5000000000000004 -1.113996456273838 -0.34570656661977867 0.22500000000000003 0.056355288594310972 0.070858507734303924 0.29285714285714287 -1.0043083727665698 0.37252321614813622 -0.050465824512579575 -1.4174096404631487 0.027063649014868532 -0.05974116777691444 9.5000000000000018 -0.7244548913997092 0.11169244058059739 2.6184700479959573 8.6043478260869577 -0.66267169335667486 -0.14074922273702364 -0.50855011303054465 -0.23911894271592435 -0.50380258133760447 0.56658517439517364 0.42722859473598723 0.11940904737078217 -0.93177518025394657 -0.79229349223637591 7.8074255933152434 -0.99300002865220804 -1.2936950369871061 -0.98572171313497925 6.5000000000000009
decision_type=2 2 2 2 2 2 2 2 2 2 2 2 2 2 2 2 2 2 2 2 2 2 2 2 2 2 2 2 2 2 2 2 2 2 2 2 2 2 2 2 2 2 2 2 2 2 2 2 2 2 2 2 2 2 2 2 2 2 2 2 2 2
left_child=4 -2 28 -4 5 6 -1 25 9 18 11 17 13 14 -11 -16 -17 -8 -9 20 -10 -20 -14 -13 -25 26 -7 -5 46 45 31 -31 33 34 -33 -36 37 -32 -39 -38 41 -41 -43 -44 -45 -30 49 48 -48 50 -3 52 53 54 55 -52 -57 61 -58 -60 -61 -53
right_child=1 2 3 27 -6 7 10 8 19 12 -12 23 22 -15 15 16 -18 -19 21 -21 -22 -23 -24 24 -26 -27 -28 -29 29 30 36 32 -34 -35 35 -37 39 38 -40 40 -42 42 43 44 -46 -47 47 -49 -50 -51 51 57 -54 -55 -56 56 58 -59 59 60 -62 -63
leaf_value=-0.017183372336934958 0.00071097096091885567 -0.013222324962031358 -0.024421012798772124 -0.013228325895599241 -0.024922609322864411 -0.011616594843271787 0.080030582680102408 -0.014965633922025073 0.11383342155749428 0.024999024438193296 -0.026557681456482164 0.013292015824611647 0.047723262705571763 -0.010428108164091628 0.062212217707369705 0 0.22989497463098935 -0.0062882067069983342 -0.03120443213672874 0.0030565687586959459 0.0064779911592428548 0.065701679723539061 -0.038012073851076439 0.1577405463305267 0.022036248805116104 -0.036341873030727605 0.1079551109501245 0.17907865437629211 -0.02335242166117063 -0.019926466263270978 0 0.038782917941663428 -0.03202441219735732 0.0081401280818967203 0.31101266060771149 -0.010926486001939479 0.095103644568736684 0.21299295523352219 -0.014680186469505816 -0.025512996873383348 -0.023782725987314721 -0.0014015078664923256 -0.015527846428659604 0.23510213464215154 -0.010384945197459626 0.097651321244004885 0.21138091847295759 0.0088220917360646838 -0.023159230481345286 -0.0094416541590327755 -0.0210792301331875 0.039957730948515402 -0.022204370750378163 -0.016954309328277913 -0.012192548664170534 -0.016242221311397097 -0.013846677145486083 -0.024925992971029442 -0.011012670069010896 0.0084021636694847409 0.25638932221236022 -0.014518255093528762
leaf_weight=8.1488514554221201 3946.2542382832617 51.189968042774126 1.0913989322725686 0.47863205173052736 16.401659102411941 3.4265284901484874 4.1471690796315714 16.491741614881906 2.9495864121709019 6.7338682988192948 2.7143293169792733 2.2484079743735492 4.7922076077666134 4.3199658510275176 6.3907994031906181 0.90516591886990294 3.3710220460779876 7.2345381772611299 2.3320116922259331 174.3560427215416 5.3436480106320214 7.8993799125310016 4.040613779332487 5.0344139111693931 1.901600166223943 22.287703809561208 1.087379064876586 0.92146088788285851 133.52497043041512 5.5948933330364525 2.9288067743182178 1.6542637678794547 1.9198643325362352 2.2795224769506603 1.0557566187344489 0.39467643853276957 1.0233949297107745 0.49901271099224687 0.53625469561666228 7.0047214266378433 60.689034867100418 2.1231476168613863 0.58024943969212506 1.4230729290284214 0.38127941009588528 0.6544637770857652 1.077224856708199 9.6568750441074354 0.97897049831226368 250.10565116000362 0.87050754297524502 30.808736872393638 2.6351984629873177 2.0672811896074554 1.677939780289307 0.60941088316030523 0.49261064571328272 16.272924445103854 0.39410135219804754 0.60169300599954745 3.8360608813818633 11.195101414574308
leaf_count=157 36519 3173 55 30 463 71 42 274 64 127 82 29 73 75 45 26 98 119 23 2892 136 68 104 63 16 347 23 30 11864 451 155 95 102 149 61 25 78 22 25 639 4092 175 60 87 45 68 56 562 63 15216 73 1469 149 105 81 48 21 1224 23 33 156 588
internal_value=0.000410433 -0.000218595 -0.00621964 0.0754573 0.00951176 0.0114997 0.0358715 0.00848596 0.0122416 0.0327342 0.0545911 0.0662678 0.0536765 0.0708104 0.0907212 0.126083 0.190708 0.0286835 0.00753723 0.00564487 0.0533387 0.0423572 0.0081176 0.104963 0.12863 -0.0241855 0.0306356 0.133134 -0.00668534 -0.013839 -0.00151001 0.0376893 0.0795098 0.11885 0.177131 0.25266 -0.00852278 0.0586471 0.143336 -0.0129676 -0.015846 0.0241508 0.0928528 0.15387 0.19624 -0.0220072 -0.00247447 0.0383283 0.127038 -0.00386911 0.00743821 0.0222852 0.067425 0.0902306 0.115914 0.145659 0.170354 0.011023 0.191692 0.212286 0.231414 0.0253222
internal_weight=4872.04 4557.48 611.229 2.49149 314.559 298.157 31.4293 266.728 239.926 57.2768 23.2805 20.5661 30.5536 21.7208 17.4009 10.667 4.27619 11.3817 26.7231 182.649 8.29323 10.2314 8.83282 9.18442 6.93601 26.8016 4.51391 1.40009 608.738 224.267 90.088 12.899 7.30408 5.38422 3.1047 1.45043 77.189 3.96407 1.03527 73.2249 72.2015 11.5125 4.50775 2.3846 1.80435 134.179 384.47 11.7131 2.0562 372.757 122.652 71.4616 13.1848 10.5496 8.48232 6.80438 5.93388 58.2768 5.32447 4.83186 4.43775 42.0038
internal_count=83284 77867 41348 115 5417 4954 508 4446 4005 913 351 269 548 371 296 169 124 161 365 3092 200 91 177 108 79 441 94 60 41233 18193 6261 883 432 330 181 86 5378 202 47 5176 5098 1006 367 192 132 11932 23040 681 119 22359 7143 3970 689 540 435 354 281 3281 233 212 189 2057
is_linear=0
shrinkage=0.05


Tree=94
num_leaves=63
num_cat=0
split_feature=189 5 178 31 143 172 96 194 143 128 141 93 75 168 32 159 210 66 231 240 5 205 196 238 61 144 67 62 70 203 148 234 159 87 197 232 237 130 232 246 217 128 247 209 102 217 227 64 79 204 191 249 88 158 126 102 126 71 234 62 243 232
split_gain=10.2501 8.0681 7.66407 6.83255 6.82708 9.13672 10.1673 9.6914 8.48689 8.59934 18.0756 10.4169 10.2572 8.53403 8.46855 13.0671 8.41008 11.8431 8.35022 7.81291 7.45731 12.5619 7.22465 9.19524 7.88388 7.75777 7.86238 8.78375 7.62021 8.21959 6.88642 6.79434 6.9562 8.06968 6.7788 6.72533 15.7206 12.6011 6.68584 9.97168 6.62513 6.33931 8.85399 11.7587 10.2913 12.758 9.40339 9.84629 11.4866 12.6539 10.3599 11.4452 9.49284 9.74401 9.137 12.9026 8.77788 8.37005 8.28832 7.84801 7.82055 7.6064
threshold=-1.1830388474515499 123.15000000000002 -0.50197631533948373 33.750000000000007 1.2890947024130037 0.77133792878115148 0.11909412202380953 -0.92364995466699706 0.60781069302066326 -0.41783869672008195 -0.51903424908587448 0.13627210508789458 6.6575187969924832 0.72074997015644726 113.55000000000001 0.60848366464673698 -0.76449168691559399 0.1514323013800821 -0.27101476703848032 -0.79164445074089673 73.850000000000009 -0.65972893825026657 0.22748913812716187 1.2155697009328106 8.1076192806212664 -0.31437138084703464 0.11890722313777576 0.081134342478713359 7.9501243781094537 -0.58994016398577187 -0.67336024437152908 1.3662233579141094 -1.2456132017019304 4.1666711877942442 0.5543158146511189 -0.53971080741895749 0.39242663782335629 -0.66838071300786506 -0.5534798357722035 -1.0000000180025095e-35 -0.020899456402222249 -1.0782495941016117 -0.82310120515485374 -1.5185431931818212 655.50000000000011 -1.1515296463756928 -0.98609752067739864 481.50000000000006 1.2230158730158733 -0.76950156595514818 -1.1147467179618953 -0.4697359518673942 19.230769230769287 -1.3291645923432711 0.88226748633825036 254.50000000000003 -1.0373977834786743 133.50000000000003 0.88891327641893991 0.080962243272447776 -0.63025652426553813 -0.64122667699335878
decision_type=2 2 2 2 2 2 2 2 2 2 2 2 2 2 2 2 2 2 2 2 2 2 2 2 2 2 2 2 2 2 2 2 2 2 2 2 2 2 2 2 2 2 2 2 2 2 2 2 2 2 2 2 2 2 2 2 2 2 2 2 2 2
left_child=2 41 3 -1 5 7 16 20 9 10 11 -9 34 19 15 30 -7 -18 38 -11 -4 -22 24 -24 25 -21 27 28 29 -27 -15 32 33 -6 -12 -31 37 -37 -14 -40 -8 42 43 -2 46 60 -44 50 49 -49 51 -48 54 -54 -51 -56 -53 61 -50 -55 -46 -52
right_child=1 -3 4 -5 31 6 40 8 -10 13 12 -13 18 14 -16 -17 17 -19 -20 22 21 -23 23 -25 -26 26 -28 -29 -30 35 -32 -33 -34 -35 -36 36 -38 -39 39 -41 -42 -43 44 -45 45 -47 47 48 58 52 57 56 53 59 55 -57 -58 -59 -60 -61 -62 -63
leaf_value=0.038021979639701366 0.060002665993227657 -0.021831204505147219 -0.026624079369258882 -0.049599991504069518 -0.028134961078321332 -0.0074425617900638888 0.037604802943211627 -0.031872945992076206 -0.026683007934041492 0.069450360349614645 0.10540041287400499 0.067935705312016079 -0.01328933347643114 0 -0.015414862151716849 -0.032388409814258438 0.091951268367093775 7.784374712096711e-05 -0.031158578384354974 -0.016695505921996867 0.17509509680771596 -0.026218625838971266 -0.030038805725045782 0.033136436607146297 -0.040790090448269679 -0.028625136224882181 -0.012561889541897181 -0.0025463228222180364 -0.0032614211337781886 0.030681028561876073 0.1312834267303824 0.032175342431107277 -0.02931636094570261 0.038776139801129178 0.030858521716335463 0.039752390848658357 0.028332268381399562 0.21297070237748966 -0.021791532068694691 0.1465437693029997 -0.041044315340121283 0.00067749440296374229 -0.024019399089957247 -0.030599357585603365 0.14727604452908691 -0.016533863425234097 0.095656678311933821 -0.0099100344328305143 -0.035341999877902951 0.0047193486453920522 -0.023924986975053616 0.08047727965226148 -0.030799542029697397 0.1123957022830428 0.1290129116457871 -0.018109105951460723 -0.027152056550970805 -0.040830979056888102 0.038343712239176403 0 -0.0057645664137667167 0.0051779563128170831
leaf_weight=2.0444699509534976 2.8996507073752573 41.484004776226357 21.921145347412679 8.35754452110268 6.7008369765244415 3.8378299286123427 3.9699764417018741 10.300470689544452 9.8857330211903882 3.5465382370166472 11.463560661301022 2.3993853796273461 1.7428856813348828 1.3017422906123099 2.9630754094105214 1.6163018723018465 14.192173033487054 4.7049250879790625 4.2404396999627334 10.275457254843777 0.30978132621385146 1.2972443911712606 25.20125654083677 6.4247150260489425 4.9880945933982721 1.3064332897774846 7.6057981622871003 7.6816459561232469 3.8503078911453477 5.8616962111555013 4.6903832692187262 9.2268524058163148 25.197494182968516 9.8794752159155887 5.7761648409068576 2.2705546095967244 4.7033460084348917 3.0758278882131225 0.89398199832066882 1.7058417890220883 4.7862962242215854 4114.5000860893633 28.21886584861204 50.231698692310601 0.95477188704535398 131.46675312425941 4.7639960572123528 10.480889501515774 11.003000854514537 14.405227800365539 26.20967167429626 1.5897885416634379 1.1564858900383104 10.133938620798288 3.1322943950071922 1.9025591053068636 6.0387960127554816 12.604302153922616 4.605259300209581 1.7459236155264068 1.2268450590781856 127.36154929921031
leaf_count=42 65 12198 433 150 49 48 51 175 135 68 112 21 89 12 69 52 126 43 308 160 57 287 413 74 105 34 139 177 131 116 66 59 235 75 51 14 64 69 51 60 43 58218 500 1106 19 2376 92 150 222 220 542 44 14 144 43 33 180 240 61 25 37 2292
internal_value=0.000404779 -0.000142259 0.010002 -0.0301155 0.0117916 0.0159305 0.0403426 0.0111501 0.0159772 0.0192895 0.0390672 -0.00906868 0.0623827 0.0110958 0.0515136 0.0769223 0.0573576 0.0704818 0.0146628 0.00558519 -0.0179854 0.0629475 0.00201287 -0.0164294 0.0135046 0.0201519 0.0308683 0.0425619 0.0586055 0.0721344 0.107538 -0.00439886 -0.0131567 0.0113878 0.0837604 0.0819066 0.105852 0.15805 0.0577985 0.0972968 -0.00467387 5.84089e-05 -0.00555343 -0.0245453 -0.00295692 -0.0142232 0.00273083 0.00602259 0.0236266 0.036777 0.000121673 0.0424613 0.0518393 0.0838633 0.0270674 0.0788017 0.00142565 -0.00324101 -0.0123001 0.0969384 0.0848796 5.60224e-05
internal_weight=4870.31 4608.12 262.198 10.402 251.796 200.791 31.4912 169.3 145.772 135.886 38.5227 12.6999 25.8229 97.3632 10.5715 7.60843 22.7349 18.8971 8.58315 86.7917 23.5282 1.60703 83.2451 31.626 51.6192 46.6311 36.3556 28.7498 21.0682 17.2179 5.99213 51.0047 41.7778 16.5803 17.2397 15.9114 10.0497 5.34638 4.34271 2.59982 8.75627 4566.63 452.132 53.1313 399.001 133.648 265.353 237.134 58.5656 42.9573 178.568 12.3926 32.4764 13.0363 19.4401 5.03485 7.62858 166.176 15.6083 11.8799 2.18162 153.571
internal_count=83284 78821 4463 192 4271 3853 311 3542 2765 2630 867 196 671 1763 199 130 217 169 508 1564 777 344 1496 487 1009 904 744 605 428 297 78 418 359 124 163 263 147 83 200 111 94 66623 8405 1171 7234 2432 4802 4302 912 629 3390 316 479 183 296 76 224 3074 283 169 56 2834
is_linear=0
shrinkage=0.05


Tree=95
num_leaves=63
num_cat=0
split_feature=168 231 176 162 127 209 31 198 175 242 86 212 154 208 114 66 238 164 89 227 166 176 159 244 230 148 145 242 48 108 97 173 235 89 193 158 27 115 240 24 242 227 230 27 87 33 176 231 96 67 62 232 195 89 66 195 189 229 69 240 228 242
split_gain=7.13923 12.4411 11.3377 11.1028 11.3964 10.8891 12.0334 12.4118 10.3043 11.1961 9.74515 10.1048 9.49153 9.25583 11.8704 10.9149 8.9376 8.58287 8.02302 7.99178 8.61474 9.54085 9.39963 8.18588 7.75998 7.74184 8.61567 7.31438 8.51268 7.29553 10.3279 10.4112 9.53843 9.32939 13.7295 13.3989 14.1384 9.87102 12.0506 11.7543 12.103 9.8085 12.7517 9.93175 9.76924 9.33185 10.5536 15.2631 12.2368 12.0744 10.0149 9.28645 9.88656 9.11953 9.08598 8.82555 8.69455 8.67859 8.16992 8.09991 9.26389 8.02582
threshold=-1.0609917835346117 -0.89604687139486716 2.2642569774430927 -0.24998256503234417 0.72709381343388979 -0.60807972590374015 34.250000000000007 -0.56445698003970479 0.942161062553036 -0.61809626519201621 2.1589737116319343 1.0220409424818537 0.4358081213413722 0.59737986894285577 0.38750000000000007 0.10391694546499457 -1.0076911680515945 0.37189887337962685 21.445953924112185 0.89158932975629657 1.0000000180025095e-35 -0.62224635335449152 -1.2234822907267204 -0.2908794591660539 -1.1189360800795403 0.74783611385630167 0.67714520702931502 -0.19030230923090222 7.7207792207792219 0.18333333333333338 20.500000000000004 2.1410212929756249 2.1388808274039612 -10.50686882013995 -0.61708414720738103 -0.50494233924398157 4.9500000000000011 1.5050000000000001 0.93307046482554834 0.55357620320855627 -0.42812429319853396 0.79861166510400527 0.20198201635675192 6.354166666666667 -29.000903694879725 35.350000000000001 -0.42495779356274366 0.36384224054459652 0.12442917613695605 0.066714015151515163 0.07284149360003804 -0.51075983629862598 0.019429066962508706 37.297086846829579 0.22540322580645164 -0.69527537530160521 -0.72126547244331285 -0.062938724613554084 0.085756551141166537 -0.58654433863771605 0.56962692325156861 -0.37099974589333645
decision_type=2 2 2 2 2 2 2 2 2 2 2 2 2 2 2 2 2 2 2 2 2 2 2 2 2 2 2 2 2 2 2 2 2 2 2 2 2 2 2 2 2 2 2 2 2 2 2 2 2 2 2 2 2 2 2 2 2 2 2 2 2 2
left_child=1 3 8 27 16 -3 25 10 29 17 11 12 -8 14 19 -16 -5 -10 -4 20 21 -9 -23 -24 -18 -7 -27 -1 -29 32 53 -32 33 34 35 -2 -37 38 41 40 -40 43 61 -38 59 46 -36 48 49 50 -48 52 -34 -31 -46 -55 -33 -57 -51 -35 -61 -43
right_child=2 5 18 4 -6 6 7 13 9 -11 -12 -13 -14 -15 15 -17 24 -19 -20 -21 -22 22 23 -25 -26 26 -28 28 -30 30 31 56 51 44 45 36 37 -39 39 -41 -42 42 -44 -45 54 -47 47 -49 -50 58 -52 -53 -54 55 -56 57 -58 -59 -60 60 -62 -63
leaf_value=-0.014996702348926402 -0.015840405110831967 -0.014399465523872399 -0.029870623181552477 -0.035040010081350131 -0.0052154347767320247 -0.014400378531867937 0.088521736635600534 -0.036698839273484794 0.080213480018086925 -0.027442410998728767 -0.014870903654263254 -0.0058585638354132115 -0.018009261998299615 -0.010898090295592014 0.019438556003133826 0.088736978051065452 -0.031355312289201256 -0.03364920729254478 0.031964199822164301 -0.033426195055038535 -0.011947402011558255 -0.028028005521321665 0.009734490166605032 0.074087794181015451 0.070763974039522379 0.085124801497331704 -0.010099739567000015 -0.0014943005733358422 0.09796973320308594 0.0027599695300199998 -0.0067947831569077745 -0.0158512422912131 0.085384278048723214 -0.01594820891266906 -0.028648663672254548 -0.012175570798554795 0.047555739920434548 -0.042019600203672951 -0.0016835596846802262 -6.6031459789280209e-05 0.15513677574751114 0.0250027360207652 -0.0094057516806577285 -0.0027661784179748273 0.0020129687404410903 -0.015645399662783496 0.05043155042477946 -0.023370520275038234 -0.036297400309732615 -0.023273336465749975 0.19161361901319704 0.0083961798418676764 -0.0062578858095264783 -0.0037589714342162075 -0.019777552150245098 0.00068077339964573412 0.11867401795476527 0.12055755515012523 0.068767442554038744 0.029131016202241108 0.15777714383360664 0.1216701840422289
leaf_weight=19.418108649551872 46.309766362886876 73.366611183620989 48.003584199817851 1.757452340330931 9.0695232364814711 66.421206565573812 15.580485725076878 3.7367665860801962 3.6393354057800016 55.988036302151158 4.8431456210091701 4.4182463521137825 1.9583480085711915 39.249790250789374 16.119960404932502 8.7407623813487572 1.3768543272744889 1.8006217030342666 4.9767068407963952 9.791327673243357 18.77559829223901 3.5032998248934772 8.0155856753699535 14.579045493854204 26.435992999467999 3.4125068704597643 4.5692501168232411 4.9401984487194559 2.6464895270764828 268.20468075573444 837.66783693362959 1.5441343078855427 8.7693156469613296 2.716945105465129 10.470927764428778 30.213939815992489 12.70394596387632 3.8500253760721526 1.4865829101763663 2.7665594846475869 4.3776167312171292 4.2838556277565649 4.5646251675207159 33.553777807625011 2719.696519023506 256.287927019177 4.0045233815908485 8.4570323864463699 2.3611180589068672 3.8204274650197476 2.2020652426872402 31.033523360034451 3.8866886598989359 4.7276400178670883 47.664835025090724 2.3300919411703944 2.0356692564673713 3.8570170397870225 3.9962421574164182 4.7482900521717948 1.561351202894002 5.8170598393771789
leaf_count=282 707 1294 852 30 147 806 288 45 52 982 108 64 81 476 151 69 27 44 70 145 251 22 109 159 322 52 165 67 39 2880 9959 22 81 69 274 344 229 118 18 85 59 108 136 1127 48249 9401 107 218 111 122 59 298 62 34 681 28 34 35 54 120 33 123
internal_value=-0.000160476 0.00657606 -0.000706371 0.0261083 0.0429572 0.00217024 0.00766636 0.0158289 -0.000428425 -0.0205996 0.0460723 0.0597947 0.0760272 0.00885301 0.0182418 0.0464857 0.0575831 0.0423758 -0.023485 0.00555451 0.0140225 0.0303855 0.0411751 0.0528501 0.0646223 -0.00864058 0.0350005 0.00114855 0.0399885 -0.000139882 -0.00362001 -0.00638605 0.00105476 0.000734325 -0.00600589 0.00624077 0.0162143 0.0279737 0.0324596 0.0851263 0.1202 0.0236635 0.0580385 0.011662 0.0018098 -0.0123195 0.0114477 0.0289969 0.0561042 0.0733753 0.120854 0.0239995 0.0584773 0.00469187 0.00162884 0.0475282 0.0687644 0.0824834 0.0256777 0.0510939 0.0788789 0.0870688
internal_weight=4859.11 362.727 4496.38 65.6446 38.6398 297.082 223.715 149.312 4443.4 61.428 26.8002 21.9571 17.5388 122.512 83.2623 24.8607 29.5703 5.43996 52.9803 58.4016 48.6103 29.8347 26.0979 22.5946 27.8128 74.403 7.98176 27.0048 7.58669 4381.97 1120.37 841.248 3261.61 3217.92 441.528 149.928 103.618 73.404 69.554 8.63076 5.8642 60.9233 14.6655 46.2577 2776.39 291.6 35.3123 24.8414 16.3844 14.0233 6.20659 43.6895 12.656 279.119 2767.36 10.9147 3.5798 6.18711 7.81667 9.02659 6.30964 10.1009
internal_count=83184 5199 77985 914 526 4285 2991 1968 77063 1078 541 433 369 1427 951 220 379 96 922 731 586 335 290 268 349 1023 217 388 106 75985 12992 10015 62993 62552 13400 3054 2347 2003 1885 162 77 1723 367 1356 49152 10346 945 671 453 342 166 441 143 2977 48930 97 56 63 176 222 153 231
is_linear=0
shrinkage=0.05


Tree=96
num_leaves=63
num_cat=0
split_feature=233 195 130 235 155 38 229 204 146 205 111 130 57 99 103 232 86 176 95 30 63 95 242 77 175 190 160 235 233 160 68 221 228 222 56 24 26 234 49 234 241 96 133 236 231 204 103 68 230 88 162 230 133 198 190 172 96 176 5 211 222 97
split_gain=6.67474 8.1867 10.4856 13.248 17.0623 11.2686 12.4458 12.6918 10.0739 9.35871 12.097 14.3497 9.98067 9.18844 9.0041 8.48686 10.5736 10.154 8.44611 7.98178 11.1829 7.83383 7.78317 10.1514 9.65833 11.3502 8.24034 7.77235 9.0362 9.35334 7.53498 8.78641 7.69363 10.8182 10.5775 12.3048 10.1971 8.16507 8.09597 7.75165 7.615 12.6925 10.7333 8.14882 7.8186 7.34746 9.082 8.53973 9.04345 7.31797 7.27918 9.5377 9.09697 8.90738 7.27658 7.21544 9.31582 10.048 7.33173 7.20172 8.72521 7.16552
threshold=2.1216439242590606 0.77424747196159027 -1.0000000180025095e-35 -0.85434224081639154 -0.046349041002478768 0.087121212121212141 -0.55085337207312468 0.2715300188034025 -0.39024709601569102 -0.49152294576982392 2.1816666666666671 -0.60666700678811802 0.12916666666666668 6.5000000000000009 0.087319832911772477 -0.56551139216580337 2.0391737996356931 -0.11991649168583261 -0.2583333333333328 34.551470588235311 7.324812764571802 -0.2583333333333328 -0.56134314494245385 3.4750000000000001 1.4372956420516627 0.64963281238174175 -0.39271089932289349 2.2138471279881764 0.18002057495577392 -0.024469967775411969 5.3006024096385547 0.76530617360575082 0.52985594397571567 0.18533324669944404 1.6500000000000001 0.46761554621848744 0.11805555555555557 -0.3384613167699842 7.0000000000000009 -0.98800385162601434 0.37987453481220818 0.1083491761723701 -0.87994372988590508 -0.82267852374051553 -0.60217529378681467 -0.24501795030588122 0.054973013527191826 8.3298793565683678 0.075572519612947309 55.592057234632797 -0.47942091424209876 1.4244139834096015 1.2341237526412401 -0.046701422130903648 -0.42298525292305472 -0.93177049084348718 0.11490648592999315 -0.61749980846151942 3.2500000000000004 -1.2842324193488259 -0.42170911819987861 52.000000000000007
decision_type=2 2 2 2 2 2 2 2 2 2 2 2 2 2 2 2 2 2 2 2 2 2 2 2 2 2 2 2 2 2 2 2 2 2 2 2 2 2 2 2 2 2 2 2 2 2 2 2 2 2 2 2 2 2 2 2 2 2 2 2 2 2
left_child=1 22 3 4 15 6 -6 13 -9 10 12 -12 55 45 -14 16 17 -3 -16 20 -4 -19 23 24 30 -26 54 61 29 -29 31 -1 33 -32 35 36 -35 -38 39 -34 43 -42 44 -41 -43 46 -8 48 -48 -37 51 -11 -52 -53 -25 56 -5 -58 -57 60 -2 -24
right_child=59 2 19 9 5 -7 7 8 -10 50 11 -13 14 -15 18 -17 -18 21 -20 -21 -22 -23 27 26 25 -27 -28 28 -30 -31 32 -33 38 34 -36 49 37 -39 -40 40 41 42 -44 -45 -46 -47 47 -49 -50 -51 52 53 -54 -55 -56 58 57 -59 -60 -61 -62 -63
leaf_value=0.004429653659837429 -0.025083311144187159 0.00080519546981139246 0.11706520588651673 -0.016971999280874863 -0.0066990635208672425 -0.02670896500361658 -0.0050926206630844337 0.0081733737245872524 0.14413289009906086 -0.030835695737196901 -0.023024537222205183 0.12502020818077106 0.011701448998292467 0.0027355203441888176 0.14298498805639268 -0.03545071116760825 -0.036236041556622738 0.14041558338436316 0.0060290336589069 -0.030626284618927149 -0.023209023084806307 0.0082234418228181293 0.0020335997207519218 0.049910695880563974 0.0013971773050947623 0.10132226705208705 0.055199785300049077 0.017673149833684173 0.010099634706087601 0.11247234151775812 -0.01611165687507202 0.091774731072685758 -0.027438381129606056 0.12359716388071398 -0.025238469806380909 -0.037942187591132485 0.066208991982036267 0.0034741437349502706 -0.035795438443287073 0.077915923255086394 0.11952676863207262 -0.02311136943471848 -0.0077154658537281597 -0.0012613930484892434 0.080122117541019652 -0.020289308002768673 0.15068498779765882 -0.0024790403353806348 0.041890318990591126 0.066424578731759304 -0.0079520466553600275 0.095645887390822804 0.088511917689490946 -0.018917020715921745 -0.0375901510103527 0.026929266149653932 -0.029068255148718233 0.10698536632104216 -0.020157574325182646 -0.0084848716779136277 0.067042394027969854 -0.010152937024759298
leaf_weight=12.03992713592015 3.3246965736616403 7.5050205003935853 1.3492316578049202 4.8757575131021422 10.122873339802025 6.2248820136301211 2.83521928731352 2.0230188868008554 5.0641033416613928 64.185745962429792 2.1063628848642111 3.3721658536232999 13.765129108447583 11.917676336597649 2.1068247426301241 17.769549067830667 6.360863863490521 2.2576219704933465 2.034637574106454 54.027997735887766 2.8399502618703991 2.0394586236216137 3307.3889251453802 2.6357601450290531 8.2899031450506282 3.4327654638327649 11.491274275351314 7.0768910238984972 68.30241743917577 3.7831283384002727 286.193078574026 2.8917318868916473 13.021680213045327 2.5597234959714141 14.368956811493261 8.6574234641157073 7.7452999250963357 13.489078337792305 11.264371056808157 2.4263368537649503 2.8550735376775291 1.7788395117968319 14.135624720016491 60.800422605825588 7.2975979503244197 1.9507894208654821 5.0461517595686001 1.924243158660828 4.5685540335252881 1.0612070427741844 221.28059932193719 2.0921915774233639 1.4688511542044569 3.0490266848355523 5.8358696834184247 8.7755165398120862 1.3187774289399383 3.81897599902004 53.331223875051364 309.23237769817933 5.8990723227616382 124.08945369161665
leaf_count=147 37 134 140 81 216 103 55 44 73 1012 23 65 167 218 17 334 106 29 26 8406 368 42 51895 64 119 30 251 85 560 33 4555 36 236 51 346 313 176 266 158 29 43 17 238 845 68 35 72 38 85 43 3452 29 66 41 127 42 27 65 997 2965 87 2756
internal_value=-0.000145133 0.000345471 -0.00546596 -0.00297495 0.0144614 0.0326379 0.0412733 0.0549622 0.111751 -0.00695625 0.00654762 0.0725607 0.0017225 0.0372066 0.0341309 -0.0117203 0.0118737 0.0389986 0.0909323 -0.0253205 0.0348594 0.0920159 0.00112191 -0.00474344 -0.00624501 0.0367154 0.0292907 0.00195024 0.0173478 0.0578173 -0.00742133 0.0263579 -0.00861543 -0.0124307 0.00934764 0.0246233 0.0435316 0.0285304 0.00257353 0.00715172 0.0124994 0.0347138 0.0195696 0.00286503 0.059108 0.0604725 0.072365 0.0906841 0.108277 -0.0209457 -0.0113962 -0.0254652 -0.00690086 0.0348725 -0.00744308 -0.00661246 0.030729 0.0722018 -0.0131038 -0.00713159 0.0341413 0.00158862
internal_weight=4856.78 4538.32 533.409 475.192 87.61 51.6775 45.4526 35.3298 7.08712 387.582 95.5054 5.47853 90.0268 28.2426 17.9066 35.9325 18.163 11.8021 4.14146 58.2172 4.18918 4.29708 4004.91 494.272 474.309 11.7227 19.9629 3510.64 79.1624 10.86 462.586 14.9317 447.655 334.075 47.8817 33.5127 23.7941 21.2344 113.58 102.316 89.2939 26.0671 23.2121 63.2268 9.07644 16.325 14.3742 11.5389 9.61471 9.71863 292.076 69.327 222.749 5.14122 8.47163 72.1203 10.0135 5.13775 62.1067 318.456 9.22377 3431.48
internal_count=83184 80095 16608 7694 1584 939 836 620 117 6110 1510 88 1422 503 210 645 311 205 43 8914 508 71 63487 8158 7716 149 442 55329 678 118 7567 183 7384 5750 1195 849 493 442 1634 1476 1240 366 323 874 85 285 250 195 157 356 4600 1082 3518 70 191 1212 173 92 1039 3089 124 54651
is_linear=0
shrinkage=0.05


Tree=97
num_leaves=63
num_cat=0
split_feature=237 13 216 134 195 93 142 115 228 128 14 230 176 193 236 197 5 155 105 214 217 196 120 65 129 25 127 28 205 165 208 208 183 76 134 111 196 215 196 212 233 241 217 186 176 164 65 221 249 173 191 205 234 167 60 157 92 4 157 78 126 156
split_gain=6.727 7.53054 10.0071 7.877 7.06217 13.9886 13.643 12.2281 11.3631 12.6475 10.5143 10.5046 10.298 9.4854 9.35224 10.95 14.5637 14.6087 15.0686 13.5211 12.0872 11.727 13.1184 11.4169 10.6387 10.2892 9.72954 12.0019 12.197 11.6624 11.6318 11.6266 14.3292 20.1724 17.976 19.0246 14.2264 11.2719 12.5526 10.8685 10.6959 10.0583 9.86095 9.51601 9.26682 9.84212 8.73062 10.2576 9.499 10.1548 8.6944 9.60805 8.94 8.66189 8.62504 8.50735 8.35989 13.374 8.37368 12.2702 8.31471 8.17143
threshold=2.0778351755128428 11.500000000000002 -0.58380051454327719 -0.58322473656233853 0.25294680264178465 0.053325887075887084 -0.36805040070532319 -0.2472222222222222 -0.1862824379216565 1.6135412644305611 8.5000000000000018 -0.092076369047205758 -1.0000000180025095e-35 -0.89847234130528952 -0.59316540358653247 -0.4963318204356022 11.750000000000002 0.099023077587668151 0.11120071684587815 0.85980779670809915 0.62769709494179204 -0.43268750106544812 0.85125000000000017 0.025031328320802008 -0.77817114634529583 0.47222222222222227 0.62128669819101623 0.37962050204697267 -0.9605256097078847 1.1592622840703568 0.50554586358410625 -0.13176495492092274 0.23923589360358274 -0.018341505321580579 -0.47869377028245236 0.045000000000000047 1.6757628411381937 -0.2717551025840706 0.13621442525332228 -0.098369765122363548 0.14689889001441789 -0.2799290525061307 1.0000000180025095e-35 -0.95762050198727722 -0.62650373080657895 0.075525815409815802 0.040840855572998436 1.5791404956562902 -0.71949648814961298 -0.4353719248683241 0.128715472640856 1.0352723011570932 -1.1156380976325653 1.5681331894319654 1.6500000000000001 -0.39072110693272283 0.21089696071163827 1.5000000000000002 -0.45235924380377102 0.37500000000000006 1.3652261276246229 0.53690501706805949
decision_type=2 2 2 2 2 2 2 2 2 2 2 2 2 2 2 2 2 2 2 2 2 2 2 2 2 2 2 2 2 2 2 2 2 2 2 2 2 2 2 2 2 2 2 2 2 2 2 2 2 2 2 2 2 2 2 2 2 2 2 2 2 2
left_child=4 2 -2 -3 -1 6 7 11 9 46 -9 -6 54 56 15 25 21 18 19 20 23 -17 43 -18 -25 -10 27 29 44 -16 31 37 33 36 35 42 -33 -30 39 -39 -31 -42 -35 -23 -29 -46 -7 48 49 60 51 52 -26 -28 -13 -43 -8 58 -58 -60 -48 -11
right_child=1 3 -4 -5 5 8 13 10 14 61 -12 12 -14 -15 26 16 17 -19 -20 -21 -22 22 -24 24 50 -27 53 28 30 40 -32 32 -34 34 -36 -37 -38 38 -40 -41 41 55 -44 -45 45 -47 47 -49 -50 -51 -52 -53 -54 -55 -56 -57 57 -59 59 -61 -62 -63
leaf_value=0.0015320111372155601 0.076964447278599399 -0.0051905214372240799 0.0032958697607530156 -0.024260731683581612 -0.029437083359197577 0.011564096144098672 -0.0060578470788229741 0.1274690201346248 -0.0065325844354724612 0.011100255767988589 -0.025321329690410573 -0.027921106979964791 0.07968346636196813 -0.015806547378171887 -0.014438786505606239 -0.041493890365756084 -0.016517991255087957 0.0069880762337049462 -0.016279333839238116 -0.0091053159988804359 -0.019353961873971714 0.062995544085613905 0.066153052405362914 -0.013819793981208729 0.012221881382033589 0.065476633454622638 -0.017262990487525789 -0.024062698597804712 -0.019352490720291781 -0.0097858743063974768 -0.018016796807998 0.0014888676204552046 0.13285639124041138 0.21911544753676393 0.027821634808341145 -0.0081003651600253211 0.097100431534816622 -0.015092590403120868 -0.024179975865895327 0.11830822021754815 0.0012430826154691105 -0.0063052916734467864 0.0043938199328093534 -0.020206208915277676 0.16631571591050343 0.0047884260235981158 -0.021517805553341797 0.030872666961873563 -0.01892202990505432 0.057962195679900907 0.060625171947616602 0.0085467218548129394 0.27311574908370179 0.053202719587527404 0.099320422861733065 0.10417552866686169 -0.015881858001268522 -0.039467610363281114 0.10940360776171942 -0.0057042353563977952 0.069106149330067479 0.084420448122901309
leaf_weight=3383.5429081465118 4.1762368795461944 224.0140911526978 44.920776196522638 71.244694615248591 10.092296203365555 42.854989313986152 41.469544415827841 3.2955096703954032 41.663441556273028 14.051416591508316 1.0652969810180364 6.4366418879944858 5.8225796425249383 337.42425500159152 80.417115486459807 6.4200691990554324 0.60460016736760902 6.5760923749767235 2.0016880347393444 1.46258617308922 0.74936252832412709 3.5140860266983536 12.188749644905327 0.49229374155402084 0.50164737133309056 4.6097977701574555 71.877783250063658 1.0265436577610669 24.734093734528869 13.898711784742774 21.592430273536593 41.09365017246455 2.6151502996217451 3.2047775685787161 8.9464388391934353 1.4439916498959062 3.3156017530709496 1.7729601054452357 3.9266117662191391 4.2605645479634386 6.8663819204084566 1.9859949275851239 0.71520223654806603 13.392371207475664 2.3580325208604331 1.4868119955062864 15.618955876212572 11.787453232798724 196.38551209541038 7.5683022099547079 2.0630517778918147 0.57066108752042044 3.589616977376866 3.6479141183663151 0.62006904091685999 6.9305938193574539 2.552456548437477 3.7888573645614079 7.1860175516922027 2.9831633982248604 1.9828758146613825 4.5337158062029621
leaf_count=49982 31 1842 337 1094 297 1330 1055 70 1449 252 37 209 106 10958 1189 55 23 344 99 56 29 32 82 29 23 72 1677 49 821 159 641 438 50 93 810 53 27 89 111 85 66 27 20 136 84 50 247 339 5170 134 89 21 146 36 32 69 31 51 83 34 24 110
internal_value=-0.00012436 -0.00685066 0.0110732 -0.00987532 0.000389563 -0.00303717 -0.0102151 0.0233174 0.0012786 -0.00618225 0.0914505 0.00689936 0.0358025 -0.0125986 0.00667645 0.0198559 0.0349155 0.0696853 0.100395 0.12349 0.145225 0.0151482 0.0287763 0.161966 0.177717 0.00176861 0.00231542 0.00739128 0.0181045 -0.00453863 0.0144084 0.0218613 0.0347769 0.0281736 0.0777769 0.142846 0.0107185 -0.00116622 0.0411848 0.0818248 0.0217174 0.0486877 0.189811 -8.08621e-05 0.088844 0.118766 -0.00892084 -0.0127377 -0.0152086 0.0131894 0.192359 0.228769 0.250792 -0.0131434 -0.00517995 0.0809095 0.00593693 0.0349753 0.0587714 0.0777012 -0.00787387 0.0326387
internal_weight=4853.94 344.356 49.097 295.259 4509.58 1126.04 422.737 27.3324 703.301 294.783 4.36081 22.9716 12.8793 395.404 408.517 100.4 54.1269 18.6116 12.0355 10.0338 8.57123 35.5153 29.0952 7.82187 7.21727 46.2732 308.117 232.592 122.493 110.099 117.621 96.029 61.3348 58.7197 14.3104 5.36397 44.4093 34.6942 9.96014 6.03352 29.6817 15.783 3.91998 16.9065 4.87139 3.84484 276.198 233.343 221.556 25.1701 6.72498 4.66193 4.09126 75.5257 7.05671 8.91659 57.98 16.5105 12.7216 10.1692 17.6018 18.5851
internal_count=83184 3304 368 2936 79880 29898 12963 751 16935 7606 107 644 347 12212 9329 2685 1164 859 515 416 360 305 250 331 308 1521 6644 4931 3421 1510 3238 2597 1491 1441 976 166 465 1106 285 174 321 162 113 168 183 134 7244 5914 5575 405 279 190 169 1713 241 96 1254 199 148 117 271 362
is_linear=0
shrinkage=0.05


Tree=98
num_leaves=63
num_cat=0
split_feature=168 176 175 97 102 207 157 141 79 166 33 166 89 97 166 241 155 5 159 73 154 73 182 174 155 237 211 221 189 105 94 212 146 83 194 48 233 73 96 212 234 169 141 94 110 128 160 176 202 209 75 207 84 221 193 243 161 92 94 75 28 203
split_gain=6.4153 10.4662 9.54767 8.40086 8.51392 9.65243 11.6753 11.5842 12.8567 10.4188 9.56867 7.89507 7.4153 7.21358 7.11336 7.08523 9.47033 8.61563 10.5957 9.62867 7.7925 9.41171 7.18455 7.00251 7.0696 6.8753 7.6514 7.99522 8.30324 8.08788 7.63099 8.49748 9.47999 8.3967 8.91757 8.72741 9.38272 8.92614 8.18458 13.7496 7.9497 7.5852 7.57466 7.5544 7.50289 7.89202 7.07518 12.0419 9.72009 14.3112 14.9474 11.9066 9.49951 9.36844 10.8454 13.023 14.5386 9.28933 8.96689 8.96517 8.32738 8.41245
threshold=-1.0609917835346117 2.2642569774430927 0.942161062553036 38.000000000000007 759.50000000000011 -0.29509323958628814 -1.1943506466431277 -0.71704634115388088 0.31273148148148155 0.56698393761233457 39.45000000000001 -0.73177350321759593 21.445953924112185 33.500000000000007 -0.35332366119758668 0.64452222372294854 -0.66496123738077717 17.150000000000002 -0.82205937792306738 0.2005434782608696 -1.3504942864792275 0.11143790849673203 -0.43329135944371527 0.1800644145820666 0.17340134742502974 2.0778351755128428 -1.2842324193488259 -1.6383812776807976 -1.4091169550781577 0.078791390147125953 -0.011106542397660816 0.33003164119810263 2.0201278793190616 73.305555555555571 2.4837391385636098 2.3484848484848491 2.4169935466763994 0.55217785843920153 0.11616215244878624 0.75481526454933168 1.845786028535356 -1.4112906712198796 -0.40967324519935155 -0.023211003151260502 0.58571428571428574 0.13629593097800316 -0.8953774633520758 1.5004431315009963 -1.4635798469265575 0.52101899545732711 1.8289198606271782 0.29509323958628847 68.15000000000002 2.0453917848455574 -0.54317324763066221 -0.070678313940717594 -0.29360792580403933 0.24681708299758262 -0.046979039479039482 2.2236111111111119 0.84453563411896759 3.1645673449576512
decision_type=2 2 2 2 2 2 2 2 2 2 2 2 2 2 2 2 2 2 2 2 2 2 2 2 2 2 2 2 2 2 2 2 2 2 2 2 2 2 2 2 2 2 2 2 2 2 2 2 2 2 2 2 2 2 2 2 2 2 2 2 2 2
left_child=3 2 25 4 5 6 -1 11 -9 -7 13 -8 -3 -6 -14 16 17 18 -5 -20 -18 23 -21 24 -22 46 42 29 -29 -28 33 44 38 34 41 36 -35 43 40 -40 -33 -30 -27 -37 -32 -46 47 58 49 52 -51 -52 -48 60 55 -55 -57 -58 -2 -56 61 -50
right_child=1 12 -4 15 10 9 7 8 -10 -11 -12 -13 14 -15 -16 -17 20 -19 19 22 21 -23 -24 -25 -26 26 27 28 30 -31 31 32 -34 35 -36 37 -38 -39 39 -41 -42 -43 -44 -45 45 -47 48 -49 53 50 51 -53 -54 54 59 56 57 -59 -60 -61 -62 -63
leaf_value=-0.03174738322683749 -0.021201488160307088 -0.028993639527984685 -0.019911571655285346 -0.0028932186948066362 -0.01822111047500553 0.015592492810914391 0.052656822608912392 -0.012366683234563681 0.060506060890693908 -0.021768319737978731 0.070507365335770955 -0.0098732811332703022 0.092183027670973847 0.050038859397513097 -0.012792938129297752 -0.024123655469504499 0.045486429039325718 -0.019190293717530008 0.11097844150557055 -0.038438854559942254 -0.0042780957139129739 -0.018762785323993503 0.056481800136064811 -0.023475225585163878 0.087940929205161666 -0.021441579136787667 0.052225630291326625 0.052728109286235884 0.055874552678054003 -0.013107590507471768 -0.040710200322022494 -0.024610424811712415 -0.031639581022828524 0.093101828881950385 0.033962920461721148 -0.031545009430557831 -0.012128639278093533 0.027989690969778047 0.097525284258922776 0.0094057318651113078 0.043575453180595594 -0.025409911309094448 0.068468502954219038 0.025402743012519349 0.043890674642583477 -0.035040954825302437 -0.027449795848708471 0.029574459616554524 0.00071901996208273769 0.010860606706417465 0.15868991480366376 0.0011995250321683185 0.052524298760606818 0.014423620973245503 0.044756897710442549 -0.028230642239950973 0.17724828848313623 0.018891946612470116 -0.0030944600122682709 -0.023192368827002111 -0.020518167156969441 0.035050182756192129
leaf_weight=6.0985322173219165 100.52065079379827 47.05395544692874 60.570194715633988 7.5218796208500889 42.79907998861745 78.739668928319588 5.8884457440581199 6.5922996907029292 40.794039729051292 23.33545519807376 2.760806848993524 17.817313531646505 1.6529055722057817 3.2527393302880219 3.4370756142307064 31.087179965572432 5.6842679181136182 6.5687070740386835 6.0933836214244383 2.3150024041533479 3.0124397464096528 60.429512210888788 4.1478155329823485 3.5272473571822047 4.5770666869357228 2.9728771408554167 9.5619802221190202 4.098413096740841 1.9756619143299747 7.8213700747583053 15.038879960076885 9.958142474293707 7.1526421317830673 3.8770005498081437 5.9971819994971147 27.689943079836663 3.2503261046949774 12.151752792764453 7.5952903889119652 9.9126946763135475 5.9998602233827105 157.24119519209489 5.4296915675513429 6.4050641013309386 6.6505348077043873 4.411302010063082 10.838543039048092 20.653214656515047 3602.213136066217 6.3583646118640882 4.0802439707331359 1.6757225408218799 4.4041076241992405 9.2268605211283994 6.500039771199229 1.2116520542185751 3.4317390464711925 1.5961191123351453 213.32697946042754 12.749855430098249 44.985381784150377 16.940824061864987
leaf_count=86 2210 852 1078 55 600 873 46 77 463 304 54 158 25 48 45 577 63 326 51 27 71 1097 31 101 91 34 81 37 22 55 210 82 52 25 38 300 24 74 68 83 36 1587 75 64 54 41 163 364 62565 36 59 37 42 185 50 24 57 24 3442 700 2646 339
internal_value=-0.000105687 -0.000624303 -0.000358856 0.00627679 0.0121136 0.0171418 0.0303934 0.0361598 0.0502187 0.00687458 -0.00622535 0.00695931 -0.0226831 -0.0123325 0.0300148 -0.00356676 0.00270895 0.0278746 0.0436895 0.0701189 -0.00615535 -0.0108976 0.0212162 0.0294641 0.0545185 -8.25822e-05 -0.00718523 -0.00853492 -0.0105471 0.023444 -0.0116545 0.00304958 0.0172589 -0.0161588 -0.0217009 0.000987693 0.0489099 -0.00717091 0.0284697 0.0511077 0.00178898 -0.0240276 0.0372288 -0.0202854 -0.0186997 0.0117039 0.000469126 -0.00648354 0.00109618 0.0302638 0.0685746 0.120544 -0.00222369 0.000870979 0.0263584 0.056153 0.106655 0.139281 -0.00895867 0.000582067 0.000621007 0.000890739
internal_weight=4851.66 4488.62 4436.48 363.043 228.078 179.266 77.1906 71.0921 47.3863 102.075 48.8126 23.7058 52.1439 46.0518 5.08998 134.965 103.877 26.6468 20.0781 12.5562 77.2305 71.5463 6.46282 11.1168 7.58951 4375.91 315.192 306.789 289.406 17.3834 285.307 66.7193 40.6186 218.588 165.214 53.3741 7.12733 46.2468 33.466 17.508 15.958 159.217 8.40257 34.095 26.1007 11.0618 4060.71 334.501 3726.21 27.357 12.1143 5.75597 15.2427 3698.86 34.7163 15.4664 6.23951 5.02786 313.848 19.2499 3664.14 3619.15
internal_count=83184 77985 77063 5199 2709 2007 830 744 540 1177 702 204 922 648 70 2490 1913 490 164 109 1423 1360 58 263 162 75985 3042 2933 2797 136 2760 626 321 2134 1647 487 49 438 269 151 118 1609 109 364 305 95 72943 6016 66927 337 132 96 205 66590 1040 290 105 81 5652 750 65550 62904
is_linear=0
shrinkage=0.05


end of trees

feature_importances:
odds_win=266
best_class_rank_z=107
sire_avg_finish_z=98
field_avg_career_win_pct=89
sire_runners=78
sire_runners_z=69
trainer_14d_runs_z=69
odds_ratio_to_fav=68
trainer_offspring_avg_finish=66
weight_per_kg_body=61
draw_bias_90d_z=61
jockey_place_pct_10_z=60
bms_win_pct_z=57
trainer_offspring_win_pct_z=56
trainer_offspring_avg_finish_z=56
jockey_place_pct_5_z=56
pace_win_prob_z=55
class_drops_last5_z=54
jockey_win_pct_5_z=54
trainer_offspring_win_pct=53
horse_weight_z=52
bms_runners=51
jockey_course_runs_z=51
jockey_roi_10_z=50
trainer_14d_win_pct_z=50
log_odds=48
course_month_bias=47
jockey_course_runs=47
speed_figure_avg3=47
jockey_course_win_pct_z=44
weight_per_kg_body_z=44
bms_win_pct_surface_z=44
sire_win_pct=43
sire_win_pct_distance=43
horse_weight_change_z=43
is_extreme_longshot_z=43
early_late_ratio_avg3_z=43
bms_win_pct_distance_z=43
pace_style_closer_z=43
bms_win_pct=42
avg_last_3f_z=42
runs_at_course_z=42
trainer_14d_place_pct_z=42
pace_place_prob_z=42
days_since_last_z=41
weight_trend_z=41
bms_win_pct_surface=40
post_position_z=40
sire_win_pct_distance_z=40
jockey_win_pct_10_z=40
horse_weight=39
runs_at_dist_z=39
draw_bias_at_course_z=39
sire_win_pct_surface_z=39
speed_figure_last_z=39
draw_bias_at_course=38
odds_deviation=38
is_longshot_z=38
sex_code_z=38
course_month_bias_z=38
speed_figure_avg3_z=38
bms_runners_z=38
draw_low_win_pct=37
speed_figure_last=37
odds_win_z=37
class_change_z=37
sire_win_pct_z=37
pace_style_stalk_z=37
avg_last_3f=36
age_z=36
class_adjusted_margin_z=36
jt_combo_runs_z=36
trainer_roi_10_z=36
sire_avg_finish=35
draw_bias_90d=35
is_stale_z=35
trainer_win_pct_10_z=35
jockey_recent_wins_z=34
trainer_place_pct_10_z=34
pace_style_deep_z=34
bms_win_pct_distance=33
weight_carried_z=33
speed_figure_best_z=33
jt_combo_place_pct_z=33
trainer_roi_10=32
avg_first_corner_z=32
jockey_course_place_pct_z=32
jockey_course_place_pct=31
last_last_3f_z=31
last_finish_pos_z=31
is_rested_z=31
last_last_3f=30
is_fresh_z=30
sire_win_pct_surface=29
weight_vs_field_avg=29
runs_on_surface_z=29
avg_first_3f_z=29
jockey_course_win_pct=28
last3_place_pct_z=28
last_time_secs_z=28
beaten_lengths_best_z=28
best_first_3f_z=28
class_adjusted_margin=27
avg_first_corner=26
horse_vs_field_quality=26
beaten_lengths_avg3_z=26
jt_combo_win_pct_z=26
age_x_class=25
best_last_3f_z=25
early_late_ratio_avg3=24
last3_avg_finish_z=24
last5_avg_finish_z=24
last10_avg_finish_z=24
jockey_roi_10=23
draw_z=23
log_odds_z=23
win_pct_at_dist_z=22
last_time_secs=21
days_since_last=21
avg_first_3f=21
best_first_3f=21
best_time_at_dist_z=21
career_runs_z=21
class_at_last_win_z=21
last3_win_pct_z=20
post_position=19
last10_avg_beaten_pct=19
last5_place_pct_z=19
last10_place_pct_z=19
horse_wet_track_advantage_z=19
last3_avg_beaten_pct=18
last5_avg_beaten_pct=18
trainer_14d_runs=18
win_streak_z=18
horse_going_win_pct_z=18
horse_weight_change=17
best_time_at_dist=17
best_last_3f=17
best_class_rank=17
pace_place_prob=17
last5_win_pct_z=17
age_x_class_z=17
last10_avg_finish=16
beaten_lengths_avg3=16
speed_figure_best=16
month_of_year=16
weight_vs_field_avg_z=16
pace_style_front_z=16
weight_carried=15
going_x_distance=15
jt_combo_runs=15
last10_win_pct_z=15
career_wins_z=15
career_place_pct_z=15
class_rises_last5_z=15
is_improving_3yo_z=15
last5_avg_finish=14
runs_on_surface=14
jt_combo_place_pct=14
last10_avg_beaten_pct_z=14
weight_trend=13
last3_avg_beaten_pct_z=13
win_pct_at_course_z=13
odds_rank_z=13
last_finish_pos=12
trainer_14d_place_pct=12
popularity_z=12
win_pct_on_surface_z=12
class_rank=11
odds_deviation_z=11
age=10
career_place_pct=10
jockey_place_pct_10=10
popularity=9
distance=9
field_size=9
runs_at_course=9
horse_heavy_speed_diff=9
pace_win_prob=9
last5_avg_beaten_pct_z=9
last5_place_pct=8
beaten_lengths_best=8
career_win_pct_z=8
horse_vs_field_quality_z=8
career_runs=7
weather_code=7
horse_wet_track_advantage=7
jt_combo_win_pct=7
trainer_place_pct_10=7
horse_heavy_speed_diff_z=7
odds_ratio_to_fav_z=7
class_drops_last5=6
last3_avg_finish=5
last10_place_pct=5
win_pct_on_surface=5
is_extreme_longshot=4
runs_at_dist=4
going_x_dist_x_surface=4
avg_early_speed=4
trainer_14d_win_pct=4
avg_early_speed_z=4
horse_month_win_pct_z=4
draw=3
is_longshot=3
going_code=3
sex_code=3
odds_rank=3
season_code=3
trainer_win_pct_10=3
last3_place_pct=2
last5_win_pct=2
win_pct_at_dist=2
class_at_last_win=2
going_x_surface=2
horse_going_win_pct=2
jockey_win_pct_5=2
jockey_win_pct_10=2
jockey_place_pct_5=2
going_x_dist_x_surface_z=2
surface_code=1
last3_win_pct=1
last10_win_pct=1
win_pct_at_course=1
is_fresh=1
jockey_recent_wins=1
pace_style_stalk=1

parameters:
[boosting: gbdt]
[objective: binary]
[metric: binary_logloss]
[tree_learner: serial]
[device_type: cpu]
[data_sample_strategy: bagging]
[data: ]
[valid: ]
[num_iterations: 1000]
[learning_rate: 0.05]
[num_leaves: 63]
[num_threads: 0]
[seed: 42]
[deterministic: 0]
[force_col_wise: 0]
[force_row_wise: 0]
[histogram_pool_size: -1]
[max_depth: -1]
[min_data_in_leaf: 20]
[min_sum_hessian_in_leaf: 0.001]
[bagging_fraction: 0.8]
[pos_bagging_fraction: 1]
[neg_bagging_fraction: 1]
[bagging_freq: 5]
[bagging_seed: 400]
[bagging_by_query: 0]
[feature_fraction: 0.8]
[feature_fraction_bynode: 1]
[feature_fraction_seed: 30056]
[extra_trees: 0]
[extra_seed: 12879]
[early_stopping_round: 0]
[early_stopping_min_delta: 0]
[first_metric_only: 0]
[max_delta_step: 0]
[lambda_l1: 0.1]
[lambda_l2: 1]
[linear_lambda: 0]
[min_gain_to_split: 0]
[drop_rate: 0.1]
[max_drop: 50]
[skip_drop: 0.5]
[xgboost_dart_mode: 0]
[uniform_drop: 0]
[drop_seed: 17869]
[top_rate: 0.2]
[other_rate: 0.1]
[min_data_per_group: 100]
[max_cat_threshold: 32]
[cat_l2: 10]
[cat_smooth: 10]
[max_cat_to_onehot: 4]
[top_k: 20]
[monotone_constraints: ]
[monotone_constraints_method: basic]
[monotone_penalty: 0]
[feature_contri: ]
[forcedsplits_filename: ]
[refit_decay_rate: 0.9]
[cegb_tradeoff: 1]
[cegb_penalty_split: 0]
[cegb_penalty_feature_lazy: ]
[cegb_penalty_feature_coupled: ]
[path_smooth: 0]
[interaction_constraints: ]
[verbosity: -1]
[saved_feature_importance_type: 0]
[use_quantized_grad: 0]
[num_grad_quant_bins: 4]
[quant_train_renew_leaf: 0]
[stochastic_rounding: 1]
[linear_tree: 0]
[max_bin: 255]
[max_bin_by_feature: ]
[min_data_in_bin: 3]
[bin_construct_sample_cnt: 200000]
[data_random_seed: 175]
[is_enable_sparse: 1]
[enable_bundle: 1]
[use_missing: 1]
[zero_as_missing: 0]
[feature_pre_filter: 1]
[pre_partition: 0]
[two_round: 0]
[header: 0]
[label_column: ]
[weight_column: ]
[group_column: ]
[ignore_column: ]
[categorical_feature: ]
[forcedbins_filename: ]
[precise_float_parser: 0]
[parser_config_file: ]
[objective_seed: 16083]
[num_class: 1]
[is_unbalance: 0]
[scale_pos_weight: 1]
[sigmoid: 1]
[boost_from_average: 1]
[reg_sqrt: 0]
[alpha: 0.9]
[fair_c: 1]
[poisson_max_delta_step: 0.7]
[tweedie_variance_power: 1.5]
[lambdarank_truncation_level: 30]
[lambdarank_norm: 1]
[label_gain: ]
[lambdarank_position_bias_regularization: 0]
[eval_at: ]
[multi_error_top_k: 1]
[auc_mu_weights: ]
[num_machines: 1]
[local_listen_port: 12400]
[time_out: 120]
[machine_list_filename: ]
[machines: ]
[gpu_platform_id: -1]
[gpu_device_id: -1]
[gpu_use_dp: 0]
[num_gpu: 1]

end of parameters

pandas_categorical:null
